source_file,kw,census_tract,county,category,energization_date,house_district,senate_district,place,type
ilabp,2000.0,17183010600,183,Large_DG,2027-08-31,104,52,,planned
ilabp,2000.0,17177000500,177,Large_DG,2026-09-30,89,45,,planned
ilabp,996.0,17111871209,111,Large_DG,2027-03-31,66,33,,planned
ilabp,2000.0,17195000100,195,Large_DG,2026-10-30,74,37,,planned
ilabp,2000.0,17195000100,195,Large_DG,2026-10-30,74,37,,planned
ilabp,2000.0,17177000400,177,Large_DG,2026-12-31,89,45,,planned
ilabp,2000.0,17103000200,103,Large_DG,2027-04-30,74,37,,planned
ilabp,2000.0,17141961500,141,Large_DG,2027-03-31,74,37,,planned
ilabp,1882.73,17177001300,177,Large_DG,2027-03-31,90,45,Freeport city,planned
ilabp,2000.0,17177000600,177,Large_DG,2026-09-30,90,45,,planned
ilabp,1375.0,17183000400,183,Large_DG,2026-09-30,104,52,,planned
ilabp,2000.0,17201004300,201,Large_DG,2026-10-30,89,45,,planned
ilabp,1945.0,17099963700,099,Large_DG,2026-10-30,106,53,,planned
ilabp,1945.0,17099963700,099,Large_DG,2026-10-30,106,53,,planned
ilabp,2000.0,17109010700,109,Large_DG,2026-12-31,94,47,,planned
ilabp,9.28,17097864409,097,Small_DG,2027-09-30,51,26,Lake Zurich village,planned
ilabp,8.96,17043846513,043,Small_DG,2027-09-30,84,42,Aurora city,planned
ilabp,9.28,17043842200,043,Small_DG,2027-09-30,42,21,Glen Ellyn village,planned
ilabp,6.72,17031804804,031,Small_DG,2027-02-26,56,28,Schaumburg village,planned
ilabp,6.4,17031818401,031,Small_DG,2027-09-30,7,4,Hillside village,planned
ilabp,7.04,17177000400,177,Small_DG,2027-09-30,89,45,,planned
ilabp,5.58,17031430400,031,Small_DG,2027-03-31,26,13,Chicago city,planned
ilabp,552.0,17161022300,161,Large_DG,2026-11-30,72,36,Moline city,planned
ilabp,7.488,17031491300,031,Small_DG,2026-11-30,28,14,Chicago city,planned
ilabp,5.0,17031824113,031,Small_DG,2026-10-30,27,14,Orland Park village,planned
ilabp,10.0,17073030900,073,Small_DG,2027-01-29,93,47,Kewanee city,planned
ilabp,6.0,17097861012,097,Small_DG,2027-01-29,64,32,,planned
ilabp,7.65,17063000103,063,Small_DG,2027-01-29,106,53,Channahon village,planned
ilabp,5.04,17143002702,143,Small_DG,2027-01-29,92,46,Peoria city,planned
ilabp,5.0,17031816600,031,Small_DG,2027-04-30,77,39,Stone Park village,planned
ilabp,3.8,17007010200,007,Small_DG,2027-04-30,68,34,Belvidere city,planned
ilabp,10.0,17089854301,089,Small_DG,2027-04-30,50,25,Aurora city,planned
ilabp,9.92,17043846305,043,Small_DG,2027-06-30,81,41,Woodridge village,planned
ilabp,10.0,17089854600,089,Small_DG,2027-04-30,43,22,Elgin city,planned
ilabp,4.48,17031720100,031,Small_DG,2027-05-28,36,18,Chicago city,planned
ilabp,2.56,17085020500,085,Small_DG,2027-06-30,89,45,,planned
ilabp,9.135,17177000400,177,Small_DG,2027-01-29,89,45,,planned
ilabp,22.8,17137952300,137,Small_DG,2027-06-30,100,50,,planned
ilabp,6.38,17057952800,057,Small_DG,2027-06-30,94,47,Farmington city,planned
ilabp,5.0,17031700501,031,Small_DG,2026-07-31,31,16,Chicago city,planned
ilabp,9.765,17141960800,141,Small_DG,2027-02-26,89,45,,planned
ilabp,9.765,17015960100,015,Small_DG,2027-01-29,89,45,,planned
ilabp,9.423,17031822900,031,Small_DG,2027-02-26,32,16,Bridgeview village,planned
ilabp,5.0,17031242000,031,Small_DG,2027-06-30,10,5,Chicago city,planned
ilabp,5.0,17019000901,019,Small_DG,2027-04-30,103,52,Champaign city,planned
ilabp,5.0,17197883211,197,Small_DG,2027-03-31,86,43,Joliet city,planned
ilabp,7.0,17037000300,037,Small_DG,2026-02-27,74,37,,planned
ilabp,98.0,17037000300,037,Large_DG,2026-02-27,74,37,,planned
ilabp,9.36,17031807200,031,Small_DG,2027-02-26,17,9,Skokie village,planned
ilabp,6.93,17177000900,177,Small_DG,2027-11-30,90,45,Freeport city,planned
ilabp,3.8,17031826202,031,Small_DG,2027-01-29,33,17,Calumet City city,planned
ilabp,125.0,17105961000,105,Large_DG,2026-02-27,106,53,,planned
ilabp,150.0,17105961000,105,Large_DG,2026-02-27,106,53,,planned
ilabp,100.0,17105961000,105,Large_DG,2026-02-27,106,53,,planned
ilabp,175.0,17105961000,105,Large_DG,2026-02-27,106,53,,planned
ilabp,112.5,17105961000,105,Large_DG,2026-02-27,106,53,,planned
ilabp,187.5,17053961900,053,Large_DG,2026-02-27,106,53,,planned
ilabp,7.6,17031520500,031,Small_DG,2027-04-30,25,13,Chicago city,planned
ilabp,5.985,17031824122,031,Small_DG,2027-01-29,28,14,Tinley Park village,planned
ilabp,10.0,17197883218,197,Small_DG,2027-02-26,97,49,,planned
ilabp,5.0,17201003709,201,Small_DG,2027-02-26,68,34,Rockford city,planned
ilabp,3.15,17143003601,143,Small_DG,2027-02-26,73,37,Rome CDP,planned
ilabp,7.6,17031816100,031,Small_DG,2027-04-30,8,4,Forest Park village,planned
ilabp,6.282,17141961500,141,Small_DG,2027-04-30,74,37,,planned
ilabp,7.875,17093890105,093,Small_DG,2026-12-31,97,49,,planned
ilabp,13.23,17073030201,073,Small_DG,2027-02-26,71,36,,planned
ilabp,7.6,17119401721,119,Small_DG,2027-04-30,111,56,Bethalto village,planned
ilabp,8.376,17073030202,073,Small_DG,2026-12-31,93,47,,planned
ilabp,9.45,17031804506,031,Small_DG,2026-12-31,49,25,Bartlett village,planned
ilabp,10.0,17111870808,111,Small_DG,2027-05-28,63,32,Crystal Lake city,planned
ilabp,6.3,17103000600,103,Small_DG,2027-05-28,74,37,Dixon city,planned
ilabp,9.765,17197883516,197,Small_DG,2027-05-28,38,19,,planned
ilabp,3.8,17197880124,197,Small_DG,2027-08-31,98,49,Bolingbrook village,planned
ilabp,9.772,17089850600,089,Small_DG,2027-05-28,66,33,Sleepy Hollow village,planned
ilabp,7.56,17195000400,195,Small_DG,2026-12-31,73,37,,planned
ilabp,8.505,17097864402,097,Small_DG,2026-11-30,51,26,Hawthorn Woods village,planned
ilabp,3.8,17089852905,089,Small_DG,2027-01-29,50,25,Aurora city,planned
ilabp,7.329,17097860812,097,Small_DG,2026-12-31,64,32,,planned
ilabp,5.355,17097864110,097,Small_DG,2026-10-30,62,31,Grayslake village,planned
ilabp,32.108,17131040400,131,Large_DG,2027-01-29,94,47,,planned
ilabp,5.0,17097863201,097,Small_DG,2027-09-30,60,30,North Chicago city,planned
ilabp,6.615,17177000400,177,Small_DG,2027-09-30,89,45,,planned
ilabp,8.505,17043846305,043,Small_DG,2027-05-28,81,41,Woodridge village,planned
ilabp,9.765,17125956800,125,Small_DG,2027-02-26,94,47,,planned
ilabp,3.0,17097862603,097,Small_DG,2027-01-29,60,30,Waukegan city,planned
ilabp,9.135,17097861402,097,Small_DG,2026-10-30,62,31,Round Lake village,planned
ilabp,10.0,17091011100,091,Small_DG,2027-01-29,34,17,,planned
ilabp,5.933,17031824119,031,Small_DG,2026-11-30,37,19,Orland Park village,planned
ilabp,9.765,17031804809,031,Small_DG,2026-11-30,56,28,Schaumburg village,planned
ilabp,3.78,17031460200,031,Small_DG,2027-04-30,25,13,Chicago city,planned
ilabp,5.355,17097860906,097,Small_DG,2026-12-31,64,32,,planned
ilabp,9.45,17155954500,155,Small_DG,2027-05-28,105,53,Granville village,planned
ilabp,4.188,17037000200,037,Small_DG,2027-02-26,89,45,,planned
ilabp,9.765,17019010902,019,Small_DG,2027-05-28,101,51,,planned
ilabp,3.78,17011964700,011,Small_DG,2026-12-31,73,37,,planned
ilabp,9.772,17197880105,197,Small_DG,2027-05-28,98,49,Bolingbrook village,planned
ilabp,9.765,17103000300,103,Small_DG,2027-05-28,74,37,Dixon city,planned
ilabp,7.56,17197880122,197,Small_DG,2026-11-30,98,49,Bolingbrook village,planned
ilabp,9.765,17111871402,111,Small_DG,2026-10-30,52,26,Barrington Hills village,planned
ilabp,10.395,17177000400,177,Small_DG,2027-09-30,89,45,,planned
ilabp,6.72,17031828503,031,Small_DG,2026-11-30,34,17,Sauk Village village,planned
ilabp,9.765,17111870810,111,Small_DG,2026-10-30,63,32,Prairie Grove village,planned
ilabp,10.08,17097860805,097,Small_DG,2027-05-28,64,32,,planned
ilabp,13.545,17031828507,031,Small_DG,2027-05-28,33,17,Lansing village,planned
ilabp,8.19,17031805109,031,Small_DG,2026-11-30,53,27,Arlington Heights village,planned
ilabp,6.3,17043842706,043,Small_DG,2027-02-26,42,21,Downers Grove village,planned
ilabp,5.8,17031812600,031,Small_DG,2027-06-30,78,39,Oak Park village,planned
ilabp,3.78,17195000300,195,Small_DG,2026-12-31,73,37,Morrison city,planned
ilabp,9.765,17015960400,015,Small_DG,2027-09-30,89,45,,planned
ilabp,9.45,17023060400,023,Small_DG,2027-05-28,102,51,,planned
ilabp,9.45,17075950200,075,Small_DG,2027-05-28,106,53,,planned
ilabp,8.725,17089850709,089,Small_DG,2026-11-30,65,33,,planned
ilabp,7.56,17043846314,043,Small_DG,2027-03-31,81,41,Woodridge village,planned
ilabp,8.027,17043845401,043,Small_DG,2027-05-28,82,41,Burr Ridge village,planned
ilabp,10.0,17031824800,031,Small_DG,2027-01-29,30,15,Posen village,planned
ilabp,6.3,17043845505,043,Small_DG,2027-05-28,82,41,Darien city,planned
ilabp,5.04,17097861402,097,Small_DG,2028-01-16,62,31,Round Lake village,planned
ilabp,33.3,17161024300,161,Large_DG,2026-04-30,72,36,Milan village,planned
ilabp,20.0,17107953000,107,Small_DG,2027-06-30,87,44,,planned
ilabp,8.027,17031040100,031,Small_DG,2027-05-28,16,8,Chicago city,planned
ilabp,7.56,17043846515,043,Small_DG,2027-03-31,84,42,Aurora city,planned
ilabp,9.45,17031550200,031,Small_DG,2027-09-30,34,17,Chicago city,planned
ilabp,10.395,17031801608,031,Small_DG,2027-05-28,17,9,Glenview village,planned
ilabp,2.0,17019010901,019,Small_DG,2026-07-31,101,51,,planned
ilabp,5.355,17031804606,031,Small_DG,2027-05-28,56,28,Elk Grove Village village,planned
ilabp,15.12,17103000200,103,Small_DG,2027-07-30,74,37,,planned
ilabp,6.144,17089851911,089,Small_DG,2027-02-26,66,33,Elgin city,planned
ilabp,3.84,17111870302,111,Small_DG,2027-05-28,69,35,Harvard city,planned
ilabp,5.76,17063000700,063,Small_DG,2027-05-28,106,53,,planned
ilabp,9.45,17103000800,103,Small_DG,2027-09-30,73,37,,planned
ilabp,6.93,17111870200,111,Small_DG,2027-09-30,69,35,,planned
ilabp,6.0,17111870814,111,Small_DG,2027-04-30,63,32,Bull Valley village,planned
ilabp,17.955,17037000402,037,Small_DG,2027-09-30,70,35,,planned
ilabp,7.245,17197881113,197,Small_DG,2027-05-28,80,40,,planned
ilabp,13.12,17031804313,031,Small_DG,2027-06-30,43,22,,planned
ilabp,8.505,17147954600,147,Small_DG,2027-05-28,88,44,Monticello city,planned
ilabp,11.655,17119403701,119,Small_DG,2026-07-31,109,55,,planned
ilabp,6.144,17103000400,103,Small_DG,2027-03-31,74,37,,planned
ilabp,2.792,17195000100,195,Small_DG,2027-07-30,74,37,,planned
ilabp,6.4,17197881113,197,Small_DG,2026-12-31,80,40,,planned
ilabp,10.08,17141960800,141,Small_DG,2027-09-30,89,45,,planned
ilabp,5.0,17201003806,201,Small_DG,2026-11-30,90,45,Roscoe village,planned
ilabp,6.93,17031672000,031,Small_DG,2027-09-30,32,16,Chicago city,planned
ilabp,6.3,17143004901,143,Small_DG,2027-04-30,93,47,,planned
ilabp,72.0,17097861702,097,Large_DG,2027-03-31,60,30,Waukegan city,planned
ilabp,19.215,17031804316,031,Small_DG,2027-09-30,43,22,Streamwood village,planned
ilabp,10.819,17089852103,089,Small_DG,2027-03-31,65,33,,planned
ilabp,1020.0,17073030800,073,Large_DG,2027-07-30,93,47,,planned
ilabp,9.765,17073030500,073,Small_DG,2027-09-30,93,47,,planned
ilabp,4.41,17037000900,037,Small_DG,2027-09-30,76,38,DeKalb city,planned
ilabp,13.545,17197880314,197,Small_DG,2027-09-30,97,49,,planned
ilabp,6.615,17197880105,197,Small_DG,2027-04-30,98,49,Bolingbrook village,planned
ilabp,9.765,17031806004,031,Small_DG,2027-04-30,15,8,Niles village,planned
ilabp,7.875,17097864402,097,Small_DG,2027-05-28,51,26,Hawthorn Woods village,planned
ilabp,7.56,17201000512,201,Small_DG,2027-04-30,69,35,Rockford city,planned
ilabp,9.45,17203030601,203,Small_DG,2027-04-30,91,46,,planned
ilabp,7.245,17089851911,089,Small_DG,2027-01-29,66,33,Elgin city,planned
ilabp,8.448,17197883216,197,Small_DG,2027-05-28,97,49,Shorewood village,planned
ilabp,4000.0,17019005702,019,Large_DG,2027-05-28,104,52,,planned
ilabp,2.32,17031804306,031,Small_DG,2027-07-30,44,22,Streamwood village,planned
ilabp,23.94,17085020500,085,Small_DG,2027-09-30,89,45,,planned
ilabp,2000.0,17019005702,019,Large_DG,2027-05-28,104,52,,planned
ilabp,18.432,17197883509,197,Small_DG,2027-09-30,80,40,,planned
ilabp,14.805,17031824119,031,Small_DG,2027-09-30,37,19,Orland Park village,planned
ilabp,12.285,17015960500,015,Small_DG,2027-09-30,89,45,,planned
ilabp,8.832,17031804102,031,Small_DG,2026-12-31,51,26,Palatine village,planned
ilabp,11.34,17093890402,093,Small_DG,2027-05-28,75,38,Yorkville city,planned
ilabp,12.6,17091010602,091,Small_DG,2027-09-30,79,40,,planned
ilabp,16.065,17037001900,037,Small_DG,2027-09-30,70,35,,planned
ilabp,6.3,17141960900,141,Small_DG,2027-02-26,89,45,,planned
ilabp,9.6,17197880314,197,Small_DG,2026-12-31,97,49,,planned
ilabp,3.072,17197883212,197,Small_DG,2027-05-28,86,43,Shorewood village,planned
ilabp,10.752,17031800800,031,Small_DG,2027-01-29,57,29,Northfield village,planned
ilabp,10.08,17103000500,103,Small_DG,2027-01-29,74,37,,planned
ilabp,9.765,17141961500,141,Small_DG,2027-09-30,74,37,,planned
ilabp,16.512,17093890501,093,Small_DG,2027-04-30,75,38,Plano city,planned
ilabp,11.025,17201003400,201,Small_DG,2027-09-30,67,34,Rockford city,planned
ilabp,8.832,17031820501,031,Small_DG,2027-01-29,31,16,Justice village,planned
ilabp,11.97,17097864403,097,Small_DG,2027-05-28,51,26,Long Grove village,planned
ilabp,4.41,17031650200,031,Small_DG,2027-06-30,22,11,Chicago city,planned
ilabp,16.065,17177000200,177,Small_DG,2027-09-30,90,45,,planned
ilabp,9.135,17141961700,141,Small_DG,2027-02-26,89,45,,planned
ilabp,6.912,17043846514,043,Small_DG,2027-01-29,84,42,Aurora city,planned
ilabp,6.528,17097864411,097,Small_DG,2027-01-29,51,26,,planned
ilabp,18.048,17031823901,031,Small_DG,2027-01-29,36,18,Palos Park village,planned
ilabp,4.992,17089850709,089,Small_DG,2027-01-29,65,33,,planned
ilabp,2500.0,17101881100,101,Large_DG,2027-06-30,102,51,,planned
ilabp,8.19,17031824003,031,Small_DG,2027-05-28,82,41,Lemont village,planned
ilabp,6.195,17031825802,031,Small_DG,2027-06-30,29,15,Calumet City city,planned
ilabp,15.12,17073030400,073,Small_DG,2027-06-30,73,37,,planned
ilabp,14.175,17139977100,139,Small_DG,2027-06-30,107,54,,planned
ilabp,4.93,17043841108,043,Small_DG,2027-07-30,48,24,,planned
ilabp,6.912,17031804109,031,Small_DG,2027-01-29,53,27,,planned
ilabp,6.3,17097863202,097,Small_DG,2027-09-30,58,29,Lake Bluff village,planned
ilabp,5.67,17177000900,177,Small_DG,2027-09-30,90,45,Freeport city,planned
ilabp,5.04,17177000300,177,Small_DG,2027-01-29,89,45,,planned
ilabp,4500.0,17019010604,019,Large_DG,2027-06-30,101,51,,planned
ilabp,11.34,17015960500,015,Small_DG,2027-06-30,89,45,,planned
ilabp,7.245,17097864109,097,Small_DG,2027-09-30,52,26,,planned
ilabp,4.608,17043842604,043,Small_DG,2027-03-31,47,24,Wheaton city,planned
ilabp,8.82,17031301701,031,Small_DG,2027-02-26,23,12,Chicago city,planned
ilabp,18.846,17097863202,097,Small_DG,2026-10-30,58,29,Lake Bluff village,planned
ilabp,10.368,17197880323,197,Small_DG,2027-02-26,84,42,Naperville city,planned
ilabp,8.832,17057953700,057,Small_DG,2027-02-26,94,47,,planned
ilabp,1500.0,17019010604,019,Large_DG,2027-05-28,101,51,,planned
ilabp,17.955,17141960700,141,Small_DG,2027-05-28,89,45,,planned
ilabp,5.76,17037001004,037,Small_DG,2027-05-28,76,38,,planned
ilabp,5000.0,17019010604,019,Large_DG,2027-06-30,101,51,,planned
ilabp,14.49,17141961700,141,Small_DG,2027-09-30,89,45,,planned
ilabp,24.576,17089850703,089,Small_DG,2026-10-30,70,35,,planned
ilabp,23.31,17195001800,195,Small_DG,2027-04-29,74,37,,planned
ilabp,23.04,17037001800,037,Small_DG,2027-05-28,74,37,,planned
ilabp,10.395,17143004300,143,Small_DG,2027-09-30,92,46,Peoria Heights village,planned
ilabp,25.0,17179021603,179,Small_DG,2027-06-30,91,46,,planned
ilabp,20.0,17179021702,179,Small_DG,2027-07-30,87,44,,planned
ilabp,46.1,17143003404,143,Large_DG,2026-02-27,73,37,Peoria city,planned
ilabp,1240.0,17111870906,111,Large_DG,2027-08-31,63,32,,planned
ilabp,6.62,17089854505,089,Small_DG,2027-02-26,70,35,,planned
ilabp,8.45,17197880421,197,Small_DG,2027-01-29,97,49,Plainfield village,planned
ilabp,11.66,17031824106,031,Small_DG,2027-01-29,27,14,Orland Park village,planned
ilabp,34.6,17161020301,161,Large_DG,2026-01-30,72,36,Silvis city,planned
ilabp,500.0,17125956500,125,Large_DG,2027-02-26,94,47,Havana city,planned
ilabp,20.16,17011964900,011,Small_DG,2027-09-30,73,37,,planned
ilabp,8.06,17091010203,091,Small_DG,2027-03-31,29,15,,planned
ilabp,11.66,17031817102,031,Small_DG,2027-01-29,7,4,Bellwood village,planned
ilabp,23.04,17011964700,011,Small_DG,2027-02-26,73,37,,planned
ilabp,10.0,17031809000,031,Small_DG,2026-09-30,17,9,Evanston city,planned
ilabp,7.6,17111870814,111,Small_DG,2026-08-31,63,32,Bull Valley village,planned
ilabp,7.6,17201000501,201,Small_DG,2026-08-31,68,34,,planned
ilabp,3.8,17111870807,111,Small_DG,2026-08-31,63,32,,planned
ilabp,7.6,17063000103,063,Small_DG,2026-08-31,106,53,Channahon village,planned
ilabp,7.6,17031803607,031,Small_DG,2026-08-31,54,27,Palatine village,planned
ilabp,17.28,17203030100,203,Small_DG,2027-01-29,105,53,,planned
ilabp,9.6,17031804102,031,Small_DG,2027-05-28,51,26,Palatine village,planned
ilabp,7.6,17031826301,031,Small_DG,2027-03-31,29,15,South Holland village,planned
ilabp,11.4,17031660800,031,Small_DG,2027-03-31,32,16,Chicago city,planned
ilabp,7.6,17197880315,197,Small_DG,2027-03-31,98,49,Bolingbrook village,planned
ilabp,11.4,17197881002,197,Small_DG,2027-03-31,37,19,Homer Glen village,planned
ilabp,24.96,17105960900,105,Small_DG,2026-12-31,106,53,,planned
ilabp,10.73,17073030800,073,Small_DG,2027-05-28,93,47,,planned
ilabp,16.38,17111871112,111,Small_DG,2027-06-30,69,35,Lakewood village,planned
ilabp,5.22,17197883606,197,Small_DG,2027-05-28,79,40,University Park village,planned
ilabp,5000.0,17037000800,037,Large_DG,2027-01-29,70,35,DeKalb city,planned
ilabp,18.27,17099961702,099,Small_DG,2027-02-26,76,38,,planned
ilabp,5000.0,17167003902,167,Large_DG,2027-07-30,96,48,,planned
ilabp,4.99,17031140800,031,Small_DG,2027-03-31,11,6,Chicago city,planned
ilabp,10.37,17043846521,043,Small_DG,2027-03-31,41,21,Naperville city,planned
ilabp,2000.0,17199020201,199,Large_DG,2028-05-07,118,59,Carterville city,planned
ilabp,2000.0,17203030200,203,Large_DG,2026-12-31,105,53,,planned
ilabp,3000.0,17203030200,203,Large_DG,2027-06-30,105,53,,planned
ilabp,4500.0,17203030200,203,Large_DG,2026-12-31,105,53,,planned
ilabp,3000.0,17067954300,067,Large_DG,2027-08-31,94,47,,planned
ilabp,7.68,17031730202,031,Small_DG,2027-01-29,27,14,Chicago city,planned
ilabp,3665.0,17035972500,035,Large_DG,2027-05-31,102,51,,planned
ilabp,2000.0,17067954300,067,Large_DG,2027-08-31,94,47,,planned
ilabp,4000.0,17035972500,035,Large_DG,2027-05-31,102,51,,planned
ilabp,15.74,17197880421,197,Small_DG,2027-09-30,97,49,Plainfield village,planned
ilabp,10.0,17175951400,175,Small_DG,2027-01-02,93,47,,planned
ilabp,5.36,17177000300,177,Small_DG,2027-06-30,89,45,,planned
ilabp,3.8,17129010300,129,Small_DG,2026-03-31,108,54,,planned
ilabp,4.61,17031841300,031,Small_DG,2027-01-29,24,12,Chicago city,planned
ilabp,13.86,17031808400,031,Small_DG,2027-03-31,15,8,Morton Grove village,planned
ilabp,16.51,17197883602,197,Small_DG,2027-09-30,79,40,Monee village,planned
ilabp,2000.0,17203030200,203,Large_DG,2027-08-31,105,53,,planned
ilabp,10.0,17085020500,085,Small_DG,2027-01-29,89,45,,planned
ilabp,23.04,17103000800,103,Small_DG,2027-01-29,73,37,,planned
ilabp,9.7,17031804305,031,Small_DG,2027-07-30,44,22,Streamwood village,planned
ilabp,4990.0,17203030200,203,Large_DG,2027-06-30,105,53,,planned
ilabp,2000.0,17203030200,203,Large_DG,2027-08-31,105,53,,planned
ilabp,7.6,17197882701,197,Small_DG,2027-09-30,86,43,Joliet city,planned
ilabp,1320.0,17043840801,043,Large_DG,2028-01-31,77,39,Bensenville village,planned
ilabp,10.37,17177000500,177,Small_DG,2027-01-29,89,45,,planned
ilabp,5.67,17173959100,173,Small_DG,2027-01-29,107,54,,planned
ilabp,9.6,17031806102,031,Small_DG,2027-01-29,56,28,Des Plaines city,planned
ilabp,1992.0,17097860104,097,Large_DG,2026-12-31,61,31,Winthrop Harbor village,planned
ilabp,1920.0,17197880117,197,Large_DG,2028-02-29,85,43,Bolingbrook village,planned
ilabp,5000.0,17067954000,067,Large_DG,2027-09-30,94,47,,planned
ilabp,3000.0,17067954000,067,Large_DG,2027-09-30,94,47,,planned
ilabp,4998.0,17017960300,017,Large_DG,2027-05-31,99,50,,planned
ilabp,2000.0,17019010702,019,Large_DG,2026-12-30,104,52,,planned
ilabp,2000.0,17101881100,101,Large_DG,2027-11-21,102,51,,planned
ilabp,2000.0,17143003800,143,Large_DG,2027-08-31,93,47,,planned
ilabp,2000.0,17143003800,143,Large_DG,2027-08-31,93,47,,planned
ilabp,2000.0,17081050400,081,Large_DG,2027-04-10,116,58,,planned
ilabp,2000.0,17143003700,143,Large_DG,2027-08-31,73,37,,planned
ilabp,2000.0,17019010702,019,Large_DG,2026-12-30,104,52,,planned
ilabp,2000.0,17201004300,201,Large_DG,2027-06-30,89,45,,planned
ilabp,2000.0,17201004300,201,Large_DG,2027-06-30,89,45,,planned
ilabp,2000.0,17091011100,091,Large_DG,2027-01-29,34,17,,planned
ilabp,3500.0,17017960300,017,Large_DG,2027-05-31,99,50,,planned
ilabp,2000.0,17051950500,051,Large_DG,2027-05-31,110,55,,planned
ilabp,3000.0,17051950500,051,Large_DG,2027-05-31,110,55,,planned
ilabp,5000.0,17057953900,057,Large_DG,2027-03-31,94,47,,planned
ilabp,1430.0,17031811500,031,Large_DG,2027-01-29,77,39,Franklin Park village,planned
ilabp,2000.0,17143004500,143,Large_DG,2027-09-30,93,47,,planned
ilabp,2000.0,17007010400,007,Large_DG,2027-01-29,89,45,,planned
ilabp,1250.0,17037001800,037,Large_DG,2027-01-29,74,37,,planned
ilabp,2000.0,17037001800,037,Large_DG,2027-01-29,74,37,,planned
ilabp,5000.0,17105960500,105,Large_DG,2027-06-30,105,53,,planned
ilabp,2000.0,17091011200,091,Large_DG,2027-09-30,34,17,,planned
ilabp,2000.0,17027900500,027,Large_DG,2026-09-30,110,55,,planned
ilabp,5000.0,17199020202,199,Large_DG,2027-10-29,118,59,,planned
ilabp,5000.0,17169970300,169,Large_DG,2027-09-30,99,50,,planned
ilabp,4000.0,17045070500,045,Large_DG,2027-03-31,102,51,,planned
ilabp,4990.0,17203030200,203,Large_DG,2027-06-30,105,53,,planned
ilabp,5000.0,17137952100,137,Large_DG,2026-11-25,99,50,,planned
ilabp,2000.0,17199020201,199,Large_DG,2027-01-29,118,59,Carterville city,planned
ilabp,3190.0,17031811302,031,Large_DG,2026-12-31,77,39,Franklin Park village,planned
ilabp,5000.0,17029000200,029,Large_DG,2027-08-31,101,51,,planned
ilabp,1000.0,17121951800,121,Large_DG,2027-02-26,110,55,,planned
ilabp,5000.0,17179021603,179,Large_DG,2027-05-31,91,46,,planned
ilabp,1540.0,17031827500,031,Large_DG,2027-01-29,30,15,Harvey city,planned
ilabp,5000.0,17145030300,145,Large_DG,2026-10-30,115,58,,planned
ilabp,2000.0,17107952900,107,Large_DG,2027-08-31,87,44,,planned
ilabp,5000.0,17115003000,115,Large_DG,2026-10-30,88,44,,planned
ilabp,5000.0,17029000300,029,Large_DG,2027-08-31,101,51,,planned
ilabp,5000.0,17053962000,053,Large_DG,2026-10-30,106,53,Gibson City city,planned
ilabp,2000.0,17031829700,031,Large_DG,2027-01-29,29,15,,planned
ilabp,1430.0,17031811200,031,Large_DG,2027-07-30,77,39,River Grove village,planned
ilabp,2860.0,17031811701,031,Large_DG,2026-12-31,77,39,Franklin Park village,planned
ilabp,5000.0,17105960800,105,Large_DG,2027-09-30,106,53,,planned
ilabp,3000.0,17107952900,107,Large_DG,2027-08-31,87,44,,planned
ilabp,4950.0,17099961800,099,Large_DG,2026-12-31,74,37,,planned
ilabp,1980.0,17031811701,031,Large_DG,2026-11-30,77,39,Franklin Park village,planned
ilabp,2000.0,17145030500,145,Large_DG,2027-08-31,115,58,,planned
ilabp,2000.0,17145030500,145,Large_DG,2027-08-31,115,58,,planned
ilabp,5000.0,17115003000,115,Large_DG,2026-12-31,88,44,,planned
ilabp,2000.0,17031820901,031,Large_DG,2026-06-30,22,11,Bedford Park village,planned
ilabp,2000.0,17145030500,145,Large_DG,2027-08-31,115,58,,planned
ilabp,5000.0,17203030400,203,Large_DG,2026-12-31,105,53,Metamora village,planned
ilabp,2000.0,17027900500,027,Large_DG,2026-09-30,110,55,,planned
ilabp,2000.0,17107953300,107,Large_DG,2027-06-30,87,44,,planned
ilabp,3000.0,17107953300,107,Large_DG,2027-08-31,87,44,,planned
ilabp,5000.0,17105960500,105,Large_DG,2027-09-30,105,53,,planned
ilabp,1875.0,17031820901,031,Large_DG,2026-06-30,22,11,Bedford Park village,planned
ilabp,2000.0,17201002400,201,Large_DG,2027-06-30,67,34,Rockford city,planned
ilabp,437.5,17031827500,031,Large_DG,2026-06-30,30,15,Harvey city,planned
ilabp,5000.0,17117956100,117,Large_DG,2027-08-07,108,54,,planned
ilabp,4000.0,17119400200,119,Large_DG,2027-01-29,111,56,Granite City city,planned
ilabp,4000.0,17051950700,051,Large_DG,2027-07-30,110,55,,planned
ilabp,2000.0,17177000400,177,Large_DG,2027-01-29,89,45,,planned
ilabp,2000.0,17177000400,177,Large_DG,2027-01-29,89,45,,planned
ilabp,2000.0,17131040400,131,Large_DG,2027-06-30,94,47,,planned
ilabp,2000.0,17119400802,119,Large_DG,2027-01-29,111,56,Granite City city,planned
ilabp,960.0,17089852903,089,Large_DG,2026-12-31,50,25,Aurora city,planned
ilabp,1920.0,17043840000,043,Large_DG,2026-12-31,77,39,Chicago city,planned
ilabp,1680.0,17031770500,031,Large_DG,2026-12-31,56,28,Elk Grove Village village,planned
ilabp,2520.0,17031810800,031,Large_DG,2026-12-31,77,39,Elmwood Park village,planned
ilabp,1200.0,17031811500,031,Large_DG,2026-12-31,77,39,Franklin Park village,planned
ilabp,1320.0,17043840904,043,Large_DG,2026-12-31,46,23,Glendale Heights village,planned
ilabp,1560.0,17031811800,031,Large_DG,2027-01-29,77,39,Northlake city,planned
ilabp,3000.0,17031816500,031,Large_DG,2026-12-31,77,39,Stone Park village,planned
ilabp,3000.0,17031811302,031,Large_DG,2027-01-29,77,39,Franklin Park village,planned
ilabp,1560.0,17031811800,031,Large_DG,2027-01-29,77,39,Northlake city,planned
ilabp,1440.0,17031770300,031,Large_DG,2026-12-31,56,28,Elk Grove Village village,planned
ilabp,960.0,17043840904,043,Large_DG,2027-02-26,46,23,Glendale Heights village,planned
ilabp,1440.0,17031811800,031,Large_DG,2027-01-29,77,39,Northlake city,planned
ilabp,1440.0,17043840000,043,Large_DG,2027-01-29,77,39,Chicago city,planned
ilabp,720.0,17031820202,031,Large_DG,2026-12-31,21,11,Hodgkins village,planned
ilabp,1200.0,17043840000,043,Large_DG,2027-02-26,77,39,Chicago city,planned
ilabp,1680.0,17043840000,043,Large_DG,2027-01-29,77,39,Chicago city,planned
ilabp,840.0,17031770500,031,Large_DG,2026-12-31,56,28,Elk Grove Village village,planned
ilabp,960.0,17043840904,043,Large_DG,2027-01-29,46,23,Glendale Heights village,planned
ilabp,1320.0,17043840000,043,Large_DG,2026-12-31,77,39,Chicago city,planned
ilabp,1200.0,17043840000,043,Large_DG,2027-02-26,77,39,Chicago city,planned
ilabp,6.53,17097860600,097,Small_DG,2027-04-30,61,31,Beach Park village,planned
ilabp,5000.0,17103000400,103,Large_DG,2027-10-29,74,37,,planned
ilabp,4000.0,17105960500,105,Large_DG,2027-10-29,105,53,,planned
ilabp,2000.0,17201003705,201,Large_DG,2027-10-29,67,34,,planned
ilabp,2000.0,17095001000,095,Large_DG,2026-10-30,71,36,Galesburg city,planned
ilabp,2000.0,17179021801,179,Large_DG,2027-09-30,93,47,,planned
ilabp,4.64,17031811800,031,Small_DG,2027-05-28,77,39,Northlake city,planned
ilabp,2000.0,17051950800,051,Large_DG,2026-10-30,110,55,Vandalia city,planned
ilabp,2000.0,17051950800,051,Large_DG,2027-11-21,110,55,Vandalia city,planned
ilabp,23.04,17179021702,179,Small_DG,2027-05-28,87,44,,planned
ilabp,8.725,17031824123,031,Small_DG,2027-07-30,28,14,,planned
ilabp,500.0,17031804803,031,Large_DG,2027-02-26,48,24,,planned
ilabp,500.0,17095000500,095,Large_DG,2027-05-28,71,36,,planned
ilabp,4980.0,17119403801,119,Large_DG,2026-10-30,109,55,,planned
ilabp,6.53,17177000600,177,Small_DG,2027-09-30,90,45,,planned
ilabp,17.28,17099962200,099,Small_DG,2027-05-28,74,37,,planned
ilabp,7.3,17197883307,197,Small_DG,2027-09-30,86,43,,planned
ilabp,4980.0,17105960500,105,Large_DG,2027-01-29,105,53,,planned
ilabp,500.0,17031818300,031,Large_DG,2027-02-26,7,4,Hillside village,planned
ilabp,500.0,17031829302,031,Large_DG,2027-02-26,80,40,Chicago Heights city,planned
ilabp,500.0,17031804714,031,Large_DG,2027-02-26,44,22,Hoffman Estates village,planned
ilabp,500.0,17031804804,031,Large_DG,2027-02-26,56,28,Schaumburg village,planned
ilabp,360.0,17031825600,031,Large_DG,2027-02-26,30,15,Markham city,planned
ilabp,400.0,17031770500,031,Large_DG,2027-02-26,56,28,Elk Grove Village village,planned
ilabp,500.0,17089852903,089,Large_DG,2027-02-26,50,25,Aurora city,planned
ilabp,320.0,17031450300,031,Large_DG,2027-03-31,33,17,Chicago city,planned
ilabp,500.0,17031820901,031,Large_DG,2027-02-26,22,11,Bedford Park village,planned
ilabp,360.0,17031811600,031,Large_DG,2027-02-26,20,10,Schiller Park village,planned
ilabp,360.0,17089851000,089,Large_DG,2027-03-31,66,33,Elgin city,planned
ilabp,720.0,17089851400,089,Large_DG,2027-02-26,43,22,Elgin city,planned
ilabp,500.0,17031804105,031,Large_DG,2027-02-26,51,26,,planned
ilabp,280.0,17031250500,031,Large_DG,2027-03-31,78,39,Chicago city,planned
ilabp,700.0,17031500100,031,Large_DG,2027-02-26,34,17,Chicago city,planned
ilabp,500.0,17031820605,031,Large_DG,2027-02-26,31,16,Hickory Hills city,planned
ilabp,500.0,17031220702,031,Large_DG,2027-03-31,39,20,Chicago city,planned
ilabp,400.0,17031824122,031,Large_DG,2027-02-26,28,14,Tinley Park village,planned
ilabp,280.0,17031809200,031,Large_DG,2027-03-31,18,9,Evanston city,planned
ilabp,1080.0,17031750600,031,Large_DG,2027-02-26,27,14,Chicago city,planned
ilabp,480.0,17031805107,031,Large_DG,2027-02-26,53,27,Arlington Heights village,planned
ilabp,400.0,17031820901,031,Large_DG,2027-02-26,22,11,Bedford Park village,planned
ilabp,500.0,17031130200,031,Large_DG,2027-02-26,15,8,Chicago city,planned
ilabp,7.68,17143003900,143,Small_DG,2026-12-31,93,47,,planned
ilabp,5.36,17091012300,091,Small_DG,2027-03-31,79,40,Kankakee city,planned
ilabp,2000.0,17073031100,073,Large_DG,2027-02-26,93,47,Galva city,planned
ilabp,4500.0,17141960700,141,Large_DG,2026-10-30,89,45,,planned
ilabp,3500.0,17107953300,107,Large_DG,2027-09-30,87,44,,planned
ilabp,22.8,17031815702,031,Small_DG,2026-12-31,2,1,Riverside village,planned
ilabp,11.52,17141961301,141,Small_DG,2027-09-30,74,37,,planned
ilabp,6.53,17197880430,197,Small_DG,2027-01-29,97,49,Joliet city,planned
ilabp,9.6,17031813200,031,Small_DG,2027-01-29,78,39,Oak Park village,planned
ilabp,6.38,17031816900,031,Small_DG,2026-10-30,7,4,Bellwood village,planned
ilabp,13.06,17117956100,117,Small_DG,2027-01-29,108,54,,planned
ilabp,360.0,17203030501,203,Large_DG,2026-11-30,73,37,Germantown Hills village,planned
ilabp,2000.0,17095000500,095,Large_DG,2027-12-18,71,36,,planned
ilabp,11.14,17179022300,179,Small_DG,2027-01-29,105,53,Washington city,planned
ilabp,5.38,17203030601,203,Small_DG,2027-01-29,91,46,,planned
ilabp,16.9,17179021606,179,Small_DG,2027-01-29,87,44,,planned
ilabp,5.76,17043846524,043,Small_DG,2027-02-26,41,21,,planned
ilabp,9.6,17097860500,097,Small_DG,2027-01-29,61,31,Zion city,planned
ilabp,2000.0,17049950800,049,Large_DG,2027-11-21,107,54,,planned
ilabp,9.22,17177000600,177,Small_DG,2027-01-29,90,45,,planned
ilabp,20.35,17123961300,123,Small_DG,2026-12-31,105,53,,planned
ilabp,8.45,17179021603,179,Small_DG,2027-02-26,91,46,,planned
ilabp,2000.0,17049950800,049,Large_DG,2027-08-31,107,54,,planned
ilabp,14.98,17089853900,089,Small_DG,2027-04-30,83,42,Aurora city,planned
ilabp,100.0,17083010100,083,Large_DG,2025-12-31,100,50,,planned
ilabp,4499.6,17195000400,195,Large_DG,2027-05-31,73,37,,planned
ilabp,25.0,17083010100,083,Small_DG,2025-12-31,100,50,,planned
ilabp,62.5,17083010100,083,Large_DG,2026-02-27,100,50,,planned
ilabp,4990.0,17089854507,089,Large_DG,2027-05-28,70,35,Elburn village,planned
ilabp,9.22,17099964000,099,Small_DG,2027-02-26,76,38,,planned
ilabp,6.93,17031802605,031,Small_DG,2027-03-31,57,29,Wheeling village,planned
ilabp,5000.0,17123961500,123,Large_DG,2026-10-30,105,53,,planned
ilabp,4400.0,17097866200,097,Large_DG,2026-12-31,58,29,Mettawa village,planned
ilabp,5000.0,17091010602,091,Large_DG,2026-12-31,79,40,,planned
ilabp,4990.0,17091010204,091,Large_DG,2027-01-29,29,15,,planned
ilabp,9.22,17203030300,203,Small_DG,2027-02-26,105,53,,planned
ilabp,2000.0,17029000400,029,Large_DG,2027-04-10,101,51,,planned
ilabp,3.8,17031811800,031,Small_DG,2026-12-31,77,39,Northlake city,planned
ilabp,17.66,17141960900,141,Small_DG,2027-06-30,89,45,,planned
ilabp,5000.0,17089851912,089,Large_DG,2026-10-30,65,33,,planned
ilabp,7.6,17201003200,201,Small_DG,2027-06-30,67,34,Rockford city,planned
ilabp,9.98,17197880414,197,Small_DG,2027-06-30,98,49,,planned
ilabp,18.0,17175951500,175,Small_DG,2026-02-27,93,47,,planned
ilabp,4.06,17031812000,031,Small_DG,2027-07-30,78,39,River Forest village,planned
ilabp,5000.0,17135957900,135,Large_DG,2026-10-30,108,54,,planned
ilabp,24.58,17195000200,195,Small_DG,2027-02-26,74,37,,planned
ilabp,8.78,17031530300,031,Small_DG,2026-12-31,27,14,Chicago city,planned
ilabp,3.58,17201003602,201,Small_DG,2026-12-31,67,34,Rockford city,planned
ilabp,13.44,17031818000,031,Small_DG,2027-05-28,7,4,Broadview village,planned
ilabp,9.98,17031806103,031,Small_DG,2027-01-29,53,27,Des Plaines city,planned
ilabp,2.32,17119400200,119,Small_DG,2027-01-29,111,56,Granite City city,planned
ilabp,2.93,17043840104,043,Small_DG,2026-12-31,77,39,Addison village,planned
ilabp,5.2,17141961200,141,Small_DG,2026-12-31,74,37,,planned
ilabp,6.96,17041952100,041,Small_DG,2027-02-26,101,51,,planned
ilabp,600.0,17115003000,115,Large_DG,2026-12-31,88,44,,planned
ilabp,5000.0,17051950600,051,Large_DG,2026-11-30,110,55,,planned
ilabp,5000.0,17051950600,051,Large_DG,2026-11-30,110,55,,planned
ilabp,5000.0,17067954000,067,Large_DG,2027-11-30,94,47,,planned
ilabp,4000.0,17051950600,051,Large_DG,2026-11-30,110,55,,planned
ilabp,4000.0,17051951100,051,Large_DG,2026-11-30,110,55,,planned
ilabp,4000.0,17119403702,119,Large_DG,2026-11-30,109,55,,planned
ilabp,2000.0,17027900401,027,Large_DG,2027-01-29,110,55,,planned
ilabp,2000.0,17051950500,051,Large_DG,2027-01-29,110,55,,planned
ilabp,13.06,17197880431,197,Small_DG,2027-05-28,97,49,Joliet city,planned
ilabp,19.2,17197880314,197,Small_DG,2026-12-31,97,49,,planned
ilabp,6.0,17031252102,031,Small_DG,2027-01-29,8,4,Chicago city,planned
ilabp,7.15,17117956800,117,Small_DG,2026-12-31,108,54,,planned
ilabp,5.2,17119403002,119,Small_DG,2026-12-31,112,56,Edwardsville city,planned
ilabp,6.0,17099962900,099,Small_DG,2027-02-26,76,38,LaSalle city,planned
ilabp,7.6,17099962400,099,Small_DG,2027-08-17,75,38,,planned
ilabp,7.6,17031825503,031,Small_DG,2026-12-31,38,19,Hazel Crest village,planned
ilabp,6.14,17043846412,043,Small_DG,2027-03-31,41,21,Naperville city,planned
ilabp,7.3,17037001400,037,Small_DG,2027-02-26,74,37,,planned
ilabp,6.14,17197880123,197,Small_DG,2027-03-31,85,43,Bolingbrook village,planned
ilabp,6.91,17093890602,093,Small_DG,2027-01-29,75,38,,planned
ilabp,8.13,17203030601,203,Small_DG,2027-02-26,91,46,,planned
ilabp,3.49,17085020402,085,Small_DG,2027-02-26,89,45,,planned
ilabp,6.0,17143004600,143,Small_DG,2027-01-29,91,46,Bartonville village,planned
ilabp,10.75,17043841316,043,Small_DG,2027-02-26,49,25,Bartlett village,planned
ilabp,15.36,17031843700,031,Small_DG,2027-03-31,40,20,Chicago city,planned
ilabp,6.53,17043846701,043,Small_DG,2027-03-31,45,23,Addison village,planned
ilabp,18.72,17113001800,113,Small_DG,2027-06-30,91,46,Bloomington city,planned
ilabp,6.14,17031140400,031,Small_DG,2027-01-29,15,8,Chicago city,planned
ilabp,10.0,17175951400,175,Small_DG,2026-12-31,93,47,,planned
ilabp,5.8,17031824505,031,Small_DG,2027-09-30,28,14,Oak Forest city,planned
ilabp,9.22,17097860906,097,Small_DG,2026-12-31,64,32,,planned
ilabp,20.74,17089852404,089,Small_DG,2027-01-29,65,33,Campton Hills village,planned
ilabp,12.29,17031817700,031,Small_DG,2027-02-26,7,4,Maywood village,planned
ilabp,8.78,17023060100,023,Small_DG,2027-05-31,102,51,,planned
ilabp,8.6,17031160700,031,Small_DG,2027-06-30,40,20,Chicago city,planned
ilabp,11.7,17183010400,183,Small_DG,2026-12-31,104,52,,planned
ilabp,500.0,17193958200,193,Large_DG,2027-01-29,116,58,,planned
ilabp,5000.0,17067954300,067,Large_DG,2027-09-30,94,47,,planned
ilabp,2.9,17111870404,111,Small_DG,2027-06-30,63,32,,planned
ilabp,11.4,17031818600,031,Small_DG,2027-02-26,21,11,La Grange Park village,planned
ilabp,4.64,17119402200,119,Small_DG,2027-01-29,111,56,Alton city,planned
ilabp,25.0,17143003800,143,Small_DG,2027-09-30,93,47,,planned
ilabp,5.76,17043846207,043,Small_DG,2027-02-26,41,21,Naperville city,planned
ilabp,7.68,17167000100,167,Small_DG,2026-12-31,95,48,,planned
ilabp,5.51,17031804810,031,Small_DG,2027-01-29,56,28,Schaumburg village,planned
ilabp,7.6,17097861403,097,Small_DG,2027-08-31,62,31,Round Lake village,planned
ilabp,3.8,17031814200,031,Small_DG,2027-03-04,2,1,Cicero town,planned
ilabp,5.0,17031520300,031,Small_DG,2027-04-30,25,13,Chicago city,planned
ilabp,9.765,17179021702,179,Small_DG,2028-02-19,87,44,,planned
ilabp,5.51,17097860106,097,Small_DG,2027-02-26,61,31,Zion city,planned
ilabp,6.912,17097866000,097,Small_DG,2027-04-29,61,31,Wadsworth village,planned
ilabp,480.0,17031820103,031,Large_DG,2027-01-29,8,4,La Grange village,planned
ilabp,3300.0,17169970200,169,Large_DG,2027-05-31,99,50,,planned
ilabp,3900.0,17067953900,067,Large_DG,2027-09-30,94,47,,planned
ilabp,7.296,17043846202,043,Small_DG,2027-06-30,81,41,Lisle village,planned
ilabp,4.23,17179021101,179,Small_DG,2027-01-29,93,47,Pekin city,planned
ilabp,3.25,17179022400,179,Small_DG,2027-01-29,91,46,,planned
ilabp,17.11,17187870300,187,Small_DG,2027-01-29,71,36,,planned
ilabp,6.18,17067953800,067,Small_DG,2027-02-26,94,47,Carthage city,planned
ilabp,11.7,17037000100,037,Small_DG,2027-02-26,89,45,,planned
ilabp,15.0,17161024103,161,Small_DG,2026-02-27,94,47,,planned
ilabp,9.86,17161024000,161,Small_DG,2027-05-28,71,36,Coal Valley village,planned
ilabp,10.0,17111871304,111,Small_DG,2027-02-26,63,32,,planned
ilabp,7.15,17077010601,077,Small_DG,2026-12-31,115,58,,planned
ilabp,8.7,17057953000,057,Small_DG,2027-03-31,94,47,,planned
ilabp,7.6,17089851102,089,Small_DG,2027-06-30,43,22,Elgin city,planned
ilabp,3.6,17163504358,163,Small_DG,2026-12-31,114,57,,planned
ilabp,7.6,17043846701,043,Small_DG,2027-06-30,45,23,Addison village,planned
ilabp,7.6,17167002100,167,Small_DG,2027-02-26,96,48,Leland Grove city,planned
ilabp,4.88,17197880309,197,Small_DG,2026-12-31,41,21,Naperville city,planned
ilabp,8.12,17167002500,167,Small_DG,2027-09-30,96,48,Springfield city,planned
ilabp,22.272,17063000600,063,Small_DG,2027-09-30,106,53,,planned
ilabp,500.0,17197880106,197,Large_DG,2027-01-29,85,43,Bolingbrook village,planned
ilabp,840.0,17097861504,097,Large_DG,2027-07-30,59,30,Waukegan city,planned
ilabp,360.0,17031817102,031,Large_DG,2027-01-29,7,4,Bellwood village,planned
ilabp,9.1,17165955600,165,Small_DG,2027-02-26,117,59,,planned
ilabp,10.752,17019010800,019,Small_DG,2027-02-26,101,51,,planned
ilabp,7.48,17043846203,043,Small_DG,2026-12-31,81,41,Naperville city,planned
ilabp,16.128,17073030600,073,Small_DG,2027-05-28,93,47,,planned
ilabp,5.0,17115002901,115,Small_DG,2026-12-31,88,44,Forsyth village,planned
ilabp,6.0,17117956900,117,Small_DG,2027-02-26,108,54,,planned
ilabp,600.0,17197882802,197,Large_DG,2027-01-29,86,43,Joliet city,planned
ilabp,5.0,17111871312,111,Small_DG,2027-06-30,63,32,Cary village,planned
ilabp,16.128,17197883504,197,Small_DG,2027-06-30,38,19,Frankfort village,planned
ilabp,7.8,17031440900,031,Small_DG,2026-12-31,34,17,Chicago city,planned
ilabp,3.25,17031815100,031,Small_DG,2026-12-31,21,11,Berwyn city,planned
ilabp,21.6,17031750500,031,Small_DG,2027-02-26,27,14,Chicago city,planned
ilabp,10.368,17031480500,031,Small_DG,2027-06-30,25,13,Chicago city,planned
ilabp,10.2,17055040300,055,Small_DG,2026-12-31,116,58,Christopher city,planned
ilabp,7.48,17119403001,119,Small_DG,2026-12-31,112,56,Edwardsville city,planned
ilabp,8.13,17043846103,043,Small_DG,2027-02-26,41,21,,planned
ilabp,5.85,17031310400,031,Small_DG,2026-12-31,24,12,Chicago city,planned
ilabp,3.0,17031818800,031,Small_DG,2026-12-31,2,1,Brookfield village,planned
ilabp,6.09,17011965200,011,Small_DG,2026-12-31,76,38,Spring Valley city,planned
ilabp,8.12,17097861201,097,Small_DG,2027-09-30,62,31,Round Lake Beach village,planned
ilabp,9.28,17055041100,055,Small_DG,2027-02-26,117,59,,planned
ilabp,7.5,17137951400,137,Small_DG,2026-12-31,99,50,,planned
ilabp,7.25,17119403121,119,Small_DG,2027-01-29,112,56,Glen Carbon village,planned
ilabp,3000.0,17087977700,087,Large_DG,2027-08-31,117,59,,planned
ilabp,5.8,17131040200,131,Small_DG,2027-02-26,94,47,,planned
ilabp,7.15,17159978300,159,Small_DG,2027-01-29,110,55,,planned
ilabp,2.4,17019010702,019,Small_DG,2027-03-31,104,52,,planned
ilabp,6.6,17019010702,019,Small_DG,2027-03-31,104,52,,planned
ilabp,6.96,17031750100,031,Small_DG,2027-01-29,27,14,Chicago city,planned
ilabp,7.48,17045070500,045,Small_DG,2027-07-30,102,51,,planned
ilabp,5.85,17143001600,143,Small_DG,2027-02-26,92,46,Peoria city,planned
ilabp,3.9,17031470100,031,Small_DG,2026-12-31,33,17,Chicago city,planned
ilabp,7.2,17163504351,163,Small_DG,2027-01-29,114,57,O'Fallon city,planned
ilabp,13.0,17183011100,183,Small_DG,2027-02-26,102,51,,planned
ilabp,5.4,17141961200,141,Small_DG,2027-01-29,74,37,,planned
ilabp,9.6,17041952100,041,Small_DG,2027-02-26,101,51,,planned
ilabp,2000.0,17063000103,063,Large_DG,2026-10-30,106,53,Channahon village,planned
ilabp,6.0,17109011000,109,Small_DG,2027-01-29,94,47,,planned
ilabp,12.0,17055041200,055,Small_DG,2027-02-26,117,59,,planned
ilabp,3.3,17031730600,031,Small_DG,2026-12-31,27,14,Chicago city,planned
ilabp,9.9,17197880511,197,Small_DG,2026-12-31,98,49,Romeoville village,planned
ilabp,12.91,17073030203,073,Small_DG,2027-02-26,93,47,,planned
ilabp,5.4,17031829200,031,Small_DG,2026-12-31,80,40,Chicago Heights city,planned
ilabp,5.8,17197881108,197,Small_DG,2027-06-30,37,19,New Lenox village,planned
ilabp,11.4,17039971400,039,Small_DG,2027-03-31,88,44,,planned
ilabp,5.67,17197880510,197,Small_DG,2027-06-30,98,49,Romeoville village,planned
ilabp,7.6,17039971500,039,Small_DG,2027-01-29,88,44,,planned
ilabp,4.55,17119402722,119,Small_DG,2027-01-29,100,50,Godfrey village,planned
ilabp,8.064,17031480400,031,Small_DG,2027-09-30,33,17,Chicago city,planned
ilabp,11.52,17143003700,143,Small_DG,2026-12-31,73,37,,planned
ilabp,11.05,17203030100,203,Small_DG,2027-01-29,105,53,,planned
ilabp,11.38,17157951300,157,Small_DG,2027-01-29,115,58,,planned
ilabp,4.88,17107953400,107,Small_DG,2027-02-26,87,44,Lincoln city,planned
ilabp,4.55,17167003000,167,Small_DG,2027-02-26,95,48,,planned
ilabp,6.3,17073030900,073,Small_DG,2027-01-29,93,47,Kewanee city,planned
ilabp,7.8,17089851102,089,Small_DG,2027-02-26,43,22,Elgin city,planned
ilabp,10.0,17019001205,019,Small_DG,2027-06-30,104,52,Champaign city,planned
ilabp,7.15,17001010301,001,Small_DG,2027-01-29,100,50,,planned
ilabp,5000.0,17099964100,099,Large_DG,2027-03-31,106,53,,planned
ilabp,12.35,17027900602,027,Small_DG,2027-01-29,109,55,,planned
ilabp,5000.0,17203030700,203,Large_DG,2026-12-31,105,53,,planned
ilabp,8.41,17125956300,125,Small_DG,2027-01-29,94,47,,planned
ilabp,9.6,17031750500,031,Small_DG,2026-12-31,27,14,Chicago city,planned
ilabp,15.36,17031801800,031,Small_DG,2026-12-31,57,29,Northfield village,planned
ilabp,6.83,17095001000,095,Small_DG,2027-01-29,71,36,Galesburg city,planned
ilabp,3.6,17019000902,019,Small_DG,2027-01-29,104,52,,planned
ilabp,8.832,17031804102,031,Small_DG,2026-12-31,51,26,Palatine village,planned
ilabp,21.888,17075950600,075,Small_DG,2027-03-31,106,53,,planned
ilabp,9.9,17031804809,031,Small_DG,2026-12-31,56,28,Schaumburg village,planned
ilabp,7.8,17167003500,167,Small_DG,2027-01-29,108,54,,planned
ilabp,4990.0,17091010400,091,Large_DG,2027-02-26,79,40,,planned
ilabp,24.96,17037001400,037,Small_DG,2027-06-30,74,37,,planned
ilabp,8.7,17095001400,095,Small_DG,2027-01-29,94,47,,planned
ilabp,4000.0,17197883904,197,Large_DG,2027-09-30,79,40,,planned
ilabp,6.0,17179020400,179,Small_DG,2027-01-29,87,44,Creve Coeur village,planned
ilabp,4.8,17203030502,203,Small_DG,2027-01-29,73,37,Bay View Gardens village,planned
ilabp,7.15,17161023000,161,Small_DG,2027-01-29,72,36,Rock Island city,planned
ilabp,8.4,17163503322,163,Small_DG,2026-12-31,113,57,Swansea village,planned
ilabp,7.2,17031804109,031,Small_DG,2026-12-31,53,27,,planned
ilabp,9.45,17113005602,113,Small_DG,2026-12-31,88,44,,planned
ilabp,20.0,17123961200,123,Small_DG,2027-01-29,105,53,Henry city,planned
ilabp,3.25,17089852905,089,Small_DG,2026-12-31,50,25,Aurora city,planned
ilabp,4.06,17143003104,143,Small_DG,2027-02-26,92,46,Peoria city,planned
ilabp,13.0,17015960100,015,Small_DG,2027-02-26,89,45,,planned
ilabp,10.15,17169970200,169,Small_DG,2027-02-26,99,50,,planned
ilabp,12.6,17019010601,019,Small_DG,2027-02-26,101,51,,planned
ilabp,6.0,17031140400,031,Small_DG,2027-02-26,15,8,Chicago city,planned
ilabp,3.6,17001000800,001,Small_DG,2027-02-26,99,50,Quincy city,planned
ilabp,7.2,17085020300,085,Small_DG,2027-02-26,89,45,Galena city,planned
ilabp,4990.0,17091010100,091,Large_DG,2027-02-10,29,15,,planned
ilabp,2000.0,17019001204,019,Large_DG,2027-01-29,104,52,Champaign city,planned
ilabp,2000.0,17115002200,115,Large_DG,2027-02-26,88,44,,planned
ilabp,2000.0,17115001400,115,Large_DG,2027-07-30,88,44,Decatur city,planned
ilabp,1500.0,17183000400,183,Large_DG,2027-05-28,104,52,,planned
ilabp,7.6,17165955800,165,Small_DG,2027-02-26,117,59,Harrisburg city,planned
ilabp,16.896,17143003900,143,Small_DG,2027-06-30,93,47,,planned
ilabp,9.0,17087977800,087,Small_DG,2027-02-26,117,59,,planned
ilabp,7.6,17101880900,101,Small_DG,2027-02-26,102,51,Bridgeport city,planned
ilabp,3.8,17081050600,081,Small_DG,2027-05-31,116,58,Mount Vernon city,planned
ilabp,6.6,17057952800,057,Small_DG,2027-01-29,94,47,Farmington city,planned
ilabp,6.9,17123961400,123,Small_DG,2027-01-29,105,53,,planned
ilabp,4.2,17113005102,113,Small_DG,2027-02-26,105,53,,planned
ilabp,5.1,17031500100,031,Small_DG,2027-02-26,34,17,Chicago city,planned
ilabp,6.3,17143004600,143,Small_DG,2027-01-29,91,46,Bartonville village,planned
ilabp,9.75,17165955100,165,Small_DG,2027-02-26,117,59,Eldorado city,planned
ilabp,22.656,17183001300,183,Small_DG,2027-04-29,104,52,,planned
ilabp,4998.0,17113002102,113,Large_DG,2027-08-21,88,44,,planned
ilabp,2000.0,17183000400,183,Large_DG,2027-03-31,104,52,,planned
ilabp,2000.0,17115002200,115,Large_DG,2027-07-30,88,44,,planned
ilabp,2000.0,17115001400,115,Large_DG,2027-05-28,88,44,Decatur city,planned
ilabp,2000.0,17115002200,115,Large_DG,2027-07-30,88,44,,planned
ilabp,2000.0,17183000400,183,Large_DG,2027-01-29,104,52,,planned
ilabp,8.45,17031840000,031,Small_DG,2027-09-30,24,12,Chicago city,planned
ilabp,4980.0,17037001900,037,Large_DG,2027-02-26,70,35,,planned
ilabp,11.4,17147954800,147,Small_DG,2027-02-26,88,44,,planned
ilabp,10.44,17119400200,119,Small_DG,2027-04-30,111,56,Granite City city,planned
ilabp,550.0,17123961200,123,Large_DG,2027-03-31,105,53,Henry city,planned
ilabp,3.25,17015960400,015,Small_DG,2027-02-26,89,45,,planned
ilabp,250.0,17183001200,183,Large_DG,2027-01-29,104,52,,planned
ilabp,5000.0,17091010701,091,Large_DG,2026-11-30,29,15,,planned
ilabp,6.3,17031801606,031,Small_DG,2026-12-31,57,29,,planned
ilabp,62.0,17043841312,043,Large_DG,2027-08-31,49,25,West Chicago city,planned
ilabp,14.21,17167002001,167,Small_DG,2027-01-29,95,48,Springfield city,planned
ilabp,3.96,17031803014,031,Small_DG,2026-12-31,57,29,Wheeling village,planned
ilabp,4828.5,17035972600,035,Large_DG,2027-10-29,102,51,,planned
ilabp,5000.0,17135957900,135,Large_DG,2027-01-08,108,54,,planned
ilabp,7.48,17179021203,179,Small_DG,2027-02-26,91,46,East Peoria city,planned
ilabp,3500.0,17093890502,093,Large_DG,2027-02-26,75,38,,planned
ilabp,5.7,17011965200,011,Small_DG,2027-02-26,76,38,Spring Valley city,planned
ilabp,3.25,17031062000,031,Small_DG,2027-02-26,11,6,Chicago city,planned
ilabp,6.3,17019001203,019,Small_DG,2027-05-31,104,52,Champaign city,planned
ilabp,12.47,17163503323,163,Small_DG,2027-01-29,113,57,Swansea village,planned
ilabp,6.0,17199020801,199,Small_DG,2027-02-26,117,59,,planned
ilabp,5.8,17161020301,161,Small_DG,2027-02-26,72,36,Silvis city,planned
ilabp,9.6,17201000402,201,Small_DG,2027-06-30,68,34,,planned
ilabp,5.85,17119400951,119,Small_DG,2027-02-26,111,56,Granite City city,planned
ilabp,4000.0,17029000300,029,Large_DG,2027-09-18,101,51,,planned
ilabp,5000.0,17083010500,083,Large_DG,2027-09-18,100,50,,planned
ilabp,4.608,17031803300,031,Small_DG,2027-01-29,54,27,Arlington Heights village,planned
ilabp,3.25,17091010400,091,Small_DG,2027-02-26,79,40,,planned
ilabp,10.0,17099962100,099,Small_DG,2026-02-27,74,37,,planned
ilabp,11.809,17167003702,167,Small_DG,2027-07-30,108,54,,planned
ilabp,7.6,17183000100,183,Small_DG,2027-02-26,104,52,Danville city,planned
ilabp,15.2,17001010200,001,Small_DG,2027-03-31,94,47,,planned
ilabp,8.7,17183000700,183,Small_DG,2027-02-26,104,52,,planned
ilabp,4.2,17013951300,013,Small_DG,2027-02-26,100,50,,planned
ilabp,6.6,17143003900,143,Small_DG,2027-02-26,93,47,,planned
ilabp,5.0,17031530502,031,Small_DG,2027-02-26,28,14,Chicago city,planned
ilabp,4.8,17141960700,141,Small_DG,2027-02-26,89,45,,planned
ilabp,9.6,17043844701,043,Small_DG,2027-03-31,45,23,Westmont village,planned
ilabp,7.8,17167003802,167,Small_DG,2027-02-26,108,54,,planned
ilabp,6.96,17143003900,143,Small_DG,2027-02-26,93,47,,planned
ilabp,6.9,17201001200,201,Small_DG,2027-02-26,68,34,Rockford city,planned
ilabp,10.8,17159978000,159,Small_DG,2027-03-31,110,55,Olney city,planned
ilabp,4980.0,17119403802,119,Large_DG,2027-03-31,109,55,,planned
ilabp,6.528,17031803015,031,Small_DG,2027-06-30,54,27,Arlington Heights village,planned
ilabp,5000.0,17117956900,117,Large_DG,2027-07-17,108,54,,planned
ilabp,16.512,17143004902,143,Small_DG,2027-06-30,93,47,,planned
ilabp,3300.0,17169970300,169,Large_DG,2027-08-31,99,50,,planned
ilabp,4.23,17097861201,097,Small_DG,2027-02-26,62,31,Round Lake Beach village,planned
ilabp,3.0,17031560800,031,Small_DG,2027-03-31,1,1,Chicago city,planned
ilabp,6.144,17043846411,043,Small_DG,2027-05-28,49,25,Naperville city,planned
ilabp,6.912,17043846411,043,Small_DG,2027-05-28,49,25,Naperville city,planned
ilabp,5.0,17077010900,077,Small_DG,2027-04-30,118,59,,planned
ilabp,7.296,17031804609,031,Small_DG,2027-02-26,56,28,Schaumburg village,planned
ilabp,4.55,17091010201,091,Small_DG,2027-02-26,79,40,,planned
ilabp,9.0,17119403121,119,Small_DG,2027-02-26,112,56,Glen Carbon village,planned
ilabp,9.0,17067953900,067,Small_DG,2027-02-26,94,47,,planned
ilabp,4.8,17031822302,031,Small_DG,2027-02-26,31,16,Oak Lawn village,planned
ilabp,3.6,17197881800,197,Small_DG,2027-02-26,86,43,Joliet city,planned
ilabp,7.2,17023060300,023,Small_DG,2027-02-26,102,51,,planned
ilabp,5.1,17041952100,041,Small_DG,2027-02-26,101,51,,planned
ilabp,5.8,17125956400,125,Small_DG,2027-02-26,94,47,,planned
ilabp,3.6,17031804902,031,Small_DG,2027-03-31,53,27,Des Plaines city,planned
ilabp,43.2,17031816402,031,Large_DG,2027-07-30,77,39,Melrose Park village,planned
ilabp,2000.0,17113002102,113,Large_DG,2027-08-21,88,44,,planned
ilabp,1950.0,17019005401,019,Large_DG,2027-11-06,103,52,,planned
ilabp,6.0,17197883902,197,Small_DG,2027-02-26,29,15,Beecher village,planned
ilabp,13.5,17097861604,097,Small_DG,2027-02-26,61,31,,planned
ilabp,6.0,17195001400,195,Small_DG,2026-10-30,74,37,,planned
ilabp,3.84,17031815701,031,Small_DG,2027-09-30,21,11,Riverside village,planned
ilabp,990.0,17031811701,031,Large_DG,2027-07-30,77,39,Franklin Park village,planned
ilabp,1980.0,17031811701,031,Large_DG,2027-07-30,77,39,Franklin Park village,planned
ilabp,1980.0,17031811701,031,Large_DG,2027-07-30,77,39,Franklin Park village,planned
ilabp,3520.0,17031811701,031,Large_DG,2026-10-30,77,39,Franklin Park village,planned
ilabp,1498.5,17035972500,035,Large_DG,2027-10-29,102,51,,planned
ilabp,5000.0,17201004300,201,Large_DG,2027-03-31,89,45,,planned
ilabp,2000.0,17111870906,111,Large_DG,2026-10-30,63,32,,planned
ilabp,4500.0,17105960300,105,Large_DG,2027-05-28,105,53,,planned
ilabp,4990.0,17105960800,105,Large_DG,2026-11-30,106,53,,planned
ilabp,23.04,17141961500,141,Small_DG,2027-01-29,74,37,,planned
ilabp,9.216,17197880417,197,Small_DG,2027-05-28,97,49,Plainfield village,planned
ilabp,5.76,17197883510,197,Small_DG,2027-01-29,80,40,Manhattan village,planned
ilabp,9.216,17111870906,111,Small_DG,2027-03-31,63,32,,planned
ilabp,1920.0,17089852903,089,Large_DG,2026-11-30,50,25,Aurora city,planned
ilabp,480.0,17043840000,043,Large_DG,2026-11-30,77,39,Chicago city,planned
ilabp,1080.0,17043840000,043,Large_DG,2026-12-31,77,39,Chicago city,planned
ilabp,1920.0,17031813301,031,Large_DG,2026-11-30,2,1,Cicero town,planned
ilabp,1080.0,17043840000,043,Large_DG,2026-11-30,77,39,Chicago city,planned
ilabp,1080.0,17043840000,043,Large_DG,2026-11-30,77,39,Chicago city,planned
ilabp,2700.0,17059972700,059,Large_DG,2027-02-26,117,59,,planned
ilabp,10.658,17021958500,021,Small_DG,2027-08-31,107,54,Taylorville city,planned
ilabp,5000.0,17063000900,063,Large_DG,2027-05-28,79,40,,planned
ilabp,3.25,17019010400,019,Small_DG,2027-02-26,101,51,,planned
ilabp,2820.0,17073030400,073,Large_DG,2027-09-30,73,37,,planned
ilabp,5000.0,17021958200,021,Large_DG,2029-09-10,95,48,Kincaid village,planned
ilabp,4950.0,17111870905,111,Large_DG,2026-12-31,63,32,Woodstock city,planned
ilabp,5000.0,17177000400,177,Large_DG,2027-11-30,89,45,,planned
ilabp,2250.0,17093890703,093,Large_DG,2027-08-31,75,38,,planned
ilabp,13.824,17091010400,091,Small_DG,2026-12-31,79,40,,planned
ilabp,5000.0,17167003300,167,Large_DG,2027-11-06,108,54,,planned
ilabp,5000.0,17177000500,177,Large_DG,2027-05-31,89,45,,planned
ilabp,6.6,17019010902,019,Small_DG,2027-02-26,101,51,,planned
ilabp,5000.0,17099964100,099,Large_DG,2027-11-30,106,53,,planned
ilabp,480.0,17043840000,043,Large_DG,2026-11-30,77,39,Chicago city,planned
ilabp,12.0,17051950700,051,Small_DG,2027-03-31,110,55,,planned
ilabp,19.584,17031821001,031,Small_DG,2027-09-30,22,11,Burbank city,planned
ilabp,8.448,17179021102,179,Small_DG,2027-02-26,93,47,Pekin city,planned
ilabp,4.992,17099962400,099,Small_DG,2027-06-30,75,38,,planned
ilabp,3.6,17049950300,049,Small_DG,2027-02-26,107,54,,planned
ilabp,6.144,17043846411,043,Small_DG,2026-12-31,49,25,Naperville city,planned
ilabp,3.6,17057953200,057,Small_DG,2027-02-26,94,47,,planned
ilabp,6.0,17031430900,031,Small_DG,2027-02-26,26,13,Chicago city,planned
ilabp,4.5,17031480500,031,Small_DG,2027-02-26,25,13,Chicago city,planned
ilabp,12.9,17099962600,099,Small_DG,2027-03-31,76,38,Ottawa city,planned
ilabp,8.448,17031804512,031,Small_DG,2027-01-29,43,22,,planned
ilabp,5.0,17031817900,031,Small_DG,2027-06-30,7,4,Broadview village,planned
ilabp,20.736,17143003800,143,Small_DG,2027-05-28,93,47,,planned
ilabp,11.655,17133600502,133,Small_DG,2027-03-31,115,58,,planned
ilabp,11.52,17007010400,007,Small_DG,2027-02-26,89,45,,planned
ilabp,2.7,17031491000,031,Small_DG,2027-04-30,27,14,Chicago city,planned
ilabp,6.0,17031804405,031,Small_DG,2026-12-31,43,22,Elgin city,planned
ilabp,15.2,17197880511,197,Small_DG,2027-07-30,98,49,Romeoville village,planned
ilabp,9.0,17031650301,031,Small_DG,2027-09-19,22,11,Chicago city,planned
ilabp,3.8,17089850301,089,Small_DG,2027-02-26,43,22,,planned
ilabp,5000.0,17179021500,179,Large_DG,2027-07-02,87,44,,planned
ilabp,7.6,17143004600,143,Small_DG,2027-06-30,91,46,Bartonville village,planned
ilabp,3.48,17143004000,143,Small_DG,2027-01-29,93,47,,planned
ilabp,11.136,17201003809,201,Small_DG,2027-01-29,67,34,Loves Park city,planned
ilabp,9.6,17183010300,183,Small_DG,2027-04-30,101,51,,planned
ilabp,6.3,17031828601,031,Small_DG,2027-04-30,30,15,Homewood village,planned
ilabp,7.2,17131040100,131,Small_DG,2027-04-30,94,47,,planned
ilabp,13.056,17197883305,197,Small_DG,2027-09-30,86,43,Channahon village,planned
ilabp,15.744,17031823703,031,Small_DG,2027-04-29,31,16,Bridgeview village,planned
ilabp,4.64,17131040300,131,Small_DG,2027-09-30,94,47,Aledo city,planned
ilabp,9.6,17043846202,043,Small_DG,2027-09-30,81,41,Lisle village,planned
ilabp,11.52,17043846510,043,Small_DG,2027-01-29,84,42,Aurora city,planned
ilabp,6.67,17197883100,197,Small_DG,2027-09-30,86,43,Joliet city,planned
ilabp,6.09,17143004000,143,Small_DG,2027-06-30,93,47,,planned
ilabp,2000.0,17043841604,043,Large_DG,2027-02-26,49,25,,planned
ilabp,10.368,17043841802,043,Small_DG,2027-01-29,47,24,,planned
ilabp,16.82,17027900100,027,Small_DG,2027-05-28,109,55,,planned
ilabp,8.448,17043846304,043,Small_DG,2027-02-26,81,41,,planned
ilabp,4.64,17031824800,031,Small_DG,2027-09-30,30,15,Posen village,planned
ilabp,11.025,17203030602,203,Small_DG,2027-05-28,91,46,,planned
ilabp,5.0,17111871004,111,Small_DG,2027-01-29,69,35,Marengo city,planned
ilabp,6.0,17093890501,093,Small_DG,2027-05-31,75,38,Plano city,planned
ilabp,11.4,17197883700,197,Small_DG,2027-01-29,80,40,Steger village,planned
ilabp,5.51,17197880421,197,Small_DG,2027-09-30,97,49,Plainfield village,planned
ilabp,7.8,17145030200,145,Small_DG,2027-05-31,115,58,,planned
ilabp,6.3,17031431200,031,Small_DG,2027-05-31,33,17,Chicago city,planned
ilabp,7.68,17093890701,093,Small_DG,2027-02-26,97,49,Joliet city,planned
ilabp,7.68,17093890703,093,Small_DG,2027-02-26,75,38,,planned
ilabp,15.36,17197883510,197,Small_DG,2027-02-26,80,40,Manhattan village,planned
ilabp,7.6,17097861610,097,Small_DG,2027-01-29,61,31,Gages Lake CDP,planned
ilabp,20.736,17103000600,103,Small_DG,2027-02-26,74,37,Dixon city,planned
ilabp,14.208,17031803500,031,Small_DG,2027-02-26,53,27,Arlington Heights village,planned
ilabp,13.8,17189950400,189,Small_DG,2027-05-31,115,58,,planned
ilabp,10.0,17097860906,097,Small_DG,2027-01-29,64,32,,planned
ilabp,8.44,17043841205,043,Small_DG,2027-09-30,47,24,Carol Stream village,planned
ilabp,8.7,17119400102,119,Small_DG,2027-05-31,112,56,Granite City city,planned
ilabp,8.4,17121952000,121,Small_DG,2027-05-31,110,55,,planned
ilabp,3.9,17075950200,075,Small_DG,2027-05-31,106,53,,planned
ilabp,6.6,17031828602,031,Small_DG,2027-05-31,29,15,Homewood village,planned
ilabp,4.608,17147954700,147,Small_DG,2027-06-30,88,44,,planned
ilabp,1992.0,17197883903,197,Large_DG,2027-10-02,29,15,,planned
ilabp,6.528,17031831800,031,Small_DG,2027-04-30,15,8,Chicago city,planned
ilabp,11.05,17143003900,143,Small_DG,2027-04-30,93,47,,planned
ilabp,2000.0,17019001205,019,Large_DG,2026-11-30,104,52,Champaign city,planned
ilabp,6.83,17163503332,163,Small_DG,2027-04-30,113,57,,planned
ilabp,8.4,17031730201,031,Small_DG,2027-04-30,35,18,Chicago city,planned
ilabp,6.6,17161021500,161,Small_DG,2027-04-30,72,36,Moline city,planned
ilabp,4.8,17187870100,187,Small_DG,2027-04-30,94,47,,planned
ilabp,9.0,17031250500,031,Small_DG,2027-04-30,78,39,Chicago city,planned
ilabp,9.3,17119400802,119,Small_DG,2027-04-30,111,56,Granite City city,planned
ilabp,6.0,17031807600,031,Small_DG,2027-02-26,16,8,Skokie village,planned
ilabp,13.056,17031480500,031,Small_DG,2027-05-28,25,13,Chicago city,planned
ilabp,4.8,17031672000,031,Small_DG,2027-04-30,32,16,Chicago city,planned
ilabp,6.0,17197880511,197,Small_DG,2027-02-26,98,49,Romeoville village,planned
ilabp,5000.0,17201003708,201,Large_DG,2027-10-29,68,34,Rockford city,planned
ilabp,15.2,17113005700,113,Small_DG,2027-06-30,88,44,,planned
ilabp,480.0,17201003711,201,Large_DG,2026-09-30,67,34,,planned
ilabp,5000.0,17073030600,073,Large_DG,2027-07-02,93,47,,planned
ilabp,24.96,17031824503,031,Small_DG,2027-02-26,27,14,,planned
ilabp,5.0,17097861011,097,Small_DG,2027-10-29,64,32,Lake Villa village,planned
ilabp,11.52,17099964100,099,Small_DG,2027-04-30,106,53,,planned
ilabp,5.0,17015960500,015,Small_DG,2027-04-30,89,45,,planned
ilabp,7.8,17019001302,019,Small_DG,2027-04-30,104,52,Savoy village,planned
ilabp,7.8,17167003902,167,Small_DG,2027-04-30,96,48,,planned
ilabp,7.8,17019010701,019,Small_DG,2027-04-30,102,51,St. Joseph village,planned
ilabp,3.8,17111870302,111,Small_DG,2027-01-29,69,35,Harvard city,planned
ilabp,2.61,17089850800,089,Small_DG,2027-04-16,43,22,Elgin city,planned
ilabp,7.8,17113000507,113,Small_DG,2027-04-30,105,53,Normal town,planned
ilabp,14.976,17197880418,197,Small_DG,2027-02-26,97,49,Joliet city,planned
ilabp,840.0,17201001000,201,Large_DG,2026-11-30,68,34,Rockford city,planned
ilabp,5.4,17197883212,197,Small_DG,2027-05-31,86,43,Shorewood village,planned
ilabp,6.6,17113005501,113,Small_DG,2027-04-30,88,44,,planned
ilabp,3.9,17031807700,031,Small_DG,2027-05-31,16,8,Skokie village,planned
ilabp,6.0,17197882200,197,Small_DG,2027-02-26,86,43,Joliet city,planned
ilabp,8.448,17093890703,093,Small_DG,2027-09-30,75,38,,planned
ilabp,4.06,17161021800,161,Small_DG,2027-05-31,72,36,Moline city,planned
ilabp,5.4,17161021100,161,Small_DG,2027-05-31,71,36,Moline city,planned
ilabp,6.0,17057953300,057,Small_DG,2027-05-31,94,47,Canton city,planned
ilabp,6.0,17031640400,031,Small_DG,2027-05-31,22,11,Chicago city,planned
ilabp,687.5,17031801608,031,Large_DG,2026-11-30,17,9,Glenview village,planned
ilabp,4.2,17119403531,119,Small_DG,2027-05-31,109,55,,planned
ilabp,6.6,17031640300,031,Small_DG,2027-05-31,22,11,Chicago city,planned
ilabp,5.4,17149952700,149,Small_DG,2027-05-31,100,50,Pittsfield city,planned
ilabp,4.2,17167000504,167,Small_DG,2027-05-31,95,48,Springfield city,planned
ilabp,6.0,17189950400,189,Small_DG,2027-05-31,115,58,,planned
ilabp,6.3,17031827902,031,Small_DG,2027-05-31,34,17,Lansing village,planned
ilabp,9.6,17039971600,039,Small_DG,2027-05-31,87,44,,planned
ilabp,5.6,17113001500,113,Small_DG,2027-05-31,91,46,Bloomington city,planned
ilabp,4.8,17091010400,091,Small_DG,2027-05-31,79,40,,planned
ilabp,8.4,17179021801,179,Small_DG,2027-05-31,93,47,,planned
ilabp,7.2,17119402500,119,Small_DG,2027-05-31,111,56,Alton city,planned
ilabp,6.0,17051950700,051,Small_DG,2027-05-31,110,55,,planned
ilabp,5.4,17067953700,067,Small_DG,2027-05-31,94,47,,planned
ilabp,6.0,17167003802,167,Small_DG,2027-05-31,108,54,,planned
ilabp,5.0,17087977700,087,Small_DG,2027-05-31,117,59,,planned
ilabp,10.5,17167003203,167,Small_DG,2027-05-31,108,54,,planned
ilabp,7.68,17203030601,203,Small_DG,2027-04-30,91,46,,planned
ilabp,3.6,17067954300,067,Small_DG,2027-05-31,94,47,,planned
ilabp,3.6,17083010100,083,Small_DG,2027-05-31,100,50,,planned
ilabp,3.6,17031828100,031,Small_DG,2027-05-31,33,17,Lansing village,planned
ilabp,10.2,17031824800,031,Small_DG,2027-06-30,30,15,Posen village,planned
ilabp,8.7,17179022100,179,Small_DG,2027-05-31,91,46,,planned
ilabp,6.3,17111870702,111,Small_DG,2027-05-31,64,32,Lakemoor village,planned
ilabp,15.744,17031824126,031,Small_DG,2027-02-26,,,Tinley Park village,planned
ilabp,5.1,17031560800,031,Small_DG,2027-05-31,1,1,Chicago city,planned
ilabp,7.8,17031191100,031,Small_DG,2027-05-31,4,2,Chicago city,planned
ilabp,7.5,17195000900,195,Small_DG,2027-05-31,74,37,,planned
ilabp,9.9,17179021802,179,Small_DG,2027-05-31,93,47,,planned
ilabp,6.3,17197883216,197,Small_DG,2027-05-31,97,49,Shorewood village,planned
ilabp,10.8,17187870300,187,Small_DG,2027-05-31,71,36,,planned
ilabp,12.16,17011965500,011,Small_DG,2027-03-31,73,37,,planned
ilabp,3.6,17183010300,183,Small_DG,2027-03-31,101,51,,planned
ilabp,8.4,17077010200,077,Small_DG,2027-03-31,118,59,,planned
ilabp,6.6,17013951300,013,Small_DG,2027-07-30,100,50,,planned
ilabp,4.2,17031700301,031,Small_DG,2027-03-31,32,16,Chicago city,planned
ilabp,4.5,17161023100,161,Small_DG,2027-03-31,72,36,Rock Island city,planned
ilabp,5000.0,17135957400,135,Large_DG,2028-05-21,108,54,,planned
ilabp,8.7,17031804512,031,Small_DG,2027-03-31,43,22,,planned
ilabp,6.0,17031650200,031,Small_DG,2027-03-31,22,11,Chicago city,planned
ilabp,4998.0,17111870906,111,Large_DG,2027-01-20,63,32,,planned
ilabp,6.24,17031814300,031,Small_DG,2027-02-07,2,1,Cicero town,planned
ilabp,3.6,17031730500,031,Small_DG,2027-03-31,27,14,Chicago city,planned
ilabp,7.68,17031831600,031,Small_DG,2027-02-26,3,2,Chicago city,planned
ilabp,8.832,17043846411,043,Small_DG,2027-09-30,49,25,Naperville city,planned
ilabp,10.752,17093890104,093,Small_DG,2027-09-30,84,42,,planned
ilabp,10.752,17019010500,019,Small_DG,2027-04-30,101,51,Fisher village,planned
ilabp,3000.0,17197883904,197,Large_DG,2027-02-26,79,40,,planned
ilabp,9.6,17043846411,043,Small_DG,2027-04-30,49,25,Naperville city,planned
ilabp,5.1,17031190602,031,Small_DG,2027-03-31,3,2,Chicago city,planned
ilabp,10.2,17067953900,067,Small_DG,2027-04-30,94,47,,planned
ilabp,6.6,17119400802,119,Small_DG,2027-03-31,111,56,Granite City city,planned
ilabp,10.2,17031828504,031,Small_DG,2027-03-31,34,17,Sauk Village village,planned
ilabp,4.2,17197880702,197,Small_DG,2027-03-31,85,43,Fairmont CDP,planned
ilabp,7.2,17043845807,043,Small_DG,2027-03-31,82,41,Darien city,planned
ilabp,5.1,17179020400,179,Small_DG,2027-03-31,87,44,Creve Coeur village,planned
ilabp,4.8,17019005401,019,Small_DG,2027-03-31,103,52,,planned
ilabp,7.2,17163504358,163,Small_DG,2027-03-31,114,57,,planned
ilabp,6.6,17119403531,119,Small_DG,2027-03-31,109,55,,planned
ilabp,3.9,17091011300,091,Small_DG,2027-03-31,34,17,,planned
ilabp,5.4,17201003904,201,Small_DG,2027-03-31,90,45,Roscoe village,planned
ilabp,9.0,17043840101,043,Small_DG,2027-03-31,48,24,Wood Dale city,planned
ilabp,6.0,17095000600,095,Small_DG,2027-03-31,71,36,Galesburg city,planned
ilabp,8.7,17057953900,057,Small_DG,2027-03-31,94,47,,planned
ilabp,6.3,17193958300,193,Small_DG,2027-03-31,116,58,,planned
ilabp,7.6,17157950600,157,Small_DG,2027-04-30,115,58,Sparta city,planned
ilabp,4.8,17189950300,189,Small_DG,2027-03-31,109,55,,planned
ilabp,7.68,17111870603,111,Small_DG,2027-02-26,64,32,,planned
ilabp,8.4,17127970300,127,Small_DG,2027-03-31,117,59,,planned
ilabp,9.0,17061974000,061,Small_DG,2027-04-30,100,50,,planned
ilabp,9.6,17043846411,043,Small_DG,2027-09-30,49,25,Naperville city,planned
ilabp,9.6,17043846411,043,Small_DG,2027-09-30,49,25,Naperville city,planned
ilabp,9.0,17029000400,029,Small_DG,2027-03-31,101,51,,planned
ilabp,3.9,17031640300,031,Small_DG,2027-03-31,22,11,Chicago city,planned
ilabp,2.9,17031804404,031,Small_DG,2027-05-28,43,22,Elgin city,planned
ilabp,8.064,17043846411,043,Small_DG,2027-03-31,49,25,Naperville city,planned
ilabp,9.984,17043846411,043,Small_DG,2027-07-30,49,25,Naperville city,planned
ilabp,7.2,17187870100,187,Small_DG,2027-03-31,94,47,,planned
ilabp,8.832,17043846411,043,Small_DG,2027-04-29,49,25,Naperville city,planned
ilabp,2000.0,17043841604,043,Large_DG,2027-02-26,49,25,,planned
ilabp,9.6,17043846411,043,Small_DG,2027-09-30,49,25,Naperville city,planned
ilabp,9.984,17043846411,043,Small_DG,2027-03-31,49,25,Naperville city,planned
ilabp,2000.0,17051951000,051,Large_DG,2027-11-21,110,55,,planned
ilabp,2000.0,17051951000,051,Large_DG,2026-10-30,110,55,,planned
ilabp,9.6,17001001100,001,Small_DG,2027-03-31,99,50,Quincy city,planned
ilabp,9.0,17129010100,129,Small_DG,2027-03-31,108,54,,planned
ilabp,7.2,17055041000,055,Small_DG,2027-03-31,117,59,West Frankfort city,planned
ilabp,14.4,17163503906,163,Small_DG,2027-03-31,114,57,,planned
ilabp,6.0,17113000302,113,Small_DG,2027-04-30,91,46,,planned
ilabp,15.36,17189950200,189,Small_DG,2027-03-31,109,55,,planned
ilabp,9.984,17043846411,043,Small_DG,2027-05-28,49,25,Naperville city,planned
ilabp,23.424,17135957400,135,Small_DG,2027-09-30,108,54,,planned
ilabp,9.984,17043846411,043,Small_DG,2027-05-28,49,25,Naperville city,planned
ilabp,6.67,17031804804,031,Small_DG,2027-01-29,56,28,Schaumburg village,planned
ilabp,4.8,17031834300,031,Small_DG,2027-03-31,33,17,Chicago city,planned
ilabp,12.0,17059972800,059,Small_DG,2027-03-31,117,59,,planned
ilabp,13.2,17055040700,055,Small_DG,2027-03-31,116,58,,planned
ilabp,13.44,17089850500,089,Small_DG,2027-03-31,66,33,,planned
ilabp,11.52,17099963500,099,Small_DG,2027-09-30,76,38,,planned
ilabp,7.5,17055040100,055,Small_DG,2027-03-31,116,58,,planned
ilabp,3.8,17111870301,111,Small_DG,2027-01-29,69,35,,planned
ilabp,8.4,17027900602,027,Small_DG,2027-03-31,109,55,,planned
ilabp,3.0,17201000104,201,Small_DG,2027-03-31,67,34,Loves Park city,planned
ilabp,6.6,17115002700,115,Small_DG,2027-03-31,95,48,,planned
ilabp,11.136,17031828401,031,Small_DG,2027-03-31,30,15,Homewood village,planned
ilabp,10.0,17031816401,031,Small_DG,2027-06-30,77,39,Melrose Park village,planned
ilabp,11.136,17117956000,117,Small_DG,2027-11-30,108,54,Virden city,planned
ilabp,13.41,17025971900,025,Small_DG,2027-03-31,110,55,,planned
ilabp,500.0,17095000500,095,Large_DG,2026-08-14,71,36,,planned
ilabp,8.7,17115001300,115,Small_DG,2027-04-30,88,44,Decatur city,planned
ilabp,812.5,17031824106,031,Large_DG,2026-11-30,27,14,Orland Park village,planned
ilabp,687.5,17201000512,201,Large_DG,2026-11-30,69,35,Rockford city,planned
ilabp,8.4,17111870603,111,Small_DG,2027-03-31,64,32,,planned
ilabp,6.9,17055040700,055,Small_DG,2027-03-31,116,58,,planned
ilabp,7.2,17113002101,113,Small_DG,2027-03-31,88,44,Bloomington city,planned
ilabp,7.5,17167004000,167,Small_DG,2027-03-31,87,44,,planned
ilabp,15.36,17097864512,097,Small_DG,2027-09-30,51,26,Long Grove village,planned
ilabp,5.7,17031770601,031,Small_DG,2027-03-31,56,28,Des Plaines city,planned
ilabp,7.3,17197880307,197,Small_DG,2026-09-30,41,21,Naperville city,planned
ilabp,9.3,17199020500,199,Small_DG,2027-03-31,118,59,Herrin city,planned
ilabp,3.6,17031824602,031,Small_DG,2027-03-31,30,15,Oak Forest city,planned
ilabp,11.52,17097863601,097,Small_DG,2027-03-31,62,31,Waukegan city,planned
ilabp,7.296,17031820502,031,Small_DG,2027-09-30,21,11,Bridgeview village,planned
ilabp,12.18,17167003100,167,Small_DG,2027-09-30,95,48,Springfield city,planned
ilabp,8.832,17031750200,031,Small_DG,2027-09-30,35,18,Chicago city,planned
ilabp,8.832,17031720500,031,Small_DG,2027-09-30,35,18,Chicago city,planned
ilabp,17.28,17043841310,043,Small_DG,2027-03-31,65,33,Wayne village,planned
ilabp,8.4,17031700401,031,Small_DG,2027-03-31,32,16,Chicago city,planned
ilabp,8.4,17001010500,001,Small_DG,2027-03-31,99,50,,planned
ilabp,4.8,17043845000,043,Small_DG,2027-03-31,45,23,Westmont village,planned
ilabp,4.608,17031841900,031,Small_DG,2027-09-30,9,5,Chicago city,planned
ilabp,9.6,17043846411,043,Small_DG,2027-05-28,49,25,Naperville city,planned
ilabp,8.064,17043846411,043,Small_DG,2027-04-30,49,25,Naperville city,planned
ilabp,6.528,17197880321,197,Small_DG,2027-04-30,97,49,,planned
ilabp,4.608,17197883212,197,Small_DG,2027-03-31,86,43,Shorewood village,planned
ilabp,6.14,17197880314,197,Small_DG,2027-03-31,97,49,,planned
ilabp,4.8,17203030700,203,Small_DG,2027-05-31,105,53,,planned
ilabp,12.0,17031821102,031,Small_DG,2027-05-31,32,16,Burbank city,planned
ilabp,11.136,17197880315,197,Small_DG,2027-09-30,98,49,Bolingbrook village,planned
ilabp,7.2,17095000700,095,Small_DG,2027-05-31,71,36,Galesburg city,planned
ilabp,8.44,17111870200,111,Small_DG,2027-09-30,69,35,,planned
ilabp,5.1,17095001000,095,Small_DG,2027-05-31,71,36,Galesburg city,planned
ilabp,9.984,17197880309,197,Small_DG,2027-04-30,41,21,Naperville city,planned
ilabp,11.14,17007010501,007,Small_DG,2027-09-30,69,35,,planned
ilabp,12.76,17107952900,107,Small_DG,2027-09-30,87,44,,planned
ilabp,7.2,17031803800,031,Small_DG,2027-05-31,51,26,Palatine village,planned
ilabp,24.192,17043841111,043,Small_DG,2027-03-31,48,24,Bloomingdale village,planned
ilabp,8.064,17031804308,031,Small_DG,2027-03-31,44,22,Schaumburg village,planned
ilabp,6.912,17089854002,089,Small_DG,2027-09-30,83,42,Montgomery village,planned
ilabp,5.0,17095000100,095,Small_DG,2026-11-30,93,47,,planned
ilabp,12.67,17037000401,037,Small_DG,2027-03-31,70,35,,planned
ilabp,8.83,17043840103,043,Small_DG,2027-03-31,48,24,,planned
ilabp,4.8,17089852905,089,Small_DG,2027-05-31,50,25,Aurora city,planned
ilabp,5.4,17063000900,063,Small_DG,2027-05-31,79,40,,planned
ilabp,9.9,17109011000,109,Small_DG,2027-05-31,94,47,,planned
ilabp,3.6,17089851909,089,Small_DG,2027-05-31,66,33,Elgin city,planned
ilabp,6.6,17101881100,101,Small_DG,2027-05-31,102,51,,planned
ilabp,7.68,17103000200,103,Small_DG,2027-09-30,74,37,,planned
ilabp,19.58,17037000200,037,Small_DG,2027-09-30,89,45,,planned
ilabp,10.752,17141961400,141,Small_DG,2027-09-30,89,45,,planned
ilabp,11.904,17141961400,141,Small_DG,2027-03-31,89,45,,planned
ilabp,8.45,17201003300,201,Small_DG,2027-03-31,67,34,Rockford city,planned
ilabp,8.06,17043846513,043,Small_DG,2027-03-31,84,42,Aurora city,planned
ilabp,6.0,17145030400,145,Small_DG,2027-05-31,115,58,,planned
ilabp,11.4,17091010800,091,Small_DG,2027-03-31,34,17,,planned
ilabp,11.1,17007010502,007,Small_DG,2027-05-31,69,35,,planned
ilabp,6.0,17031814800,031,Small_DG,2027-05-31,21,11,Berwyn city,planned
ilabp,11.904,17031825304,031,Small_DG,2027-05-28,28,14,Tinley Park village,planned
ilabp,13.824,17095001400,095,Small_DG,2027-03-31,94,47,,planned
ilabp,24.96,17155954600,155,Small_DG,2027-05-28,105,53,,planned
ilabp,7.296,17031803008,031,Small_DG,2027-04-30,54,27,Arlington Heights village,planned
ilabp,9.21,17197880424,197,Small_DG,2027-05-28,97,49,,planned
ilabp,7.68,17043843000,043,Small_DG,2027-04-30,46,23,Elmhurst city,planned
ilabp,15.36,17111870814,111,Small_DG,2027-09-30,63,32,Bull Valley village,planned
ilabp,17.664,17043842602,043,Small_DG,2027-03-31,47,24,,planned
ilabp,8.832,17097864107,097,Small_DG,2027-04-30,52,26,,planned
ilabp,12.288,17007010502,007,Small_DG,2027-09-30,69,35,,planned
ilabp,20.736,17177000600,177,Small_DG,2027-04-29,90,45,,planned
ilabp,10.0,17031630800,031,Small_DG,2027-05-28,1,1,Chicago city,planned
ilabp,8.4,17097865802,097,Small_DG,2027-06-30,58,29,Highland Park city,planned
ilabp,6.0,17137951600,137,Small_DG,2027-06-30,99,50,Jacksonville city,planned
ilabp,6.0,17031816300,031,Small_DG,2027-07-30,77,39,Melrose Park village,planned
ilabp,11.4,17031630300,031,Small_DG,2027-05-28,1,1,Chicago city,planned
ilabp,8.7,17199020300,199,Small_DG,2027-06-30,118,59,,planned
ilabp,8.45,17085020102,085,Small_DG,2027-07-30,89,45,,planned
ilabp,3.9,17031827000,031,Small_DG,2027-06-30,30,15,Harvey city,planned
ilabp,6.5,17031431200,031,Small_DG,2027-06-30,33,17,Chicago city,planned
ilabp,7.2,17067953700,067,Small_DG,2027-06-30,94,47,,planned
ilabp,11.14,17201000510,201,Small_DG,2027-09-30,68,34,Rockford city,planned
ilabp,8.7,17031710200,031,Small_DG,2027-06-30,31,16,Chicago city,planned
ilabp,6.144,17031711000,031,Small_DG,2027-09-30,27,14,Chicago city,planned
ilabp,9.984,17007010501,007,Small_DG,2027-09-30,69,35,,planned
ilabp,7.68,17097864002,097,Small_DG,2027-03-31,59,30,Mundelein village,planned
ilabp,11.14,17097861301,097,Small_DG,2027-09-30,62,31,Long Lake CDP,planned
ilabp,6.0,17031823302,031,Small_DG,2027-09-30,27,14,Alsip village,planned
ilabp,7.2,17183010300,183,Small_DG,2027-06-30,101,51,,planned
ilabp,11.52,17043841802,043,Small_DG,2027-09-30,47,24,,planned
ilabp,11.904,17031430200,031,Small_DG,2027-03-31,25,13,Chicago city,planned
ilabp,7.68,17099962300,099,Small_DG,2027-03-31,75,38,,planned
ilabp,2000.0,17197884101,197,Large_DG,2027-02-26,85,43,Romeoville village,planned
ilabp,11.4,17031150501,031,Small_DG,2026-06-30,19,10,Chicago city,planned
ilabp,14.592,17011965500,011,Small_DG,2027-09-30,73,37,,planned
ilabp,8.7,17143004101,143,Small_DG,2027-06-30,93,47,,planned
ilabp,8.83,17197883606,197,Small_DG,2027-09-30,79,40,University Park village,planned
ilabp,10.4,17167003400,167,Small_DG,2027-06-30,108,54,,planned
ilabp,7.68,17031817102,031,Small_DG,2027-05-28,7,4,Bellwood village,planned
ilabp,6.144,17097864512,097,Small_DG,2027-04-30,51,26,Long Grove village,planned
ilabp,9.984,17197880314,197,Small_DG,2027-03-31,97,49,,planned
ilabp,3.8,17043843302,043,Small_DG,2026-07-31,42,21,Lombard village,planned
ilabp,24.96,17197883507,197,Small_DG,2027-09-30,80,40,,planned
ilabp,5000.0,17195000400,195,Large_DG,2027-03-31,73,37,,planned
ilabp,3.8,17197883804,197,Small_DG,2027-02-07,79,40,,planned
ilabp,6.144,17099962600,099,Small_DG,2027-09-30,76,38,Ottawa city,planned
ilabp,12.672,17099962600,099,Small_DG,2027-09-30,76,38,Ottawa city,planned
ilabp,4.8,17145030600,145,Small_DG,2027-07-30,115,58,Du Quoin city,planned
ilabp,3.8,17031820902,031,Small_DG,2026-06-30,22,11,Burbank city,planned
ilabp,6.0,17037001600,037,Small_DG,2026-07-31,70,35,Cortland town,planned
ilabp,18.432,17195001800,195,Small_DG,2027-04-30,74,37,,planned
ilabp,7.68,17031802003,031,Small_DG,2027-09-30,17,9,Glenview village,planned
ilabp,10.0,17159977900,159,Small_DG,2027-04-30,110,55,,planned
ilabp,600.0,17031828300,031,Large_DG,2027-07-30,29,15,Thornton village,planned
ilabp,1680.0,17143002900,143,Large_DG,2028-01-21,92,46,Peoria city,planned
ilabp,1680.0,17089850103,089,Large_DG,2027-07-30,66,33,,planned
ilabp,2000.0,17031820202,031,Large_DG,2027-07-30,21,11,Hodgkins village,planned
ilabp,360.0,17031839900,031,Large_DG,2028-01-21,1,1,Chicago city,planned
ilabp,600.0,17119400903,119,Large_DG,2027-07-30,112,56,Pontoon Beach village,planned
ilabp,720.0,17031825600,031,Large_DG,2027-01-29,30,15,Markham city,planned
ilabp,900.0,17031824400,031,Large_DG,2027-01-29,28,14,Crestwood village,planned
ilabp,3240.0,17031808200,031,Large_DG,2027-08-31,15,8,Niles village,planned
ilabp,2880.0,17031820901,031,Large_DG,2027-08-31,22,11,Bedford Park village,planned
ilabp,400.0,17031824124,031,Large_DG,2027-07-30,37,19,Orland Hills village,planned
ilabp,480.0,17031823302,031,Large_DG,2027-01-29,27,14,Alsip village,planned
ilabp,480.0,17031825302,031,Large_DG,2027-01-29,30,15,,planned
ilabp,480.0,17031827901,031,Large_DG,2027-01-29,29,15,South Holland village,planned
ilabp,480.0,17031807600,031,Large_DG,2027-01-29,16,8,Skokie village,planned
ilabp,480.0,17197880107,197,Large_DG,2028-01-21,85,43,Bolingbrook village,planned
ilabp,500.0,17031829904,031,Large_DG,2027-07-30,38,19,,planned
ilabp,500.0,17031803901,031,Large_DG,2027-07-30,54,27,Arlington Heights village,planned
ilabp,600.0,17031823200,031,Large_DG,2027-04-30,35,18,Alsip village,planned
ilabp,600.0,17031823200,031,Large_DG,2027-04-30,35,18,Alsip village,planned
ilabp,600.0,17043840000,043,Large_DG,2027-04-30,77,39,Chicago city,planned
ilabp,720.0,17031825801,031,Large_DG,2027-07-30,29,15,Calumet City city,planned
ilabp,720.0,17197880117,197,Large_DG,2027-01-29,85,43,Bolingbrook village,planned
ilabp,840.0,17031823304,031,Large_DG,2027-07-30,35,18,Merrionette Park village,planned
ilabp,840.0,17031831500,031,Large_DG,2027-01-29,3,2,Chicago city,planned
ilabp,840.0,17031827901,031,Large_DG,2027-07-30,29,15,South Holland village,planned
ilabp,960.0,17031818000,031,Large_DG,2027-07-30,7,4,Broadview village,planned
ilabp,960.0,17031808301,031,Large_DG,2027-07-30,15,8,Morton Grove village,planned
ilabp,14.21,17031824702,031,Small_DG,2027-04-30,30,15,Midlothian village,planned
ilabp,700.0,17097860600,097,Large_DG,2028-05-07,61,31,Beach Park village,planned
ilabp,2000.0,17105960800,105,Large_DG,2029-07-30,106,53,,planned
ilabp,5.76,17031812100,031,Small_DG,2027-09-30,78,39,Oak Park village,planned
ilabp,1920.0,17197880125,197,Large_DG,2027-01-29,98,49,Bolingbrook village,planned
ilabp,5.76,17197880510,197,Small_DG,2027-07-30,98,49,Romeoville village,planned
ilabp,6.38,17007010604,007,Small_DG,2027-09-30,69,35,Candlewick Lake CDP,planned
ilabp,6.09,17031804509,031,Small_DG,2027-09-30,44,22,Streamwood village,planned
ilabp,16.9,17093890501,093,Small_DG,2027-07-30,75,38,Plano city,planned
ilabp,4.06,17031630800,031,Small_DG,2027-09-30,1,1,Chicago city,planned
ilabp,4950.0,17089854509,089,Large_DG,2027-01-29,83,42,Sugar Grove village,planned
ilabp,24.19,17043844309,043,Small_DG,2027-04-30,42,21,,planned
ilabp,5000.0,17063000600,063,Large_DG,2027-08-31,106,53,,planned
ilabp,5000.0,17105960800,105,Large_DG,2028-05-07,106,53,,planned
ilabp,2000.0,17189950100,189,Large_DG,2027-08-31,109,55,,planned
ilabp,2000.0,17201003904,201,Large_DG,2027-08-31,90,45,Roscoe village,planned
ilabp,7.6,17031804406,031,Small_DG,2027-05-28,49,25,Elgin city,planned
ilabp,5000.0,17167003902,167,Large_DG,2027-08-31,96,48,,planned
ilabp,5000.0,17111871004,111,Large_DG,2028-05-07,69,35,Marengo city,planned
ilabp,4.35,17031804509,031,Small_DG,2027-09-30,44,22,Streamwood village,planned
ilabp,5.22,17097862000,097,Small_DG,2027-09-30,60,30,Waukegan city,planned
ilabp,6.96,17031824602,031,Small_DG,2027-09-30,30,15,Oak Forest city,planned
ilabp,5.22,17089850103,089,Small_DG,2027-09-30,66,33,,planned
ilabp,13.0,17113001108,113,Small_DG,2027-01-29,88,44,,planned
ilabp,625.0,17037000800,037,Large_DG,2026-11-30,70,35,DeKalb city,planned
ilabp,750.0,17197881116,197,Large_DG,2026-11-30,37,19,New Lenox village,planned
ilabp,7.296,17089854508,089,Small_DG,2027-09-30,83,42,,planned
ilabp,812.5,17043841209,043,Large_DG,2026-11-30,46,23,Carol Stream village,planned
ilabp,9.984,17197880309,197,Small_DG,2027-05-28,41,21,Naperville city,planned
ilabp,1000.0,17031831500,031,Large_DG,2026-11-30,3,2,Chicago city,planned
ilabp,6.09,17197883213,197,Small_DG,2027-01-29,86,43,Shorewood village,planned
ilabp,812.5,17197880122,197,Large_DG,2026-11-30,98,49,Bolingbrook village,planned
ilabp,4990.0,17177000900,177,Large_DG,2027-11-30,90,45,Freeport city,planned
ilabp,4.608,17093890103,093,Small_DG,2027-04-30,84,42,Oswego village,planned
ilabp,16.512,17195000900,195,Small_DG,2027-09-30,74,37,,planned
ilabp,12.76,17179021606,179,Small_DG,2027-01-29,87,44,,planned
ilabp,5000.0,17163501501,163,Large_DG,2026-01-03,113,57,Belleville city,planned
ilabp,500.0,17199020300,199,Large_DG,2026-08-14,118,59,,planned
ilabp,5.8,17107953400,107,Small_DG,2027-09-30,87,44,Lincoln city,planned
ilabp,12.76,17107953000,107,Small_DG,2027-09-30,87,44,,planned
ilabp,425.0,17091010300,091,Large_DG,2027-09-30,79,40,,planned
ilabp,5.76,17043846522,043,Small_DG,2027-05-28,41,21,Naperville city,planned
ilabp,6.144,17031110200,031,Small_DG,2027-09-30,19,10,Chicago city,planned
ilabp,17.664,17097864110,097,Small_DG,2027-04-30,62,31,Grayslake village,planned
ilabp,16.128,17179021900,179,Small_DG,2027-09-30,87,44,,planned
ilabp,5.376,17001010100,001,Small_DG,2027-05-06,94,47,,planned
ilabp,999.0,17195000700,195,Large_DG,2027-05-31,73,37,,planned
ilabp,7.68,17143003900,143,Small_DG,2027-06-30,93,47,,planned
ilabp,9.216,17063000600,063,Small_DG,2027-05-28,106,53,,planned
ilabp,8.832,17089852806,089,Small_DG,2027-05-28,50,25,,planned
ilabp,10.0,17097861008,097,Small_DG,2027-01-29,61,31,Lindenhurst village,planned
ilabp,5000.0,17141961001,141,Large_DG,2027-04-30,89,45,,planned
ilabp,11.14,17031843100,031,Small_DG,2027-05-28,9,5,Chicago city,planned
ilabp,10.0,17111870814,111,Small_DG,2027-02-26,63,32,Bull Valley village,planned
ilabp,9.984,17093890404,093,Small_DG,2027-05-28,83,42,Montgomery village,planned
ilabp,10.752,17019010400,019,Small_DG,2027-09-30,101,51,,planned
ilabp,14.592,17179021802,179,Small_DG,2027-09-30,93,47,,planned
ilabp,11.4,17179021101,179,Small_DG,2026-10-24,93,47,Pekin city,planned
ilabp,3.84,17031842100,031,Small_DG,2027-09-30,4,2,Chicago city,planned
ilabp,6.144,17031824113,031,Small_DG,2027-09-30,27,14,Orland Park village,planned
ilabp,4.608,17031828202,031,Small_DG,2027-05-28,34,17,Lansing village,planned
ilabp,12.288,17031820606,031,Small_DG,2027-09-30,82,41,,planned
ilabp,9.6,17031170300,031,Small_DG,2027-09-30,19,10,Chicago city,planned
ilabp,13.6,17119400101,119,Small_DG,2026-09-30,111,56,Granite City city,planned
ilabp,9.216,17089854509,089,Small_DG,2027-05-28,83,42,Sugar Grove village,planned
ilabp,14.976,17089852101,089,Small_DG,2027-05-28,65,33,,planned
ilabp,9.216,17095001000,095,Small_DG,2027-05-28,71,36,Galesburg city,planned
ilabp,12.288,17089850708,089,Small_DG,2027-09-30,70,35,Gilberts village,planned
ilabp,8.448,17031804306,031,Small_DG,2027-05-28,44,22,Streamwood village,planned
ilabp,10.37,17201003904,201,Small_DG,2027-09-30,90,45,Roscoe village,planned
ilabp,9.6,17089852203,089,Small_DG,2027-05-28,83,42,St. Charles city,planned
ilabp,6.912,17031150800,031,Small_DG,2027-09-30,39,20,Chicago city,planned
ilabp,8.832,17031831600,031,Small_DG,2027-05-28,3,2,Chicago city,planned
ilabp,9.6,17123961200,123,Small_DG,2027-09-30,105,53,Henry city,planned
ilabp,23.04,17197880317,197,Small_DG,2027-05-28,97,49,Bolingbrook village,planned
ilabp,4990.0,17197883100,197,Large_DG,2027-01-29,86,43,Joliet city,planned
ilabp,2000.0,17197883100,197,Large_DG,2027-01-29,86,43,Joliet city,planned
ilabp,12.29,17031817000,031,Small_DG,2027-05-28,7,4,Bellwood village,planned
ilabp,7.68,17031740100,031,Small_DG,2027-09-30,35,18,Chicago city,planned
ilabp,5.7,17031822200,031,Small_DG,2027-06-30,31,16,Oak Lawn village,planned
ilabp,4.99,17031823102,031,Small_DG,2027-01-29,35,18,Worth village,planned
ilabp,10.75,17177000600,177,Small_DG,2027-09-30,90,45,,planned
ilabp,16.128,17071973500,071,Small_DG,2027-09-30,94,47,,planned
ilabp,5.1,17173959200,173,Small_DG,2027-06-30,107,54,,planned
ilabp,4.8,17055040500,055,Small_DG,2027-06-30,116,58,,planned
ilabp,6.3,17201003705,201,Small_DG,2027-06-30,67,34,,planned
ilabp,5.376,17089850709,089,Small_DG,2027-05-28,65,33,,planned
ilabp,4.8,17031825600,031,Small_DG,2027-06-30,30,15,Markham city,planned
ilabp,24.96,17089850703,089,Small_DG,2027-09-30,70,35,,planned
ilabp,10.752,17197883606,197,Small_DG,2027-05-28,79,40,University Park village,planned
ilabp,4500.0,17201003805,201,Large_DG,2026-10-30,90,45,Machesney Park village,planned
ilabp,6.6,17187870300,187,Small_DG,2027-06-30,71,36,,planned
ilabp,6.96,17119403533,119,Small_DG,2027-05-28,112,56,Maryville village,planned
ilabp,4.2,17163501801,163,Small_DG,2027-06-30,113,57,Belleville city,planned
ilabp,6.3,17049950700,049,Small_DG,2027-06-30,107,54,,planned
ilabp,9.6,17055040500,055,Small_DG,2027-06-30,116,58,,planned
ilabp,12.0,17157950900,157,Small_DG,2027-06-30,115,58,,planned
ilabp,9.216,17093890501,093,Small_DG,2027-05-28,75,38,Plano city,planned
ilabp,3000.0,17097864110,097,Large_DG,2027-03-31,62,31,Grayslake village,planned
ilabp,7.3,17201000105,201,Small_DG,2027-09-30,90,45,Machesney Park village,planned
ilabp,7.2,17201000501,201,Small_DG,2027-06-30,68,34,,planned
ilabp,4.8,17061973700,061,Small_DG,2027-06-30,100,50,Roodhouse city,planned
ilabp,4.5,17095001000,095,Small_DG,2027-06-30,71,36,Galesburg city,planned
ilabp,9.6,17093890404,093,Small_DG,2027-09-30,83,42,Montgomery village,planned
ilabp,10.37,17089853007,089,Small_DG,2027-07-30,50,25,Aurora city,planned
ilabp,9.28,17107953200,107,Small_DG,2027-01-29,87,44,Lincoln city,planned
ilabp,11.52,17043842706,043,Small_DG,2027-06-30,42,21,Downers Grove village,planned
ilabp,2000.0,17043842711,043,Large_DG,2027-01-29,47,24,,planned
ilabp,7.68,17093890105,093,Small_DG,2027-05-28,97,49,,planned
ilabp,7.68,17143004901,143,Small_DG,2027-06-30,93,47,,planned
ilabp,875.0,17091010702,091,Large_DG,2027-07-30,29,15,,planned
ilabp,9.3,17031818800,031,Small_DG,2027-07-30,2,1,Brookfield village,planned
ilabp,4.61,17031230800,031,Small_DG,2027-05-28,4,2,Chicago city,planned
ilabp,5000.0,17037000500,037,Large_DG,2027-11-30,89,45,,planned
ilabp,9.6,17031700200,031,Small_DG,2027-09-30,32,16,Chicago city,planned
ilabp,9.6,17031480400,031,Small_DG,2027-05-28,33,17,Chicago city,planned
ilabp,13.82,17031814700,031,Small_DG,2027-01-29,21,11,Berwyn city,planned
ilabp,11.52,17031822601,031,Small_DG,2027-05-28,36,18,Oak Lawn village,planned
ilabp,12.288,17063000200,063,Small_DG,2027-05-28,75,38,,planned
ilabp,9.216,17143004101,143,Small_DG,2027-05-28,93,47,,planned
ilabp,23.808,17089852404,089,Small_DG,2027-05-28,65,33,Campton Hills village,planned
ilabp,6.144,17031843600,031,Small_DG,2027-09-30,26,13,Chicago city,planned
ilabp,13.6,17019001302,019,Small_DG,2026-11-30,104,52,Savoy village,planned
ilabp,9.984,17031150800,031,Small_DG,2027-09-30,39,20,Chicago city,planned
ilabp,16.128,17099964100,099,Small_DG,2027-04-29,106,53,,planned
ilabp,3.84,17031650200,031,Small_DG,2027-05-28,22,11,Chicago city,planned
ilabp,16.9,17197880324,197,Small_DG,2027-06-30,84,42,Aurora city,planned
ilabp,13.86,17015960200,015,Small_DG,2027-05-28,89,45,,planned
ilabp,11.14,17031804316,031,Small_DG,2027-09-30,43,22,Streamwood village,planned
ilabp,3.465,17031817900,031,Small_DG,2026-06-05,7,4,Broadview village,planned
ilabp,11.136,17197881009,197,Small_DG,2027-09-30,37,19,Lockport city,planned
ilabp,10.0,17183010400,183,Small_DG,2027-09-30,104,52,,planned
ilabp,7.6,17117956200,117,Small_DG,2027-05-28,100,50,,planned
ilabp,6.0,17105960100,105,Small_DG,2027-04-30,106,53,Dwight village,planned
ilabp,8.45,17031817000,031,Small_DG,2027-05-28,7,4,Bellwood village,planned
ilabp,5.376,17113005102,113,Small_DG,2026-09-30,105,53,,planned
ilabp,11.136,17031826304,031,Small_DG,2027-06-30,29,15,Dolton village,planned
ilabp,8.448,17031250500,031,Small_DG,2027-06-30,78,39,Chicago city,planned
ilabp,6.09,17163504351,163,Small_DG,2027-06-30,114,57,O'Fallon city,planned
ilabp,8.7,17145030500,145,Small_DG,2027-06-30,115,58,,planned
ilabp,13.0,17121952300,121,Small_DG,2027-06-30,110,55,,planned
ilabp,8.83,17099962300,099,Small_DG,2027-01-29,75,38,,planned
ilabp,6.14,17031711000,031,Small_DG,2027-07-30,27,14,Chicago city,planned
ilabp,11.52,17089850711,089,Small_DG,2027-06-30,65,33,,planned
ilabp,5.38,17197883306,197,Small_DG,2027-06-30,86,43,,planned
ilabp,7.2,17031801606,031,Small_DG,2027-08-31,57,29,,planned
ilabp,15.0,17119403121,119,Small_DG,2026-10-30,112,56,Glen Carbon village,planned
ilabp,7.2,17177000600,177,Small_DG,2027-06-30,90,45,,planned
ilabp,13.44,17091010400,091,Small_DG,2027-06-30,79,40,,planned
ilabp,6.91,17043846514,043,Small_DG,2027-06-30,84,42,Aurora city,planned
ilabp,13.824,17141961301,141,Small_DG,2027-06-30,74,37,,planned
ilabp,23.04,17031120300,031,Small_DG,2027-07-30,15,8,Chicago city,planned
ilabp,19.584,17095001600,095,Small_DG,2027-01-29,93,47,,planned
ilabp,13.056,17021958200,021,Small_DG,2027-01-29,95,48,Kincaid village,planned
ilabp,6.53,17043841104,043,Small_DG,2027-07-30,48,24,Roselle village,planned
ilabp,7.6,17031828507,031,Small_DG,2027-02-26,33,17,Lansing village,planned
ilabp,11.14,17031812500,031,Small_DG,2027-07-30,78,39,Oak Park village,planned
ilabp,23.04,17015960500,015,Small_DG,2027-07-30,89,45,,planned
ilabp,3.9,17031830400,031,Small_DG,2027-07-30,79,40,Park Forest village,planned
ilabp,5.4,17097861008,097,Small_DG,2027-07-30,61,31,Lindenhurst village,planned
ilabp,6.0,17109010100,109,Small_DG,2027-02-21,71,36,,planned
ilabp,8.45,17201003400,201,Small_DG,2027-07-30,67,34,Rockford city,planned
ilabp,6.14,17197883213,197,Small_DG,2027-07-30,86,43,Shorewood village,planned
ilabp,10.368,17043844702,043,Small_DG,2027-07-30,45,23,Hinsdale village,planned
ilabp,9.6,17015960200,015,Small_DG,2027-01-29,89,45,,planned
ilabp,4.2,17063000200,063,Small_DG,2027-07-30,75,38,,planned
ilabp,5.7,17031828505,031,Small_DG,2027-07-30,34,17,,planned
ilabp,4.8,17031829800,031,Small_DG,2027-07-30,30,15,Flossmoor village,planned
ilabp,8.83,17031817600,031,Small_DG,2027-07-30,7,4,Maywood village,planned
ilabp,12.0,17031831000,031,Small_DG,2027-07-30,10,5,Chicago city,planned
ilabp,7.2,17031824127,031,Small_DG,2027-07-30,37,19,Tinley Park village,planned
ilabp,11.52,17093890105,093,Small_DG,2027-07-30,97,49,,planned
ilabp,11.904,17043846408,043,Small_DG,2027-07-30,50,25,Aurora city,planned
ilabp,13.44,17089852103,089,Small_DG,2027-07-30,65,33,,planned
ilabp,4.2,17043841206,043,Small_DG,2027-07-30,47,24,Carol Stream village,planned
ilabp,21.504,17123961300,123,Small_DG,2027-01-29,105,53,,planned
ilabp,4990.0,17105960500,105,Large_DG,2027-07-30,105,53,,planned
ilabp,6.53,17197880118,197,Small_DG,2027-07-30,85,43,Bolingbrook village,planned
ilabp,3.6,17031510300,031,Small_DG,2027-07-30,33,17,Chicago city,planned
ilabp,4990.0,17105960500,105,Large_DG,2027-01-29,105,53,,planned
ilabp,4990.0,17105960500,105,Large_DG,2027-07-30,105,53,,planned
ilabp,11.52,17063000103,063,Small_DG,2027-07-30,106,53,Channahon village,planned
ilabp,5.76,17031801605,031,Small_DG,2027-07-30,57,29,Northbrook village,planned
ilabp,4.61,17031190402,031,Small_DG,2027-07-30,3,2,Chicago city,planned
ilabp,5.376,17031825504,031,Small_DG,2027-07-30,38,19,Hazel Crest village,planned
ilabp,5000.0,17135957900,135,Large_DG,2027-08-07,108,54,,planned
ilabp,14.208,17031804808,031,Small_DG,2027-07-30,56,28,Schaumburg village,planned
ilabp,4950.0,17073030202,073,Large_DG,2027-12-18,93,47,,planned
ilabp,6.912,17031803010,031,Small_DG,2027-07-30,54,27,Buffalo Grove village,planned
ilabp,3.8,17031814900,031,Small_DG,2026-07-31,21,11,Berwyn city,planned
ilabp,5.0,17019001205,019,Small_DG,2026-07-31,104,52,Champaign city,planned
ilabp,8.064,17089850711,089,Small_DG,2027-07-30,65,33,,planned
ilabp,14.59,17031804506,031,Small_DG,2027-07-30,49,25,Bartlett village,planned
ilabp,11.52,17097861012,097,Small_DG,2027-07-30,64,32,,planned
ilabp,7.296,17031750100,031,Small_DG,2027-07-30,27,14,Chicago city,planned
ilabp,4995.0,17121952400,121,Large_DG,2027-07-17,110,55,,planned
ilabp,4000.0,17091010100,091,Large_DG,2026-12-31,29,15,,planned
ilabp,7.296,17043846604,043,Small_DG,2027-07-30,46,23,Addison village,planned
ilabp,5.76,17089853004,089,Small_DG,2027-09-30,50,25,North Aurora village,planned
ilabp,18.048,17031801605,031,Small_DG,2027-07-30,57,29,Northbrook village,planned
ilabp,12.288,17031809600,031,Small_DG,2027-07-30,18,9,Evanston city,planned
ilabp,14.79,17113001404,113,Small_DG,2027-04-30,91,46,,planned
ilabp,5.76,17043846517,043,Small_DG,2027-07-30,84,42,Aurora city,planned
ilabp,11.4,17181950400,181,Small_DG,2026-10-30,118,59,Anna city,planned
ilabp,9.216,17031804403,031,Small_DG,2027-07-30,43,22,Hoffman Estates village,planned
ilabp,11.4,17119400951,119,Small_DG,2026-10-30,111,56,Granite City city,planned
ilabp,5000.0,17093890703,093,Large_DG,2027-02-26,75,38,,planned
ilabp,7.68,17043844701,043,Small_DG,2027-07-30,45,23,Westmont village,planned
ilabp,5.376,17031560800,031,Small_DG,2027-07-30,1,1,Chicago city,planned
ilabp,16.128,17105960800,105,Small_DG,2027-07-30,106,53,,planned
ilabp,9.216,17089854508,089,Small_DG,2027-07-30,83,42,,planned
ilabp,1992.0,17141961302,141,Large_DG,2027-04-30,89,45,,planned
ilabp,13.056,17195000100,195,Small_DG,2027-07-30,74,37,,planned
ilabp,12.672,17031810900,031,Small_DG,2027-07-21,78,39,Elmwood Park village,planned
ilabp,12.18,17091011200,091,Small_DG,2027-07-30,34,17,,planned
ilabp,8.4,17111871502,111,Small_DG,2027-07-30,63,32,,planned
ilabp,750.0,17119403122,119,Large_DG,2026-11-30,112,56,,planned
ilabp,7.6,17019010701,019,Small_DG,2027-11-29,102,51,St. Joseph village,planned
ilabp,11.4,17019005601,019,Small_DG,2026-10-30,103,52,Urbana city,planned
ilabp,7.6,17031827902,031,Small_DG,2026-11-30,34,17,Lansing village,planned
ilabp,4.8,17031460100,031,Small_DG,2027-07-30,25,13,Chicago city,planned
ilabp,500.0,17183001300,183,Large_DG,2027-07-30,104,52,,planned
ilabp,6.912,17031817101,031,Small_DG,2027-07-30,7,4,Bellwood village,planned
ilabp,687.5,17113001103,113,Large_DG,2027-07-30,91,46,Bloomington city,planned
ilabp,687.5,17163503908,163,Large_DG,2027-07-30,114,57,Scott AFB CDP,planned
ilabp,4.2,17201003810,201,Small_DG,2027-07-30,68,34,Loves Park city,planned
ilabp,8.064,17197883806,197,Small_DG,2027-07-30,34,17,,planned
ilabp,14.592,17031806004,031,Small_DG,2027-07-30,15,8,Niles village,planned
ilabp,4.2,17031160400,031,Small_DG,2027-07-30,19,10,Chicago city,planned
ilabp,5.0,17113005900,113,Small_DG,2026-11-30,91,46,Bloomington city,planned
ilabp,2000.0,17163503304,163,Large_DG,2027-12-18,113,57,Belleville city,planned
ilabp,2000.0,17163503304,163,Large_DG,2027-12-18,113,57,Belleville city,planned
ilabp,2000.0,17163503304,163,Large_DG,2027-12-18,113,57,Belleville city,planned
ilabp,2000.0,17163503304,163,Large_DG,2027-12-18,113,57,Belleville city,planned
ilabp,8.832,17031805202,031,Small_DG,2027-07-30,17,9,Glenview village,planned
ilabp,15.744,17063000400,063,Small_DG,2027-07-30,75,38,Morris city,planned
ilabp,10.0,17019010702,019,Small_DG,2026-10-30,104,52,,planned
ilabp,23.04,17201003806,201,Small_DG,2027-07-30,90,45,Roscoe village,planned
ilabp,16.512,17197880321,197,Small_DG,2027-07-30,97,49,,planned
ilabp,6.912,17031824005,031,Small_DG,2027-07-30,82,41,Lemont village,planned
ilabp,10.368,17197880321,197,Small_DG,2027-07-30,97,49,,planned
ilabp,20.352,17097864110,097,Small_DG,2027-07-30,62,31,Grayslake village,planned
ilabp,9.984,17201000501,201,Small_DG,2027-07-30,68,34,,planned
ilabp,3.0,17031210601,031,Small_DG,2027-03-31,39,20,Chicago city,planned
ilabp,10.8,17089850103,089,Small_DG,2027-01-29,66,33,,planned
ilabp,14.208,17099962200,099,Small_DG,2027-01-29,74,37,,planned
ilabp,4.06,17031820400,031,Small_DG,2027-07-30,21,11,Summit village,planned
ilabp,11.52,17031829902,031,Small_DG,2027-07-30,38,19,,planned
ilabp,8.064,17043843500,043,Small_DG,2027-07-30,42,21,Lombard village,planned
ilabp,8.064,17197880601,197,Small_DG,2027-07-30,85,43,Lockport city,planned
ilabp,5.76,17097861201,097,Small_DG,2027-07-30,62,31,Round Lake Beach village,planned
ilabp,4990.0,17197883602,197,Large_DG,2027-07-30,79,40,Monee village,planned
ilabp,4000.0,17197883806,197,Large_DG,2027-01-29,34,17,,planned
ilabp,10.368,17019010902,019,Small_DG,2027-01-29,101,51,,planned
ilabp,11.904,17031830003,031,Small_DG,2027-07-30,38,19,Matteson village,planned
ilabp,16.128,17103000800,103,Small_DG,2027-07-30,73,37,,planned
ilabp,8.448,17089852904,089,Small_DG,2027-07-30,50,25,,planned
ilabp,750.0,17019000800,019,Large_DG,2027-07-30,103,52,Champaign city,planned
ilabp,750.0,17143003000,143,Large_DG,2027-07-30,92,46,Peoria city,planned
ilabp,7.68,17015960600,015,Small_DG,2027-01-29,89,45,,planned
ilabp,17.28,17045070400,045,Small_DG,2028-03-03,102,51,Paris city,planned
ilabp,16.512,17141961002,141,Small_DG,2027-07-30,89,45,,planned
ilabp,875.0,17031808002,031,Large_DG,2026-09-30,16,8,Lincolnwood village,planned
ilabp,5.0,17031560700,031,Small_DG,2026-08-31,1,1,Chicago city,planned
ilabp,4.64,17031520500,031,Small_DG,2026-07-31,25,13,Chicago city,planned
ilabp,587.5,17001010600,001,Large_DG,2027-01-29,99,50,,planned
ilabp,5.76,17097861010,097,Small_DG,2027-07-30,64,32,Lake Villa village,planned
ilabp,15.744,17201003705,201,Small_DG,2027-07-30,67,34,,planned
ilabp,3.072,17043840706,043,Small_DG,2027-07-30,45,23,,planned
ilabp,6.528,17113000109,113,Small_DG,2027-01-29,91,46,Normal town,planned
ilabp,7.68,17197883100,197,Small_DG,2027-07-30,86,43,Joliet city,planned
ilabp,13.056,17197883510,197,Small_DG,2027-07-30,80,40,Manhattan village,planned
ilabp,9.984,17031822701,031,Small_DG,2027-07-30,36,18,Oak Lawn village,planned
ilabp,13.056,17143002000,143,Small_DG,2027-01-29,92,46,Peoria city,planned
ilabp,3.84,17197883218,197,Small_DG,2027-07-30,97,49,,planned
ilabp,10.2,17017960200,017,Small_DG,2027-01-29,99,50,,planned
ilabp,15.36,17201003705,201,Small_DG,2027-07-30,67,34,,planned
ilabp,12.67,17031640500,031,Small_DG,2027-07-30,22,11,Chicago city,planned
ilabp,10.75,17037001800,037,Small_DG,2027-07-30,74,37,,planned
ilabp,5.38,17031822602,031,Small_DG,2027-07-30,36,18,Oak Lawn village,planned
ilabp,9.216,17089851908,089,Small_DG,2027-07-30,43,22,Elgin city,planned
ilabp,9.28,17083010402,083,Small_DG,2026-09-27,100,50,,planned
ilabp,8.832,17043841401,043,Small_DG,2027-07-30,49,25,,planned
ilabp,11.14,17031828802,031,Small_DG,2027-07-30,80,40,Chicago Heights city,planned
ilabp,9.6,17043841209,043,Small_DG,2027-07-30,46,23,Carol Stream village,planned
ilabp,5.376,17099961800,099,Small_DG,2027-07-30,74,37,,planned
ilabp,18.432,17143004801,143,Small_DG,2027-01-29,93,47,,planned
ilabp,4.608,17089854505,089,Small_DG,2027-07-30,70,35,,planned
ilabp,5000.0,17077010700,077,Large_DG,2027-12-18,115,58,,planned
ilabp,8.7,17031816100,031,Small_DG,2027-01-29,8,4,Forest Park village,planned
ilabp,24.19,17007010400,007,Small_DG,2027-07-30,89,45,,planned
ilabp,3.07,17031817102,031,Small_DG,2027-07-30,7,4,Bellwood village,planned
ilabp,4.99,17043842400,043,Small_DG,2027-07-30,42,21,Wheaton city,planned
ilabp,8.448,17099963800,099,Small_DG,2027-07-30,106,53,Streator city,planned
ilabp,3.84,17031829800,031,Small_DG,2027-07-30,30,15,Flossmoor village,planned
ilabp,5.1,17001000400,001,Small_DG,2027-01-29,99,50,Quincy city,planned
ilabp,14.21,17031810502,031,Small_DG,2027-07-30,20,10,Norridge village,planned
ilabp,18.43,17197883810,197,Small_DG,2027-07-30,29,15,Crete village,planned
ilabp,13.06,17031823605,031,Small_DG,2027-07-30,35,18,Palos Heights city,planned
ilabp,11.52,17073031000,073,Small_DG,2027-01-29,93,47,,planned
ilabp,10.73,17179021201,179,Small_DG,2027-02-26,105,53,,planned
ilabp,6.96,17019001400,019,Small_DG,2027-02-26,104,52,,planned
ilabp,13.3,17167004000,167,Small_DG,2027-01-29,87,44,,planned
ilabp,6.67,17031804404,031,Small_DG,2027-09-30,43,22,Elgin city,planned
ilabp,4.06,17179021606,179,Small_DG,2027-01-29,87,44,,planned
ilabp,8.99,17201003707,201,Small_DG,2027-02-26,67,34,,planned
ilabp,3.77,17031807000,031,Small_DG,2027-02-26,17,9,Skokie village,planned
ilabp,11.52,17031825802,031,Small_DG,2026-11-30,29,15,Calumet City city,planned
ilabp,14.208,17093890106,093,Small_DG,2027-07-30,75,38,Oswego village,planned
ilabp,11.136,17031803008,031,Small_DG,2027-07-30,54,27,Arlington Heights village,planned
ilabp,13.824,17085020402,085,Small_DG,2027-04-29,89,45,,planned
ilabp,6.67,17011965000,011,Small_DG,2027-02-26,76,38,,planned
ilabp,5.51,17097861011,097,Small_DG,2027-02-26,64,32,Lake Villa village,planned
ilabp,8.8,17143003601,143,Small_DG,2027-02-26,73,37,Rome CDP,planned
ilabp,6.67,17179021202,179,Small_DG,2027-02-26,91,46,East Peoria city,planned
ilabp,5.51,17179021203,179,Small_DG,2027-02-26,91,46,East Peoria city,planned
ilabp,6.91,17037000200,037,Small_DG,2027-07-30,89,45,,planned
ilabp,2.9,17179020400,179,Small_DG,2027-02-26,87,44,Creve Coeur village,planned
ilabp,15.66,17167003901,167,Small_DG,2027-12-31,95,48,,planned
ilabp,8.41,17097864207,097,Small_DG,2027-02-26,52,26,,planned
ilabp,7.68,17197883100,197,Small_DG,2027-07-30,86,43,Joliet city,planned
ilabp,9.28,17107952900,107,Small_DG,2027-01-29,87,44,,planned
ilabp,12.67,17201000101,201,Small_DG,2027-07-30,90,45,Machesney Park village,planned
ilabp,10.37,17111871206,111,Small_DG,2027-07-30,66,33,Algonquin village,planned
ilabp,8.12,17119402721,119,Small_DG,2027-01-29,100,50,Godfrey village,planned
ilabp,3.8,17031816401,031,Small_DG,2027-02-26,77,39,Melrose Park village,planned
ilabp,15.0,17163503202,163,Small_DG,2027-01-29,114,57,,planned
ilabp,500.0,17089854509,089,Large_DG,2026-09-30,83,42,Sugar Grove village,planned
ilabp,13.824,17019001205,019,Small_DG,2027-01-29,104,52,Champaign city,planned
ilabp,720.0,17031770300,031,Large_DG,2028-05-07,56,28,Elk Grove Village village,planned
ilabp,3.8,17031825802,031,Small_DG,2027-02-26,29,15,Calumet City city,planned
ilabp,6.0,17031231200,031,Small_DG,2026-07-31,4,2,Chicago city,planned
ilabp,6.14,17111870812,111,Small_DG,2027-07-30,63,32,Island Lake village,planned
ilabp,9.98,17031801606,031,Small_DG,2027-07-30,57,29,,planned
ilabp,12.288,17031821002,031,Small_DG,2027-07-30,22,11,Burbank city,planned
ilabp,11.136,17043841322,043,Small_DG,2027-07-30,49,25,Hanover Park village,planned
ilabp,14.97,17201003806,201,Small_DG,2027-07-30,90,45,Roscoe village,planned
ilabp,5.0,17097861202,097,Small_DG,2027-01-29,62,31,Round Lake Beach village,planned
ilabp,14.592,17093890301,093,Small_DG,2027-07-30,83,42,,planned
ilabp,7.0,17097861304,097,Small_DG,2027-01-29,62,31,Round Lake Beach village,planned
ilabp,6.14,17089853300,089,Small_DG,2027-07-30,50,25,Aurora city,planned
ilabp,10.752,17163503334,163,Small_DG,2027-01-29,113,57,,planned
ilabp,8.448,17093890103,093,Small_DG,2027-07-30,84,42,Oswego village,planned
ilabp,7.68,17097861011,097,Small_DG,2027-07-30,64,32,Lake Villa village,planned
ilabp,6.67,17091010201,091,Small_DG,2027-02-26,79,40,,planned
ilabp,11.52,17117956700,117,Small_DG,2027-01-29,100,50,,planned
ilabp,4.608,17043846514,043,Small_DG,2027-07-30,84,42,Aurora city,planned
ilabp,8.83,17031825802,031,Small_DG,2026-09-30,29,15,Calumet City city,planned
ilabp,13.056,17093890107,093,Small_DG,2027-07-30,75,38,Oswego village,planned
ilabp,6.144,17031826402,031,Small_DG,2027-07-30,29,15,Dolton village,planned
ilabp,5.376,17031805112,031,Small_DG,2027-07-30,56,28,Des Plaines city,planned
ilabp,8.832,17037001800,037,Small_DG,2027-07-30,74,37,,planned
ilabp,6.67,17111870200,111,Small_DG,2027-09-30,69,35,,planned
ilabp,21.105,17111870906,111,Small_DG,2027-07-30,63,32,,planned
ilabp,6.528,17201000516,201,Small_DG,2027-07-30,68,34,Rockford city,planned
ilabp,6.0,17097861901,097,Small_DG,2027-02-26,61,31,Beach Park village,planned
ilabp,3.8,17007010400,007,Small_DG,2027-03-31,89,45,,planned
ilabp,5.376,17031802605,031,Small_DG,2027-07-30,57,29,Wheeling village,planned
ilabp,8.41,17113001403,113,Small_DG,2026-11-15,91,46,Bloomington city,planned
ilabp,3.84,17037001400,037,Small_DG,2027-08-05,74,37,,planned
ilabp,15.0,17119402805,119,Small_DG,2027-07-30,100,50,,planned
ilabp,11.52,17195000800,195,Small_DG,2027-07-30,73,37,,planned
ilabp,9.984,17019001204,019,Small_DG,2027-01-29,104,52,Champaign city,planned
ilabp,8.448,17089851911,089,Small_DG,2027-04-29,66,33,Elgin city,planned
ilabp,11.52,17097864409,097,Small_DG,2027-08-31,51,26,Lake Zurich village,planned
ilabp,12.29,17089854506,089,Small_DG,2027-08-31,70,35,,planned
ilabp,6.0,17031829500,031,Small_DG,2027-08-31,80,40,South Chicago Heights village,planned
ilabp,11.904,17031824128,031,Small_DG,2027-08-31,37,19,,planned
ilabp,4.22,17031801605,031,Small_DG,2027-08-31,57,29,Northbrook village,planned
ilabp,3.46,17097861201,097,Small_DG,2027-07-30,62,31,Round Lake Beach village,planned
ilabp,5.38,17031830003,031,Small_DG,2027-07-30,38,19,Matteson village,planned
ilabp,11.9,17031805109,031,Small_DG,2027-07-30,53,27,Arlington Heights village,planned
ilabp,6.53,17031120300,031,Small_DG,2027-07-30,15,8,Chicago city,planned
ilabp,2200.0,17109010200,109,Large_DG,2027-07-02,94,47,,planned
ilabp,4625.0,17097860813,097,Large_DG,2027-07-30,64,32,Antioch village,planned
ilabp,5000.0,17029000500,029,Large_DG,2027-01-29,101,51,,planned
ilabp,4000.0,17073030400,073,Large_DG,2027-04-30,73,37,,planned
ilabp,4125.0,17097864110,097,Large_DG,2027-07-30,62,31,Grayslake village,planned
ilabp,3.77,17031805502,031,Small_DG,2026-08-31,55,28,Park Ridge city,planned
ilabp,4990.0,17089850705,089,Large_DG,2027-02-26,70,35,Hampshire village,planned
ilabp,3.84,17031750500,031,Small_DG,2027-07-30,27,14,Chicago city,planned
ilabp,600.0,17019005300,019,Large_DG,2027-07-30,103,52,Urbana city,planned
ilabp,6.53,17031804804,031,Small_DG,2027-08-31,56,28,Schaumburg village,planned
ilabp,4990.0,17197883904,197,Large_DG,2027-07-30,79,40,,planned
ilabp,11.52,17095001500,095,Small_DG,2027-01-29,94,47,,planned
ilabp,6.144,17197883211,197,Small_DG,2027-08-31,86,43,Joliet city,planned
ilabp,4.608,17103000500,103,Small_DG,2027-08-31,74,37,,planned
ilabp,5.76,17031826500,031,Small_DG,2027-08-31,30,15,Dolton village,planned
ilabp,7.68,17031824601,031,Small_DG,2027-08-31,28,14,Midlothian village,planned
ilabp,7.6,17043844202,043,Small_DG,2026-10-30,42,21,Lombard village,planned
ilabp,7.6,17179022000,179,Small_DG,2026-11-30,87,44,,planned
ilabp,10.752,17031803008,031,Small_DG,2027-08-31,54,27,Arlington Heights village,planned
ilabp,6.53,17043841110,043,Small_DG,2027-08-31,48,24,Bloomingdale village,planned
ilabp,6.0,17019001203,019,Small_DG,2027-07-30,104,52,Champaign city,planned
ilabp,6.144,17099963900,099,Small_DG,2027-08-31,106,53,,planned
ilabp,4500.0,17097866000,097,Large_DG,2027-07-02,61,31,Wadsworth village,planned
ilabp,10.0,17031420700,031,Small_DG,2027-03-31,5,3,Chicago city,planned
ilabp,10.0,17031420700,031,Small_DG,2027-03-31,5,3,Chicago city,planned
ilabp,8.064,17099961800,099,Small_DG,2027-08-31,74,37,,planned
ilabp,9.216,17179022300,179,Small_DG,2027-01-29,105,53,Washington city,planned
ilabp,7.3,17031806006,031,Small_DG,2027-08-31,55,28,,planned
ilabp,13.86,17093890105,093,Small_DG,2027-08-31,97,49,,planned
ilabp,5000.0,17105960800,105,Large_DG,2026-10-29,106,53,,planned
ilabp,11.6,17197880427,197,Small_DG,2027-09-30,98,49,Joliet city,planned
ilabp,6.53,17031827200,031,Small_DG,2027-08-31,30,15,Phoenix village,planned
ilabp,6.53,17089852906,089,Small_DG,2027-08-31,50,25,North Aurora village,planned
ilabp,9.6,17031824003,031,Small_DG,2027-08-31,82,41,Lemont village,planned
ilabp,1.74,17043846524,043,Small_DG,2027-07-30,41,21,,planned
ilabp,22.272,17091011100,091,Small_DG,2027-08-31,34,17,,planned
ilabp,11.52,17119402721,119,Small_DG,2027-01-29,100,50,Godfrey village,planned
ilabp,18.432,17089852403,089,Small_DG,2027-08-31,70,35,,planned
ilabp,19.2,17097862603,097,Small_DG,2026-09-30,60,30,Waukegan city,planned
ilabp,8.832,17031160700,031,Small_DG,2027-09-30,40,20,Chicago city,planned
ilabp,7.6,17031825803,031,Small_DG,2027-03-31,29,15,Calumet City city,planned
ilabp,6.528,17197880325,197,Small_DG,2026-09-30,84,42,Aurora city,planned
ilabp,9.216,17141961400,141,Small_DG,2027-09-30,89,45,,planned
ilabp,15.744,17203030100,203,Small_DG,2027-01-29,105,53,,planned
ilabp,9.98,17031804709,031,Small_DG,2026-09-30,44,22,Hoffman Estates village,planned
ilabp,7.6,17031814800,031,Small_DG,2026-09-30,21,11,Berwyn city,planned
ilabp,18.43,17201003806,201,Small_DG,2027-09-30,90,45,Roscoe village,planned
ilabp,7.68,17089850705,089,Small_DG,2027-06-18,70,35,Hampshire village,planned
ilabp,9.22,17031825400,031,Small_DG,2026-09-30,38,19,Tinley Park village,planned
ilabp,5.22,17163503908,163,Small_DG,2027-06-30,114,57,Scott AFB CDP,planned
ilabp,4.992,17031110501,031,Small_DG,2027-09-30,19,10,Chicago city,planned
ilabp,16.896,17085020500,085,Small_DG,2027-09-30,89,45,,planned
ilabp,9.98,17177000500,177,Small_DG,2026-09-30,89,45,,planned
ilabp,7.68,17097864410,097,Small_DG,2027-09-30,51,26,Lake Zurich village,planned
ilabp,13.44,17197880125,197,Small_DG,2026-09-30,98,49,Bolingbrook village,planned
ilabp,11.4,17201000103,201,Small_DG,2027-01-29,90,45,Machesney Park village,planned
ilabp,12.18,17083010200,083,Small_DG,2027-07-30,100,50,,planned
ilabp,13.44,17103000800,103,Small_DG,2026-09-30,73,37,,planned
ilabp,9.984,17197880314,197,Small_DG,2027-09-30,97,49,,planned
ilabp,23.808,17167003500,167,Small_DG,2027-01-29,108,54,,planned
ilabp,11.52,17007010501,007,Small_DG,2027-09-30,69,35,,planned
ilabp,9.98,17031828508,031,Small_DG,2027-09-30,34,17,,planned
ilabp,8.45,17031823602,031,Small_DG,2027-09-30,35,18,,planned
ilabp,14.98,17031040401,031,Small_DG,2026-09-30,13,7,Chicago city,planned
ilabp,12.29,17103000300,103,Small_DG,2027-09-30,74,37,Dixon city,planned
ilabp,3.07,17043841204,043,Small_DG,2027-09-30,46,23,Glendale Heights village,planned
ilabp,11.52,17141960800,141,Small_DG,2026-09-30,89,45,,planned
ilabp,6.53,17043841108,043,Small_DG,2026-09-30,48,24,,planned
ilabp,14.98,17099961900,099,Small_DG,2026-09-30,74,37,,planned
ilabp,6.91,17097865300,097,Small_DG,2026-09-30,58,29,Highland Park city,planned
ilabp,13.06,17031804506,031,Small_DG,2027-09-30,49,25,Bartlett village,planned
ilabp,5.38,17177000200,177,Small_DG,2026-09-30,90,45,,planned
ilabp,7.3,17201001600,201,Small_DG,2026-09-30,68,34,Rockford city,planned
ilabp,6.144,17097861510,097,Small_DG,2026-09-30,60,30,Gurnee village,planned
ilabp,9.216,17143003900,143,Small_DG,2027-01-29,93,47,,planned
ilabp,13.44,17179021202,179,Small_DG,2027-01-29,91,46,East Peoria city,planned
ilabp,8.448,17099962200,099,Small_DG,2027-01-29,74,37,,planned
ilabp,9.6,17201003706,201,Small_DG,2027-09-30,67,34,,planned
ilabp,9.216,17095000400,095,Small_DG,2027-01-29,71,36,Galesburg city,planned
ilabp,4.224,17043844501,043,Small_DG,2026-09-30,45,23,Oakbrook Terrace city,planned
ilabp,10.75,17043841322,043,Small_DG,2026-11-30,49,25,Hanover Park village,planned
ilabp,7.68,17031815900,031,Small_DG,2027-09-30,78,39,Forest Park village,planned
ilabp,6.09,17115002800,115,Small_DG,2027-01-17,87,44,,planned
ilabp,5.76,17197880321,197,Small_DG,2027-09-30,97,49,,planned
ilabp,8.12,17199020500,199,Small_DG,2026-10-30,118,59,Herrin city,planned
ilabp,10.44,17137952000,137,Small_DG,2026-10-30,99,50,Jacksonville city,planned
ilabp,11.52,17163503903,163,Small_DG,2027-01-29,114,57,,planned
ilabp,6.53,17089852905,089,Small_DG,2027-09-30,50,25,Aurora city,planned
ilabp,5.0,17183001300,183,Small_DG,2026-10-30,104,52,,planned
ilabp,4.93,17117957200,117,Small_DG,2026-10-30,108,54,Staunton city,planned
ilabp,3.07,17031530300,031,Small_DG,2027-09-30,27,14,Chicago city,planned
ilabp,11.52,17197880317,197,Small_DG,2026-09-30,97,49,Bolingbrook village,planned
ilabp,8.83,17043841204,043,Small_DG,2026-09-30,46,23,Glendale Heights village,planned
ilabp,9.216,17197883212,197,Small_DG,2026-09-30,86,43,Shorewood village,planned
ilabp,23.808,17141961500,141,Small_DG,2026-09-30,74,37,,planned
ilabp,7.6,17161022000,161,Small_DG,2027-01-29,72,36,Moline city,planned
ilabp,2000.0,17183000400,183,Large_DG,2027-11-21,104,52,,planned
ilabp,8.83,17031806002,031,Small_DG,2026-09-30,55,28,Des Plaines city,planned
ilabp,9.6,17073031200,073,Small_DG,2027-01-29,93,47,,planned
ilabp,2000.0,17183000400,183,Large_DG,2027-11-29,104,52,,planned
ilabp,9.98,17043841308,043,Small_DG,2026-09-30,49,25,,planned
ilabp,9.6,17197880323,197,Small_DG,2026-09-30,84,42,Naperville city,planned
ilabp,11.9,17097861402,097,Small_DG,2026-09-30,62,31,Round Lake village,planned
ilabp,9.45,17093890702,093,Small_DG,2026-09-30,75,38,,planned
ilabp,4.93,17197880204,197,Small_DG,2027-03-31,85,43,Romeoville village,planned
ilabp,27.26,17167003100,167,Large_DG,2026-11-30,95,48,Springfield city,planned
ilabp,6.09,17201003810,201,Small_DG,2026-10-30,68,34,Loves Park city,planned
ilabp,8.7,17117956600,117,Small_DG,2026-10-30,100,50,,planned
ilabp,9.6,17031803008,031,Small_DG,2027-09-30,54,27,Arlington Heights village,planned
ilabp,4.22,17007010603,007,Small_DG,2026-09-30,90,45,,planned
ilabp,5000.0,17119404100,119,Large_DG,2027-01-29,111,56,Madison city,planned
ilabp,5000.0,17119401000,119,Large_DG,2027-01-29,111,56,Roxana village,planned
ilabp,9.28,17197883519,197,Small_DG,2027-09-30,37,19,,planned
ilabp,3.77,17089851911,089,Small_DG,2027-03-31,66,33,Elgin city,planned
ilabp,13.82,17043845401,043,Small_DG,2026-09-30,82,41,Burr Ridge village,planned
ilabp,7.296,17115002402,115,Small_DG,2027-01-29,88,44,,planned
ilabp,3.8,17089852904,089,Small_DG,2027-09-30,50,25,,planned
ilabp,7.54,17031420800,031,Small_DG,2027-01-29,5,3,Chicago city,planned
ilabp,4.992,17179020301,179,Small_DG,2027-01-29,87,44,,planned
ilabp,6.528,17043846307,043,Small_DG,2028-01-16,81,41,Downers Grove village,planned
ilabp,7.68,17031811402,031,Small_DG,2027-09-30,77,39,Franklin Park village,planned
ilabp,5000.0,17197883602,197,Large_DG,2027-07-30,79,40,Monee village,planned
ilabp,5.0,17097860301,097,Small_DG,2027-05-28,61,31,Zion city,planned
ilabp,7.54,17135957900,135,Small_DG,2026-10-30,108,54,,planned
ilabp,375.0,17119402000,119,Large_DG,2027-07-30,111,56,Alton city,planned
ilabp,10.0,17031834400,031,Small_DG,2027-03-31,5,3,Chicago city,planned
ilabp,10.0,17031801603,031,Small_DG,2027-09-30,57,29,Glenview village,planned
ilabp,100.0,17175951500,175,Large_DG,2026-10-30,93,47,,planned
ilabp,3.8,17031825802,031,Small_DG,2027-03-31,29,15,Calumet City city,planned
ilabp,6.0,17031530200,031,Small_DG,2027-09-30,28,14,Chicago city,planned
ilabp,3.8,17089854301,089,Small_DG,2027-03-31,50,25,Aurora city,planned
ilabp,8.448,17197883000,197,Small_DG,2026-09-30,86,43,Joliet city,planned
ilabp,3.8,17031814800,031,Small_DG,2027-03-31,21,11,Berwyn city,planned
ilabp,712.5,17095000400,095,Large_DG,2027-07-30,71,36,Galesburg city,planned
ilabp,750.0,17077010900,077,Large_DG,2027-07-30,118,59,,planned
ilabp,6.0,17123961300,123,Small_DG,2027-04-02,105,53,,planned
ilabp,11.6,17021958800,021,Small_DG,2026-10-30,107,54,Pana city,planned
ilabp,18.048,17197880105,197,Small_DG,2026-09-30,98,49,Bolingbrook village,planned
ilabp,18.432,17037001700,037,Small_DG,2027-04-29,70,35,,planned
ilabp,7.68,17043844307,043,Small_DG,2026-09-30,46,23,Villa Park village,planned
ilabp,11.9,17197880317,197,Small_DG,2027-09-30,97,49,Bolingbrook village,planned
ilabp,7.83,17113006000,113,Small_DG,2027-03-04,87,44,,planned
ilabp,7.6,17031835800,031,Small_DG,2027-05-28,5,3,Chicago city,planned
ilabp,20.0,17043840000,043,Small_DG,2026-08-20,77,39,Chicago city,planned
ilabp,4.61,17043841205,043,Small_DG,2026-09-30,47,24,Carol Stream village,planned
ilabp,21.12,17197880322,197,Small_DG,2026-09-30,97,49,,planned
ilabp,4990.0,17089854505,089,Large_DG,2026-10-15,70,35,,planned
ilabp,4998.0,17159977900,159,Large_DG,2027-12-18,110,55,,planned
ilabp,10.368,17093890702,093,Small_DG,2026-09-30,75,38,,planned
ilabp,6.09,17019001206,019,Small_DG,2027-01-29,104,52,,planned
ilabp,8.832,17143003900,143,Small_DG,2027-01-29,93,47,,planned
ilabp,9.6,17019010601,019,Small_DG,2027-01-29,101,51,,planned
ilabp,24.96,17073030400,073,Small_DG,2026-09-30,73,37,,planned
ilabp,7.296,17197880503,197,Small_DG,2026-09-30,85,43,,planned
ilabp,900.0,17057953000,057,Large_DG,2026-10-30,94,47,,planned
ilabp,3.8,17031814500,031,Small_DG,2027-03-31,2,1,Cicero town,planned
ilabp,9.0,17031630300,031,Small_DG,2027-03-31,1,1,Chicago city,planned
ilabp,5.0,17097862502,097,Small_DG,2027-04-30,60,30,Waukegan city,planned
ilabp,6.0,17089851904,089,Small_DG,2027-04-30,66,33,,planned
ilabp,13.92,17139977000,139,Small_DG,2027-01-29,107,54,,planned
ilabp,9.98,17031829902,031,Small_DG,2026-09-30,38,19,,planned
ilabp,4.8,17089850705,089,Small_DG,2027-03-31,70,35,Hampshire village,planned
ilabp,14.98,17031813400,031,Small_DG,2027-09-30,21,11,Cicero town,planned
ilabp,9.6,17031804716,031,Small_DG,2026-09-30,44,22,Hoffman Estates village,planned
ilabp,18.816,17031804603,031,Small_DG,2027-09-30,56,28,Schaumburg village,planned
ilabp,16.128,17091010300,091,Small_DG,2027-09-30,79,40,,planned
ilabp,7.68,17089850711,089,Small_DG,2026-09-30,65,33,,planned
ilabp,7.68,17201000105,201,Small_DG,2027-09-30,90,45,Machesney Park village,planned
ilabp,8.83,17097860906,097,Small_DG,2026-09-30,64,32,,planned
ilabp,9.6,17043844304,043,Small_DG,2026-09-30,42,21,Lombard village,planned
ilabp,70.0,17043841704,043,Large_DG,2027-07-30,47,24,Carol Stream village,planned
ilabp,5.0,17007010400,007,Small_DG,2027-03-31,89,45,,planned
ilabp,14.79,17119401905,119,Small_DG,2027-02-26,111,56,South Roxana village,planned
ilabp,10.15,17001010200,001,Small_DG,2027-01-29,94,47,,planned
ilabp,12.18,17137952200,137,Small_DG,2027-02-26,100,50,,planned
ilabp,11.89,17043846702,043,Small_DG,2027-02-26,46,23,Addison village,planned
ilabp,10.73,17115002901,115,Small_DG,2027-02-26,88,44,Forsyth village,planned
ilabp,4.35,17119404100,119,Small_DG,2027-01-29,111,56,Madison city,planned
ilabp,21.12,17037000402,037,Small_DG,2027-09-30,70,35,,planned
ilabp,10.15,17021958100,021,Small_DG,2027-02-26,96,48,,planned
ilabp,24.36,17147954500,147,Small_DG,2027-01-29,88,44,,planned
ilabp,10.73,17135957300,135,Small_DG,2027-01-29,107,54,,planned
ilabp,999.0,17179020100,179,Large_DG,2027-07-30,91,46,East Peoria city,planned
ilabp,8.4,17169970200,169,Small_DG,2027-02-26,99,50,,planned
ilabp,4.64,17163504355,163,Small_DG,2027-02-26,114,57,O'Fallon city,planned
ilabp,9.57,17149952700,149,Small_DG,2027-02-26,100,50,Pittsfield city,planned
ilabp,7.83,17031807600,031,Small_DG,2027-02-26,16,8,Skokie village,planned
ilabp,12.76,17125956800,125,Small_DG,2027-02-26,94,47,,planned
ilabp,15.08,17083010100,083,Small_DG,2027-09-30,100,50,,planned
ilabp,16.128,17073030400,073,Small_DG,2026-09-30,73,37,,planned
ilabp,8.064,17197883213,197,Small_DG,2026-09-30,86,43,Shorewood village,planned
ilabp,3.77,17089850301,089,Small_DG,2027-02-26,43,22,,planned
ilabp,12.18,17099961800,099,Small_DG,2027-08-31,74,37,,planned
ilabp,700.0,17031828402,031,Large_DG,2026-10-30,30,15,Homewood village,planned
ilabp,9.6,17089850711,089,Small_DG,2026-09-30,65,33,,planned
ilabp,4990.0,17197883809,197,Large_DG,2027-07-30,29,15,Crete village,planned
ilabp,20.736,17177000200,177,Small_DG,2026-10-30,90,45,,planned
ilabp,3.0,17201002900,201,Small_DG,2026-10-24,67,34,Rockford city,planned
ilabp,6.0,17031812700,031,Small_DG,2027-09-30,78,39,Oak Park village,planned
ilabp,7.6,17031808002,031,Small_DG,2027-04-30,16,8,Lincolnwood village,planned
ilabp,2.61,17119400101,119,Small_DG,2027-02-26,111,56,Granite City city,planned
ilabp,15.37,17117956700,117,Small_DG,2027-02-26,100,50,,planned
ilabp,11.31,17143003900,143,Small_DG,2027-02-26,93,47,,planned
ilabp,8.83,17197883211,197,Small_DG,2026-09-30,86,43,Joliet city,planned
ilabp,8.7,17129010200,129,Small_DG,2027-02-26,108,54,Petersburg city,planned
ilabp,5.0,17007010200,007,Small_DG,2027-01-02,68,34,Belvidere city,planned
ilabp,5.0,17031824800,031,Small_DG,2027-02-26,30,15,Posen village,planned
ilabp,22.0,17089854402,089,Small_DG,2027-05-28,84,42,Aurora city,planned
ilabp,3.84,17031830004,031,Small_DG,2026-09-30,38,19,Matteson village,planned
ilabp,7.296,17031804106,031,Small_DG,2026-09-30,53,27,Rolling Meadows city,planned
ilabp,10.368,17043843500,043,Small_DG,2026-09-30,42,21,Lombard village,planned
ilabp,24.96,17141960900,141,Small_DG,2026-10-30,89,45,,planned
ilabp,4.224,17111871501,111,Small_DG,2026-10-30,69,35,,planned
ilabp,11.904,17103000600,103,Small_DG,2026-10-30,74,37,Dixon city,planned
ilabp,11.52,17031825503,031,Small_DG,2026-10-30,38,19,Hazel Crest village,planned
ilabp,6.144,17031250400,031,Small_DG,2026-10-30,78,39,Chicago city,planned
ilabp,3.77,17031824509,031,Small_DG,2027-02-26,28,14,Oak Forest city,planned
ilabp,12.288,17031824602,031,Small_DG,2026-10-30,30,15,Oak Forest city,planned
ilabp,7.296,17031431400,031,Small_DG,2026-09-30,,,,planned
ilabp,15.95,17107953000,107,Small_DG,2027-02-26,87,44,,planned
ilabp,15.95,17163504351,163,Small_DG,2027-01-29,114,57,O'Fallon city,planned
ilabp,9.86,17119400952,119,Small_DG,2027-01-29,111,56,Granite City city,planned
ilabp,8.41,17031830004,031,Small_DG,2027-02-26,38,19,Matteson village,planned
ilabp,8.41,17119401721,119,Small_DG,2027-02-26,111,56,Bethalto village,planned
ilabp,11.52,17043841316,043,Small_DG,2026-09-30,49,25,Bartlett village,planned
ilabp,7.68,17031813802,031,Small_DG,2026-09-30,2,1,Cicero town,planned
ilabp,9.6,17031803015,031,Small_DG,2026-09-30,54,27,Arlington Heights village,planned
ilabp,5.8,17163503322,163,Small_DG,2027-02-26,113,57,Swansea village,planned
ilabp,5.8,17097860811,097,Small_DG,2027-04-30,61,31,,planned
ilabp,5.0,17031670200,031,Small_DG,2027-04-30,6,3,Chicago city,planned
ilabp,3.48,17097864002,097,Small_DG,2027-04-30,59,30,Mundelein village,planned
ilabp,5.0,17111870402,111,Small_DG,2027-04-30,63,32,Woodstock city,planned
ilabp,2.9,17093890502,093,Small_DG,2027-04-30,75,38,,planned
ilabp,5.0,17197880509,197,Small_DG,2027-04-30,85,43,Romeoville village,planned
ilabp,3.8,17097861007,097,Small_DG,2027-04-30,61,31,Lindenhurst village,planned
ilabp,8.064,17097861008,097,Small_DG,2026-09-30,61,31,Lindenhurst village,planned
ilabp,13.44,17197883507,197,Small_DG,2026-09-30,80,40,,planned
ilabp,24.576,17097864403,097,Small_DG,2026-09-30,51,26,Long Grove village,planned
ilabp,20.736,17031830005,031,Small_DG,2026-10-30,38,19,Olympia Fields village,planned
ilabp,5.376,17073031000,073,Small_DG,2027-07-21,93,47,,planned
ilabp,13.824,17179022200,179,Small_DG,2027-07-21,91,46,,planned
ilabp,8.832,17031814700,031,Small_DG,2027-10-29,21,11,Berwyn city,planned
ilabp,5.376,17031490700,031,Small_DG,2026-10-30,27,14,Chicago city,planned
ilabp,24.96,17031802503,031,Small_DG,2026-10-30,57,29,Wheeling village,planned
ilabp,6.53,17141961400,141,Small_DG,2026-10-30,89,45,,planned
ilabp,4.992,17031839700,031,Small_DG,2026-10-30,24,12,Chicago city,planned
ilabp,3.8,17197880408,197,Small_DG,2026-10-30,98,49,,planned
ilabp,9.6,17031410900,031,Small_DG,2026-10-30,,,,planned
ilabp,13.44,17097864107,097,Small_DG,2026-10-30,52,26,,planned
ilabp,12.288,17031807900,031,Small_DG,2026-10-30,16,8,Lincolnwood village,planned
ilabp,8.448,17031804901,031,Small_DG,2026-10-30,53,27,Mount Prospect village,planned
ilabp,10.368,17031818100,031,Small_DG,2026-10-30,7,4,Westchester village,planned
ilabp,11.904,17031750500,031,Small_DG,2026-10-30,27,14,Chicago city,planned
ilabp,9.22,17031530400,031,Small_DG,2027-10-29,28,14,Chicago city,planned
ilabp,8.448,17031711000,031,Small_DG,2026-10-30,27,14,Chicago city,planned
ilabp,7.296,17089850201,089,Small_DG,2026-10-30,43,22,Carpentersville village,planned
ilabp,14.976,17031802002,031,Small_DG,2026-10-30,17,9,,planned
ilabp,9.984,17031190402,031,Small_DG,2027-10-29,3,2,Chicago city,planned
ilabp,7.68,17089850301,089,Small_DG,2026-10-30,43,22,,planned
ilabp,10.0,17031420700,031,Small_DG,2027-03-31,5,3,Chicago city,planned
ilabp,9.6,17031560100,031,Small_DG,2026-10-30,1,1,Chicago city,planned
ilabp,5.76,17031200100,031,Small_DG,2026-10-30,39,20,Chicago city,planned
ilabp,9.6,17031824900,031,Small_DG,2026-10-30,30,15,Markham city,planned
ilabp,11.34,17031620100,031,Small_DG,2026-10-30,22,11,Chicago city,planned
ilabp,7.68,17031811500,031,Small_DG,2027-10-29,77,39,Franklin Park village,planned
ilabp,6.528,17031818500,031,Small_DG,2026-10-30,7,4,Westchester village,planned
ilabp,11.136,17043846313,043,Small_DG,2026-10-30,81,41,Woodridge village,planned
ilabp,7.68,17037000500,037,Small_DG,2026-10-30,89,45,,planned
ilabp,6.144,17031827802,031,Small_DG,2026-10-30,29,15,South Holland village,planned
ilabp,4.64,17007010101,007,Small_DG,2027-04-30,68,34,Belvidere city,planned
ilabp,8.41,17031804510,031,Small_DG,2027-04-30,44,22,Hanover Park village,planned
ilabp,7.6,17031700401,031,Small_DG,2027-04-30,32,16,Chicago city,planned
ilabp,7.6,17097861404,097,Small_DG,2027-04-30,62,31,Round Lake Park village,planned
ilabp,6.09,17007010300,007,Small_DG,2027-04-30,68,34,Belvidere city,planned
ilabp,687.5,17163503416,163,Large_DG,2027-07-30,112,56,Fairview Heights city,planned
ilabp,7.6,17089854200,089,Small_DG,2027-04-30,50,25,Aurora city,planned
ilabp,5.8,17091012400,091,Small_DG,2027-04-30,79,40,Kankakee city,planned
ilabp,5.51,17093890404,093,Small_DG,2027-05-28,83,42,Montgomery village,planned
ilabp,7.6,17031661100,031,Small_DG,2027-04-30,32,16,Chicago city,planned
ilabp,5.0,17043846511,043,Small_DG,2027-05-28,84,42,Aurora city,planned
ilabp,5.0,17103000900,103,Small_DG,2027-05-28,74,37,,planned
ilabp,5.0,17177000800,177,Small_DG,2027-05-28,90,45,Freeport city,planned
ilabp,4.64,17089851400,089,Small_DG,2027-05-28,43,22,Elgin city,planned
ilabp,10.0,17197880107,197,Small_DG,2027-05-28,85,43,Bolingbrook village,planned
ilabp,10.15,17031806502,031,Small_DG,2027-04-30,55,28,Des Plaines city,planned
ilabp,10.0,17089853401,089,Small_DG,2027-05-28,50,25,Aurora city,planned
ilabp,4.35,17031821101,031,Small_DG,2027-04-30,32,16,Burbank city,planned
ilabp,4.35,17031840800,031,Small_DG,2027-03-31,23,12,Chicago city,planned
ilabp,6.0,17031630400,031,Small_DG,2027-02-26,1,1,Chicago city,planned
ilabp,3500.0,17179021900,179,Large_DG,2027-09-30,87,44,,planned
ilabp,7.68,17097861402,097,Small_DG,2027-10-29,62,31,Round Lake village,planned
ilabp,4.22,17111870703,111,Small_DG,2026-10-30,64,32,,planned
ilabp,22.656,17123961300,123,Small_DG,2027-07-21,105,53,,planned
ilabp,7.68,17141961500,141,Small_DG,2026-10-30,74,37,,planned
ilabp,9.45,17031450300,031,Small_DG,2026-10-30,33,17,Chicago city,planned
ilabp,7.68,17031740400,031,Small_DG,2026-10-30,35,18,Chicago city,planned
ilabp,11.136,17103000200,103,Small_DG,2026-10-30,74,37,,planned
ilabp,9.216,17031770300,031,Small_DG,2026-10-30,56,28,Elk Grove Village village,planned
ilabp,13.82,17089854507,089,Small_DG,2026-10-30,70,35,Elburn village,planned
ilabp,12.288,17031720200,031,Small_DG,2026-10-30,35,18,Chicago city,planned
ilabp,8.06,17043841504,043,Small_DG,2026-10-30,49,25,West Chicago city,planned
ilabp,11.52,17007010502,007,Small_DG,2026-10-30,69,35,,planned
ilabp,13.44,17099961900,099,Small_DG,2026-10-30,74,37,,planned
ilabp,8.064,17043846305,043,Small_DG,2026-10-30,81,41,Woodridge village,planned
ilabp,5.38,17197880317,197,Small_DG,2026-10-30,97,49,Bolingbrook village,planned
ilabp,9.98,17031834300,031,Small_DG,2026-10-30,33,17,Chicago city,planned
ilabp,16.128,17195000600,195,Small_DG,2026-10-30,73,37,,planned
ilabp,10.75,17089850600,089,Small_DG,2026-10-30,66,33,Sleepy Hollow village,planned
ilabp,9.984,17063000400,063,Small_DG,2026-10-30,75,38,Morris city,planned
ilabp,15.0,17187870300,187,Small_DG,2027-04-30,71,36,,planned
ilabp,17.66,17197880317,197,Small_DG,2026-10-30,97,49,Bolingbrook village,planned
ilabp,4.608,17097861604,097,Small_DG,2026-10-30,61,31,,planned
ilabp,6.91,17015960100,015,Small_DG,2026-10-30,89,45,,planned
ilabp,4998.0,17011964900,011,Large_DG,2026-11-21,73,37,,planned
ilabp,4990.0,17039971400,039,Large_DG,2027-07-02,88,44,,planned
ilabp,8.06,17097864410,097,Small_DG,2026-10-30,51,26,Lake Zurich village,planned
ilabp,5.8,17143003101,143,Small_DG,2027-01-29,92,46,,planned
ilabp,3839.97,17037000300,037,Large_DG,2027-08-31,74,37,,planned
ilabp,7.6,17077010700,077,Small_DG,2027-02-26,115,58,,planned
ilabp,5.376,17073031000,073,Small_DG,2027-07-21,93,47,,planned
ilabp,16.128,17177000200,177,Small_DG,2026-10-30,90,45,,planned
ilabp,9.6,17111870103,111,Small_DG,2026-10-30,69,35,,planned
ilabp,15.36,17107953300,107,Small_DG,2027-07-21,87,44,,planned
ilabp,10.368,17103000700,103,Small_DG,2027-10-29,74,37,,planned
ilabp,23.04,17015960500,015,Small_DG,2026-11-30,89,45,,planned
ilabp,9.75,17163503102,163,Small_DG,2027-01-29,114,57,,planned
ilabp,7.6,17163503903,163,Small_DG,2027-05-28,114,57,,planned
ilabp,5.0,17095001600,095,Small_DG,2027-01-29,93,47,,planned
ilabp,8.064,17197880304,197,Small_DG,2026-11-30,41,21,Naperville city,planned
ilabp,6.0,17031150300,031,Small_DG,2027-01-29,19,10,Chicago city,planned
ilabp,9.6,17089854001,089,Small_DG,2027-01-29,83,42,Aurora city,planned
ilabp,5.0,17097862501,097,Small_DG,2027-01-29,60,30,Waukegan city,planned
ilabp,6.91,17031811702,031,Small_DG,2027-01-29,77,39,Northlake city,planned
ilabp,3.84,17043841403,043,Small_DG,2027-02-26,47,24,Winfield village,planned
ilabp,3.8,17031820101,031,Small_DG,2027-02-07,82,41,Indian Head Park village,planned
ilabp,14.208,17031840000,031,Small_DG,2027-01-29,24,12,Chicago city,planned
ilabp,7.6,17031803800,031,Small_DG,2027-01-29,51,26,Palatine village,planned
ilabp,32.256,17131040200,131,Large_DG,2027-08-31,94,47,,planned
ilabp,6.0,17043841204,043,Small_DG,2027-01-29,46,23,Glendale Heights village,planned
ilabp,11.136,17093890702,093,Small_DG,2027-01-29,75,38,,planned
ilabp,5.0,17019010604,019,Small_DG,2027-01-29,101,51,,planned
ilabp,12.18,17179021900,179,Small_DG,2027-06-30,87,44,,planned
ilabp,4950.0,17037000300,037,Large_DG,2027-08-31,74,37,,planned
ilabp,22.656,17097864410,097,Small_DG,2027-04-29,51,26,Lake Zurich village,planned
ilabp,13.056,17089851904,089,Small_DG,2027-07-21,66,33,,planned
ilabp,6.91,17201000105,201,Small_DG,2028-01-16,90,45,Machesney Park village,planned
ilabp,4950.0,17089852403,089,Large_DG,2027-01-29,70,35,,planned
ilabp,1350.0,17005951300,005,Large_DG,2027-07-17,109,55,Greenville city,planned
ilabp,7.68,17111871304,111,Small_DG,2027-07-21,63,32,,planned
ilabp,4.224,17031805402,031,Small_DG,2027-07-21,15,8,Niles village,planned
ilabp,9.984,17005951200,005,Small_DG,2027-03-31,110,55,,planned
ilabp,17.664,17179021603,179,Small_DG,2027-07-21,91,46,,planned
ilabp,9.984,17123961400,123,Small_DG,2027-07-21,105,53,,planned
ilabp,14.592,17011965600,011,Small_DG,2027-07-21,73,37,,planned
ilabp,7.68,17057953600,057,Small_DG,2027-07-21,94,47,Canton city,planned
ilabp,21.888,17179020301,179,Small_DG,2027-07-21,87,44,,planned
ilabp,9.984,17011965000,011,Small_DG,2027-07-21,76,38,,planned
ilabp,999.0,17073031100,073,Large_DG,2027-08-07,93,47,Galva city,planned
ilabp,7.6,17097860106,097,Small_DG,2027-01-29,61,31,Zion city,planned
ilabp,20.0,17095001000,095,Small_DG,2027-03-31,71,36,Galesburg city,planned
ilabp,15.0,17019010901,019,Small_DG,2027-01-29,101,51,,planned
ilabp,5.0,17089851801,089,Small_DG,2027-01-29,49,25,South Elgin village,planned
ilabp,5.0,17019011100,019,Small_DG,2027-01-29,103,52,Urbana city,planned
ilabp,20.352,17113005700,113,Small_DG,2027-07-21,88,44,,planned
ilabp,6.0,17097860813,097,Small_DG,2026-10-30,64,32,Antioch village,planned
ilabp,4990.0,17105960300,105,Large_DG,2027-07-30,105,53,,planned
ilabp,12.288,17177000300,177,Small_DG,2027-07-21,89,45,,planned
ilabp,13.0,17031620200,031,Small_DG,2027-03-31,22,11,Chicago city,planned
ilabp,7.778,17097861301,097,Small_DG,2027-08-31,62,31,Long Lake CDP,planned
ilabp,7.6,17059972800,059,Small_DG,2026-10-24,117,59,,planned
ilabp,4990.0,17105960800,105,Large_DG,2026-10-30,106,53,,planned
ilabp,3.84,17031818401,031,Small_DG,2027-04-29,7,4,Hillside village,planned
ilabp,5.0,17019000902,019,Small_DG,2026-12-31,104,52,,planned
ilabp,6.0,17031500100,031,Small_DG,2027-02-26,34,17,Chicago city,planned
ilabp,14.976,17031840400,031,Small_DG,2027-07-21,24,12,Chicago city,planned
ilabp,11.4,17197880109,197,Small_DG,2027-11-21,85,43,Bolingbrook village,planned
ilabp,5.0,17067954100,067,Small_DG,2027-02-26,94,47,Hamilton city,planned
ilabp,25.0,17143000600,143,Small_DG,2027-08-31,92,46,Peoria city,planned
ilabp,11.4,17115002901,115,Small_DG,2028-03-03,88,44,Forsyth village,planned
ilabp,7.6,17031820000,031,Small_DG,2027-04-30,82,41,Hinsdale village,planned
ilabp,11.4,17107953500,107,Small_DG,2028-03-03,87,44,,planned
ilabp,10.73,17057953600,057,Small_DG,2027-02-26,94,47,Canton city,planned
ilabp,18.048,17195000800,195,Small_DG,2027-07-21,73,37,,planned
ilabp,8.7,17115001700,115,Small_DG,2027-02-26,96,48,Decatur city,planned
ilabp,15.37,17163503322,163,Small_DG,2027-02-26,113,57,Swansea village,planned
ilabp,6.67,17083010401,083,Small_DG,2027-02-26,100,50,,planned
ilabp,10.73,17137952300,137,Small_DG,2027-02-26,100,50,,planned
ilabp,6.67,17119403533,119,Small_DG,2027-01-29,112,56,Maryville village,planned
ilabp,5.22,17201003710,201,Small_DG,2027-01-29,67,34,,planned
ilabp,10.0,17031711200,031,Small_DG,2027-02-26,31,16,Chicago city,planned
ilabp,5.51,17031828507,031,Small_DG,2027-02-26,33,17,Lansing village,planned
ilabp,10.73,17143001500,143,Small_DG,2027-02-26,92,46,Peoria city,planned
ilabp,14.79,17137951900,137,Small_DG,2027-02-26,99,50,Jacksonville city,planned
ilabp,9.28,17119400951,119,Small_DG,2027-02-26,111,56,Granite City city,planned
ilabp,8.41,17203030501,203,Small_DG,2027-02-26,73,37,Germantown Hills village,planned
ilabp,7.5,17137952100,137,Small_DG,2027-02-26,99,50,,planned
ilabp,13.63,17167004000,167,Small_DG,2027-02-26,87,44,,planned
ilabp,8.41,17001000100,001,Small_DG,2027-02-26,99,50,Quincy city,planned
ilabp,10.15,17143003900,143,Small_DG,2027-02-26,93,47,,planned
ilabp,11.31,17163504352,163,Small_DG,2027-02-26,114,57,O'Fallon city,planned
ilabp,5.22,17111870702,111,Small_DG,2027-02-26,64,32,Lakemoor village,planned
ilabp,13.92,17167003400,167,Small_DG,2027-09-30,108,54,,planned
ilabp,7.54,17019001204,019,Small_DG,2027-02-26,104,52,Champaign city,planned
ilabp,8.41,17129010200,129,Small_DG,2027-02-26,108,54,Petersburg city,planned
ilabp,5.51,17049950600,049,Small_DG,2027-02-26,107,54,,planned
ilabp,5.51,17007010400,007,Small_DG,2027-02-26,89,45,,planned
ilabp,21.504,17001010100,001,Small_DG,2028-01-16,94,47,,planned
ilabp,5.51,17149952700,149,Small_DG,2027-02-26,100,50,Pittsfield city,planned
ilabp,6.96,17019001302,019,Small_DG,2027-02-26,104,52,Savoy village,planned
ilabp,8.12,17039971500,039,Small_DG,2027-02-26,88,44,,planned
ilabp,14.79,17049950700,049,Small_DG,2027-02-26,107,54,,planned
ilabp,7.54,17163503324,163,Small_DG,2027-02-26,113,57,Shiloh village,planned
ilabp,11.6,17119401721,119,Small_DG,2027-02-26,111,56,Bethalto village,planned
ilabp,12.47,17163503908,163,Small_DG,2027-02-26,114,57,Scott AFB CDP,planned
ilabp,4.93,17149952700,149,Small_DG,2027-02-26,100,50,Pittsfield city,planned
ilabp,2.9,17029000300,029,Small_DG,2027-01-29,101,51,,planned
ilabp,7.54,17001001100,001,Small_DG,2027-12-31,99,50,Quincy city,planned
ilabp,10.73,17135957300,135,Small_DG,2027-02-26,107,54,,planned
ilabp,15.08,17053962000,053,Small_DG,2027-09-30,106,53,Gibson City city,planned
ilabp,6.96,17073030800,073,Small_DG,2027-02-26,93,47,,planned
ilabp,7.8,17133600102,133,Small_DG,2027-02-26,115,58,,planned
ilabp,9.57,17117956600,117,Small_DG,2027-02-26,100,50,,planned
ilabp,12.76,17143003602,143,Small_DG,2027-01-29,73,37,Chillicothe city,planned
ilabp,10.44,17125956800,125,Small_DG,2027-02-26,94,47,,planned
ilabp,8.41,17179021606,179,Small_DG,2027-02-26,87,44,,planned
ilabp,6.67,17149952700,149,Small_DG,2027-02-26,100,50,Pittsfield city,planned
ilabp,6.09,17105960100,105,Small_DG,2027-02-26,106,53,Dwight village,planned
ilabp,10.44,17177000200,177,Small_DG,2027-01-29,90,45,,planned
ilabp,18.432,17177000500,177,Small_DG,2028-01-16,89,45,,planned
ilabp,8.448,17019010702,019,Small_DG,2027-05-06,104,52,,planned
ilabp,12.288,17093890301,093,Small_DG,2027-07-21,83,42,,planned
ilabp,4.93,17097862000,097,Small_DG,2027-02-26,60,30,Waukegan city,planned
ilabp,5.0,17089854301,089,Small_DG,2027-08-31,50,25,Aurora city,planned
ilabp,4.64,17179021201,179,Small_DG,2027-02-26,105,53,,planned
ilabp,24.96,17037000100,037,Small_DG,2027-07-21,89,45,,planned
ilabp,9.6,17141961302,141,Small_DG,2027-07-21,89,45,,planned
ilabp,11.52,17109010200,109,Small_DG,2027-07-21,94,47,,planned
ilabp,3.84,17197880124,197,Small_DG,2027-07-21,98,49,Bolingbrook village,planned
ilabp,3.6,17149952400,149,Small_DG,2027-02-26,100,50,,planned
ilabp,11.31,17001001100,001,Small_DG,2027-02-26,99,50,Quincy city,planned
ilabp,16.82,17163504353,163,Small_DG,2027-02-26,109,55,,planned
ilabp,5.22,17095000500,095,Small_DG,2027-02-26,71,36,,planned
ilabp,6.0,17105960100,105,Small_DG,2027-02-26,106,53,Dwight village,planned
ilabp,15.36,17143004101,143,Small_DG,2027-07-21,93,47,,planned
ilabp,4980.0,17091010400,091,Large_DG,2027-08-31,79,40,,planned
ilabp,10.0,17031801300,031,Small_DG,2027-02-26,18,9,Wilmette village,planned
ilabp,3.8,17031191000,031,Small_DG,2027-02-26,4,2,Chicago city,planned
ilabp,7.6,17097861201,097,Small_DG,2027-02-21,62,31,Round Lake Beach village,planned
ilabp,11.89,17199020900,199,Small_DG,2027-02-21,117,59,,planned
ilabp,5.0,17089851101,089,Small_DG,2027-02-26,43,22,Elgin city,planned
ilabp,11.4,17197880323,197,Small_DG,2027-06-30,84,42,Naperville city,planned
ilabp,6.0,17031815400,031,Small_DG,2027-02-26,2,1,Berwyn city,planned
ilabp,10.44,17099962100,099,Small_DG,2027-02-26,74,37,,planned
ilabp,2988.0,17063000700,063,Large_DG,2027-08-07,106,53,,planned
ilabp,10.368,17031251300,031,Small_DG,2028-01-30,78,39,Chicago city,planned
ilabp,5.0,17031620200,031,Small_DG,2027-05-28,22,11,Chicago city,planned
ilabp,5.0,17031620200,031,Small_DG,2027-05-28,22,11,Chicago city,planned
ilabp,5.22,17057953700,057,Small_DG,2027-02-26,94,47,,planned
ilabp,3.77,17143004300,143,Small_DG,2027-02-26,92,46,Peoria Heights village,planned
ilabp,10.2,17203030400,203,Small_DG,2027-02-26,105,53,Metamora village,planned
ilabp,18.85,17145030100,145,Small_DG,2027-02-26,115,58,,planned
ilabp,9.28,17001001002,001,Small_DG,2027-02-26,99,50,Quincy city,planned
ilabp,10.44,17099962100,099,Small_DG,2027-01-29,74,37,,planned
ilabp,4.35,17057953900,057,Small_DG,2027-02-26,94,47,,planned
ilabp,2.9,17001000100,001,Small_DG,2027-02-26,99,50,Quincy city,planned
ilabp,11.31,17049950600,049,Small_DG,2027-02-26,107,54,,planned
ilabp,7.83,17115002200,115,Small_DG,2027-02-26,88,44,,planned
ilabp,4.93,17017960100,017,Small_DG,2027-02-26,99,50,,planned
ilabp,3.77,17163503412,163,Small_DG,2027-02-26,112,56,Caseyville village,planned
ilabp,10.73,17095001300,095,Small_DG,2027-02-26,71,36,Knoxville city,planned
ilabp,10.5,17163504352,163,Small_DG,2027-02-26,114,57,O'Fallon city,planned
ilabp,11.6,17177000200,177,Small_DG,2027-03-31,90,45,,planned
ilabp,3.8,17201003300,201,Small_DG,2027-08-31,67,34,Rockford city,planned
ilabp,4.64,17097861402,097,Small_DG,2026-06-05,62,31,Round Lake village,planned
ilabp,12.47,17109010300,109,Small_DG,2027-09-05,71,36,,planned
ilabp,4.06,17031826100,031,Small_DG,2027-02-26,33,17,Calumet City city,planned
ilabp,8.99,17163503322,163,Small_DG,2027-02-26,113,57,Swansea village,planned
ilabp,11.31,17115002700,115,Small_DG,2027-02-26,95,48,,planned
ilabp,9.28,17119400101,119,Small_DG,2027-02-26,111,56,Granite City city,planned
ilabp,6.96,17019005402,019,Small_DG,2027-02-26,104,52,,planned
ilabp,7.25,17119400802,119,Small_DG,2027-02-26,111,56,Granite City city,planned
ilabp,13.63,17129010100,129,Small_DG,2027-09-30,108,54,,planned
ilabp,5.22,17021958300,021,Small_DG,2027-02-26,107,54,Taylorville city,planned
ilabp,4.93,17019005402,019,Small_DG,2027-02-26,104,52,,planned
ilabp,6.24,17089853005,089,Small_DG,2027-03-31,83,42,Aurora city,planned
ilabp,9.984,17143003900,143,Small_DG,2027-07-21,93,47,,planned
ilabp,5.0,17143004200,143,Small_DG,2027-02-26,92,46,Peoria Heights village,planned
ilabp,24.96,17177000400,177,Small_DG,2027-04-29,89,45,,planned
ilabp,5.51,17167002600,167,Small_DG,2027-02-26,96,48,Springfield city,planned
ilabp,7.54,17131040200,131,Small_DG,2027-02-26,94,47,,planned
ilabp,9.86,17097860905,097,Small_DG,2027-05-19,64,32,,planned
ilabp,25.0,17095001200,095,Small_DG,2027-08-31,71,36,,planned
ilabp,1999.0,17087977800,087,Large_DG,2027-07-17,117,59,,planned
ilabp,17.664,17177000400,177,Small_DG,2027-07-21,89,45,,planned
ilabp,6.144,17043846517,043,Small_DG,2027-07-21,84,42,Aurora city,planned
ilabp,13.63,17119401800,119,Small_DG,2027-02-26,111,56,Rosewood Heights CDP,planned
ilabp,6.38,17001000201,001,Small_DG,2027-02-26,99,50,Quincy city,planned
ilabp,6.96,17143004801,143,Small_DG,2027-02-26,93,47,,planned
ilabp,8.7,17087977800,087,Small_DG,2027-12-31,117,59,,planned
ilabp,4.06,17061973600,061,Small_DG,2027-02-26,100,50,,planned
ilabp,5.0,17115002500,115,Small_DG,2027-02-07,107,54,,planned
ilabp,2000.0,17087977800,087,Large_DG,2027-07-02,117,59,,planned
ilabp,6.67,17001000100,001,Small_DG,2027-02-26,99,50,Quincy city,planned
ilabp,9.28,17167003604,167,Small_DG,2027-03-31,95,48,Springfield city,planned
ilabp,13.824,17183010900,183,Small_DG,2027-04-29,102,51,,planned
ilabp,7.296,17089854508,089,Small_DG,2027-04-29,83,42,,planned
ilabp,5.0,17141961200,141,Small_DG,2027-09-30,74,37,,planned
ilabp,10.752,17005951400,005,Small_DG,2027-04-29,109,55,,planned
ilabp,17.28,17091011200,091,Small_DG,2027-04-29,34,17,,planned
ilabp,12.288,17045070400,045,Small_DG,2027-04-29,102,51,Paris city,planned
ilabp,9.6,17113005900,113,Small_DG,2027-04-29,91,46,Bloomington city,planned
ilabp,24.96,17015960500,015,Small_DG,2027-04-29,89,45,,planned
ilabp,21.12,17019010603,019,Small_DG,2027-04-29,101,51,Mahomet village,planned
ilabp,25.0,17095000100,095,Small_DG,2027-03-31,93,47,,planned
ilabp,17.28,17001010500,001,Small_DG,2027-04-29,99,50,,planned
ilabp,3750.0,17111870906,111,Large_DG,2027-08-31,63,32,,planned
ilabp,3250.0,17111870105,111,Large_DG,2026-11-26,64,32,,planned
ilabp,11.52,17031805110,031,Small_DG,2027-04-29,53,27,Arlington Heights village,planned
ilabp,7.296,17113000109,113,Small_DG,2027-04-29,91,46,Normal town,planned
ilabp,4.224,17031810702,031,Small_DG,2027-04-29,77,39,Elmwood Park village,planned
ilabp,625.0,17089852204,089,Large_DG,2027-07-30,65,33,St. Charles city,planned
ilabp,11.904,17093890105,093,Small_DG,2027-04-29,97,49,,planned
ilabp,20.736,17099964000,099,Small_DG,2027-04-29,76,38,,planned
ilabp,11.52,17103000800,103,Small_DG,2027-04-29,73,37,,planned
ilabp,14.592,17141961500,141,Small_DG,2027-04-29,74,37,,planned
ilabp,8.505,17097863500,097,Small_DG,2028-01-16,58,29,Lake Forest city,planned
ilabp,20.24,17091010500,091,Small_DG,2027-04-30,79,40,,planned
ilabp,10.73,17077010100,077,Small_DG,2027-02-26,115,58,,planned
ilabp,11.31,17095001300,095,Small_DG,2027-01-29,71,36,Knoxville city,planned
ilabp,15.2,17183010400,183,Small_DG,2027-10-29,104,52,,planned
ilabp,11.904,17073031000,073,Small_DG,2027-04-29,93,47,,planned
ilabp,7.83,17021959000,021,Small_DG,2027-01-29,108,54,,planned
ilabp,15.66,17149952400,149,Small_DG,2027-01-29,100,50,,planned
ilabp,9.216,17019010702,019,Small_DG,2028-01-30,104,52,,planned
ilabp,24.96,17011965000,011,Small_DG,2027-04-29,76,38,,planned
ilabp,19.584,17073031100,073,Small_DG,2027-04-29,93,47,Galva city,planned
ilabp,17.28,17073031100,073,Small_DG,2027-04-29,93,47,Galva city,planned
ilabp,17.664,17093890108,093,Small_DG,2027-04-29,75,38,Oswego village,planned
ilabp,4.64,17093890501,093,Small_DG,2027-03-31,75,38,Plano city,planned
ilabp,10.752,17143004902,143,Small_DG,2027-04-29,93,47,,planned
ilabp,100.0,17137951800,137,Large_DG,2026-12-31,99,50,Jacksonville city,planned
ilabp,14.59,17179021900,179,Small_DG,2027-04-29,87,44,,planned
ilabp,7.68,17179021606,179,Small_DG,2027-04-29,87,44,,planned
ilabp,10.0,17097861011,097,Small_DG,2027-01-29,64,32,Lake Villa village,planned
ilabp,6.67,17095001200,095,Small_DG,2027-01-29,71,36,,planned
ilabp,3375.0,17197880502,197,Large_DG,2027-09-30,85,43,,planned
ilabp,10.0,17163504355,163,Small_DG,2027-02-26,114,57,O'Fallon city,planned
ilabp,5.0,17089851908,089,Small_DG,2027-03-31,43,22,Elgin city,planned
ilabp,10.0,17097861403,097,Small_DG,2027-02-26,62,31,Round Lake village,planned
ilabp,2875.0,17197880502,197,Large_DG,2027-09-30,85,43,,planned
ilabp,4.35,17031828504,031,Small_DG,2027-02-26,34,17,Sauk Village village,planned
ilabp,15.0,17137951500,137,Small_DG,2027-03-31,99,50,,planned
ilabp,10.15,17149952700,149,Small_DG,2027-02-26,100,50,Pittsfield city,planned
ilabp,12.18,17203030601,203,Small_DG,2027-01-29,91,46,,planned
ilabp,7.54,17049950800,049,Small_DG,2027-01-29,107,54,,planned
ilabp,10.15,17119403532,119,Small_DG,2027-01-29,109,55,,planned
ilabp,15.744,17195000200,195,Small_DG,2027-04-29,74,37,,planned
ilabp,8.832,17043841310,043,Small_DG,2028-01-16,65,33,Wayne village,planned
ilabp,24.64,17091011200,091,Small_DG,2026-10-24,34,17,,planned
ilabp,9.28,17041952200,041,Small_DG,2026-10-10,101,51,Tuscola city,planned
ilabp,6.38,17095000300,095,Small_DG,2027-01-29,71,36,,planned
ilabp,2.9,17001001002,001,Small_DG,2027-01-29,99,50,Quincy city,planned
ilabp,4.93,17179022100,179,Small_DG,2027-01-29,91,46,,planned
ilabp,7.6,17187870500,187,Small_DG,2027-03-31,71,36,Monmouth city,planned
ilabp,10.0,17157950700,157,Small_DG,2027-03-31,115,58,,planned
ilabp,14.976,17103000100,103,Small_DG,2028-01-16,74,37,,planned
ilabp,18.432,17149952700,149,Small_DG,2027-04-29,100,50,Pittsfield city,planned
ilabp,8.51,17031803607,031,Small_DG,2027-04-29,54,27,Palatine village,planned
ilabp,3.8,17161020800,161,Small_DG,2027-01-29,72,36,East Moline city,planned
ilabp,13.056,17031829000,031,Small_DG,2028-01-30,80,40,Chicago Heights city,planned
ilabp,6.67,17129010100,129,Small_DG,2027-01-29,108,54,,planned
ilabp,4.35,17019005601,019,Small_DG,2027-01-29,103,52,Urbana city,planned
ilabp,8.7,17179022400,179,Small_DG,2027-01-29,91,46,,planned
ilabp,4500.0,17111870906,111,Large_DG,2026-11-26,63,32,,planned
ilabp,25.0,17111870302,111,Small_DG,2027-03-04,69,35,Harvard city,planned
ilabp,5.51,17043841324,043,Small_DG,2027-01-29,47,24,Carol Stream village,planned
ilabp,5.51,17179021702,179,Small_DG,2027-01-29,87,44,,planned
ilabp,11.02,17119404100,119,Small_DG,2027-01-29,111,56,Madison city,planned
ilabp,5.35,17091011700,091,Small_DG,2027-01-29,79,40,Kankakee city,planned
ilabp,9.13,17015960100,015,Small_DG,2028-01-16,89,45,,planned
ilabp,3.0,17031826402,031,Small_DG,2028-03-03,29,15,Dolton village,planned
ilabp,16.896,17195000700,195,Small_DG,2027-05-06,73,37,,planned
ilabp,4.99,17007010400,007,Small_DG,2027-04-29,89,45,,planned
ilabp,9.6,17093890301,093,Small_DG,2028-01-16,83,42,,planned
ilabp,9.765,17111870704,111,Small_DG,2027-08-05,64,32,Pistakee Highlands CDP,planned
ilabp,3.8,17031829200,031,Small_DG,2027-03-31,80,40,Chicago Heights city,planned
ilabp,6.93,17197880424,197,Small_DG,2027-04-29,97,49,,planned
ilabp,8.0,17097861012,097,Small_DG,2027-01-29,64,32,,planned
ilabp,4.93,17105960500,105,Small_DG,2027-01-29,105,53,,planned
ilabp,3.8,17097861303,097,Small_DG,2027-03-31,62,31,Round Lake Beach village,planned
ilabp,4990.0,17093890402,093,Large_DG,2027-07-17,75,38,Yorkville city,planned
ilabp,5.0,17031110501,031,Small_DG,2027-03-31,19,10,Chicago city,planned
ilabp,6.52,17095001200,095,Small_DG,2027-04-29,71,36,,planned
ilabp,5000.0,17201002400,201,Large_DG,2027-06-30,67,34,Rockford city,planned
ilabp,100.0,17089850500,089,Large_DG,2027-02-21,66,33,,planned
ilabp,8.7,17163503322,163,Small_DG,2027-01-29,113,57,Swansea village,planned
ilabp,4.93,17113005501,113,Small_DG,2027-02-26,88,44,,planned
ilabp,2.9,17097860600,097,Small_DG,2027-05-19,61,31,Beach Park village,planned
ilabp,461.0,17201000516,201,Large_DG,2026-10-30,68,34,Rockford city,planned
ilabp,250.0,17199021100,199,Large_DG,2027-01-29,118,59,Marion city,planned
ilabp,13.056,17043844601,043,Small_DG,2027-04-29,7,4,Oak Brook village,planned
ilabp,996.0,17201003706,201,Large_DG,2027-01-29,67,34,,planned
ilabp,4000.0,17111870906,111,Large_DG,2027-01-28,63,32,,planned
ilabp,990.0,17111870906,111,Large_DG,2027-01-28,63,32,,planned
ilabp,6.09,17019005602,019,Small_DG,2027-01-29,104,52,,planned
ilabp,461.0,17201001500,201,Large_DG,2026-10-30,68,34,Rockford city,planned
ilabp,4.35,17197880418,197,Small_DG,2027-01-29,97,49,Joliet city,planned
ilabp,200.0,17199021002,199,Large_DG,2026-10-30,118,59,,planned
ilabp,2988.0,17091010400,091,Large_DG,2027-02-26,79,40,,planned
ilabp,9.76,17043846208,043,Small_DG,2027-03-31,41,21,Naperville city,planned
ilabp,3.77,17195001200,195,Small_DG,2027-01-29,74,37,Sterling city,planned
ilabp,24.96,17123961100,123,Small_DG,2027-04-29,105,53,,planned
ilabp,2000.0,17177000700,177,Large_DG,2027-02-26,90,45,Freeport city,planned
ilabp,6.38,17197880421,197,Small_DG,2027-01-29,97,49,Plainfield village,planned
ilabp,5.22,17007010400,007,Small_DG,2027-01-29,89,45,,planned
ilabp,8.7,17199020500,199,Small_DG,2027-02-26,118,59,Herrin city,planned
ilabp,3.48,17113005502,113,Small_DG,2027-01-29,88,44,,planned
ilabp,7.25,17137951400,137,Small_DG,2027-03-31,99,50,,planned
ilabp,3.48,17111871207,111,Small_DG,2027-01-29,66,33,Lake in the Hills village,planned
ilabp,12.47,17137952100,137,Small_DG,2027-01-29,99,50,,planned
ilabp,5.98,17141961500,141,Small_DG,2027-04-29,74,37,,planned
ilabp,7.25,17107952900,107,Small_DG,2027-01-29,87,44,,planned
ilabp,10.752,17091011200,091,Small_DG,2027-03-31,34,17,,planned
ilabp,24.96,17137952100,137,Small_DG,2028-03-03,99,50,,planned
ilabp,4990.0,17097866000,097,Large_DG,2027-08-31,61,31,Wadsworth village,planned
ilabp,3.072,17089854600,089,Small_DG,2027-04-29,43,22,Elgin city,planned
ilabp,2.9,17201003300,201,Small_DG,2027-01-29,67,34,Rockford city,planned
ilabp,6.96,17031823702,031,Small_DG,2027-01-29,31,16,Hickory Hills city,planned
ilabp,625.0,17201003801,201,Large_DG,2027-01-29,90,45,,planned
ilabp,875.0,17201002200,201,Large_DG,2027-01-29,67,34,Rockford city,planned
ilabp,7.83,17029000701,029,Small_DG,2026-11-15,101,51,,planned
ilabp,10.15,17119401721,119,Small_DG,2027-02-26,111,56,Bethalto village,planned
ilabp,9.28,17097860903,097,Small_DG,2027-02-26,64,32,Fox Lake village,planned
ilabp,16.12,17089850710,089,Small_DG,2027-04-29,70,35,,planned
ilabp,4.06,17167000501,167,Small_DG,2027-01-29,95,48,Springfield city,planned
ilabp,498.0,17199021100,199,Large_DG,2026-12-31,118,59,Marion city,planned
ilabp,11.6,17017960100,017,Small_DG,2027-01-29,99,50,,planned
ilabp,996.0,17199021100,199,Large_DG,2026-12-31,118,59,Marion city,planned
ilabp,4.06,17161020200,161,Small_DG,2027-01-29,71,36,Carbon Cliff village,planned
ilabp,4950.0,17101880900,101,Large_DG,2028-04-09,102,51,Bridgeport city,planned
ilabp,6.0,17143003402,143,Small_DG,2027-02-26,73,37,Mossville CDP,planned
ilabp,10.4,17031823002,031,Small_DG,2027-03-31,36,18,Chicago Ridge village,planned
ilabp,10.0,17197880117,197,Small_DG,2027-05-06,85,43,Bolingbrook village,planned
ilabp,6.38,17197883213,197,Small_DG,2027-01-29,86,43,Shorewood village,planned
ilabp,10.73,17049950700,049,Small_DG,2027-01-29,107,54,,planned
ilabp,5.8,17091010601,091,Small_DG,2027-01-29,79,40,,planned
ilabp,21.4,17183010500,183,Small_DG,2027-02-26,104,52,,planned
ilabp,7.54,17197883211,197,Small_DG,2027-02-26,86,43,Joliet city,planned
ilabp,4.35,17179021000,179,Small_DG,2027-01-29,93,47,Pekin city,planned
ilabp,7.6,17143004101,143,Small_DG,2027-09-30,93,47,,planned
ilabp,500.0,17091012600,091,Large_DG,2026-09-30,79,40,,planned
ilabp,20.352,17001001100,001,Small_DG,2028-01-16,99,50,Quincy city,planned
ilabp,750.0,17091010400,091,Large_DG,2027-10-29,79,40,,planned
ilabp,6.96,17125956500,125,Small_DG,2027-01-29,94,47,Havana city,planned
ilabp,2.03,17149952700,149,Small_DG,2027-01-29,100,50,Pittsfield city,planned
ilabp,6.9,17119401722,119,Small_DG,2027-02-26,111,56,Bethalto village,planned
ilabp,9.57,17001001100,001,Small_DG,2027-01-29,99,50,Quincy city,planned
ilabp,6.38,17095000100,095,Small_DG,2027-01-29,93,47,,planned
ilabp,4.64,17055041100,055,Small_DG,2027-01-29,117,59,,planned
ilabp,7.6,17097861011,097,Small_DG,2027-02-26,64,32,Lake Villa village,planned
ilabp,8.832,17031816100,031,Small_DG,2027-04-29,8,4,Forest Park village,planned
ilabp,4980.0,17119403801,119,Large_DG,2027-10-02,109,55,,planned
ilabp,4990.0,17141961302,141,Large_DG,2027-08-31,89,45,,planned
ilabp,4.22,17093890105,093,Small_DG,2027-04-29,97,49,,planned
ilabp,16.12,17103000300,103,Small_DG,2027-04-29,74,37,Dixon city,planned
ilabp,16.12,17195000100,195,Small_DG,2027-04-29,74,37,,planned
ilabp,6.0,17089853005,089,Small_DG,2027-02-26,83,42,Aurora city,planned
ilabp,11.02,17117956000,117,Small_DG,2027-01-29,108,54,Virden city,planned
ilabp,5.0,17097861011,097,Small_DG,2027-01-29,64,32,Lake Villa village,planned
ilabp,5.0,17201002800,201,Small_DG,2027-01-29,67,34,Rockford city,planned
ilabp,912.5,17097865501,097,Large_DG,2026-12-31,58,29,Highland Park city,planned
ilabp,5000.0,17031804202,031,Large_DG,2027-08-07,52,26,South Barrington village,planned
ilabp,5.0,17031804308,031,Small_DG,2027-02-21,44,22,Schaumburg village,planned
ilabp,2000.0,17197884003,197,Large_DG,2027-09-30,86,43,Braidwood city,planned
ilabp,6.09,17167004000,167,Small_DG,2027-01-29,87,44,,planned
ilabp,3.48,17137952100,137,Small_DG,2027-01-29,99,50,,planned
ilabp,8.41,17135957500,135,Small_DG,2027-01-29,108,54,,planned
ilabp,3.19,17021958200,021,Small_DG,2027-01-29,95,48,Kincaid village,planned
ilabp,9.57,17021959000,021,Small_DG,2027-01-29,108,54,,planned
ilabp,4000.0,17117957100,117,Large_DG,2027-07-02,108,54,,planned
ilabp,24.96,17011965600,011,Small_DG,2027-04-29,73,37,,planned
ilabp,2.03,17031800700,031,Small_DG,2026-12-31,18,9,Wilmette village,planned
ilabp,7.54,17183000700,183,Small_DG,2027-01-29,104,52,,planned
ilabp,5.22,17167002001,167,Small_DG,2027-01-29,95,48,Springfield city,planned
ilabp,5.67,17031803608,031,Small_DG,2027-04-29,51,26,,planned
ilabp,6.09,17197883505,197,Small_DG,2027-03-31,38,19,Frankfort village,planned
ilabp,7.8,17167003901,167,Small_DG,2027-01-29,95,48,,planned
ilabp,4990.0,17037001600,037,Large_DG,2027-10-29,70,35,Cortland town,planned
ilabp,6.67,17119403802,119,Small_DG,2026-11-15,109,55,,planned
ilabp,4.06,17073031200,073,Small_DG,2027-01-29,93,47,,planned
ilabp,3.48,17041952400,041,Small_DG,2027-08-31,101,51,,planned
ilabp,7.6,17063000400,063,Small_DG,2027-11-29,75,38,Morris city,planned
ilabp,6.38,17007010601,007,Small_DG,2027-03-31,69,35,,planned
ilabp,20.0,17111870501,111,Small_DG,2027-02-26,64,32,Wonder Lake village,planned
ilabp,10.4,17183010600,183,Small_DG,2027-02-26,104,52,,planned
ilabp,3.8,17155954500,155,Small_DG,2026-08-20,105,53,Granville village,planned
ilabp,3.19,17091012400,091,Small_DG,2027-01-29,79,40,Kankakee city,planned
ilabp,2299.0,17181950100,181,Large_DG,2027-06-18,118,59,,planned
ilabp,10.0,17031811301,031,Small_DG,2028-03-03,77,39,Northlake city,planned
ilabp,5.76,17043846314,043,Small_DG,2027-05-28,81,41,Woodridge village,planned
ilabp,7.6,17089850103,089,Small_DG,2028-03-03,66,33,,planned
ilabp,15.66,17149952600,149,Small_DG,2027-01-29,100,50,,planned
ilabp,4990.0,17063000200,063,Large_DG,2027-07-17,75,38,,planned
ilabp,3.8,17115002902,115,Small_DG,2028-03-03,88,44,,planned
ilabp,7.6,17197880412,197,Small_DG,2027-11-21,98,49,Joliet city,planned
ilabp,720.0,17043846604,043,Large_DG,2028-02-05,46,23,Addison village,planned
ilabp,960.0,17031842600,031,Large_DG,2028-02-05,24,12,Chicago city,planned
ilabp,5.0,17097864207,097,Small_DG,2027-02-21,52,26,,planned
ilabp,4.64,17037001600,037,Small_DG,2027-02-21,70,35,Cortland town,planned
ilabp,6.67,17097861803,097,Small_DG,2027-02-21,61,31,Waukegan city,planned
ilabp,7.6,17029001000,029,Small_DG,2027-03-31,101,51,,planned
ilabp,5000.0,17097864207,097,Large_DG,2027-02-26,52,26,,planned
ilabp,5.0,17027900602,027,Small_DG,2027-03-31,109,55,,planned
ilabp,4000.0,17195000700,195,Large_DG,2027-07-17,73,37,,planned
ilabp,2988.0,17097860104,097,Large_DG,2027-08-07,61,31,Winthrop Harbor village,planned
ilabp,50.0,17131040200,131,Large_DG,2027-03-31,94,47,,planned
ilabp,1800.0,17043845803,043,Large_DG,2029-09-03,82,41,,planned
ilabp,1920.0,17043841210,043,Large_DG,2029-09-03,46,23,Carol Stream village,planned
ilabp,12.76,17183010100,183,Small_DG,2027-08-31,101,51,,planned
ilabp,1200.0,17197880202,197,Large_DG,2029-09-03,85,43,Romeoville village,planned
ilabp,1080.0,17043841210,043,Large_DG,2029-09-03,46,23,Carol Stream village,planned
ilabp,1080.0,17197880202,197,Large_DG,2029-09-03,85,43,Romeoville village,planned
ilabp,6.38,17089850705,089,Small_DG,2027-02-26,70,35,Hampshire village,planned
ilabp,600.0,17197883210,197,Large_DG,2027-08-31,86,43,,planned
ilabp,499.0,17091010701,091,Large_DG,2027-12-31,29,15,,planned
ilabp,400.0,17201000514,201,Large_DG,2027-12-31,68,34,Cherry Valley village,planned
ilabp,400.0,17197883217,197,Large_DG,2027-12-31,97,49,Joliet city,planned
ilabp,499.0,17093890103,093,Large_DG,2027-12-31,84,42,Oswego village,planned
ilabp,4990.0,17111870809,111,Large_DG,2027-01-28,63,32,Prairie Grove village,planned
ilabp,499.0,17093890403,093,Large_DG,2027-08-31,83,42,Oswego village,planned
ilabp,15.37,17021958200,021,Small_DG,2027-08-31,95,48,Kincaid village,planned
ilabp,480.0,17197880124,197,Large_DG,2027-08-31,98,49,Bolingbrook village,planned
ilabp,4999.0,17095001300,095,Large_DG,2028-04-23,71,36,Knoxville city,planned
ilabp,4999.0,17195000800,195,Large_DG,2027-08-07,73,37,,planned
ilabp,5.51,17119402200,119,Small_DG,2027-01-29,111,56,Alton city,planned
ilabp,12.9,17019000800,019,Small_DG,2027-02-26,103,52,Champaign city,planned
ilabp,13.63,17179020500,179,Small_DG,2027-01-29,93,47,Marquette Heights city,planned
ilabp,1950.0,17197883904,197,Large_DG,2027-07-02,79,40,,planned
ilabp,6.38,17091011100,091,Small_DG,2027-01-29,34,17,,planned
ilabp,5000.0,17031829100,031,Large_DG,2027-07-17,80,40,Chicago Heights city,planned
ilabp,3900.0,17177001300,177,Large_DG,2027-07-02,90,45,Freeport city,planned
ilabp,4980.0,17031829904,031,Large_DG,2029-08-19,38,19,,planned
ilabp,3000.0,17031823302,031,Large_DG,2027-07-17,27,14,Alsip village,planned
ilabp,3410.0,17043841605,043,Large_DG,2028-05-21,49,25,,planned
ilabp,4000.0,17197884006,197,Large_DG,2028-04-23,79,40,,planned
ilabp,3.8,17089853402,089,Small_DG,2027-03-31,50,25,Aurora city,planned
ilabp,6.38,17195000900,195,Small_DG,2027-08-31,74,37,,planned
ilabp,4290.0,17197880202,197,Large_DG,2028-05-21,85,43,Romeoville village,planned
ilabp,2.03,17115002700,115,Small_DG,2027-08-31,95,48,,planned
ilabp,10.0,17097861611,097,Small_DG,2027-03-31,61,31,Gurnee village,planned
ilabp,5.22,17183010200,183,Small_DG,2027-01-29,101,51,Hoopeston city,planned
ilabp,2000.0,17111870906,111,Large_DG,2027-08-21,63,32,,planned
ilabp,4950.0,17197883809,197,Large_DG,2027-10-29,29,15,Crete village,planned
ilabp,12.18,17049950600,049,Small_DG,2027-02-26,107,54,,planned
ilabp,5.0,17031520600,031,Small_DG,2027-02-26,25,13,Chicago city,planned
ilabp,17.4,17135957500,135,Small_DG,2027-02-26,108,54,,planned
ilabp,7.54,17093890402,093,Small_DG,2027-02-21,75,38,Yorkville city,planned
ilabp,7.6,17017960400,017,Small_DG,2027-03-31,99,50,Beardstown city,planned
ilabp,6.0,17201000403,201,Small_DG,2027-11-21,68,34,Rockford city,planned
ilabp,7.8,17031803800,031,Small_DG,2027-03-31,51,26,Palatine village,planned
ilabp,6.0,17031818300,031,Small_DG,2027-04-30,7,4,Hillside village,planned
ilabp,5.0,17031630800,031,Small_DG,2027-03-31,1,1,Chicago city,planned
ilabp,13.6,17143003300,143,Small_DG,2027-11-21,92,46,Peoria city,planned
ilabp,5.0,17179020700,179,Small_DG,2028-03-03,93,47,Pekin city,planned
ilabp,9.984,17043846409,043,Small_DG,2027-06-18,50,25,Aurora city,planned
ilabp,5.355,17031807200,031,Small_DG,2027-05-06,17,9,Skokie village,planned
ilabp,3.8,17089850103,089,Small_DG,2028-03-03,66,33,,planned
ilabp,10.0,17031804807,031,Small_DG,2027-11-21,56,28,Schaumburg village,planned
ilabp,8.41,17125956800,125,Small_DG,2027-02-26,94,47,,planned
ilabp,23.625,17097861603,097,Small_DG,2028-01-16,62,31,Gurnee village,planned
ilabp,14.592,17119400951,119,Small_DG,2027-03-31,111,56,Granite City city,planned
ilabp,3.48,17111870905,111,Small_DG,2027-10-02,63,32,Woodstock city,planned
ilabp,5.22,17031828508,031,Small_DG,2027-03-31,34,17,,planned
ilabp,8.99,17119401000,119,Small_DG,2027-01-29,111,56,Roxana village,planned
ilabp,6.96,17089852806,089,Small_DG,2027-08-31,50,25,,planned
ilabp,6.09,17099963800,099,Small_DG,2027-08-31,106,53,Streator city,planned
ilabp,3.8,17177000600,177,Small_DG,2027-03-04,90,45,,planned
ilabp,8.41,17031804805,031,Small_DG,2027-02-26,44,22,Schaumburg village,planned
ilabp,7.6,17093890502,093,Small_DG,2027-11-21,75,38,,planned
ilabp,10.0,17073031100,073,Small_DG,2027-03-31,93,47,Galva city,planned
ilabp,5.0,17089850201,089,Small_DG,2027-03-04,43,22,Carpentersville village,planned
ilabp,4999.994,17103000400,103,Large_DG,2027-10-29,74,37,,planned
ilabp,2850.0,17097860812,097,Large_DG,2027-07-02,64,32,,planned
ilabp,5.8,17137952300,137,Small_DG,2027-02-26,100,50,,planned
ilabp,6.0,17097864109,097,Small_DG,2027-06-18,52,26,,planned
ilabp,4.06,17201002700,201,Small_DG,2027-02-26,67,34,Rockford city,planned
ilabp,2000.0,17019010800,019,Large_DG,2027-07-02,101,51,,planned
ilabp,3.0,17019005702,019,Small_DG,2027-11-21,104,52,,planned
ilabp,10.15,17093890201,093,Small_DG,2027-04-16,84,42,Boulder Hill CDP,planned
ilabp,10.44,17119402801,119,Small_DG,2028-03-03,100,50,,planned
ilabp,5.0,17119404100,119,Small_DG,2028-03-03,111,56,Madison city,planned
ilabp,5.51,17021958300,021,Small_DG,2027-01-29,107,54,Taylorville city,planned
ilabp,3.8,17031700402,031,Small_DG,2028-03-03,31,16,Chicago city,planned
ilabp,5.0,17031804509,031,Small_DG,2027-06-18,44,22,Streamwood village,planned
ilabp,6.96,17021958300,021,Small_DG,2027-10-02,107,54,Taylorville city,planned
ilabp,13.92,17125956800,125,Small_DG,2027-01-29,94,47,,planned
ilabp,6.38,17195001200,195,Small_DG,2027-01-29,74,37,Sterling city,planned
ilabp,6.0,17031804306,031,Small_DG,2027-05-06,44,22,Streamwood village,planned
ilabp,9.074,17089854401,089,Small_DG,2027-08-31,84,42,,planned
ilabp,5.8,17171970700,171,Small_DG,2027-01-29,100,50,,planned
ilabp,5.0,17031804309,031,Small_DG,2027-09-19,44,22,Streamwood village,planned
ilabp,5.0,17201003602,201,Small_DG,2028-03-03,67,34,Rockford city,planned
ilabp,8.41,17163504353,163,Small_DG,2027-01-29,109,55,,planned
ilabp,12.47,17083010100,083,Small_DG,2027-05-06,100,50,,planned
ilabp,10.0,17091010702,091,Small_DG,2027-05-06,29,15,,planned
ilabp,24.58,17049950200,049,Small_DG,2026-11-15,107,54,,planned
ilabp,4.992,17063000200,063,Small_DG,2027-04-29,75,38,,planned
ilabp,9.86,17089851910,089,Small_DG,2027-06-18,66,33,Elgin city,planned
ilabp,11.31,17095000600,095,Small_DG,2027-01-29,71,36,Galesburg city,planned
ilabp,6.0,17201003711,201,Small_DG,2027-08-17,67,34,,planned
ilabp,400.0,17043841208,043,Large_DG,2028-05-07,46,23,Glendale Heights village,planned
ilabp,16.896,17141960800,141,Small_DG,2027-04-29,89,45,,planned
ilabp,4999.994,17111871502,111,Large_DG,2027-10-29,63,32,,planned
ilabp,3.8,17019001301,019,Small_DG,2028-03-03,103,52,Champaign city,planned
ilabp,7.6,17021958800,021,Small_DG,2027-09-30,107,54,Pana city,planned
ilabp,3.8,17115002200,115,Small_DG,2028-03-03,88,44,,planned
ilabp,5.51,17043841205,043,Small_DG,2027-05-06,47,24,Carol Stream village,planned
ilabp,4990.0,17197883902,197,Large_DG,2027-07-17,29,15,Beecher village,planned
ilabp,10.0,17031827801,031,Small_DG,2027-11-21,29,15,South Holland village,planned
ilabp,5.0,17091012400,091,Small_DG,2028-01-16,79,40,Kankakee city,planned
ilabp,5.22,17111870404,111,Small_DG,2027-10-02,63,32,,planned
ilabp,8.7,17043841327,043,Small_DG,2027-06-04,47,24,,planned
ilabp,10.44,17163504359,163,Small_DG,2027-08-31,114,57,,planned
ilabp,4990.0,17111870809,111,Large_DG,2027-07-17,63,32,Prairie Grove village,planned
ilabp,3.8,17031828505,031,Small_DG,2027-03-04,34,17,,planned
ilabp,1.536,17083010401,083,Small_DG,2026-10-24,100,50,,planned
ilabp,6.09,17021958500,021,Small_DG,2027-08-31,107,54,Taylorville city,planned
ilabp,10.0,17029000702,029,Small_DG,2027-04-30,101,51,Charleston city,planned
ilabp,20.0,17123961500,123,Small_DG,2027-04-30,105,53,,planned
ilabp,20.0,17123961500,123,Small_DG,2027-04-30,105,53,,planned
ilabp,3.8,17031835000,031,Small_DG,2027-04-30,6,3,Chicago city,planned
ilabp,3.8,17031804606,031,Small_DG,2028-01-16,56,28,Elk Grove Village village,planned
ilabp,3.8,17031010701,031,Small_DG,2027-04-30,14,7,Chicago city,planned
ilabp,6.38,17021958200,021,Small_DG,2027-09-30,95,48,Kincaid village,planned
ilabp,3.48,17119400802,119,Small_DG,2027-08-31,111,56,Granite City city,planned
ilabp,10.8,17131040400,131,Small_DG,2027-08-31,94,47,,planned
ilabp,4.35,17091010800,091,Small_DG,2027-08-31,34,17,,planned
ilabp,4.93,17143003601,143,Small_DG,2027-08-31,73,37,Rome CDP,planned
ilabp,5.51,17137952300,137,Small_DG,2027-08-31,100,50,,planned
ilabp,5.22,17143002701,143,Small_DG,2027-04-30,92,46,Peoria city,planned
ilabp,5.76,17031140601,031,Small_DG,2027-04-30,40,20,Chicago city,planned
ilabp,10.0,17197880431,197,Small_DG,2028-03-03,97,49,Joliet city,planned
ilabp,3.8,17007010300,007,Small_DG,2028-03-03,68,34,Belvidere city,planned
ilabp,5.0,17031828202,031,Small_DG,2028-03-03,34,17,Lansing village,planned
ilabp,6.0,17197883303,197,Small_DG,2027-06-18,86,43,,planned
ilabp,6.0,17093890502,093,Small_DG,2028-03-03,75,38,,planned
ilabp,3.8,17115001802,115,Small_DG,2028-03-03,88,44,Decatur city,planned
ilabp,4990.0,17089854509,089,Large_DG,2029-09-10,83,42,Sugar Grove village,planned
ilabp,5.0,17197881115,197,Small_DG,2027-04-30,37,19,New Lenox village,planned
ilabp,5.22,17143004901,143,Small_DG,2027-01-29,93,47,,planned
ilabp,5.0,17197884003,197,Small_DG,2028-03-03,86,43,Braidwood city,planned
ilabp,12.0,17001010400,001,Small_DG,2027-09-19,99,50,,planned
ilabp,5.8,17111870403,111,Small_DG,2027-01-29,69,35,,planned
ilabp,24.0,17001000400,001,Small_DG,2027-09-19,99,50,Quincy city,planned
ilabp,20.0,17121952700,121,Small_DG,2027-06-18,110,55,Centralia city,planned
ilabp,25.04,17031825801,031,Large_DG,2026-12-31,29,15,Calumet City city,planned
ilabp,15.05,17043846702,043,Small_DG,2026-10-30,46,23,Addison village,planned
ilabp,34.2,17031829904,031,Large_DG,2026-12-31,38,19,,planned
ilabp,30.0,17031770500,031,Large_DG,2026-10-30,56,28,Elk Grove Village village,planned
ilabp,3.8,17201000513,201,Small_DG,2027-06-18,68,34,Rockford city,planned
ilabp,5.0,17197883510,197,Small_DG,2027-05-06,80,40,Manhattan village,planned
ilabp,34.2,17031220702,031,Large_DG,2026-12-31,39,20,Chicago city,planned
ilabp,34.6,17043841112,043,Large_DG,2026-10-30,48,24,,planned
ilabp,15.2,17031570200,031,Small_DG,2026-10-30,1,1,Chicago city,planned
ilabp,30.0,17093890104,093,Large_DG,2026-10-30,84,42,,planned
ilabp,6.0,17019010603,019,Small_DG,2027-05-06,101,51,Mahomet village,planned
ilabp,7.6,17201000512,201,Small_DG,2027-06-18,69,35,Rockford city,planned
ilabp,6.0,17201000506,201,Small_DG,2027-05-06,68,34,Rockford city,planned
ilabp,5.0,17007010400,007,Small_DG,2027-03-18,89,45,,planned
ilabp,5.0,17097864207,097,Small_DG,2027-03-04,52,26,,planned
ilabp,5.51,17119402400,119,Small_DG,2027-07-06,111,56,Alton city,planned
ilabp,5.76,17043846514,043,Small_DG,2027-04-02,84,42,Aurora city,planned
ilabp,7.6,17197881010,197,Small_DG,2027-04-30,37,19,Homer Glen village,planned
ilabp,1992.0,17091010400,091,Large_DG,2028-01-21,79,40,,planned
ilabp,3.77,17031820901,031,Small_DG,2027-09-05,22,11,Bedford Park village,planned
ilabp,11.52,17031804607,031,Small_DG,2027-04-30,48,24,Elk Grove Village village,planned
ilabp,6.0,17031811401,031,Small_DG,2027-10-29,77,39,Franklin Park village,planned
ilabp,3.77,17019010701,019,Small_DG,2027-06-18,102,51,St. Joseph village,planned
ilabp,7.54,17039971500,039,Small_DG,2027-06-18,88,44,,planned
ilabp,3000.0,17113005102,113,Large_DG,2027-08-21,105,53,,planned
ilabp,2312.5,17201003601,201,Large_DG,2026-11-30,67,34,Rockford city,planned
ilabp,2312.5,17201003601,201,Large_DG,2026-11-30,67,34,Rockford city,planned
ilabp,7.54,17021959000,021,Small_DG,2027-08-17,108,54,,planned
ilabp,6.0,17085020402,085,Small_DG,2027-04-30,89,45,,planned
ilabp,3.8,17043841321,043,Small_DG,2027-04-30,49,25,Bartlett village,planned
ilabp,2.32,17197881001,197,Small_DG,2027-01-29,37,19,,planned
ilabp,2.9,17201003705,201,Small_DG,2027-05-19,67,34,,planned
ilabp,6.38,17197882701,197,Small_DG,2027-01-29,86,43,Joliet city,planned
ilabp,4.64,17021958900,021,Small_DG,2027-04-02,107,54,Pana city,planned
ilabp,11.6,17179022000,179,Small_DG,2027-02-26,87,44,,planned
ilabp,4.35,17089854401,089,Small_DG,2027-01-29,84,42,,planned
ilabp,1800.0,17111870906,111,Large_DG,2027-08-07,63,32,,planned
ilabp,34.2,17043841706,043,Large_DG,2026-10-30,46,23,Lombard village,planned
ilabp,60.0,17031830900,031,Large_DG,2026-10-30,40,20,Chicago city,planned
ilabp,60.0,17031100200,031,Large_DG,2026-10-30,20,10,Chicago city,planned
ilabp,300.0,17043844202,043,Large_DG,2029-07-30,42,21,Lombard village,planned
ilabp,7.6,17091011700,091,Small_DG,2027-04-16,79,40,Kankakee city,planned
ilabp,8.12,17183010200,183,Small_DG,2027-02-26,101,51,Hoopeston city,planned
ilabp,2988.0,17113005700,113,Large_DG,2027-10-02,88,44,,planned
ilabp,5.76,17099963700,099,Small_DG,2027-04-30,106,53,,planned
ilabp,5.76,17143000600,143,Small_DG,2027-09-05,92,46,Peoria city,planned
ilabp,6.09,17143003101,143,Small_DG,2027-04-30,92,46,,planned
ilabp,4980.0,17091010400,091,Large_DG,2027-06-18,79,40,,planned
ilabp,3.8,17019000902,019,Small_DG,2027-11-21,104,52,,planned
ilabp,4.56,17089850709,089,Small_DG,2026-06-05,65,33,,planned
ilabp,3.48,17201001400,201,Small_DG,2027-09-19,68,34,Rockford city,planned
ilabp,3.48,17117956400,117,Small_DG,2027-08-31,108,54,Carlinville city,planned
ilabp,6.38,17031803605,031,Small_DG,2026-10-24,51,26,Palatine village,planned
ilabp,7.6,17093890401,093,Small_DG,2027-06-18,75,38,,planned
ilabp,7.54,17201003706,201,Small_DG,2027-05-06,67,34,,planned
ilabp,3.8,17093890201,093,Small_DG,2027-05-06,84,42,Boulder Hill CDP,planned
ilabp,6.09,17031672000,031,Small_DG,2027-10-02,32,16,Chicago city,planned
ilabp,11.4,17111871502,111,Small_DG,2027-11-21,63,32,,planned
ilabp,4.35,17043840801,043,Small_DG,2027-06-18,77,39,Bensenville village,planned
ilabp,5.8,17089854001,089,Small_DG,2027-05-06,83,42,Aurora city,planned
ilabp,5000.0,17091010201,091,Large_DG,2027-03-27,79,40,,planned
ilabp,10.0,17089853100,089,Small_DG,2027-06-30,50,25,Aurora city,planned
ilabp,5.0,17031490800,031,Small_DG,2028-03-03,34,17,Chicago city,planned
ilabp,5.76,17031807600,031,Small_DG,2027-04-30,16,8,Skokie village,planned
ilabp,3.8,17043845701,043,Small_DG,2027-04-30,81,41,,planned
ilabp,3.77,17001001100,001,Small_DG,2027-06-18,99,50,Quincy city,planned
ilabp,9.86,17031630400,031,Small_DG,2027-03-04,1,1,Chicago city,planned
ilabp,2.61,17097862902,097,Small_DG,2027-06-18,60,30,North Chicago city,planned
ilabp,10.15,17119400802,119,Small_DG,2027-06-18,111,56,Granite City city,planned
ilabp,25.0,17067953800,067,Small_DG,2027-09-30,94,47,Carthage city,planned
ilabp,7.6,17091010601,091,Small_DG,2027-05-06,79,40,,planned
ilabp,4950.0,17199020900,199,Large_DG,2028-02-05,117,59,,planned
ilabp,3.8,17201003706,201,Small_DG,2027-05-06,67,34,,planned
ilabp,5.0,17201000101,201,Small_DG,2027-11-21,90,45,Machesney Park village,planned
ilabp,6.67,17037000100,037,Small_DG,2027-05-06,89,45,,planned
ilabp,9.28,17177000100,177,Small_DG,2027-05-06,90,45,,planned
ilabp,4.35,17117957000,117,Small_DG,2027-08-31,108,54,,planned
ilabp,3.8,17031826202,031,Small_DG,2027-11-21,33,17,Calumet City city,planned
ilabp,10.0,17041952400,041,Small_DG,2028-03-03,101,51,,planned
ilabp,5.0,17113000301,113,Small_DG,2027-09-19,91,46,Normal town,planned
ilabp,2.9,17093890404,093,Small_DG,2027-03-18,83,42,Montgomery village,planned
ilabp,4.06,17031740100,031,Small_DG,2027-10-02,35,18,Chicago city,planned
ilabp,6.0,17143003602,143,Small_DG,2027-03-18,73,37,Chillicothe city,planned
ilabp,3.19,17201003806,201,Small_DG,2027-05-19,90,45,Roscoe village,planned
ilabp,10.0,17197881402,197,Small_DG,2028-03-03,98,49,Joliet city,planned
ilabp,6.0,17007010300,007,Small_DG,2027-03-18,68,34,Belvidere city,planned
ilabp,47.98,17081050400,081,Large_DG,2027-08-05,116,58,,planned
ilabp,6.0,17017960400,017,Small_DG,2027-11-29,99,50,Beardstown city,planned
ilabp,6.0,17201003904,201,Small_DG,2027-11-29,90,45,Roscoe village,planned
ilabp,1.45,17041952100,041,Small_DG,2027-05-28,101,51,,planned
ilabp,9.6,17143004600,143,Small_DG,2028-01-16,91,46,Bartonville village,planned
ilabp,3.0,17031830007,031,Small_DG,2027-11-29,38,19,Richton Park village,planned
ilabp,13.63,17111870605,111,Small_DG,2027-06-18,63,32,McHenry city,planned
ilabp,70.0,17031815300,031,Large_DG,2026-10-30,21,11,Berwyn city,planned
ilabp,5.0,17201003400,201,Small_DG,2027-11-21,67,34,Rockford city,planned
ilabp,7.6,17031550100,031,Small_DG,2027-04-30,33,17,Chicago city,planned
ilabp,60.0,17031832300,031,Large_DG,2026-10-30,,20,Chicago city,planned
ilabp,6.0,17143004901,143,Small_DG,2027-05-19,93,47,,planned
ilabp,7.6,17201003708,201,Small_DG,2027-11-21,68,34,Rockford city,planned
ilabp,7.6,17031817900,031,Small_DG,2028-01-16,7,4,Broadview village,planned
ilabp,3.8,17141961002,141,Small_DG,2027-05-19,89,45,,planned
ilabp,5000.0,17037000100,037,Large_DG,2028-05-07,89,45,,planned
ilabp,4.06,17043841206,043,Small_DG,2027-05-19,47,24,Carol Stream village,planned
ilabp,2000.0,17143003700,143,Large_DG,2027-02-20,73,37,,planned
ilabp,4999.0,17091011200,091,Large_DG,2028-05-07,34,17,,planned
ilabp,11.89,17159978200,159,Small_DG,2027-05-19,110,55,Olney city,planned
ilabp,7.6,17037002100,037,Small_DG,2027-05-19,75,38,,planned
ilabp,25.04,17031807600,031,Large_DG,2026-10-30,16,8,Skokie village,planned
ilabp,30.0,17031750600,031,Large_DG,2026-10-30,27,14,Chicago city,planned
ilabp,34.2,17197880117,197,Large_DG,2026-12-31,85,43,Bolingbrook village,planned
ilabp,50.0,17031700100,031,Large_DG,2026-10-30,32,16,Chicago city,planned
ilabp,44.6,17031805107,031,Large_DG,2026-10-30,53,27,Arlington Heights village,planned
ilabp,7.83,17093890702,093,Small_DG,2027-05-19,75,38,,planned
ilabp,25.04,17031820901,031,Large_DG,2026-10-30,22,11,Bedford Park village,planned
ilabp,10.0,17197883605,197,Small_DG,2028-03-03,79,40,University Park village,planned
ilabp,26.6,17031130200,031,Large_DG,2026-12-31,15,8,Chicago city,planned
ilabp,5.51,17113005700,113,Small_DG,2027-08-31,88,44,,planned
ilabp,10.44,17201004100,201,Small_DG,2027-05-19,90,45,,planned
ilabp,8.41,17085020102,085,Small_DG,2027-05-19,89,45,,planned
ilabp,3.77,17161023100,161,Small_DG,2027-04-30,72,36,Rock Island city,planned
ilabp,13.63,17163503304,163,Small_DG,2027-06-18,113,57,Belleville city,planned
ilabp,60.48,17049950400,049,Large_DG,2026-12-18,110,55,,planned
ilabp,5.0,17177001000,177,Small_DG,2027-06-18,90,45,Freeport city,planned
ilabp,6.0,17111870807,111,Small_DG,2027-03-04,63,32,,planned
ilabp,3.19,17171970600,171,Small_DG,2027-08-31,100,50,,planned
ilabp,6.825,17119403122,119,Small_DG,2027-06-18,112,56,,planned
ilabp,3000.0,17197883902,197,Large_DG,2026-12-05,29,15,Beecher village,planned
ilabp,5.76,17111871310,111,Small_DG,2027-05-28,52,26,,planned
ilabp,2000.0,17201002500,201,Large_DG,2027-12-18,67,34,Rockford city,planned
ilabp,1937.5,17197881109,197,Large_DG,2027-07-17,80,40,New Lenox village,planned
ilabp,2.9,17111870402,111,Small_DG,2027-06-18,63,32,Woodstock city,planned
ilabp,5.76,17031819300,031,Small_DG,2027-06-18,2,1,Brookfield village,planned
ilabp,1320.0,17043845803,043,Large_DG,2028-05-07,82,41,,planned
ilabp,5000.0,17141961301,141,Large_DG,2028-05-29,74,37,,planned
ilabp,4999.0,17195000300,195,Large_DG,2028-04-23,73,37,Morrison city,planned
ilabp,4.35,17135957600,135,Small_DG,2027-01-29,108,54,,planned
ilabp,500.0,17135957300,135,Large_DG,2027-05-22,107,54,,planned
ilabp,660.0,17037000300,037,Large_DG,2027-08-07,74,37,,planned
ilabp,2.03,17031842400,031,Small_DG,2027-09-05,34,17,Chicago city,planned
ilabp,6.96,17033880600,033,Small_DG,2027-06-18,102,51,,planned
ilabp,4.06,17031691300,031,Small_DG,2027-06-18,34,17,Chicago city,planned
ilabp,3.8,17091010203,091,Small_DG,2028-01-30,29,15,,planned
ilabp,7.6,17143003602,143,Small_DG,2027-06-18,73,37,Chillicothe city,planned
ilabp,7.6,17163503102,163,Small_DG,2027-01-02,114,57,,planned
ilabp,3.0,17031750600,031,Small_DG,2027-06-18,27,14,Chicago city,planned
ilabp,4.06,17201003809,201,Small_DG,2027-06-18,67,34,Loves Park city,planned
ilabp,6.0,17197881401,197,Small_DG,2027-06-18,86,43,Joliet city,planned
ilabp,5.76,17091010601,091,Small_DG,2028-03-03,79,40,,planned
ilabp,10.0,17141960700,141,Small_DG,2027-06-18,89,45,,planned
ilabp,6.38,17089850201,089,Small_DG,2027-06-18,43,22,Carpentersville village,planned
ilabp,7.6,17113000109,113,Small_DG,2026-06-19,91,46,Normal town,planned
ilabp,5.8,17111870404,111,Small_DG,2027-06-18,63,32,,planned
ilabp,5.0,17097861010,097,Small_DG,2028-03-03,64,32,Lake Villa village,planned
ilabp,5.0,17031580700,031,Small_DG,2027-06-18,24,12,Chicago city,planned
ilabp,5.8,17201000104,201,Small_DG,2027-06-18,67,34,Loves Park city,planned
ilabp,3.8,17031828507,031,Small_DG,2027-06-18,33,17,Lansing village,planned
ilabp,10.15,17043846517,043,Small_DG,2027-06-18,84,42,Aurora city,planned
ilabp,2.9,17111870404,111,Small_DG,2027-06-18,63,32,,planned
ilabp,60.0,17031841900,031,Large_DG,2026-10-30,9,5,Chicago city,planned
ilabp,4.06,17037000100,037,Small_DG,2027-06-18,89,45,,planned
ilabp,4.93,17197883206,197,Small_DG,2027-09-19,86,43,Joliet city,planned
ilabp,60.0,17031832500,031,Large_DG,2026-10-30,10,5,Chicago city,planned
ilabp,3.48,17005951300,005,Small_DG,2027-03-18,109,55,Greenville city,planned
ilabp,5.0,17111870603,111,Small_DG,2027-06-18,64,32,,planned
ilabp,30.0,17031823302,031,Large_DG,2026-11-30,27,14,Alsip village,planned
ilabp,34.2,17043846510,043,Large_DG,2026-12-31,84,42,Aurora city,planned
ilabp,34.2,17097861504,097,Large_DG,2026-11-30,59,30,Waukegan city,planned
ilabp,22.8,17043840705,043,Small_DG,2026-10-30,45,23,Elmhurst city,planned
ilabp,40.0,17031032100,031,Large_DG,2026-11-30,13,7,Chicago city,planned
ilabp,34.2,17089850106,089,Large_DG,2026-11-30,66,33,,planned
ilabp,18.0,17031811302,031,Small_DG,2026-10-30,77,39,Franklin Park village,planned
ilabp,6.38,17125956500,125,Small_DG,2027-06-18,94,47,Havana city,planned
ilabp,10.44,17055040300,055,Small_DG,2027-06-18,116,58,Christopher city,planned
ilabp,6.0,17121952400,121,Small_DG,2027-06-18,110,55,,planned
ilabp,5.0,17089852808,089,Small_DG,2027-06-18,50,25,,planned
ilabp,11.89,17043846105,043,Small_DG,2027-06-18,47,24,Naperville city,planned
ilabp,6.38,17137951500,137,Small_DG,2027-06-18,99,50,,planned
ilabp,7.6,17091011700,091,Small_DG,2027-06-18,79,40,Kankakee city,planned
ilabp,13.6,17121952400,121,Small_DG,2027-06-18,110,55,,planned
ilabp,3.8,17091010702,091,Small_DG,2027-11-21,29,15,,planned
ilabp,4990.0,17089852403,089,Large_DG,2027-08-07,70,35,,planned
ilabp,7.83,17031803604,031,Small_DG,2027-06-18,51,26,Palatine village,planned
ilabp,6.0,17201003808,201,Small_DG,2027-06-18,90,45,Machesney Park village,planned
ilabp,6.0,17163504354,163,Small_DG,2028-03-03,113,57,O'Fallon city,planned
ilabp,3.8,17111870402,111,Small_DG,2027-06-18,63,32,Woodstock city,planned
ilabp,4.06,17197880113,197,Small_DG,2027-06-18,85,43,Bolingbrook village,planned
ilabp,3.8,17119403502,119,Small_DG,2028-03-03,109,55,,planned
ilabp,6.96,17159977900,159,Small_DG,2028-01-16,110,55,,planned
ilabp,6.0,17197881401,197,Small_DG,2027-06-18,86,43,Joliet city,planned
ilabp,6.0,17091010300,091,Small_DG,2027-06-18,79,40,,planned
ilabp,3.8,17111871501,111,Small_DG,2027-06-18,69,35,,planned
ilabp,5.0,17097863100,097,Small_DG,2026-12-31,60,30,North Chicago city,planned
ilabp,4.06,17147954500,147,Small_DG,2028-01-16,88,44,,planned
ilabp,7.54,17159978200,159,Small_DG,2027-06-18,110,55,Olney city,planned
ilabp,6.96,17115002500,115,Small_DG,2027-06-18,107,54,,planned
ilabp,38.0,17089852500,089,Large_DG,2026-12-31,49,25,,planned
ilabp,12.76,17041952100,041,Small_DG,2027-09-30,101,51,,planned
ilabp,8.7,17163504358,163,Small_DG,2027-06-18,114,57,,planned
ilabp,3.19,17201003809,201,Small_DG,2027-06-18,67,34,Loves Park city,planned
ilabp,25.0,17089852608,089,Small_DG,2027-01-29,83,42,Geneva city,planned
ilabp,6.96,17137952100,137,Small_DG,2027-06-18,99,50,,planned
ilabp,11.4,17031828801,031,Small_DG,2027-06-18,30,15,Flossmoor village,planned
ilabp,6.96,17097861902,097,Small_DG,2027-06-18,60,30,Waukegan city,planned
ilabp,5.0,17031824106,031,Small_DG,2027-06-18,27,14,Orland Park village,planned
ilabp,9.28,17135957700,135,Small_DG,2027-06-18,108,54,,planned
ilabp,4.608,17031820800,031,Small_DG,2027-04-29,1,1,,planned
ilabp,6.38,17115003000,115,Small_DG,2027-09-30,88,44,,planned
ilabp,875.0,17161021100,161,Large_DG,2026-11-30,71,36,Moline city,planned
ilabp,5.0,17007010604,007,Small_DG,2027-06-18,69,35,Candlewick Lake CDP,planned
ilabp,300.0,17037002100,037,Large_DG,2026-12-31,75,38,,planned
ilabp,156.0,17019005401,019,Large_DG,2026-11-30,103,52,,planned
ilabp,205.0,17019005500,019,Large_DG,2026-11-30,104,52,Urbana city,planned
ilabp,7.6,17091010702,091,Small_DG,2027-11-21,29,15,,planned
ilabp,5000.0,17111870502,111,Large_DG,2026-12-05,64,32,Wonder Lake village,planned
ilabp,9.57,17171970700,171,Small_DG,2027-09-30,100,50,,planned
ilabp,6.0,17031820501,031,Small_DG,2027-06-18,31,16,Justice village,planned
ilabp,5.0,17093890501,093,Small_DG,2028-01-16,75,38,Plano city,planned
ilabp,3.8,17015960500,015,Small_DG,2027-06-18,89,45,,planned
ilabp,3.8,17201002200,201,Small_DG,2028-03-03,67,34,Rockford city,planned
ilabp,5.0,17097864002,097,Small_DG,2028-01-30,59,30,Mundelein village,planned
ilabp,11.4,17037001800,037,Small_DG,2028-01-30,74,37,,planned
ilabp,9.75,17119403121,119,Small_DG,2026-08-20,112,56,Glen Carbon village,planned
ilabp,2.61,17197880424,197,Small_DG,2027-06-18,97,49,,planned
ilabp,3.8,17031620100,031,Small_DG,2028-03-03,22,11,Chicago city,planned
ilabp,3.77,17167004000,167,Small_DG,2027-09-30,87,44,,planned
ilabp,8.41,17167003500,167,Small_DG,2027-09-30,108,54,,planned
ilabp,7.6,17031828507,031,Small_DG,2027-07-06,33,17,Lansing village,planned
ilabp,5.22,17167003901,167,Small_DG,2027-09-30,95,48,,planned
ilabp,5.0,17043841104,043,Small_DG,2028-03-03,48,24,Roselle village,planned
ilabp,7.6,17201003400,201,Small_DG,2028-01-30,67,34,Rockford city,planned
ilabp,3.8,17111871206,111,Small_DG,2027-07-30,66,33,Algonquin village,planned
ilabp,6.0,17111870302,111,Small_DG,2027-06-18,69,35,Harvard city,planned
ilabp,7.54,17159978100,159,Small_DG,2027-06-18,110,55,Olney city,planned
ilabp,10.0,17201003706,201,Small_DG,2028-03-03,67,34,,planned
ilabp,3.48,17111871003,111,Small_DG,2027-11-21,69,35,,planned
ilabp,5.0,17031835000,031,Small_DG,2027-05-28,6,3,Chicago city,planned
ilabp,120.0,17037002100,037,Large_DG,2026-12-31,75,38,,planned
ilabp,7.6,17097862800,097,Small_DG,2027-05-28,60,30,North Chicago city,planned
ilabp,4990.0,17179021701,179,Large_DG,2028-02-05,87,44,,planned
ilabp,8.41,17021958500,021,Small_DG,2027-09-05,107,54,Taylorville city,planned
ilabp,4.06,17091010702,091,Small_DG,2027-09-30,29,15,,planned
ilabp,5.8,17119403702,119,Small_DG,2027-05-28,109,55,,planned
ilabp,2499.0,17165955800,165,Large_DG,2028-02-17,117,59,Harrisburg city,planned
ilabp,5.76,17043845100,043,Small_DG,2027-05-28,45,23,Clarendon Hills village,planned
ilabp,7.68,17201002302,201,Small_DG,2027-07-30,67,34,,planned
ilabp,5.76,17143001800,143,Small_DG,2027-05-28,92,46,Peoria city,planned
ilabp,2.9,17043841206,043,Small_DG,2027-06-18,47,24,Carol Stream village,planned
ilabp,10.0,17031829200,031,Small_DG,2027-09-19,80,40,Chicago Heights city,planned
ilabp,5.76,17097861106,097,Small_DG,2027-05-28,62,31,Grayslake village,planned
ilabp,3.19,17043840907,043,Small_DG,2027-06-18,46,23,Bloomingdale village,planned
ilabp,3.8,17031828000,031,Small_DG,2027-06-18,33,17,Lansing village,planned
ilabp,3.8,17089853402,089,Small_DG,2027-11-21,50,25,Aurora city,planned
ilabp,4480.0,17197883307,197,Large_DG,2026-12-05,86,43,,planned
ilabp,3.141,17167003201,167,Small_DG,2027-06-30,95,48,,planned
ilabp,6.67,17111870904,111,Small_DG,2027-06-18,63,32,Woodstock city,planned
ilabp,4.93,17031440102,031,Small_DG,2027-01-29,33,17,Chicago city,planned
ilabp,4.64,17015960100,015,Small_DG,2027-06-18,89,45,,planned
ilabp,5.22,17031804510,031,Small_DG,2028-01-16,44,22,Hanover Park village,planned
ilabp,3.8,17197880112,197,Small_DG,2027-06-18,85,43,Bolingbrook village,planned
ilabp,6.0,17091010602,091,Small_DG,2027-06-18,79,40,,planned
ilabp,7.54,17201003806,201,Small_DG,2027-06-18,90,45,Roscoe village,planned
ilabp,8.12,17137951500,137,Small_DG,2027-06-18,99,50,,planned
ilabp,10.0,17097862605,097,Small_DG,2028-03-03,60,30,Waukegan city,planned
ilabp,18.62,17089851913,089,Small_DG,2026-07-23,66,33,Elgin city,planned
ilabp,7.6,17103000500,103,Small_DG,2027-08-17,74,37,,planned
ilabp,6.0,17119401901,119,Small_DG,2028-03-03,111,56,Wood River city,planned
ilabp,1.45,17031810100,031,Small_DG,2027-07-30,18,9,Evanston city,planned
ilabp,5.51,17031812000,031,Small_DG,2027-09-05,78,39,River Forest village,planned
ilabp,7.6,17041952400,041,Small_DG,2028-03-03,101,51,,planned
ilabp,15.2,17097865502,097,Small_DG,2027-05-28,58,29,Highland Park city,planned
ilabp,7.6,17031817101,031,Small_DG,2028-03-03,7,4,Bellwood village,planned
ilabp,6.0,17097860105,097,Small_DG,2027-09-05,61,31,Zion city,planned
ilabp,6.0,17111870906,111,Small_DG,2028-03-03,63,32,,planned
ilabp,5000.0,17201000512,201,Large_DG,2026-11-21,69,35,Rockford city,planned
ilabp,14.21,17019010603,019,Small_DG,2026-12-05,101,51,Mahomet village,planned
ilabp,3.8,17099961702,099,Small_DG,2027-09-05,76,38,,planned
ilabp,6.0,17031840800,031,Small_DG,2027-09-05,23,12,Chicago city,planned
ilabp,3.8,17007010400,007,Small_DG,2027-09-30,89,45,,planned
ilabp,10.0,17097861011,097,Small_DG,2027-09-05,64,32,Lake Villa village,planned
ilabp,10.0,17201003711,201,Small_DG,2028-01-16,67,34,,planned
ilabp,6.16,17019010800,019,Small_DG,2027-08-31,101,51,,planned
ilabp,6.0,17031825802,031,Small_DG,2027-06-30,29,15,Calumet City city,planned
ilabp,8.99,17093890501,093,Small_DG,2027-02-26,75,38,Plano city,planned
ilabp,3.0,17043846604,043,Small_DG,2028-03-03,46,23,Addison village,planned
ilabp,3.8,17197880508,197,Small_DG,2027-09-05,85,43,,planned
ilabp,6.0,17007010400,007,Small_DG,2027-09-05,89,45,,planned
ilabp,7.6,17031700301,031,Small_DG,2026-06-19,32,16,Chicago city,planned
ilabp,4998.0,17037001004,037,Large_DG,2026-12-19,76,38,,planned
ilabp,6.0,17031750600,031,Small_DG,2027-08-17,27,14,Chicago city,planned
ilabp,5.32,17157950600,157,Small_DG,2027-08-17,115,58,Sparta city,planned
ilabp,5.0,17201000200,201,Small_DG,2028-03-03,67,34,Loves Park city,planned
ilabp,10.0,17031804104,031,Small_DG,2027-08-17,51,26,Hoffman Estates village,planned
ilabp,5.51,17031490902,031,Small_DG,2027-09-05,34,17,Chicago city,planned
ilabp,3.8,17031829902,031,Small_DG,2027-09-19,38,19,,planned
ilabp,4.64,17089851907,089,Small_DG,2027-09-05,65,33,South Elgin village,planned
ilabp,7.6,17031823304,031,Small_DG,2028-03-03,35,18,Merrionette Park village,planned
ilabp,5.0,17031802503,031,Small_DG,2028-03-03,57,29,Wheeling village,planned
ilabp,3.8,17031828801,031,Small_DG,2028-03-03,30,15,Flossmoor village,planned
ilabp,9.57,17067954200,067,Small_DG,2027-09-05,94,47,,planned
ilabp,3.8,17043841207,043,Small_DG,2026-06-19,46,23,Glendale Heights village,planned
ilabp,8.41,17193958300,193,Small_DG,2027-09-05,116,58,,planned
ilabp,13.34,17183010600,183,Small_DG,2027-09-19,104,52,,planned
ilabp,15.96,17111870814,111,Small_DG,2026-10-10,63,32,Bull Valley village,planned
ilabp,7.6,17089851600,089,Small_DG,2028-03-03,43,22,Elgin city,planned
ilabp,7.6,17177001100,177,Small_DG,2027-09-05,90,45,Freeport city,planned
ilabp,3.8,17089853500,089,Small_DG,2028-03-03,50,25,Aurora city,planned
ilabp,7.6,17097860811,097,Small_DG,2027-09-05,61,31,,planned
ilabp,7.6,17201003711,201,Small_DG,2027-09-05,67,34,,planned
ilabp,6.0,17093890501,093,Small_DG,2027-09-05,75,38,Plano city,planned
ilabp,5000.0,17197883303,197,Large_DG,2027-12-18,86,43,,planned
ilabp,14.4,17019010603,019,Small_DG,2028-03-03,101,51,Mahomet village,planned
ilabp,3.8,17031740400,031,Small_DG,2027-06-30,35,18,Chicago city,planned
ilabp,5.0,17031821402,031,Small_DG,2028-03-03,28,14,Calumet Park village,planned
ilabp,6.0,17179022300,179,Small_DG,2028-03-03,105,53,Washington city,planned
ilabp,7.6,17031823702,031,Small_DG,2027-11-21,31,16,Hickory Hills city,planned
ilabp,3.48,17097862605,097,Small_DG,2027-09-19,60,30,Waukegan city,planned
ilabp,2875.0,17011964700,011,Large_DG,2027-12-18,73,37,,planned
ilabp,3.48,17007010400,007,Small_DG,2027-09-05,89,45,,planned
ilabp,4.64,17119400951,119,Small_DG,2028-03-03,111,56,Granite City city,planned
ilabp,10.0,17089850711,089,Small_DG,2028-03-03,65,33,,planned
ilabp,19.14,17019010604,019,Small_DG,2027-06-30,101,51,,planned
ilabp,5.0,17197880105,197,Small_DG,2027-09-05,98,49,Bolingbrook village,planned
ilabp,3.8,17031826303,031,Small_DG,2027-11-21,29,15,Dolton village,planned
ilabp,959.0,17077010800,077,Large_DG,2028-02-17,118,59,,planned
ilabp,10.0,17201003711,201,Small_DG,2027-09-05,67,34,,planned
ilabp,3.8,17089851102,089,Small_DG,2027-06-30,43,22,Elgin city,planned
ilabp,7.6,17089854301,089,Small_DG,2028-03-03,50,25,Aurora city,planned
ilabp,13.8,17063000200,063,Small_DG,2027-09-05,75,38,,planned
ilabp,5.0,17167001900,167,Small_DG,2028-03-03,96,48,Springfield city,planned
ilabp,11.4,17197883206,197,Small_DG,2028-03-03,86,43,Joliet city,planned
ilabp,10.15,17119403121,119,Small_DG,2027-09-19,112,56,Glen Carbon village,planned
ilabp,15.2,17091010500,091,Small_DG,2026-07-08,79,40,,planned
ilabp,5.0,17031836000,031,Small_DG,2027-06-30,26,13,Chicago city,planned
ilabp,11.4,17177000500,177,Small_DG,2027-09-05,89,45,,planned
ilabp,10.0,17197880412,197,Small_DG,2027-09-05,98,49,Joliet city,planned
ilabp,6.0,17031730600,031,Small_DG,2027-03-04,27,14,Chicago city,planned
ilabp,3.8,17093890501,093,Small_DG,2026-07-08,75,38,Plano city,planned
ilabp,4.06,17031814300,031,Small_DG,2027-04-29,2,1,Cicero town,planned
ilabp,5.76,17031491100,031,Small_DG,2027-07-30,27,14,Chicago city,planned
ilabp,10.0,17031801901,031,Small_DG,2027-08-31,57,29,Glenview village,planned
ilabp,7.54,17031828402,031,Small_DG,2027-11-21,30,15,Homewood village,planned
ilabp,7.6,17197883218,197,Small_DG,2026-06-19,97,49,,planned
ilabp,687.5,17115002901,115,Large_DG,2026-11-30,88,44,Forsyth village,planned
ilabp,5.0,17201003806,201,Small_DG,2027-09-05,90,45,Roscoe village,planned
ilabp,6.0,17195000900,195,Small_DG,2027-09-05,74,37,,planned
ilabp,318.6,17191955200,191,Large_DG,2027-03-31,116,58,Fairfield city,planned
ilabp,6.0,17097864409,097,Small_DG,2027-09-05,51,26,Lake Zurich village,planned
ilabp,8.12,17097860813,097,Small_DG,2027-09-05,64,32,Antioch village,planned
ilabp,5.76,17201003904,201,Small_DG,2027-09-05,90,45,Roscoe village,planned
ilabp,6.0,17197883804,197,Small_DG,2027-09-19,79,40,,planned
ilabp,5.0,17141960700,141,Small_DG,2027-09-05,89,45,,planned
ilabp,20.0,17043840101,043,Small_DG,2028-03-03,48,24,Wood Dale city,planned
ilabp,5.0,17111870604,111,Small_DG,2027-09-05,64,32,McHenry city,planned
ilabp,7.6,17197880414,197,Small_DG,2027-09-05,98,49,,planned
ilabp,5.51,17097862902,097,Small_DG,2027-09-05,60,30,North Chicago city,planned
ilabp,6.96,17119403401,119,Small_DG,2027-09-05,112,56,Collinsville city,planned
ilabp,1320.0,17097864207,097,Large_DG,2027-06-30,52,26,,planned
ilabp,12.5,17117956300,117,Small_DG,2027-06-30,108,54,,planned
ilabp,2.03,17097861201,097,Small_DG,2027-09-05,62,31,Round Lake Beach village,planned
ilabp,3.8,17179020302,179,Small_DG,2027-07-06,87,44,East Peoria city,planned
ilabp,5.22,17083010401,083,Small_DG,2027-09-30,100,50,,planned
ilabp,3.8,17197882801,197,Small_DG,2027-09-05,86,43,Joliet city,planned
ilabp,11.4,17201003808,201,Small_DG,2027-07-30,90,45,Machesney Park village,planned
ilabp,9.57,17177000300,177,Small_DG,2027-09-05,89,45,,planned
ilabp,5.0,17197880112,197,Small_DG,2027-09-05,85,43,Bolingbrook village,planned
ilabp,3.48,17201003710,201,Small_DG,2027-11-21,67,34,,planned
ilabp,6.0,17197880903,197,Small_DG,2027-09-05,98,49,Crest Hill city,planned
ilabp,6.144,17163503413,163,Small_DG,2027-06-30,112,56,Fairview Heights city,planned
ilabp,9.6,17081050600,081,Small_DG,2026-12-18,116,58,Mount Vernon city,planned
ilabp,10.0,17201003801,201,Small_DG,2027-11-21,90,45,,planned
ilabp,10.0,17197881001,197,Small_DG,2027-08-31,37,19,,planned
ilabp,5.0,17093890402,093,Small_DG,2027-09-05,75,38,Yorkville city,planned
ilabp,3.48,17031130100,031,Small_DG,2027-09-05,15,8,Chicago city,planned
ilabp,5.76,17143004500,143,Small_DG,2026-06-19,93,47,,planned
ilabp,15.2,17201004300,201,Small_DG,2027-09-05,89,45,,planned
ilabp,9.28,17203030501,203,Small_DG,2027-06-30,73,37,Germantown Hills village,planned
ilabp,4.64,17031828100,031,Small_DG,2027-09-05,33,17,Lansing village,planned
ilabp,11.5,17089854509,089,Small_DG,2027-06-30,83,42,Sugar Grove village,planned
ilabp,3.48,17145030600,145,Small_DG,2027-09-05,115,58,Du Quoin city,planned
ilabp,5.0,17111871114,111,Small_DG,2027-09-05,69,35,Huntley village,planned
ilabp,6.96,17201000800,201,Small_DG,2027-09-05,67,34,Rockford city,planned
ilabp,10.0,17063000200,063,Small_DG,2027-09-05,75,38,,planned
ilabp,10.0,17119400951,119,Small_DG,2027-09-05,111,56,Granite City city,planned
ilabp,9.28,17195000100,195,Small_DG,2027-01-29,74,37,,planned
ilabp,6.825,17043846511,043,Small_DG,2027-06-30,84,42,Aurora city,planned
ilabp,5.76,17031691300,031,Small_DG,2027-07-30,34,17,Chicago city,planned
ilabp,7.6,17021959000,021,Small_DG,2027-07-30,108,54,,planned
ilabp,16.82,17055040200,055,Small_DG,2027-09-19,116,58,North City village,planned
ilabp,3.77,17007010102,007,Small_DG,2027-09-05,68,34,Belvidere city,planned
ilabp,11.31,17119404000,119,Small_DG,2027-09-19,112,56,Granite City city,planned
ilabp,3.8,17097861105,097,Small_DG,2027-06-30,62,31,Grayslake village,planned
ilabp,11.4,17201000510,201,Small_DG,2027-09-05,68,34,Rockford city,planned
ilabp,10.0,17089851907,089,Small_DG,2027-09-05,65,33,South Elgin village,planned
ilabp,6.38,17097860806,097,Small_DG,2027-09-19,64,32,Antioch village,planned
ilabp,5.51,17019001203,019,Small_DG,2027-09-05,104,52,Champaign city,planned
ilabp,10.0,17197880322,197,Small_DG,2026-12-31,97,49,,planned
ilabp,7.25,17201004100,201,Small_DG,2027-09-05,90,45,,planned
ilabp,3.8,17095000500,095,Small_DG,2027-09-05,71,36,,planned
ilabp,6.0,17197880107,197,Small_DG,2027-09-05,85,43,Bolingbrook village,planned
ilabp,4.64,17007010601,007,Small_DG,2027-09-05,69,35,,planned
ilabp,13.05,17111870403,111,Small_DG,2027-09-05,69,35,,planned
ilabp,7.83,17073031000,073,Small_DG,2027-09-05,93,47,,planned
ilabp,8.7,17163504351,163,Small_DG,2027-01-29,114,57,O'Fallon city,planned
ilabp,4.35,17071973300,071,Small_DG,2027-09-30,94,47,,planned
ilabp,6.09,17125956800,125,Small_DG,2027-09-30,94,47,,planned
ilabp,8.99,17135957900,135,Small_DG,2027-12-31,108,54,,planned
ilabp,7.25,17041952200,041,Small_DG,2027-09-30,101,51,Tuscola city,planned
ilabp,4.64,17119400200,119,Small_DG,2027-09-30,111,56,Granite City city,planned
ilabp,8.41,17163503907,163,Small_DG,2027-09-05,113,57,Shiloh village,planned
ilabp,9.28,17125956400,125,Small_DG,2027-09-30,94,47,,planned
ilabp,2.61,17051950800,051,Small_DG,2027-09-30,110,55,Vandalia city,planned
ilabp,11.31,17147954700,147,Small_DG,2027-09-30,88,44,,planned
ilabp,4.06,17119402721,119,Small_DG,2027-09-30,100,50,Godfrey village,planned
ilabp,2.9,17019000902,019,Small_DG,2027-09-05,104,52,,planned
ilabp,11.6,17061973600,061,Small_DG,2027-09-30,100,50,,planned
ilabp,4.64,17005951500,005,Small_DG,2027-09-30,109,55,,planned
ilabp,3.19,17119401102,119,Small_DG,2027-09-30,111,56,Wood River city,planned
ilabp,6.38,17117956400,117,Small_DG,2027-09-30,108,54,Carlinville city,planned
ilabp,9.86,17071973500,071,Small_DG,2027-09-30,94,47,,planned
ilabp,2.03,17139976900,139,Small_DG,2027-09-30,107,54,,planned
ilabp,6.08,17167003500,167,Small_DG,2027-09-30,108,54,,planned
ilabp,4.64,17005951300,005,Small_DG,2027-09-30,109,55,Greenville city,planned
ilabp,4.64,17067954300,067,Small_DG,2027-09-30,94,47,,planned
ilabp,4.06,17137952300,137,Small_DG,2027-09-30,100,50,,planned
ilabp,10.4,17137952300,137,Small_DG,2027-09-30,100,50,,planned
ilabp,11.6,17179021000,179,Small_DG,2027-09-30,93,47,Pekin city,planned
ilabp,3.19,17039971800,039,Small_DG,2027-09-30,87,44,Clinton city,planned
ilabp,9.84,17095000100,095,Small_DG,2027-09-30,93,47,,planned
ilabp,6.96,17149952500,149,Small_DG,2027-09-30,100,50,,planned
ilabp,4.93,17029000600,029,Small_DG,2027-10-29,102,51,,planned
ilabp,10.73,17005951300,005,Small_DG,2027-10-29,109,55,Greenville city,planned
ilabp,5.51,17167003300,167,Small_DG,2027-09-30,108,54,,planned
ilabp,5.8,17137952300,137,Small_DG,2027-09-30,100,50,,planned
ilabp,9.28,17137952200,137,Small_DG,2027-09-30,100,50,,planned
ilabp,11.6,17001010100,001,Small_DG,2027-10-29,94,47,,planned
ilabp,3.77,17131040300,131,Small_DG,2027-10-29,94,47,Aledo city,planned
ilabp,4.35,17117956400,117,Small_DG,2027-10-29,108,54,Carlinville city,planned
ilabp,10.73,17083010100,083,Small_DG,2027-09-30,100,50,,planned
ilabp,5.8,17115002500,115,Small_DG,2027-09-30,107,54,,planned
ilabp,8.12,17117956800,117,Small_DG,2027-09-30,108,54,,planned
ilabp,6.96,17143003900,143,Small_DG,2027-09-30,93,47,,planned
ilabp,7.54,17171970600,171,Small_DG,2027-09-30,100,50,,planned
ilabp,9.28,17017960200,017,Small_DG,2027-09-30,99,50,,planned
ilabp,11.02,17137951400,137,Small_DG,2027-09-30,99,50,,planned
ilabp,4.93,17057953300,057,Small_DG,2027-09-30,94,47,Canton city,planned
ilabp,15.2,17099963900,099,Small_DG,2027-07-30,106,53,,planned
ilabp,2.7,17085020300,085,Small_DG,2027-08-31,89,45,Galena city,planned
ilabp,4.64,17109011000,109,Small_DG,2027-09-30,94,47,,planned
ilabp,6.96,17099962200,099,Small_DG,2027-07-30,74,37,,planned
ilabp,7.6,17041952400,041,Small_DG,2027-09-30,101,51,,planned
ilabp,3.19,17057953300,057,Small_DG,2027-09-30,94,47,Canton city,planned
ilabp,7.6,17031828505,031,Small_DG,2027-08-31,34,17,,planned
ilabp,9.6,17143002701,143,Small_DG,2027-06-30,92,46,Peoria city,planned
ilabp,15.2,17119401722,119,Small_DG,2027-09-05,111,56,Bethalto village,planned
ilabp,7.54,17021959000,021,Small_DG,2027-09-30,108,54,,planned
ilabp,10.44,17021958700,021,Small_DG,2027-09-30,107,54,,planned
ilabp,5.0,17197880421,197,Small_DG,2027-09-05,97,49,Plainfield village,planned
ilabp,11.52,17031824107,031,Small_DG,2027-07-30,27,14,Orland Park village,planned
ilabp,7.6,17031580100,031,Small_DG,2027-09-05,24,12,Chicago city,planned
ilabp,15.2,17179020500,179,Small_DG,2027-09-05,93,47,Marquette Heights city,planned
ilabp,10.0,17037000100,037,Small_DG,2027-03-18,89,45,,planned
ilabp,11.6,17117956400,117,Small_DG,2027-09-30,108,54,Carlinville city,planned
ilabp,5.51,17021958400,021,Small_DG,2027-09-30,107,54,Taylorville city,planned
ilabp,2.9,17009970500,009,Small_DG,2027-09-30,99,50,Mount Sterling city,planned
ilabp,4990.0,17089850706,089,Large_DG,2027-12-18,70,35,,planned
ilabp,7.6,17095001300,095,Small_DG,2027-09-05,71,36,Knoxville city,planned
ilabp,5.0,17105960600,105,Small_DG,2027-09-05,105,53,,planned
ilabp,5.0,17051950900,051,Small_DG,2027-09-05,110,55,,planned
ilabp,153.2,17043846603,043,Large_DG,2027-04-02,77,39,Addison village,planned
ilabp,7.6,17089852906,089,Small_DG,2026-07-08,50,25,North Aurora village,planned
ilabp,10.0,17111871312,111,Small_DG,2027-09-05,63,32,Cary village,planned
ilabp,4990.0,17197883212,197,Large_DG,2028-01-21,86,43,Shorewood village,planned
ilabp,3.48,17177000300,177,Small_DG,2027-09-05,89,45,,planned
ilabp,7.6,17031828801,031,Small_DG,2027-09-05,30,15,Flossmoor village,planned
ilabp,10.0,17009970500,009,Small_DG,2027-09-05,99,50,Mount Sterling city,planned
ilabp,5.0,17007010603,007,Small_DG,2027-09-05,90,45,,planned
ilabp,3.8,17031491100,031,Small_DG,2027-11-21,27,14,Chicago city,planned
ilabp,4.35,17089851102,089,Small_DG,2027-09-05,43,22,Elgin city,planned
ilabp,5.0,17141961002,141,Small_DG,2027-09-05,89,45,,planned
ilabp,2.61,17021958200,021,Small_DG,2027-09-30,95,48,Kincaid village,planned
ilabp,9.57,17163504352,163,Small_DG,2027-09-30,114,57,O'Fallon city,planned
ilabp,7.6,17143004600,143,Small_DG,2027-01-29,91,46,Bartonville village,planned
ilabp,12.564,17031801200,031,Small_DG,2027-07-30,,,,planned
ilabp,8.12,17045070400,045,Small_DG,2027-09-30,102,51,Paris city,planned
ilabp,6.38,17135957300,135,Small_DG,2027-09-30,107,54,,planned
ilabp,5.22,17041952400,041,Small_DG,2027-09-30,101,51,,planned
ilabp,5.0,17083010401,083,Small_DG,2027-09-30,100,50,,planned
ilabp,4.35,17137952000,137,Small_DG,2027-09-30,99,50,Jacksonville city,planned
ilabp,5.51,17173959600,173,Small_DG,2027-09-30,107,54,,planned
ilabp,9.57,17137952200,137,Small_DG,2027-09-30,100,50,,planned
ilabp,6.09,17173959200,173,Small_DG,2027-09-30,107,54,,planned
ilabp,4.64,17167003300,167,Small_DG,2027-09-30,108,54,,planned
ilabp,5.51,17021958700,021,Small_DG,2027-09-30,107,54,,planned
ilabp,5.8,17137952300,137,Small_DG,2027-09-30,100,50,,planned
ilabp,5.76,17031808400,031,Small_DG,2026-11-15,15,8,Morton Grove village,planned
ilabp,6.0,17031829800,031,Small_DG,2027-09-05,30,15,Flossmoor village,planned
ilabp,4.06,17005951300,005,Small_DG,2027-09-30,109,55,Greenville city,planned
ilabp,3.8,17019005702,019,Small_DG,2027-03-18,104,52,,planned
ilabp,9.28,17005951300,005,Small_DG,2027-09-30,109,55,Greenville city,planned
ilabp,5.0,17111870903,111,Small_DG,2027-09-05,63,32,Woodstock city,planned
ilabp,5.0,17111870704,111,Small_DG,2027-03-18,64,32,Pistakee Highlands CDP,planned
ilabp,6.0,17029000100,029,Small_DG,2027-11-21,101,51,,planned
ilabp,3.8,17091011600,091,Small_DG,2027-09-05,79,40,Kankakee city,planned
ilabp,3.8,17103000200,103,Small_DG,2027-09-05,74,37,,planned
ilabp,5.0,17031827802,031,Small_DG,2027-09-05,29,15,South Holland village,planned
ilabp,10.0,17143003601,143,Small_DG,2027-09-05,73,37,Rome CDP,planned
ilabp,244.0,17049950800,049,Large_DG,2027-03-31,107,54,,planned
ilabp,10.15,17119402701,119,Small_DG,2027-09-30,100,50,Godfrey village,planned
ilabp,3.8,17111870103,111,Small_DG,2027-09-05,69,35,,planned
ilabp,4.93,17201001900,201,Small_DG,2027-09-05,67,34,Rockford city,planned
ilabp,6.67,17137952300,137,Small_DG,2027-09-30,100,50,,planned
ilabp,7.6,17015960500,015,Small_DG,2027-09-05,89,45,,planned
ilabp,7.83,17097860805,097,Small_DG,2027-09-05,64,32,,planned
ilabp,5.22,17201003805,201,Small_DG,2027-09-05,90,45,Machesney Park village,planned
ilabp,8.12,17119403533,119,Small_DG,2027-09-05,112,56,Maryville village,planned
ilabp,8.12,17201001700,201,Small_DG,2027-09-05,67,34,Rockford city,planned
ilabp,6.96,17167003500,167,Small_DG,2027-09-30,108,54,,planned
ilabp,5.0,17103000400,103,Small_DG,2027-09-05,74,37,,planned
ilabp,3.8,17031828507,031,Small_DG,2027-09-19,33,17,Lansing village,planned
ilabp,6.0,17137951700,137,Small_DG,2027-09-05,99,50,Jacksonville city,planned
ilabp,5000.0,17145030500,145,Large_DG,2027-01-04,115,58,,planned
ilabp,687.5,17081050500,081,Large_DG,2027-01-29,116,58,Mount Vernon city,planned
ilabp,4.06,17039971800,039,Small_DG,2027-09-30,87,44,Clinton city,planned
ilabp,10.44,17143003700,143,Small_DG,2027-09-30,73,37,,planned
ilabp,5.22,17005951500,005,Small_DG,2027-09-30,109,55,,planned
ilabp,7.54,17001000100,001,Small_DG,2027-09-30,99,50,Quincy city,planned
ilabp,3.19,17149952700,149,Small_DG,2027-09-30,100,50,Pittsfield city,planned
ilabp,5.22,17005951300,005,Small_DG,2027-09-30,109,55,Greenville city,planned
ilabp,4.06,17139976900,139,Small_DG,2027-09-30,107,54,,planned
ilabp,7.25,17077011200,077,Small_DG,2027-09-30,118,59,,planned
ilabp,5.0,17197882400,197,Small_DG,2027-09-05,86,43,Joliet city,planned
ilabp,7.6,17103000800,103,Small_DG,2027-09-19,73,37,,planned
ilabp,6.0,17201000510,201,Small_DG,2027-09-05,68,34,Rockford city,planned
ilabp,5.0,17167004000,167,Small_DG,2027-09-05,87,44,,planned
ilabp,6.0,17031815500,031,Small_DG,2027-11-21,2,1,Berwyn city,planned
ilabp,5.0,17187870400,187,Small_DG,2027-09-05,71,36,Monmouth city,planned
ilabp,10.0,17031661000,031,Small_DG,2027-08-31,32,16,Chicago city,planned
ilabp,5.8,17171970700,171,Small_DG,2027-09-30,100,50,,planned
ilabp,5.51,17139977000,139,Small_DG,2027-09-30,107,54,,planned
ilabp,4.06,17043844701,043,Small_DG,2027-09-05,45,23,Westmont village,planned
ilabp,11.4,17111870904,111,Small_DG,2027-09-05,63,32,Woodstock city,planned
ilabp,200.0,17197883305,197,Large_DG,2027-07-30,86,43,Channahon village,planned
ilabp,7.25,17083010100,083,Small_DG,2027-09-30,100,50,,planned
ilabp,16.53,17119403802,119,Small_DG,2027-09-30,109,55,,planned
ilabp,2.9,17117956200,117,Small_DG,2027-10-29,100,50,,planned
ilabp,5.8,17137951700,137,Small_DG,2027-09-30,99,50,Jacksonville city,planned
ilabp,7.25,17001010301,001,Small_DG,2027-09-30,100,50,,planned
ilabp,11.4,17025971900,025,Small_DG,2027-09-30,110,55,,planned
ilabp,6.0,17119402701,119,Small_DG,2027-09-30,100,50,Godfrey village,planned
ilabp,10.44,17135957700,135,Small_DG,2027-09-30,108,54,,planned
ilabp,8.12,17159978200,159,Small_DG,2027-09-19,110,55,Olney city,planned
ilabp,5.8,17119400102,119,Small_DG,2027-09-30,112,56,Granite City city,planned
ilabp,6.67,17149952700,149,Small_DG,2027-09-30,100,50,Pittsfield city,planned
ilabp,3.8,17043841318,043,Small_DG,2027-09-05,49,25,Bartlett village,planned
ilabp,6.5,17163504351,163,Small_DG,2026-11-30,114,57,O'Fallon city,planned
ilabp,12.76,17119400951,119,Small_DG,2027-09-30,111,56,Granite City city,planned
ilabp,4.35,17119400200,119,Small_DG,2027-09-30,111,56,Granite City city,planned
ilabp,8.7,17119400102,119,Small_DG,2027-09-30,112,56,Granite City city,planned
ilabp,9.28,17101881100,101,Small_DG,2027-09-30,102,51,,planned
ilabp,3.8,17201003706,201,Small_DG,2027-09-05,67,34,,planned
ilabp,7.54,17119400951,119,Small_DG,2027-09-30,111,56,Granite City city,planned
ilabp,6.67,17167003500,167,Small_DG,2027-09-30,108,54,,planned
ilabp,8.12,17041952000,041,Small_DG,2027-09-30,101,51,,planned
ilabp,6.0,17031510300,031,Small_DG,2026-10-24,33,17,Chicago city,planned
ilabp,13.34,17137952300,137,Small_DG,2027-09-30,100,50,,planned
ilabp,10.0,17063000200,063,Small_DG,2027-09-05,75,38,,planned
ilabp,4.06,17031807600,031,Small_DG,2027-09-05,16,8,Skokie village,planned
ilabp,10.73,17167003400,167,Small_DG,2027-09-30,108,54,,planned
ilabp,13.05,17115002700,115,Small_DG,2027-09-30,95,48,,planned
ilabp,2.9,17045070400,045,Small_DG,2027-09-30,102,51,Paris city,planned
ilabp,10.0,17097861107,097,Small_DG,2027-09-19,62,31,Grayslake village,planned
ilabp,7.6,17031650301,031,Small_DG,2027-09-19,22,11,Chicago city,planned
ilabp,7.54,17089851907,089,Small_DG,2027-07-30,65,33,South Elgin village,planned
ilabp,540.0,17043843000,043,Large_DG,2027-01-29,46,23,Elmhurst city,planned
ilabp,10.0,17019010702,019,Small_DG,2027-07-30,104,52,,planned
ilabp,10.0,17093890402,093,Small_DG,2027-09-19,75,38,Yorkville city,planned
ilabp,100.0,17019001201,019,Large_DG,2027-09-30,103,52,Champaign city,planned
ilabp,3.8,17201004200,201,Small_DG,2027-09-19,89,45,,planned
ilabp,3.8,17201004300,201,Small_DG,2027-09-19,89,45,,planned
ilabp,5.8,17095001600,095,Small_DG,2027-09-30,93,47,,planned
ilabp,11.4,17097860809,097,Small_DG,2027-09-05,64,32,,planned
ilabp,6.38,17061974000,061,Small_DG,2027-09-30,100,50,,planned
ilabp,9.0,17039971800,039,Small_DG,2028-02-19,87,44,Clinton city,planned
ilabp,4.64,17001000202,001,Small_DG,2027-09-30,99,50,Quincy city,planned
ilabp,4.06,17107952900,107,Small_DG,2027-01-29,87,44,,planned
ilabp,6.38,17173959300,173,Small_DG,2027-01-29,107,54,Shelbyville city,planned
ilabp,5.76,17031804305,031,Small_DG,2026-10-24,44,22,Streamwood village,planned
ilabp,3.8,17113005601,113,Small_DG,2027-09-30,88,44,,planned
ilabp,6.38,17135957300,135,Small_DG,2027-09-30,107,54,,planned
ilabp,5.76,17031530503,031,Small_DG,2026-10-24,28,14,Chicago city,planned
ilabp,6.38,17109010402,109,Small_DG,2027-02-07,71,36,Macomb city,planned
ilabp,11.52,17093890104,093,Small_DG,2027-07-30,84,42,,planned
ilabp,14.08,17051951000,051,Small_DG,2027-07-30,110,55,,planned
ilabp,8.45,17113000107,113,Small_DG,2026-08-20,91,46,Normal town,planned
ilabp,4.56,17031828508,031,Small_DG,2027-01-17,34,17,,planned
ilabp,3.48,17177000900,177,Small_DG,2027-09-05,90,45,Freeport city,planned
ilabp,4999.0,17081050900,081,Large_DG,2027-08-07,116,58,Mount Vernon city,planned
ilabp,5.7,17039971700,039,Small_DG,2027-09-30,87,44,Clinton city,planned
ilabp,2500.0,17067954000,067,Large_DG,2027-08-07,94,47,,planned
ilabp,4.64,17197880421,197,Small_DG,2027-09-19,97,49,Plainfield village,planned
ilabp,6.84,17201003709,201,Small_DG,2026-08-20,68,34,Rockford city,planned
ilabp,5.51,17031805901,031,Small_DG,2027-09-05,56,28,Des Plaines city,planned
ilabp,4998.0,17037001004,037,Large_DG,2027-01-23,76,38,,planned
ilabp,4.06,17197883217,197,Small_DG,2027-09-05,97,49,Joliet city,planned
ilabp,7.6,17031804514,031,Small_DG,2027-09-05,49,25,Bartlett village,planned
ilabp,6.38,17039971500,039,Small_DG,2027-09-30,88,44,,planned
ilabp,5.8,17073030500,073,Small_DG,2027-01-29,93,47,,planned
ilabp,3.8,17195001300,195,Small_DG,2027-09-05,74,37,Sterling city,planned
ilabp,4.06,17031810600,031,Small_DG,2027-09-05,19,10,,planned
ilabp,10.76,17099961900,099,Small_DG,2027-09-05,74,37,,planned
ilabp,4000.0,17195001000,195,Large_DG,2027-12-04,74,37,Sterling city,planned
ilabp,3.8,17031821002,031,Small_DG,2027-09-05,22,11,Burbank city,planned
ilabp,5.0,17201000512,201,Small_DG,2027-10-02,69,35,Rockford city,planned
ilabp,11.4,17197883214,197,Small_DG,2027-09-05,97,49,,planned
ilabp,5.0,17201003810,201,Small_DG,2027-09-05,68,34,Loves Park city,planned
ilabp,7.6,17201000514,201,Small_DG,2027-09-05,68,34,Cherry Valley village,planned
ilabp,5.525,17197884103,197,Small_DG,2027-01-17,85,43,Crest Hill city,planned
ilabp,2.9,17091010601,091,Small_DG,2027-09-05,79,40,,planned
ilabp,3.8,17067954100,067,Small_DG,2027-09-05,94,47,Hamilton city,planned
ilabp,11.31,17105960400,105,Small_DG,2027-01-29,105,53,,planned
ilabp,10.0,17031806501,031,Small_DG,2027-08-31,55,28,Des Plaines city,planned
ilabp,4.64,17071973400,071,Small_DG,2027-01-29,94,47,,planned
ilabp,10.0,17201003711,201,Small_DG,2027-09-05,67,34,,planned
ilabp,4.35,17119403200,119,Small_DG,2027-09-05,112,56,Collinsville city,planned
ilabp,7.6,17093890402,093,Small_DG,2027-09-19,75,38,Yorkville city,planned
ilabp,7.6,17001010100,001,Small_DG,2027-09-05,94,47,,planned
ilabp,5.0,17043840202,043,Small_DG,2027-09-05,48,24,Addison village,planned
ilabp,9.28,17111870810,111,Small_DG,2027-09-05,63,32,Prairie Grove village,planned
ilabp,6.0,17031817600,031,Small_DG,2027-09-05,7,4,Maywood village,planned
ilabp,5.0,17201000510,201,Small_DG,2027-09-05,68,34,Rockford city,planned
ilabp,5.76,17091010204,091,Small_DG,2027-09-05,29,15,,planned
ilabp,10.0,17031829200,031,Small_DG,2027-09-19,80,40,Chicago Heights city,planned
ilabp,3.8,17075950300,075,Small_DG,2027-09-30,106,53,,planned
ilabp,5.0,17201003810,201,Small_DG,2027-09-05,68,34,Loves Park city,planned
ilabp,7.6,17091012100,091,Small_DG,2027-09-19,79,40,Kankakee city,planned
ilabp,6.67,17089850703,089,Small_DG,2027-09-05,70,35,,planned
ilabp,6.0,17059972800,059,Small_DG,2027-07-30,117,59,,planned
ilabp,10.0,17057953000,057,Small_DG,2027-09-05,94,47,,planned
ilabp,5.0,17111871502,111,Small_DG,2027-09-05,63,32,,planned
ilabp,6.0,17097860103,097,Small_DG,2027-09-05,61,31,Winthrop Harbor village,planned
ilabp,10.0,17019010603,019,Small_DG,2027-09-05,101,51,Mahomet village,planned
ilabp,5.0,17031770202,031,Small_DG,2027-09-05,56,28,,planned
ilabp,3.8,17031661100,031,Small_DG,2026-11-15,32,16,Chicago city,planned
ilabp,5.0,17031827802,031,Small_DG,2027-09-05,29,15,South Holland village,planned
ilabp,6.67,17109010600,109,Small_DG,2027-09-05,71,36,,planned
ilabp,8.99,17119402801,119,Small_DG,2027-09-19,100,50,,planned
ilabp,6.0,17111870403,111,Small_DG,2027-09-19,69,35,,planned
ilabp,3.8,17107952900,107,Small_DG,2027-09-30,87,44,,planned
ilabp,6.0,17161023000,161,Small_DG,2027-09-19,72,36,Rock Island city,planned
ilabp,4.06,17119400600,119,Small_DG,2027-09-19,113,57,Madison city,planned
ilabp,9.88,17197880323,197,Small_DG,2027-10-02,84,42,Naperville city,planned
ilabp,7.6,17019010601,019,Small_DG,2027-09-19,101,51,,planned
ilabp,6.38,17201003711,201,Small_DG,2027-09-19,67,34,,planned
ilabp,8.12,17103000100,103,Small_DG,2027-09-19,74,37,,planned
ilabp,5.76,17031803800,031,Small_DG,2026-11-15,51,26,Palatine village,planned
ilabp,5.76,17043841204,043,Small_DG,2026-11-15,46,23,Glendale Heights village,planned
ilabp,3.48,17031530503,031,Small_DG,2027-09-19,28,14,Chicago city,planned
ilabp,7.68,17031804305,031,Small_DG,2026-11-15,44,22,Streamwood village,planned
ilabp,13.05,17051950700,051,Small_DG,2027-09-30,110,55,,planned
ilabp,4950.0,17091010500,091,Large_DG,2028-05-21,79,40,,planned
ilabp,7.6,17197880421,197,Small_DG,2027-09-30,97,49,Plainfield village,planned
ilabp,5.0,17119403531,119,Small_DG,2027-02-21,109,55,,planned
ilabp,10.44,17031816300,031,Small_DG,2027-09-19,77,39,Melrose Park village,planned
ilabp,10.0,17093890703,093,Small_DG,2027-09-19,75,38,,planned
ilabp,3.8,17031804902,031,Small_DG,2026-11-15,53,27,Des Plaines city,planned
ilabp,5.76,17201001500,201,Small_DG,2026-11-15,68,34,Rockford city,planned
ilabp,13.6,17099963500,099,Small_DG,2027-09-19,76,38,,planned
ilabp,6.08,17031807200,031,Small_DG,2027-08-31,17,9,Skokie village,planned
ilabp,6.0,17119402721,119,Small_DG,2027-09-19,100,50,Godfrey village,planned
ilabp,5.0,17089852805,089,Small_DG,2027-11-29,50,25,North Aurora village,planned
ilabp,4.93,17091010400,091,Small_DG,2027-09-19,79,40,,planned
ilabp,6.0,17177001100,177,Small_DG,2027-09-19,90,45,Freeport city,planned
ilabp,5.22,17021958700,021,Small_DG,2027-09-30,107,54,,planned
ilabp,4.64,17021959000,021,Small_DG,2027-09-30,108,54,,planned
ilabp,5.0,17197881011,197,Small_DG,2027-09-19,27,14,Homer Glen village,planned
ilabp,4950.0,17091010201,091,Large_DG,2027-12-18,79,40,,planned
ilabp,5000.0,17199020900,199,Large_DG,2028-02-05,117,59,,planned
ilabp,3.8,17089851400,089,Small_DG,2026-11-15,43,22,Elgin city,planned
ilabp,7.68,17031814000,031,Small_DG,2027-08-31,2,1,Cicero town,planned
ilabp,5.76,17031821800,031,Small_DG,2027-08-31,36,18,Evergreen Park village,planned
ilabp,11.4,17075950300,075,Small_DG,2027-09-19,106,53,,planned
ilabp,10.0,17019000902,019,Small_DG,2027-09-19,104,52,,planned
ilabp,10.0,17103000800,103,Small_DG,2027-09-19,73,37,,planned
ilabp,5.0,17031814800,031,Small_DG,2027-09-19,21,11,Berwyn city,planned
ilabp,8.7,17135958000,135,Small_DG,2027-09-30,108,54,Coffeen city,planned
ilabp,7.6,17067954100,067,Small_DG,2027-09-30,94,47,Hamilton city,planned
ilabp,3.19,17083010100,083,Small_DG,2027-09-30,100,50,,planned
ilabp,3.8,17031828000,031,Small_DG,2027-09-19,33,17,Lansing village,planned
ilabp,11.89,17167003601,167,Small_DG,2027-09-30,108,54,,planned
ilabp,2.9,17077010700,077,Small_DG,2027-09-30,115,58,,planned
ilabp,12.76,17119402721,119,Small_DG,2027-12-31,100,50,Godfrey village,planned
ilabp,6.09,17113000107,113,Small_DG,2027-09-19,91,46,Normal town,planned
ilabp,6.0,17031805105,031,Small_DG,2027-09-19,53,27,Rolling Meadows city,planned
ilabp,5.7,17167003400,167,Small_DG,2027-09-30,108,54,,planned
ilabp,11.4,17093890602,093,Small_DG,2027-09-19,75,38,,planned
ilabp,6.0,17105960100,105,Small_DG,2027-09-19,106,53,Dwight village,planned
ilabp,24.7,17097866200,097,Small_DG,2026-10-10,58,29,Mettawa village,planned
ilabp,19.36,17119403001,119,Small_DG,2026-09-06,112,56,Edwardsville city,planned
ilabp,5.76,17031817200,031,Small_DG,2026-11-15,7,4,Maywood village,planned
ilabp,10.0,17137951500,137,Small_DG,2027-09-19,99,50,,planned
ilabp,5.0,17143002200,143,Small_DG,2027-09-19,92,46,Peoria city,planned
ilabp,10.0,17019010702,019,Small_DG,2027-09-19,104,52,,planned
ilabp,4.93,17095000400,095,Small_DG,2027-03-18,71,36,Galesburg city,planned
ilabp,6.0,17197884103,197,Small_DG,2027-09-19,85,43,Crest Hill city,planned
ilabp,120.0,17081050600,081,Large_DG,2026-10-24,116,58,Mount Vernon city,planned
ilabp,3.8,17007010300,007,Small_DG,2027-09-19,68,34,Belvidere city,planned
ilabp,11.4,17197880109,197,Small_DG,2027-09-19,85,43,Bolingbrook village,planned
ilabp,5.0,17031826202,031,Small_DG,2027-11-29,33,17,Calumet City city,planned
ilabp,6.0,17105960100,105,Small_DG,2027-09-19,106,53,Dwight village,planned
ilabp,3.8,17031826301,031,Small_DG,2027-09-19,29,15,South Holland village,planned
ilabp,11.375,17179021604,179,Small_DG,2026-10-24,87,44,Morton village,planned
ilabp,3.8,17201000300,201,Small_DG,2026-08-06,67,34,Loves Park city,planned
ilabp,3.8,17031818401,031,Small_DG,2027-09-05,7,4,Hillside village,planned
ilabp,13.6,17119403531,119,Small_DG,2027-09-05,109,55,,planned
ilabp,5.0,17043841504,043,Small_DG,2027-09-05,49,25,West Chicago city,planned
ilabp,7.6,17163504353,163,Small_DG,2027-09-05,109,55,,planned
ilabp,4.94,17031813100,031,Small_DG,2027-08-31,78,39,Oak Park village,planned
ilabp,5.0,17201000402,201,Small_DG,2027-09-05,68,34,,planned
ilabp,3.8,17197883206,197,Small_DG,2028-01-16,86,43,Joliet city,planned
ilabp,10.0,17163504355,163,Small_DG,2027-09-05,114,57,O'Fallon city,planned
ilabp,7.6,17043841802,043,Small_DG,2028-01-30,47,24,,planned
ilabp,11.52,17031804202,031,Small_DG,2026-11-15,52,26,South Barrington village,planned
ilabp,24.7,17119402801,119,Small_DG,2027-09-05,100,50,,planned
ilabp,7.15,17037001500,037,Small_DG,2027-08-31,76,38,,planned
ilabp,5.0,17001000400,001,Small_DG,2027-09-05,99,50,Quincy city,planned
ilabp,7.68,17031829301,031,Small_DG,2026-11-22,80,40,Chicago Heights city,planned
ilabp,3.8,17043841604,043,Small_DG,2027-11-21,49,25,,planned
ilabp,5.51,17197880503,197,Small_DG,2027-11-29,85,43,,planned
ilabp,10.0,17115002402,115,Small_DG,2027-11-29,88,44,,planned
ilabp,7.54,17201004100,201,Small_DG,2027-11-29,90,45,,planned
ilabp,5.0,17031816000,031,Small_DG,2027-11-21,7,4,Forest Park village,planned
ilabp,11.4,17099961702,099,Small_DG,2027-09-19,76,38,,planned
ilabp,7.6,17115002904,115,Small_DG,2027-09-19,88,44,,planned
ilabp,3.0,17043840104,043,Small_DG,2027-09-19,77,39,Addison village,planned
ilabp,18.5,17085020402,085,Small_DG,2027-09-30,89,45,,planned
ilabp,5000.0,17005951400,005,Large_DG,2028-02-05,109,55,,planned
ilabp,4.56,17031825900,031,Small_DG,2028-03-03,34,17,Calumet City city,planned
ilabp,5.0,17043841320,043,Small_DG,2027-09-19,49,25,,planned
ilabp,4.93,17097860811,097,Small_DG,2027-08-31,61,31,,planned
ilabp,6.08,17097865400,097,Small_DG,2026-10-10,58,29,Highland Park city,planned
ilabp,240.0,17031818000,031,Large_DG,2027-01-29,7,4,Broadview village,planned
ilabp,5.0,17115002904,115,Small_DG,2027-09-19,88,44,,planned
ilabp,8.99,17097860103,097,Small_DG,2027-09-19,61,31,Winthrop Harbor village,planned
ilabp,6.0,17053961800,053,Small_DG,2027-09-19,106,53,Paxton city,planned
ilabp,3.48,17111870809,111,Small_DG,2027-09-19,63,32,Prairie Grove village,planned
ilabp,9.28,17143003402,143,Small_DG,2027-09-19,73,37,Mossville CDP,planned
ilabp,6.0,17019001203,019,Small_DG,2028-03-03,104,52,Champaign city,planned
ilabp,8.12,17143003200,143,Small_DG,2027-09-19,73,37,Peoria city,planned
ilabp,7.6,17031826304,031,Small_DG,2028-03-03,29,15,Dolton village,planned
ilabp,3.8,17031804805,031,Small_DG,2027-11-29,44,22,Schaumburg village,planned
ilabp,7.68,17031823801,031,Small_DG,2026-11-15,36,18,,planned
ilabp,7.68,17197883606,197,Small_DG,2026-10-24,79,40,University Park village,planned
ilabp,9.6,17031806001,031,Small_DG,2026-11-15,55,28,,planned
ilabp,10.0,17031630400,031,Small_DG,2027-09-19,1,1,Chicago city,planned
ilabp,5.76,17063000600,063,Small_DG,2027-09-19,106,53,,planned
ilabp,6.0,17103000800,103,Small_DG,2027-09-19,73,37,,planned
ilabp,5.51,17137951400,137,Small_DG,2027-09-19,99,50,,planned
ilabp,9.5,17031100400,031,Small_DG,2026-12-18,55,28,Chicago city,planned
ilabp,6.0,17031821101,031,Small_DG,2027-08-31,32,16,Burbank city,planned
ilabp,12.92,17031818500,031,Small_DG,2026-10-10,7,4,Westchester village,planned
ilabp,4950.0,17097860106,097,Large_DG,2027-07-17,61,31,Zion city,planned
ilabp,4999.0,17113005401,113,Large_DG,2027-08-21,88,44,,planned
ilabp,4950.0,17011965000,011,Large_DG,2028-05-29,76,38,,planned
ilabp,11.4,17143003103,143,Small_DG,2027-09-19,92,46,Peoria city,planned
ilabp,9.28,17163503304,163,Small_DG,2027-09-19,113,57,Belleville city,planned
ilabp,6.0,17197880106,197,Small_DG,2027-09-19,85,43,Bolingbrook village,planned
ilabp,4.06,17071973500,071,Small_DG,2027-09-19,94,47,,planned
ilabp,10.0,17189950400,189,Small_DG,2027-08-31,115,58,,planned
ilabp,5000.0,17031828505,031,Large_DG,2027-07-17,34,17,,planned
ilabp,6.38,17019010400,019,Small_DG,2027-09-19,101,51,,planned
ilabp,12.0,17189950400,189,Small_DG,2027-09-19,115,58,,planned
ilabp,11.4,17031804806,031,Small_DG,2027-09-19,44,22,Hanover Park village,planned
ilabp,7.6,17105960800,105,Small_DG,2027-09-19,106,53,,planned
ilabp,6.0,17111871202,111,Small_DG,2027-09-19,66,33,Crystal Lake city,planned
ilabp,10.15,17111871004,111,Small_DG,2027-09-19,69,35,Marengo city,planned
ilabp,6.0,17021958300,021,Small_DG,2027-09-19,107,54,Taylorville city,planned
ilabp,11.4,17121952400,121,Small_DG,2027-09-19,110,55,,planned
ilabp,5.0,17031828801,031,Small_DG,2027-09-19,30,15,Flossmoor village,planned
ilabp,5.0,17115002902,115,Small_DG,2027-11-21,88,44,,planned
ilabp,5.0,17111870809,111,Small_DG,2027-09-19,63,32,Prairie Grove village,planned
ilabp,10.0,17117956900,117,Small_DG,2027-09-19,108,54,,planned
ilabp,8.12,17147954800,147,Small_DG,2027-09-19,88,44,,planned
ilabp,5.22,17043841607,043,Small_DG,2027-08-31,41,21,Warrenville city,planned
ilabp,10.0,17067954200,067,Small_DG,2027-09-19,94,47,,planned
ilabp,5.8,17117956800,117,Small_DG,2027-08-31,108,54,,planned
ilabp,4.93,17031810900,031,Small_DG,2027-09-19,78,39,Elmwood Park village,planned
ilabp,5.7,17091010800,091,Small_DG,2027-09-19,34,17,,planned
ilabp,2.9,17201001300,201,Small_DG,2027-09-19,68,34,Rockford city,planned
ilabp,10.0,17203030502,203,Small_DG,2027-09-19,73,37,Bay View Gardens village,planned
ilabp,10.0,17091012000,091,Small_DG,2027-09-19,79,40,Bourbonnais village,planned
ilabp,6.0,17097864002,097,Small_DG,2027-09-19,59,30,Mundelein village,planned
ilabp,6.0,17031804607,031,Small_DG,2027-09-19,48,24,Elk Grove Village village,planned
ilabp,10.0,17031804403,031,Small_DG,2027-11-29,43,22,Hoffman Estates village,planned
ilabp,9.28,17043841326,043,Small_DG,2027-08-31,47,24,,planned
ilabp,10.0,17029000100,029,Small_DG,2027-09-19,101,51,,planned
ilabp,10.0,17183010900,183,Small_DG,2027-09-19,102,51,,planned
ilabp,7.25,17133600501,133,Small_DG,2027-09-19,115,58,,planned
ilabp,7.6,17027900500,027,Small_DG,2027-09-19,110,55,,planned
ilabp,6.5,17043841404,043,Small_DG,2027-08-31,47,24,,planned
ilabp,11.4,17093890601,093,Small_DG,2027-09-19,75,38,,planned
ilabp,3.8,17111871205,111,Small_DG,2027-09-19,66,33,Lake in the Hills village,planned
ilabp,7.6,17021958100,021,Small_DG,2027-09-19,96,48,,planned
ilabp,10.0,17111870906,111,Small_DG,2027-09-19,63,32,,planned
ilabp,6.0,17201000514,201,Small_DG,2027-09-19,68,34,Cherry Valley village,planned
ilabp,10.0,17097863904,097,Small_DG,2027-03-18,59,30,Vernon Hills village,planned
ilabp,7.6,17179021603,179,Small_DG,2027-09-19,91,46,,planned
ilabp,5.0,17111871307,111,Small_DG,2027-03-18,63,32,,planned
ilabp,5.0,17031807200,031,Small_DG,2027-03-18,17,9,Skokie village,planned
ilabp,6.0,17091010500,091,Small_DG,2027-03-18,79,40,,planned
ilabp,6.67,17143004500,143,Small_DG,2027-09-19,93,47,,planned
ilabp,7.6,17097860105,097,Small_DG,2027-03-18,61,31,Zion city,planned
ilabp,11.4,17121952400,121,Small_DG,2027-09-19,110,55,,planned
ilabp,5.76,17125956300,125,Small_DG,2027-09-19,94,47,,planned
ilabp,10.0,17201003808,201,Small_DG,2027-09-19,90,45,Machesney Park village,planned
ilabp,10.0,17001000202,001,Small_DG,2027-10-02,99,50,Quincy city,planned
ilabp,6.38,17163503411,163,Small_DG,2027-10-02,112,56,Caseyville village,planned
ilabp,5.8,17093890502,093,Small_DG,2026-10-24,75,38,,planned
ilabp,180.0,17121952300,121,Large_DG,2026-12-31,110,55,,planned
ilabp,10.0,17001010200,001,Small_DG,2027-08-31,94,47,,planned
ilabp,6.0,17143001500,143,Small_DG,2027-02-26,92,46,Peoria city,planned
ilabp,17.664,17163503332,163,Small_DG,2027-09-30,113,57,,planned
ilabp,15.2,17019005701,019,Small_DG,2027-03-18,103,52,Urbana city,planned
ilabp,7.6,17049950600,049,Small_DG,2027-09-19,107,54,,planned
ilabp,8.12,17107953400,107,Small_DG,2027-09-19,87,44,Lincoln city,planned
ilabp,11.4,17073030500,073,Small_DG,2027-09-19,93,47,,planned
ilabp,10.0,17143003800,143,Small_DG,2027-09-19,93,47,,planned
ilabp,5.0,17173959400,173,Small_DG,2027-09-19,107,54,,planned
ilabp,6.0,17081050600,081,Small_DG,2027-09-19,116,58,Mount Vernon city,planned
ilabp,6.0,17055041100,055,Small_DG,2027-09-19,117,59,,planned
ilabp,2.32,17031251600,031,Small_DG,2027-09-19,8,4,Chicago city,planned
ilabp,23.8,17027900601,027,Small_DG,2027-09-19,109,55,,planned
ilabp,5.0,17089853005,089,Small_DG,2027-09-19,83,42,Aurora city,planned
ilabp,3.8,17031827902,031,Small_DG,2027-09-19,34,17,Lansing village,planned
ilabp,5.76,17197880105,197,Small_DG,2027-09-19,98,49,Bolingbrook village,planned
ilabp,3.8,17043842604,043,Small_DG,2027-09-19,47,24,Wheaton city,planned
ilabp,7.25,17111870809,111,Small_DG,2027-09-19,63,32,Prairie Grove village,planned
ilabp,7.98,17031241400,031,Small_DG,2027-08-31,3,2,Chicago city,planned
ilabp,7.6,17197883509,197,Small_DG,2027-09-19,80,40,,planned
ilabp,3.8,17043841606,043,Small_DG,2027-11-29,47,24,Warrenville city,planned
ilabp,10.0,17095000500,095,Small_DG,2027-09-19,71,36,,planned
ilabp,13.6,17029001200,029,Small_DG,2027-09-19,101,51,,planned
ilabp,3.8,17031803607,031,Small_DG,2028-03-10,54,27,Palatine village,planned
ilabp,10.0,17111870813,111,Small_DG,2027-11-21,63,32,,planned
ilabp,5.7,17119403531,119,Small_DG,2027-09-19,109,55,,planned
ilabp,10.0,17031730201,031,Small_DG,2026-11-15,35,18,Chicago city,planned
ilabp,5.0,17097861901,097,Small_DG,2027-09-19,61,31,Beach Park village,planned
ilabp,22.8,17113005102,113,Small_DG,2027-08-31,105,53,,planned
ilabp,7.54,17031826600,031,Small_DG,2027-03-18,28,14,Riverdale village,planned
ilabp,5.76,17031620300,031,Small_DG,2026-11-15,22,11,Chicago city,planned
ilabp,5.76,17043846314,043,Small_DG,2026-11-15,81,41,Woodridge village,planned
ilabp,5.8,17121952400,121,Small_DG,2027-09-19,110,55,,planned
ilabp,3.8,17195000600,195,Small_DG,2027-09-19,73,37,,planned
ilabp,6.96,17031150502,031,Small_DG,2027-09-19,19,10,Chicago city,planned
ilabp,7.6,17201003400,201,Small_DG,2027-11-21,67,34,Rockford city,planned
ilabp,5.0,17187870400,187,Small_DG,2027-11-21,71,36,Monmouth city,planned
ilabp,10.0,17031824702,031,Small_DG,2027-11-21,30,15,Midlothian village,planned
ilabp,23.0,17201000104,201,Small_DG,2026-11-22,67,34,Loves Park city,planned
ilabp,5.0,17031740100,031,Small_DG,2027-11-21,35,18,Chicago city,planned
ilabp,10.0,17131040300,131,Small_DG,2027-11-21,94,47,Aledo city,planned
ilabp,4.56,17031804606,031,Small_DG,2026-10-10,56,28,Elk Grove Village village,planned
ilabp,3.8,17049950800,049,Small_DG,2027-11-21,107,54,,planned
ilabp,22.8,17181950100,181,Small_DG,2027-09-30,118,59,,planned
ilabp,11.4,17143003800,143,Small_DG,2027-11-21,93,47,,planned
ilabp,17.6,17041952400,041,Small_DG,2027-11-21,101,51,,planned
ilabp,10.0,17091012200,091,Small_DG,2027-11-21,79,40,,planned
ilabp,7.6,17201003805,201,Small_DG,2027-11-21,90,45,Machesney Park village,planned
ilabp,6.0,17197880511,197,Small_DG,2027-11-21,98,49,Romeoville village,planned
ilabp,4.93,17097861202,097,Small_DG,2027-11-21,62,31,Round Lake Beach village,planned
ilabp,5.0,17043841206,043,Small_DG,2027-11-21,47,24,Carol Stream village,planned
ilabp,10.15,17063000102,063,Small_DG,2027-11-21,75,38,Channahon village,planned
ilabp,6.0,17201000403,201,Small_DG,2027-11-21,68,34,Rockford city,planned
ilabp,6.5,17163503334,163,Small_DG,2027-02-26,113,57,,planned
ilabp,5.22,17143003602,143,Small_DG,2027-11-21,73,37,Chillicothe city,planned
ilabp,5.76,17157951300,157,Small_DG,2027-11-29,115,58,,planned
ilabp,13.6,17037000200,037,Small_DG,2027-11-29,89,45,,planned
ilabp,7.6,17097864001,097,Small_DG,2027-11-29,52,26,Mundelein village,planned
ilabp,4950.0,17093890401,093,Large_DG,2027-12-04,75,38,,planned
ilabp,4.64,17093890602,093,Small_DG,2027-11-07,75,38,,planned
ilabp,3.84,17031830201,031,Small_DG,2026-11-15,80,40,Richton Park village,planned
ilabp,10.0,17089853401,089,Small_DG,2027-11-29,50,25,Aurora city,planned
ilabp,5.8,17031825802,031,Small_DG,2027-11-21,29,15,Calumet City city,planned
ilabp,5.8,17163503903,163,Small_DG,2027-06-30,114,57,,planned
ilabp,5.76,17179021203,179,Small_DG,2027-11-29,91,46,East Peoria city,planned
ilabp,499.0,17097861504,097,Large_DG,2027-06-30,59,30,Waukegan city,planned
ilabp,5.76,17031824505,031,Small_DG,2027-11-29,28,14,Oak Forest city,planned
ilabp,480.0,17097860811,097,Large_DG,2027-06-30,61,31,,planned
ilabp,480.0,17103000300,103,Large_DG,2027-06-30,74,37,Dixon city,planned
ilabp,5.0,17067954300,067,Small_DG,2027-11-29,94,47,,planned
ilabp,10.0,17057953600,057,Small_DG,2027-11-29,94,47,Canton city,planned
ilabp,5.12,17119402805,119,Small_DG,2027-06-30,100,50,,planned
ilabp,5.76,17031813600,031,Small_DG,2027-03-18,21,11,Cicero town,planned
ilabp,3.8,17197883401,197,Small_DG,2027-03-18,80,40,Wilmington city,planned
ilabp,9.88,17163501605,163,Small_DG,2027-11-29,113,57,Belleville city,planned
ilabp,6.0,17093890301,093,Small_DG,2027-11-21,83,42,,planned
ilabp,6.0,17149952500,149,Small_DG,2027-03-18,100,50,,planned
ilabp,10.0,17163502800,163,Small_DG,2027-11-29,114,57,Centreville city,planned
ilabp,4.35,17029000300,029,Small_DG,2027-11-29,101,51,,planned
ilabp,23.0,17031805108,031,Small_DG,2026-12-05,53,27,Mount Prospect village,planned
ilabp,7.6,17119402722,119,Small_DG,2027-11-21,100,50,Godfrey village,planned
ilabp,9.28,17163503203,163,Small_DG,2027-09-30,114,57,,planned
ilabp,3.8,17007010101,007,Small_DG,2027-11-21,68,34,Belvidere city,planned
ilabp,24.0,17049950300,049,Small_DG,2028-03-03,107,54,,planned
ilabp,10.0,17007010101,007,Small_DG,2027-11-29,68,34,Belvidere city,planned
ilabp,3.8,17195001300,195,Small_DG,2027-03-04,74,37,Sterling city,planned
ilabp,5.2,17089852001,089,Small_DG,2027-09-30,65,33,,planned
ilabp,5.76,17097864106,097,Small_DG,2027-11-21,52,26,Mundelein village,planned
ilabp,10.44,17085020102,085,Small_DG,2027-11-29,89,45,,planned
ilabp,7.6,17167003901,167,Small_DG,2027-11-21,95,48,,planned
ilabp,21.46,17137951400,137,Small_DG,2027-11-29,99,50,,planned
ilabp,10.0,17073030400,073,Small_DG,2027-11-29,73,37,,planned
ilabp,5.0,17049950400,049,Small_DG,2027-11-29,110,55,,planned
ilabp,10.0,17099961701,099,Small_DG,2027-11-21,75,38,Lake Holiday CDP,planned
ilabp,16.0,17021958100,021,Small_DG,2027-09-30,96,48,,planned
ilabp,15.2,17037001800,037,Small_DG,2027-11-29,74,37,,planned
ilabp,7.6,17031801606,031,Small_DG,2027-11-21,57,29,,planned
ilabp,3.0,17183010600,183,Small_DG,2027-11-21,104,52,,planned
ilabp,5.76,17031770602,031,Small_DG,2027-11-29,56,28,Des Plaines city,planned
ilabp,15.2,17031801500,031,Small_DG,2027-09-30,57,29,Northbrook village,planned
ilabp,6.282,17043846304,043,Small_DG,2027-09-30,81,41,,planned
ilabp,11.5,17031804308,031,Small_DG,2027-01-02,44,22,Schaumburg village,planned
ilabp,23.0,17031811200,031,Small_DG,2027-01-02,77,39,River Grove village,planned
ilabp,23.0,17031827805,031,Small_DG,2026-11-15,29,15,South Holland village,planned
ilabp,5.76,17097864109,097,Small_DG,2026-12-05,52,26,,planned
ilabp,5.0,17197883307,197,Small_DG,2027-11-21,86,43,,planned
ilabp,3.8,17031020802,031,Small_DG,2027-11-29,16,8,Chicago city,planned
ilabp,6.0,17037000600,037,Small_DG,2027-11-21,70,35,Sycamore city,planned
ilabp,10.0,17031806102,031,Small_DG,2027-11-29,56,28,Des Plaines city,planned
ilabp,11.4,17163503102,163,Small_DG,2027-11-29,114,57,,planned
ilabp,9.28,17113001200,113,Small_DG,2027-11-29,91,46,Bloomington city,planned
ilabp,5.0,17115001900,115,Small_DG,2027-11-29,96,48,Decatur city,planned
ilabp,7.6,17187870300,187,Small_DG,2027-09-30,71,36,,planned
ilabp,5.76,17043843200,043,Small_DG,2027-11-29,46,23,Villa Park village,planned
ilabp,3.77,17179022100,179,Small_DG,2028-02-19,91,46,,planned
ilabp,5.0,17111870103,111,Small_DG,2027-11-21,69,35,,planned
ilabp,7.54,17163503404,163,Small_DG,2027-06-04,112,56,,planned
ilabp,10.0,17157951000,157,Small_DG,2027-03-04,115,58,,planned
ilabp,3.8,17197880509,197,Small_DG,2027-11-29,85,43,Romeoville village,planned
ilabp,3.8,17089850710,089,Small_DG,2027-03-04,70,35,,planned
ilabp,5.76,17031804804,031,Small_DG,2027-11-29,56,28,Schaumburg village,planned
ilabp,15.0,17119402701,119,Small_DG,2027-09-30,100,50,Godfrey village,planned
ilabp,5.0,17031827400,031,Small_DG,2027-09-30,30,15,Harvey city,planned
ilabp,10.0,17031805105,031,Small_DG,2027-08-05,53,27,Rolling Meadows city,planned
ilabp,10.0,17119402721,119,Small_DG,2027-11-21,100,50,Godfrey village,planned
ilabp,4.64,17089850106,089,Small_DG,2027-03-04,66,33,,planned
ilabp,8.12,17095001200,095,Small_DG,2027-11-29,71,36,,planned
ilabp,7.6,17031660500,031,Small_DG,2027-11-21,1,1,Chicago city,planned
ilabp,15.2,17001010200,001,Small_DG,2027-11-29,94,47,,planned
ilabp,5.0,17043846515,043,Small_DG,2027-03-04,84,42,Aurora city,planned
ilabp,3.8,17031824300,031,Small_DG,2027-11-21,28,14,Robbins village,planned
ilabp,9.86,17089850705,089,Small_DG,2026-10-10,70,35,Hampshire village,planned
ilabp,7.6,17007010502,007,Small_DG,2027-11-21,69,35,,planned
ilabp,5.0,17081050300,081,Small_DG,2027-11-21,116,58,,planned
ilabp,3.8,17031250500,031,Small_DG,2027-11-21,78,39,Chicago city,planned
ilabp,4.06,17031810502,031,Small_DG,2027-03-04,20,10,Norridge village,planned
ilabp,10.0,17141960800,141,Small_DG,2027-11-21,89,45,,planned
ilabp,10.0,17197884004,197,Small_DG,2027-11-21,79,40,,planned
ilabp,10.0,17197880425,197,Small_DG,2027-11-21,98,49,,planned
ilabp,10.0,17197881005,197,Small_DG,2027-11-21,37,19,Homer Glen village,planned
ilabp,3.8,17157951300,157,Small_DG,2027-11-21,115,58,,planned
ilabp,10.0,17097864516,097,Small_DG,2027-03-04,59,30,Buffalo Grove village,planned
ilabp,10.0,17179021500,179,Small_DG,2026-10-10,87,44,,planned
ilabp,5.0,17027900100,027,Small_DG,2027-11-21,109,55,,planned
ilabp,6.0,17043841207,043,Small_DG,2027-11-29,46,23,Glendale Heights village,planned
ilabp,20.0,17089850711,089,Small_DG,2027-11-29,65,33,,planned
ilabp,5.76,17031820700,031,Small_DG,2027-11-29,2,1,Stickney village,planned
ilabp,17.6,17179021702,179,Small_DG,2026-11-15,87,44,,planned
ilabp,19.0,17179021900,179,Small_DG,2026-11-22,87,44,,planned
ilabp,7.25,17043845703,043,Small_DG,2027-05-19,81,41,Downers Grove village,planned
ilabp,19.0,17197880426,197,Small_DG,2028-03-03,98,49,Romeoville village,planned
ilabp,7.6,17169970100,169,Small_DG,2026-10-24,94,47,,planned
ilabp,3.8,17073030100,073,Small_DG,2026-09-06,71,36,Colona city,planned
ilabp,11.5,17031805002,031,Small_DG,2026-11-15,53,27,Mount Prospect village,planned
ilabp,3.8,17031661000,031,Small_DG,2027-11-29,32,16,Chicago city,planned
ilabp,3.8,17201000101,201,Small_DG,2027-11-29,90,45,Machesney Park village,planned
ilabp,3.0,17093890201,093,Small_DG,2027-11-29,84,42,Boulder Hill CDP,planned
ilabp,11.4,17163502602,163,Small_DG,2027-11-29,114,57,Cahokia village,planned
ilabp,6.0,17179020500,179,Small_DG,2027-11-29,93,47,Marquette Heights city,planned
ilabp,7.6,17089853402,089,Small_DG,2027-11-29,50,25,Aurora city,planned
ilabp,9.28,17031809000,031,Small_DG,2027-02-07,17,9,Evanston city,planned
ilabp,10.0,17051951000,051,Small_DG,2026-11-22,110,55,,planned
ilabp,7.6,17019005401,019,Small_DG,2027-11-29,103,52,,planned
ilabp,5.0,17111871105,111,Small_DG,2027-11-29,66,33,Crystal Lake city,planned
ilabp,15.2,17143003800,143,Small_DG,2027-11-29,93,47,,planned
ilabp,11.5,17201003708,201,Small_DG,2027-01-02,68,34,Rockford city,planned
ilabp,17.28,17031821001,031,Small_DG,2027-01-02,22,11,Burbank city,planned
ilabp,15.2,17189950100,189,Small_DG,2026-12-05,109,55,,planned
ilabp,11.5,17093890402,093,Small_DG,2026-11-22,75,38,Yorkville city,planned
ilabp,10.0,17031550100,031,Small_DG,2026-12-05,33,17,Chicago city,planned
ilabp,9.88,17043844002,043,Small_DG,2026-10-10,45,23,Elmhurst city,planned
ilabp,5.0,17179020301,179,Small_DG,2027-11-29,87,44,,planned
ilabp,3.8,17029000701,029,Small_DG,2027-11-29,101,51,,planned
ilabp,15.2,17043846522,043,Small_DG,2026-10-24,41,21,Naperville city,planned
ilabp,6.0,17083010500,083,Small_DG,2026-11-15,100,50,,planned
ilabp,10.0,17051950700,051,Small_DG,2027-11-29,110,55,,planned
ilabp,10.0,17199020201,199,Small_DG,2027-01-02,118,59,Carterville city,planned
ilabp,10.0,17001010302,001,Small_DG,2027-11-29,100,50,,planned
ilabp,3.8,17043841313,043,Small_DG,2027-11-29,49,25,,planned
ilabp,6.0,17201000104,201,Small_DG,2027-11-29,67,34,Loves Park city,planned
ilabp,3.48,17109010700,109,Small_DG,2027-11-29,94,47,,planned
ilabp,10.0,17017960200,017,Small_DG,2027-11-29,99,50,,planned
ilabp,6.0,17049950600,049,Small_DG,2026-12-05,107,54,,planned
ilabp,7.6,17177001000,177,Small_DG,2026-11-22,90,45,Freeport city,planned
ilabp,11.4,17167003702,167,Small_DG,2027-11-29,108,54,,planned
ilabp,6.0,17103000500,103,Small_DG,2027-11-29,74,37,,planned
ilabp,5.8,17143003601,143,Small_DG,2027-11-29,73,37,Rome CDP,planned
ilabp,5000.0,17095000400,095,Large_DG,2029-09-03,71,36,Galesburg city,planned
ilabp,3.8,17031823400,031,Small_DG,2027-11-29,27,14,Alsip village,planned
ilabp,10.0,17031804712,031,Small_DG,2027-11-29,44,22,Schaumburg village,planned
ilabp,7.6,17091010601,091,Small_DG,2027-01-17,79,40,,planned
ilabp,13.06,17043841705,043,Small_DG,2026-10-10,46,23,,planned
ilabp,13.8,17063000800,063,Small_DG,2027-01-17,106,53,,planned
ilabp,15.2,17019010901,019,Small_DG,2027-01-17,101,51,,planned
ilabp,15.0,17039971600,039,Small_DG,2027-01-17,87,44,,planned
ilabp,5.8,17043846408,043,Small_DG,2027-11-29,50,25,Aurora city,planned
ilabp,7.6,17031650200,031,Small_DG,2027-11-29,22,11,Chicago city,planned
ilabp,11.4,17043840907,043,Small_DG,2026-10-10,46,23,Bloomingdale village,planned
ilabp,12.0,17097865300,097,Small_DG,2026-10-10,58,29,Highland Park city,planned
ilabp,7.6,17201000300,201,Small_DG,2027-11-29,67,34,Loves Park city,planned
ilabp,5.7,17197880430,197,Small_DG,2027-11-29,97,49,Joliet city,planned
ilabp,6.0,17031803300,031,Small_DG,2027-11-29,54,27,Arlington Heights village,planned
ilabp,6.96,17095001500,095,Small_DG,2027-11-29,94,47,,planned
ilabp,5.22,17167001600,167,Small_DG,2027-11-29,96,48,Springfield city,planned
ilabp,6.0,17183010100,183,Small_DG,2027-11-29,101,51,,planned
ilabp,3.8,17031810501,031,Small_DG,2027-11-29,20,10,Norridge village,planned
ilabp,8.12,17063000700,063,Small_DG,2027-11-29,106,53,,planned
ilabp,3.8,17099963700,099,Small_DG,2027-11-29,106,53,,planned
ilabp,10.15,17119401721,119,Small_DG,2027-11-29,111,56,Bethalto village,planned
ilabp,7.6,17137951600,137,Small_DG,2027-11-29,99,50,Jacksonville city,planned
ilabp,3.8,17043843200,043,Small_DG,2027-11-29,46,23,Villa Park village,planned
ilabp,7.54,17179021701,179,Small_DG,2026-10-10,87,44,,planned
ilabp,5.76,17043841206,043,Small_DG,2026-10-10,47,24,Carol Stream village,planned
ilabp,3.8,17183000700,183,Small_DG,2027-11-29,104,52,,planned
ilabp,7.6,17113005501,113,Small_DG,2027-11-29,88,44,,planned
ilabp,3.48,17187870400,187,Small_DG,2027-03-18,71,36,Monmouth city,planned
ilabp,5.0,17031805105,031,Small_DG,2027-11-29,53,27,Rolling Meadows city,planned
ilabp,10.0,17157951300,157,Small_DG,2027-11-29,115,58,,planned
ilabp,3.8,17031824116,031,Small_DG,2027-11-29,35,18,Orland Park village,planned
ilabp,3.8,17031811100,031,Small_DG,2027-11-29,77,39,River Grove village,planned
ilabp,10.0,17019001204,019,Small_DG,2027-11-29,104,52,Champaign city,planned
ilabp,5.76,17089852806,089,Small_DG,2027-11-29,50,25,,planned
ilabp,6.0,17103000100,103,Small_DG,2027-11-29,74,37,,planned
ilabp,3.8,17031740300,031,Small_DG,2027-11-29,35,18,Chicago city,planned
ilabp,16.0,17117956800,117,Small_DG,2027-02-21,108,54,,planned
ilabp,6.0,17019001201,019,Small_DG,2027-11-29,103,52,Champaign city,planned
ilabp,5.0,17061973600,061,Small_DG,2027-11-29,100,50,,planned
ilabp,5.0,17043840202,043,Small_DG,2027-11-07,48,24,Addison village,planned
ilabp,5.0,17031640300,031,Small_DG,2027-11-21,22,11,Chicago city,planned
ilabp,4.93,17177001100,177,Small_DG,2027-03-04,90,45,Freeport city,planned
ilabp,7.6,17105960100,105,Small_DG,2027-11-29,106,53,Dwight village,planned
ilabp,4.64,17109010300,109,Small_DG,2027-11-29,71,36,,planned
ilabp,5.7,17031817101,031,Small_DG,2026-11-15,7,4,Bellwood village,planned
ilabp,23.0,17201003602,201,Small_DG,2026-12-18,67,34,Rockford city,planned
ilabp,10.0,17097861013,097,Small_DG,2026-10-24,64,32,Lake Villa village,planned
ilabp,7.6,17201000515,201,Small_DG,2027-11-29,68,34,Rockford city,planned
ilabp,5.76,17097861902,097,Small_DG,2027-11-29,60,30,Waukegan city,planned
ilabp,5.0,17031825304,031,Small_DG,2027-11-29,28,14,Tinley Park village,planned
ilabp,11.4,17163503323,163,Small_DG,2027-11-29,113,57,Swansea village,planned
ilabp,5.0,17031828701,031,Small_DG,2028-03-10,29,15,Glenwood village,planned
ilabp,13.6,17021958300,021,Small_DG,2027-11-29,107,54,Taylorville city,planned
ilabp,10.0,17199020100,199,Small_DG,2027-11-29,118,59,,planned
ilabp,7.6,17093890501,093,Small_DG,2027-11-21,75,38,Plano city,planned
ilabp,3.8,17031817200,031,Small_DG,2027-11-29,7,4,Maywood village,planned
ilabp,10.0,17201004300,201,Small_DG,2026-11-15,89,45,,planned
ilabp,5.76,17031818600,031,Small_DG,2027-11-29,21,11,La Grange Park village,planned
ilabp,8.0,17031804710,031,Small_DG,2027-04-16,44,22,Schaumburg village,planned
ilabp,5.0,17019005300,019,Small_DG,2027-11-29,103,52,Urbana city,planned
ilabp,5.76,17043841204,043,Small_DG,2027-11-29,46,23,Glendale Heights village,planned
ilabp,3.8,17099962100,099,Small_DG,2027-11-29,74,37,,planned
ilabp,11.4,17089851911,089,Small_DG,2026-10-10,66,33,Elgin city,planned
ilabp,6.0,17067953900,067,Small_DG,2027-11-29,94,47,,planned
ilabp,8.12,17097860805,097,Small_DG,2027-11-29,64,32,,planned
ilabp,6.0,17007010502,007,Small_DG,2027-01-02,69,35,,planned
ilabp,7.6,17097864407,097,Small_DG,2028-01-30,51,26,,planned
ilabp,11.31,17133600402,133,Small_DG,2027-11-29,115,58,,planned
ilabp,22.8,17143004000,143,Small_DG,2027-11-29,93,47,,planned
ilabp,7.6,17107953600,107,Small_DG,2027-11-29,87,44,,planned
ilabp,3.8,17089852806,089,Small_DG,2027-11-29,50,25,,planned
ilabp,6.0,17197880430,197,Small_DG,2027-11-29,97,49,Joliet city,planned
ilabp,11.02,17195000900,195,Small_DG,2027-11-29,74,37,,planned
ilabp,3.8,17007010601,007,Small_DG,2027-11-29,69,35,,planned
ilabp,11.4,17163503907,163,Small_DG,2027-11-29,113,57,Shiloh village,planned
ilabp,3.8,17015960300,015,Small_DG,2027-11-29,89,45,,planned
ilabp,5.0,17067954300,067,Small_DG,2027-11-29,94,47,,planned
ilabp,4.93,17031816300,031,Small_DG,2027-11-29,77,39,Melrose Park village,planned
ilabp,10.0,17115001400,115,Small_DG,2027-11-29,88,44,Decatur city,planned
ilabp,5.0,17031827801,031,Small_DG,2027-11-29,29,15,South Holland village,planned
ilabp,3.8,17197880113,197,Small_DG,2027-11-29,85,43,Bolingbrook village,planned
ilabp,7.6,17099961702,099,Small_DG,2027-11-29,76,38,,planned
ilabp,13.6,17175951500,175,Small_DG,2027-11-29,93,47,,planned
ilabp,9.88,17125956400,125,Small_DG,2027-01-17,94,47,,planned
ilabp,8.99,17119402721,119,Small_DG,2027-11-29,100,50,Godfrey village,planned
ilabp,11.4,17107952900,107,Small_DG,2027-11-29,87,44,,planned
ilabp,7.6,17093890402,093,Small_DG,2027-11-29,75,38,Yorkville city,planned
ilabp,3.8,17021958900,021,Small_DG,2027-01-02,107,54,Pana city,planned
ilabp,3.8,17031803611,031,Small_DG,2027-11-29,54,27,Palatine village,planned
ilabp,3.8,17201003706,201,Small_DG,2027-11-29,67,34,,planned
ilabp,7.6,17043846311,043,Small_DG,2027-11-29,85,43,Woodridge village,planned
ilabp,5.0,17031808301,031,Small_DG,2027-11-29,15,8,Morton Grove village,planned
ilabp,3.8,17031827801,031,Small_DG,2027-11-29,29,15,South Holland village,planned
ilabp,6.0,17197880202,197,Small_DG,2027-11-29,85,43,Romeoville village,planned
ilabp,10.0,17031824800,031,Small_DG,2027-11-29,30,15,Posen village,planned
ilabp,5.76,17031460500,031,Small_DG,2027-11-29,33,17,Chicago city,planned
ilabp,11.5,17097860600,097,Small_DG,2027-01-02,61,31,Beach Park village,planned
ilabp,3.8,17179020500,179,Small_DG,2027-11-29,93,47,Marquette Heights city,planned
ilabp,6.0,17031815200,031,Small_DG,2027-11-21,2,1,Berwyn city,planned
ilabp,1620.0,17201000300,201,Large_DG,2026-12-05,67,34,Loves Park city,planned
ilabp,11.4,17177000300,177,Small_DG,2027-11-29,89,45,,planned
ilabp,320.0,17031822301,031,Large_DG,2026-11-22,31,16,Oak Lawn village,planned
ilabp,11.4,17093890402,093,Small_DG,2027-11-29,75,38,Yorkville city,planned
ilabp,5.0,17031804714,031,Small_DG,2027-11-29,44,22,Hoffman Estates village,planned
ilabp,7.6,17089854509,089,Small_DG,2027-11-29,83,42,Sugar Grove village,planned
ilabp,7.54,17109010402,109,Small_DG,2027-11-29,71,36,Macomb city,planned
ilabp,10.0,17067954100,067,Small_DG,2027-11-29,94,47,Hamilton city,planned
ilabp,7.6,17037001700,037,Small_DG,2027-11-29,70,35,,planned
ilabp,7.6,17031823704,031,Small_DG,2027-11-29,82,41,Hickory Hills city,planned
ilabp,16.0,17031824507,031,Small_DG,2027-11-29,28,14,,planned
ilabp,10.0,17115002902,115,Small_DG,2027-11-29,88,44,,planned
ilabp,16.53,17097860906,097,Small_DG,2026-09-27,64,32,,planned
ilabp,3.8,17089850301,089,Small_DG,2027-11-29,43,22,,planned
ilabp,5.76,17031770602,031,Small_DG,2027-11-29,56,28,Des Plaines city,planned
ilabp,10.0,17045070400,045,Small_DG,2027-11-29,102,51,Paris city,planned
ilabp,5.0,17033880500,033,Small_DG,2027-11-29,102,51,,planned
ilabp,12.76,17167002500,167,Small_DG,2027-11-29,96,48,Springfield city,planned
ilabp,11.4,17163504001,163,Small_DG,2027-11-29,114,57,,planned
ilabp,5.0,17031814500,031,Small_DG,2027-11-29,2,1,Cicero town,planned
ilabp,5.7,17197880112,197,Small_DG,2027-11-29,85,43,Bolingbrook village,planned
ilabp,5.76,17031804305,031,Small_DG,2027-11-29,44,22,Streamwood village,planned
ilabp,10.0,17097864108,097,Small_DG,2027-11-29,59,30,Mundelein village,planned
ilabp,250.0,17197881604,197,Large_DG,2027-01-02,98,49,Joliet city,planned
ilabp,400.0,17197882801,197,Large_DG,2027-01-17,86,43,Joliet city,planned
ilabp,400.0,17097861803,097,Large_DG,2027-02-07,61,31,Waukegan city,planned
ilabp,450.0,17031824106,031,Large_DG,2027-01-02,27,14,Orland Park village,planned
ilabp,360.0,17031825303,031,Large_DG,2027-01-02,28,14,Tinley Park village,planned
ilabp,270.0,17031829500,031,Large_DG,2027-01-02,80,40,South Chicago Heights village,planned
ilabp,400.0,17197881112,197,Large_DG,2027-01-02,80,40,New Lenox village,planned
ilabp,300.0,17043842900,043,Large_DG,2027-01-02,45,23,Elmhurst city,planned
ilabp,220.0,17097860200,097,Large_DG,2027-01-02,61,31,Zion city,planned
ilabp,170.0,17031803800,031,Large_DG,2027-01-02,51,26,Palatine village,planned
ilabp,320.0,17097860806,097,Large_DG,2027-01-02,64,32,Antioch village,planned
ilabp,360.0,17031805111,031,Large_DG,2027-01-02,56,28,Mount Prospect village,planned
ilabp,400.0,17197880123,197,Large_DG,2027-01-02,85,43,Bolingbrook village,planned
ilabp,7.6,17199021200,199,Small_DG,2028-01-16,118,59,Marion city,planned
ilabp,13.3,17201003601,201,Small_DG,2028-01-16,67,34,Rockford city,planned
ilabp,11.5,17037001800,037,Small_DG,2027-01-02,74,37,,planned
ilabp,10.0,17111870704,111,Small_DG,2027-11-29,64,32,Pistakee Highlands CDP,planned
ilabp,3.8,17007010603,007,Small_DG,2027-11-29,90,45,,planned
ilabp,11.02,17109010402,109,Small_DG,2027-11-29,71,36,Macomb city,planned
ilabp,11.02,17109010300,109,Small_DG,2027-11-29,71,36,,planned
ilabp,15.2,17053961800,053,Small_DG,2028-01-16,106,53,Paxton city,planned
ilabp,5.0,17197883809,197,Small_DG,2028-01-16,29,15,Crete village,planned
ilabp,8.7,17181950400,181,Small_DG,2028-01-16,118,59,Anna city,planned
ilabp,4.64,17143003000,143,Small_DG,2028-01-16,92,46,Peoria city,planned
ilabp,7.83,17119400904,119,Small_DG,2028-01-16,111,56,Granite City city,planned
ilabp,7.6,17119401000,119,Small_DG,2028-01-16,111,56,Roxana village,planned
ilabp,6.0,17201000103,201,Small_DG,2028-01-16,90,45,Machesney Park village,planned
ilabp,5.76,17095000300,095,Small_DG,2028-01-16,71,36,,planned
ilabp,5.0,17031822602,031,Small_DG,2028-01-16,36,18,Oak Lawn village,planned
ilabp,5.0,17201003805,201,Small_DG,2028-01-16,90,45,Machesney Park village,planned
ilabp,10.0,17001001002,001,Small_DG,2028-01-16,99,50,Quincy city,planned
ilabp,4.35,17143003602,143,Small_DG,2028-01-16,73,37,Chillicothe city,planned
ilabp,7.6,17143003404,143,Small_DG,2028-01-16,73,37,Peoria city,planned
ilabp,10.0,17031580100,031,Small_DG,2028-01-16,24,12,Chicago city,planned
ilabp,20.0,17179022200,179,Small_DG,2028-01-16,91,46,,planned
ilabp,8.12,17179021203,179,Small_DG,2028-01-16,91,46,East Peoria city,planned
ilabp,7.6,17197880508,197,Small_DG,2028-01-16,85,43,,planned
ilabp,5.76,17195000700,195,Small_DG,2028-01-16,73,37,,planned
ilabp,6.0,17031700301,031,Small_DG,2028-01-16,32,16,Chicago city,planned
ilabp,4.64,17031480400,031,Small_DG,2028-01-16,33,17,Chicago city,planned
ilabp,7.6,17095000400,095,Small_DG,2028-01-16,71,36,Galesburg city,planned
ilabp,5.76,17031814500,031,Small_DG,2027-11-21,2,1,Cicero town,planned
ilabp,3.8,17031808100,031,Small_DG,2028-01-16,15,8,Niles village,planned
ilabp,4.06,17001001002,001,Small_DG,2028-01-16,99,50,Quincy city,planned
ilabp,18.62,17119400903,119,Small_DG,2028-01-16,112,56,Pontoon Beach village,planned
ilabp,7.6,17031826301,031,Small_DG,2028-01-16,29,15,South Holland village,planned
ilabp,6.96,17143002701,143,Small_DG,2028-01-16,92,46,Peoria city,planned
ilabp,3.8,17031820902,031,Small_DG,2028-01-16,22,11,Burbank city,planned
ilabp,5.0,17031804902,031,Small_DG,2028-01-16,53,27,Des Plaines city,planned
ilabp,7.6,17197881105,197,Small_DG,2028-01-16,37,19,,planned
ilabp,3.8,17031816402,031,Small_DG,2028-01-16,77,39,Melrose Park village,planned
ilabp,5.76,17089854200,089,Small_DG,2028-01-16,50,25,Aurora city,planned
ilabp,7.6,17115002200,115,Small_DG,2028-01-16,88,44,,planned
ilabp,6.09,17031691400,031,Small_DG,2028-01-16,32,16,Chicago city,planned
ilabp,5.76,17201003904,201,Small_DG,2028-01-16,90,45,Roscoe village,planned
ilabp,10.0,17095000500,095,Small_DG,2028-01-16,71,36,,planned
ilabp,5.0,17197883902,197,Small_DG,2028-01-16,29,15,Beecher village,planned
ilabp,7.6,17161020102,161,Small_DG,2028-01-16,73,37,,planned
ilabp,3.8,17031815200,031,Small_DG,2028-01-16,2,1,Berwyn city,planned
ilabp,3.8,17031830008,031,Small_DG,2028-01-16,38,19,Richton Park village,planned
ilabp,10.0,17119402300,119,Small_DG,2028-01-16,111,56,Alton city,planned
ilabp,5.0,17201000103,201,Small_DG,2028-01-16,90,45,Machesney Park village,planned
ilabp,3.8,17163501801,163,Small_DG,2028-01-16,113,57,Belleville city,planned
ilabp,7.6,17183000700,183,Small_DG,2028-01-16,104,52,,planned
ilabp,11.5,17179020302,179,Small_DG,2027-01-02,87,44,East Peoria city,planned
ilabp,6.0,17201004200,201,Small_DG,2028-01-16,89,45,,planned
ilabp,6.98,17031805501,031,Small_DG,2027-04-02,55,28,Park Ridge city,planned
ilabp,3.49,17031805501,031,Small_DG,2027-04-02,55,28,Park Ridge city,planned
ilabp,3.8,17097860500,097,Small_DG,2028-01-16,61,31,Zion city,planned
ilabp,5.76,17031820501,031,Small_DG,2028-01-16,31,16,Justice village,planned
ilabp,3.77,17179021101,179,Small_DG,2028-01-16,93,47,Pekin city,planned
ilabp,7.6,17203030502,203,Small_DG,2028-01-16,73,37,Bay View Gardens village,planned
ilabp,7.6,17139976900,139,Small_DG,2028-01-16,107,54,,planned
ilabp,10.0,17163503304,163,Small_DG,2028-01-16,113,57,Belleville city,planned
ilabp,5.0,17179021802,179,Small_DG,2028-01-16,93,47,,planned
ilabp,5.76,17201002100,201,Small_DG,2028-01-16,67,34,Rockford city,planned
ilabp,10.0,17019001203,019,Small_DG,2028-01-16,104,52,Champaign city,planned
ilabp,5.76,17197880503,197,Small_DG,2028-01-16,85,43,,planned
ilabp,7.6,17031804714,031,Small_DG,2028-01-16,44,22,Hoffman Estates village,planned
ilabp,3.8,17043842400,043,Small_DG,2028-01-16,42,21,Wheaton city,planned
ilabp,6.09,17119402701,119,Small_DG,2028-01-16,100,50,Godfrey village,planned
ilabp,7.6,17119400802,119,Small_DG,2028-01-16,111,56,Granite City city,planned
ilabp,3.19,17015960300,015,Small_DG,2027-11-21,89,45,,planned
ilabp,3.8,17115001900,115,Small_DG,2028-01-16,96,48,Decatur city,planned
ilabp,2.9,17031430400,031,Small_DG,2026-10-24,26,13,Chicago city,planned
ilabp,2.9,17179021202,179,Small_DG,2028-01-16,91,46,East Peoria city,planned
ilabp,8.12,17119401300,119,Small_DG,2028-01-16,111,56,East Alton village,planned
ilabp,4.35,17119403801,119,Small_DG,2028-01-16,109,55,,planned
ilabp,10.0,17019001203,019,Small_DG,2028-01-16,104,52,Champaign city,planned
ilabp,7.6,17187870400,187,Small_DG,2028-01-16,71,36,Monmouth city,planned
ilabp,3.0,17007010300,007,Small_DG,2028-01-16,68,34,Belvidere city,planned
ilabp,3.77,17001000100,001,Small_DG,2026-10-24,99,50,Quincy city,planned
ilabp,5.76,17031827801,031,Small_DG,2028-01-16,29,15,South Holland village,planned
ilabp,6.0,17031805902,031,Small_DG,2026-10-10,55,28,Park Ridge city,planned
ilabp,11.52,17031824800,031,Small_DG,2028-01-16,30,15,Posen village,planned
ilabp,6.0,17099963900,099,Small_DG,2027-01-17,106,53,,planned
ilabp,8.12,17167003300,167,Small_DG,2028-01-16,108,54,,planned
ilabp,6.09,17179020302,179,Small_DG,2028-01-16,87,44,East Peoria city,planned
ilabp,8.7,17011965100,011,Small_DG,2028-01-16,76,38,,planned
ilabp,10.0,17179021500,179,Small_DG,2028-01-16,87,44,,planned
ilabp,3.8,17011965000,011,Small_DG,2028-01-16,76,38,,planned
ilabp,5.8,17179021801,179,Small_DG,2028-01-16,93,47,,planned
ilabp,15.2,17183010300,183,Small_DG,2028-01-16,101,51,,planned
ilabp,6.38,17067954100,067,Small_DG,2028-01-16,94,47,Hamilton city,planned
ilabp,13.6,17019001206,019,Small_DG,2028-01-16,104,52,,planned
ilabp,3.77,17001000100,001,Small_DG,2026-10-24,99,50,Quincy city,planned
ilabp,7.6,17183011000,183,Small_DG,2028-01-16,102,51,,planned
ilabp,2.9,17031430800,031,Small_DG,2026-10-24,26,13,Chicago city,planned
ilabp,11.5,17097860905,097,Small_DG,2027-01-02,64,32,,planned
ilabp,7.6,17043841206,043,Small_DG,2028-01-16,47,24,Carol Stream village,planned
ilabp,5.0,17143004400,143,Small_DG,2027-03-18,92,46,West Peoria city,planned
ilabp,10.0,17187870400,187,Small_DG,2028-01-16,71,36,Monmouth city,planned
ilabp,10.0,17099963700,099,Small_DG,2028-01-16,106,53,,planned
ilabp,7.68,17031805501,031,Small_DG,2027-07-06,55,28,Park Ridge city,planned
ilabp,11.88,17031805501,031,Small_DG,2027-07-21,55,28,Park Ridge city,planned
ilabp,8.7,17119403531,119,Small_DG,2026-10-24,109,55,,planned
ilabp,10.0,17041952000,041,Small_DG,2028-01-16,101,51,,planned
ilabp,7.6,17055040100,055,Small_DG,2028-01-16,116,58,,planned
ilabp,10.0,17131040400,131,Small_DG,2028-01-16,94,47,,planned
ilabp,11.5,17031530300,031,Small_DG,2027-01-02,27,14,Chicago city,planned
ilabp,7.6,17095001300,095,Small_DG,2028-01-16,71,36,Knoxville city,planned
ilabp,5.76,17043846515,043,Small_DG,2028-01-16,84,42,Aurora city,planned
ilabp,7.6,17097860600,097,Small_DG,2028-01-16,61,31,Beach Park village,planned
ilabp,11.4,17031803608,031,Small_DG,2026-10-24,51,26,,planned
ilabp,5.0,17201003710,201,Small_DG,2027-03-04,67,34,,planned
ilabp,11.5,17113001105,113,Small_DG,2027-02-07,88,44,Bloomington city,planned
ilabp,10.0,17189950100,189,Small_DG,2028-01-16,109,55,,planned
ilabp,7.6,17133600103,133,Small_DG,2028-01-16,115,58,Columbia city,planned
ilabp,7.6,17183000800,183,Small_DG,2028-01-16,104,52,,planned
ilabp,8.41,17119401300,119,Small_DG,2026-10-24,111,56,East Alton village,planned
ilabp,11.5,17031826500,031,Small_DG,2027-01-02,30,15,Dolton village,planned
ilabp,5.76,17031822400,031,Small_DG,2028-01-16,31,16,Oak Lawn village,planned
ilabp,6.0,17107953400,107,Small_DG,2026-10-24,87,44,Lincoln city,planned
ilabp,5.51,17019005500,019,Small_DG,2028-01-16,104,52,Urbana city,planned
ilabp,7.6,17071973400,071,Small_DG,2026-10-24,94,47,,planned
ilabp,11.5,17089854900,089,Small_DG,2027-01-02,49,25,Elgin city,planned
ilabp,1500.0,17115003000,115,Large_DG,2028-05-07,88,44,,planned
ilabp,1500.0,17091010204,091,Large_DG,2026-10-24,29,15,,planned
ilabp,9.57,17119403001,119,Small_DG,2026-10-24,112,56,Edwardsville city,planned
ilabp,4.93,17031828602,031,Small_DG,2026-10-24,29,15,Homewood village,planned
ilabp,6.0,17031825803,031,Small_DG,2028-01-16,29,15,Calumet City city,planned
ilabp,11.5,17031823200,031,Small_DG,2027-01-02,35,18,Alsip village,planned
ilabp,3.8,17201003708,201,Small_DG,2028-01-16,68,34,Rockford city,planned
ilabp,5.76,17031810800,031,Small_DG,2028-01-16,77,39,Elmwood Park village,planned
ilabp,3.8,17031826100,031,Small_DG,2027-08-05,33,17,Calumet City city,planned
ilabp,3.19,17031816800,031,Small_DG,2026-10-24,7,4,Berkeley village,planned
ilabp,17.98,17119403502,119,Small_DG,2026-10-24,109,55,,planned
ilabp,11.5,17097860104,097,Small_DG,2026-12-18,61,31,Winthrop Harbor village,planned
ilabp,6.0,17049950800,049,Small_DG,2027-11-21,107,54,,planned
ilabp,23.0,17031823605,031,Small_DG,2027-01-02,35,18,Palos Heights city,planned
ilabp,3.8,17031824701,031,Small_DG,2028-01-16,30,15,Midlothian village,planned
ilabp,11.5,17031825501,031,Small_DG,2027-01-02,38,19,Country Club Hills city,planned
ilabp,5.0,17119402721,119,Small_DG,2026-10-24,100,50,Godfrey village,planned
ilabp,11.5,17031825900,031,Small_DG,2027-01-02,34,17,Calumet City city,planned
ilabp,11.5,17031839900,031,Small_DG,2027-01-02,1,1,Chicago city,planned
ilabp,11.5,17031807700,031,Small_DG,2027-01-17,16,8,Skokie village,planned
ilabp,3.8,17031816900,031,Small_DG,2028-01-16,7,4,Bellwood village,planned
ilabp,5000.0,17199021400,199,Large_DG,2028-03-19,118,59,,planned
ilabp,750.0,17201001800,201,Large_DG,2026-10-10,67,34,Rockford city,planned
ilabp,7.6,17031818100,031,Small_DG,2028-01-16,7,4,Westchester village,planned
ilabp,4950.0,17063000103,063,Large_DG,2027-12-04,106,53,Channahon village,planned
ilabp,6.0,17031804706,031,Small_DG,2028-01-16,44,22,Hoffman Estates village,planned
ilabp,20.0,17031818000,031,Small_DG,2026-10-10,7,4,Broadview village,planned
ilabp,12.0,17031830007,031,Small_DG,2027-11-21,38,19,Richton Park village,planned
ilabp,11.5,17031813702,031,Small_DG,2027-01-02,23,12,Cicero town,planned
ilabp,7.6,17031530503,031,Small_DG,2028-01-16,28,14,Chicago city,planned
ilabp,11.5,17031180100,031,Small_DG,2027-02-07,3,2,Chicago city,planned
ilabp,3.48,17031821600,031,Small_DG,2026-10-24,36,18,Evergreen Park village,planned
ilabp,11.5,17105960400,105,Small_DG,2027-01-02,105,53,,planned
ilabp,3.48,17119403534,119,Small_DG,2026-10-10,112,56,Pontoon Beach village,planned
ilabp,8.12,17095001500,095,Small_DG,2028-01-16,94,47,,planned
ilabp,5000.0,17197883000,197,Large_DG,2027-07-17,86,43,Joliet city,planned
ilabp,10.26,17119401101,119,Small_DG,2026-10-10,111,56,Wood River city,planned
ilabp,3.8,17031171000,031,Small_DG,2027-02-07,19,10,Chicago city,planned
ilabp,5.7,17105960200,105,Small_DG,2027-02-07,106,53,,planned
ilabp,11.5,17093890105,093,Small_DG,2027-02-07,97,49,,planned
ilabp,8.7,17117956400,117,Small_DG,2026-11-15,108,54,Carlinville city,planned
ilabp,11.5,17043841322,043,Small_DG,2026-12-18,49,25,Hanover Park village,planned
ilabp,11.5,17031829401,031,Small_DG,2026-12-18,80,40,Chicago Heights city,planned
ilabp,11.5,17197880105,197,Small_DG,2027-01-02,98,49,Bolingbrook village,planned
ilabp,4990.0,17111870106,111,Large_DG,2028-01-06,64,32,Spring Grove village,planned
ilabp,7.6,17031823102,031,Small_DG,2028-01-16,35,18,Worth village,planned
ilabp,5.0,17031828000,031,Small_DG,2027-03-04,33,17,Lansing village,planned
ilabp,2.03,17097861303,097,Small_DG,2028-01-16,62,31,Round Lake Beach village,planned
ilabp,11.4,17131040400,131,Small_DG,2028-01-16,94,47,,planned
ilabp,5.0,17075950700,075,Small_DG,2028-01-16,106,53,,planned
ilabp,5.0,17119400951,119,Small_DG,2028-01-16,111,56,Granite City city,planned
ilabp,7.6,17133600104,133,Small_DG,2027-02-21,115,58,Columbia city,planned
ilabp,5.76,17201000516,201,Small_DG,2027-11-21,68,34,Rockford city,planned
ilabp,11.4,17019000902,019,Small_DG,2028-01-16,104,52,,planned
ilabp,3.8,17049950700,049,Small_DG,2028-01-16,107,54,,planned
ilabp,11.4,17163504355,163,Small_DG,2027-02-07,114,57,O'Fallon city,planned
ilabp,6.0,17199020900,199,Small_DG,2027-02-07,117,59,,planned
ilabp,11.4,17131040200,131,Small_DG,2027-02-07,94,47,,planned
ilabp,15.2,17163503304,163,Small_DG,2027-02-07,113,57,Belleville city,planned
ilabp,15.2,17115001500,115,Small_DG,2027-02-07,96,48,,planned
ilabp,6.0,17179021900,179,Small_DG,2028-01-16,87,44,,planned
ilabp,22.8,17019010400,019,Small_DG,2028-01-16,101,51,,planned
ilabp,4.35,17031843900,031,Small_DG,2027-03-04,25,13,Chicago city,planned
ilabp,11.5,17107952900,107,Small_DG,2028-02-19,87,44,,planned
ilabp,5.0,17015960500,015,Small_DG,2028-01-16,89,45,,planned
ilabp,15.0,17031823801,031,Small_DG,2027-11-21,36,18,,planned
ilabp,10.0,17183011100,183,Small_DG,2028-01-16,102,51,,planned
ilabp,3.8,17031500100,031,Small_DG,2027-02-21,34,17,Chicago city,planned
ilabp,3.8,17201003705,201,Small_DG,2028-01-16,67,34,,planned
ilabp,3.8,17143001500,143,Small_DG,2028-01-16,92,46,Peoria city,planned
ilabp,7.6,17113005102,113,Small_DG,2028-01-16,105,53,,planned
ilabp,9.86,17049950600,049,Small_DG,2028-01-16,107,54,,planned
ilabp,1500.0,17089850105,089,Large_DG,2027-12-04,66,33,,planned
ilabp,21.4,17111871502,111,Small_DG,2027-03-04,63,32,,planned
ilabp,6.0,17031823304,031,Small_DG,2026-10-10,35,18,Merrionette Park village,planned
ilabp,10.0,17055040500,055,Small_DG,2028-01-16,116,58,,planned
ilabp,6.0,17043841322,043,Small_DG,2028-01-16,49,25,Hanover Park village,planned
ilabp,10.0,17031030400,031,Small_DG,2026-12-18,16,8,Chicago city,planned
ilabp,4.93,17163500500,163,Small_DG,2026-10-10,114,57,East St. Louis city,planned
ilabp,11.5,17093890302,093,Small_DG,2027-01-17,83,42,Boulder Hill CDP,planned
ilabp,10.0,17051950900,051,Small_DG,2028-01-16,110,55,,planned
ilabp,6.0,17031580100,031,Small_DG,2028-01-16,24,12,Chicago city,planned
ilabp,15.2,17163504002,163,Small_DG,2026-12-18,114,57,,planned
ilabp,3.0,17031813301,031,Small_DG,2028-01-16,2,1,Cicero town,planned
ilabp,11.5,17031691300,031,Small_DG,2027-01-02,34,17,Chicago city,planned
ilabp,10.0,17031823602,031,Small_DG,2028-01-16,35,18,,planned
ilabp,3.8,17031813000,031,Small_DG,2028-01-16,78,39,Oak Park village,planned
ilabp,8.125,17133600402,133,Small_DG,2026-10-24,115,58,,planned
ilabp,7.315,17031822400,031,Small_DG,2028-01-16,31,16,Oak Lawn village,planned
ilabp,4950.0,17063000700,063,Large_DG,2027-10-02,106,53,,planned
ilabp,4950.0,17141960800,141,Large_DG,2027-10-02,89,45,,planned
ilabp,5.0,17201001600,201,Small_DG,2028-01-16,68,34,Rockford city,planned
ilabp,14.21,17029000200,029,Small_DG,2028-01-16,101,51,,planned
ilabp,11.4,17197883211,197,Small_DG,2027-03-04,86,43,Joliet city,planned
ilabp,5.0,17143004400,143,Small_DG,2028-01-16,92,46,West Peoria city,planned
ilabp,5.22,17043841316,043,Small_DG,2028-01-16,49,25,Bartlett village,planned
ilabp,11.5,17031813702,031,Small_DG,2027-02-21,23,12,Cicero town,planned
ilabp,6.0,17031808302,031,Small_DG,2028-01-16,15,8,Morton Grove village,planned
ilabp,7.6,17197880423,197,Small_DG,2028-01-16,97,49,Plainfield village,planned
ilabp,5.0,17089851102,089,Small_DG,2028-01-16,43,22,Elgin city,planned
ilabp,10.0,17019001301,019,Small_DG,2028-01-16,103,52,Champaign city,planned
ilabp,17.6,17093890702,093,Small_DG,2026-11-22,75,38,,planned
ilabp,7.6,17091011300,091,Small_DG,2028-01-16,34,17,,planned
ilabp,5.0,17037002000,037,Small_DG,2027-11-21,75,38,Sandwich city,planned
ilabp,15.37,17167003802,167,Small_DG,2027-03-04,108,54,,planned
ilabp,10.0,17197883514,197,Small_DG,2027-11-21,37,19,Mokena village,planned
ilabp,6.96,17177001200,177,Small_DG,2027-03-04,90,45,Freeport city,planned
ilabp,6.96,17119403801,119,Small_DG,2028-01-16,109,55,,planned
ilabp,7.6,17111870200,111,Small_DG,2027-02-21,69,35,,planned
ilabp,10.0,17089851909,089,Small_DG,2027-11-21,66,33,Elgin city,planned
ilabp,10.0,17103000400,103,Small_DG,2028-01-16,74,37,,planned
ilabp,5.76,17197881401,197,Small_DG,2028-01-16,86,43,Joliet city,planned
ilabp,11.5,17031809200,031,Small_DG,2027-01-02,18,9,Evanston city,planned
ilabp,7.54,17001000100,001,Small_DG,2028-01-16,99,50,Quincy city,planned
ilabp,11.4,17031804709,031,Small_DG,2026-12-18,44,22,Hoffman Estates village,planned
ilabp,5.0,17043841207,043,Small_DG,2028-01-16,46,23,Glendale Heights village,planned
ilabp,5.0,17201004200,201,Small_DG,2028-01-16,89,45,,planned
ilabp,2.61,17143003000,143,Small_DG,2028-01-16,92,46,Peoria city,planned
ilabp,4.55,17037000800,037,Small_DG,2026-11-22,70,35,DeKalb city,planned
ilabp,24.94,17111870200,111,Small_DG,2027-11-29,69,35,,planned
ilabp,15.2,17179021900,179,Small_DG,2027-04-29,87,44,,planned
ilabp,7.6,17097860105,097,Small_DG,2027-03-18,61,31,Zion city,planned
ilabp,7.6,17201003808,201,Small_DG,2027-06-18,90,45,Machesney Park village,planned
ilabp,11.4,17163503414,163,Small_DG,2028-01-16,112,56,O'Fallon city,planned
ilabp,9.86,17001010600,001,Small_DG,2028-01-16,99,50,,planned
ilabp,10.0,17115002602,115,Small_DG,2028-01-16,107,54,,planned
ilabp,5.76,17031820700,031,Small_DG,2028-01-16,2,1,Stickney village,planned
ilabp,5.76,17097865200,097,Small_DG,2028-01-16,58,29,Highwood city,planned
ilabp,62.0,17163503903,163,Large_DG,2027-06-04,114,57,,planned
ilabp,7.6,17031660301,031,Small_DG,2028-01-16,1,1,Chicago city,planned
ilabp,6.09,17015960300,015,Small_DG,2028-01-16,89,45,,planned
ilabp,5.76,17031640300,031,Small_DG,2028-01-16,22,11,Chicago city,planned
ilabp,3.8,17031815400,031,Small_DG,2028-01-16,2,1,Berwyn city,planned
ilabp,10.0,17163503414,163,Small_DG,2028-01-16,112,56,O'Fallon city,planned
ilabp,31.0,17163504001,163,Large_DG,2027-06-18,114,57,,planned
ilabp,540.0,17031770500,031,Large_DG,2026-11-22,56,28,Elk Grove Village village,planned
ilabp,15.4,17163504002,163,Small_DG,2027-06-18,114,57,,planned
ilabp,15.4,17163504002,163,Small_DG,2027-06-18,114,57,,planned
ilabp,12.54,17163503404,163,Small_DG,2027-03-18,112,56,,planned
ilabp,24.19,17163504358,163,Small_DG,2027-06-18,114,57,,planned
ilabp,12.1,17163504358,163,Small_DG,2027-06-18,114,57,,planned
ilabp,6.0,17163503404,163,Small_DG,2028-01-16,112,56,,planned
ilabp,7.2,17097860200,097,Small_DG,2027-04-16,61,31,Zion city,planned
ilabp,10.0,17097864108,097,Small_DG,2028-01-16,59,30,Mundelein village,planned
ilabp,5.7,17031820501,031,Small_DG,2028-01-16,31,16,Justice village,planned
ilabp,6.09,17001001100,001,Small_DG,2028-01-16,99,50,Quincy city,planned
ilabp,6.0,17031828802,031,Small_DG,2028-01-16,80,40,Chicago Heights city,planned
ilabp,5.0,17143002800,143,Small_DG,2028-01-16,92,46,Peoria city,planned
ilabp,12.47,17001000201,001,Small_DG,2028-01-16,99,50,Quincy city,planned
ilabp,3.8,17031820901,031,Small_DG,2028-01-16,22,11,Bedford Park village,planned
ilabp,3.8,17043840908,043,Small_DG,2028-01-16,46,23,,planned
ilabp,3.8,17201000300,201,Small_DG,2028-01-16,67,34,Loves Park city,planned
ilabp,7.6,17031818200,031,Small_DG,2028-01-16,7,4,Westchester village,planned
ilabp,11.14,17031801601,031,Small_DG,2027-11-29,58,29,Northbrook village,planned
ilabp,1380.0,17111871301,111,Large_DG,2027-08-07,66,33,Crystal Lake city,planned
ilabp,5.51,17119403531,119,Small_DG,2028-01-16,109,55,,planned
ilabp,5.76,17031811100,031,Small_DG,2027-03-18,77,39,River Grove village,planned
ilabp,10.0,17121952200,121,Small_DG,2028-01-16,110,55,,planned
ilabp,7.83,17119401800,119,Small_DG,2028-01-16,111,56,Rosewood Heights CDP,planned
ilabp,2000.0,17043841308,043,Large_DG,2027-06-18,49,25,,planned
ilabp,10.0,17179020400,179,Small_DG,2028-01-16,87,44,Creve Coeur village,planned
ilabp,7.6,17031839800,031,Small_DG,2026-12-18,24,12,Chicago city,planned
ilabp,3.8,17031620300,031,Small_DG,2028-01-16,22,11,Chicago city,planned
ilabp,5.7,17031828503,031,Small_DG,2027-01-02,34,17,Sauk Village village,planned
ilabp,7.6,17051951000,051,Small_DG,2027-02-21,110,55,,planned
ilabp,5.0,17031630300,031,Small_DG,2028-01-16,1,1,Chicago city,planned
ilabp,4.93,17119403533,119,Small_DG,2028-01-16,112,56,Maryville village,planned
ilabp,5.0,17031827802,031,Small_DG,2028-01-16,29,15,South Holland village,planned
ilabp,10.0,17105960200,105,Small_DG,2028-01-16,106,53,,planned
ilabp,5.76,17201001600,201,Small_DG,2028-01-16,68,34,Rockford city,planned
ilabp,11.4,17201000300,201,Small_DG,2028-01-16,67,34,Loves Park city,planned
ilabp,10.0,17031806004,031,Small_DG,2028-01-30,15,8,Niles village,planned
ilabp,4.93,17197880429,197,Small_DG,2027-02-21,97,49,Joliet city,planned
ilabp,7.6,17031821402,031,Small_DG,2028-01-16,28,14,Calumet Park village,planned
ilabp,325.0,17043842601,043,Large_DG,2026-10-24,47,24,,planned
ilabp,10.0,17093890105,093,Small_DG,2027-07-06,97,49,,planned
ilabp,5.0,17107953200,107,Small_DG,2026-11-22,87,44,Lincoln city,planned
ilabp,20.0,17157950700,157,Small_DG,2026-11-22,115,58,,planned
ilabp,5.0,17089852403,089,Small_DG,2027-03-18,70,35,,planned
ilabp,10.0,17031829302,031,Small_DG,2027-03-04,80,40,Chicago Heights city,planned
ilabp,6.0,17031813301,031,Small_DG,2027-02-21,2,1,Cicero town,planned
ilabp,6.67,17119403531,119,Small_DG,2027-03-18,109,55,,planned
ilabp,11.4,17097861510,097,Small_DG,2028-01-16,60,30,Gurnee village,planned
ilabp,20.0,17055040100,055,Small_DG,2028-01-16,116,58,,planned
ilabp,11.5,17031829301,031,Small_DG,2027-01-17,80,40,Chicago Heights city,planned
ilabp,4.64,17031140400,031,Small_DG,2028-01-16,15,8,Chicago city,planned
ilabp,5.0,17031650100,031,Small_DG,2028-01-16,22,11,Chicago city,planned
ilabp,5.51,17179021500,179,Small_DG,2028-01-16,87,44,,planned
ilabp,3.8,17031825503,031,Small_DG,2028-01-16,38,19,Hazel Crest village,planned
ilabp,5.0,17043842400,043,Small_DG,2028-01-16,42,21,Wheaton city,planned
ilabp,10.0,17031490700,031,Small_DG,2028-01-16,27,14,Chicago city,planned
ilabp,5.0,17031825503,031,Small_DG,2028-01-16,38,19,Hazel Crest village,planned
ilabp,7.6,17031821402,031,Small_DG,2028-01-16,28,14,Calumet Park village,planned
ilabp,7.6,17049950600,049,Small_DG,2028-01-16,107,54,,planned
ilabp,3.8,17031824702,031,Small_DG,2028-01-16,30,15,Midlothian village,planned
ilabp,10.0,17197883902,197,Small_DG,2028-01-16,29,15,Beecher village,planned
ilabp,5.76,17031804710,031,Small_DG,2028-01-16,44,22,Schaumburg village,planned
ilabp,6.38,17043842704,043,Small_DG,2027-03-18,42,21,Wheaton city,planned
ilabp,11.89,17095000700,095,Small_DG,2028-01-16,71,36,Galesburg city,planned
ilabp,12.76,17159978100,159,Small_DG,2028-01-16,110,55,Olney city,planned
ilabp,6.0,17113002101,113,Small_DG,2028-01-16,88,44,Bloomington city,planned
ilabp,18.27,17073030202,073,Small_DG,2027-03-18,93,47,,planned
ilabp,3.8,17031804701,031,Small_DG,2028-01-16,44,22,Hoffman Estates village,planned
ilabp,15.2,17119401300,119,Small_DG,2028-01-16,111,56,East Alton village,planned
ilabp,5.0,17143005000,143,Small_DG,2028-01-16,92,46,Peoria city,planned
ilabp,10.0,17031720200,031,Small_DG,2028-01-16,35,18,Chicago city,planned
ilabp,3.8,17195001200,195,Small_DG,2028-01-16,74,37,Sterling city,planned
ilabp,3.8,17097860103,097,Small_DG,2028-01-16,61,31,Winthrop Harbor village,planned
ilabp,10.0,17137951900,137,Small_DG,2028-01-16,99,50,Jacksonville city,planned
ilabp,175.0,17109010402,109,Large_DG,2026-11-22,71,36,Macomb city,planned
ilabp,10.0,17179021603,179,Small_DG,2026-11-15,91,46,,planned
ilabp,10.0,17179021702,179,Small_DG,2026-11-15,87,44,,planned
ilabp,24.4,17175951500,175,Small_DG,2026-11-15,93,47,,planned
ilabp,3.8,17201001400,201,Small_DG,2027-03-18,68,34,Rockford city,planned
ilabp,216.0,17089851801,089,Large_DG,2026-11-15,49,25,South Elgin village,planned
ilabp,4560.0,17089850707,089,Large_DG,2028-05-07,70,35,,planned
ilabp,23.0,17031827500,031,Small_DG,2027-01-02,30,15,Harvey city,planned
ilabp,7.6,17119402801,119,Small_DG,2028-01-16,100,50,,planned
ilabp,9.88,17119403532,119,Small_DG,2026-11-22,109,55,,planned
ilabp,5.76,17197881900,197,Small_DG,2028-01-16,86,43,Joliet city,planned
ilabp,6.67,17163504359,163,Small_DG,2028-01-16,114,57,,planned
ilabp,10.44,17203030100,203,Small_DG,2028-01-16,105,53,,planned
ilabp,10.0,17119402721,119,Small_DG,2028-01-16,100,50,Godfrey village,planned
ilabp,7.6,17111870200,111,Small_DG,2028-01-16,69,35,,planned
ilabp,5.76,17197883904,197,Small_DG,2028-01-16,79,40,,planned
ilabp,7.6,17191955000,191,Small_DG,2028-01-16,116,58,,planned
ilabp,10.0,17031814400,031,Small_DG,2028-01-16,2,1,Cicero town,planned
ilabp,7.6,17019005401,019,Small_DG,2028-01-16,103,52,,planned
ilabp,3.8,17115002200,115,Small_DG,2028-01-16,88,44,,planned
ilabp,6.0,17195000600,195,Small_DG,2028-01-16,73,37,,planned
ilabp,7.6,17163504352,163,Small_DG,2028-01-16,114,57,O'Fallon city,planned
ilabp,10.15,17077010400,077,Small_DG,2028-01-16,115,58,,planned
ilabp,7.6,17201000104,201,Small_DG,2028-01-16,67,34,Loves Park city,planned
ilabp,5.0,17113001200,113,Small_DG,2028-01-16,91,46,Bloomington city,planned
ilabp,3.8,17031820800,031,Small_DG,2028-01-16,1,1,,planned
ilabp,4.64,17163504351,163,Small_DG,2028-01-16,114,57,O'Fallon city,planned
ilabp,5.76,17111871208,111,Small_DG,2028-01-16,66,33,Crystal Lake city,planned
ilabp,7.54,17119403532,119,Small_DG,2028-01-16,109,55,,planned
ilabp,5.0,17031826000,031,Small_DG,2028-01-16,33,17,Calumet City city,planned
ilabp,10.0,17095000500,095,Small_DG,2028-01-16,71,36,,planned
ilabp,10.0,17031100500,031,Small_DG,2028-01-16,20,10,Chicago city,planned
ilabp,8.99,17031811600,031,Small_DG,2028-01-16,20,10,Schiller Park village,planned
ilabp,7.6,17115002200,115,Small_DG,2028-01-16,88,44,,planned
ilabp,20.0,17143004901,143,Small_DG,2028-01-16,93,47,,planned
ilabp,11.4,17133600104,133,Small_DG,2028-01-16,115,58,Columbia city,planned
ilabp,14.5,17119403702,119,Small_DG,2028-01-16,109,55,,planned
ilabp,8.12,17111870903,111,Small_DG,2028-01-16,63,32,Woodstock city,planned
ilabp,6.96,17143001800,143,Small_DG,2028-01-16,92,46,Peoria city,planned
ilabp,10.73,17031803605,031,Small_DG,2027-03-18,51,26,Palatine village,planned
ilabp,11.5,17089851600,089,Small_DG,2026-12-18,43,22,Elgin city,planned
ilabp,7.6,17201004100,201,Small_DG,2028-01-16,90,45,,planned
ilabp,5.0,17143004101,143,Small_DG,2028-01-16,93,47,,planned
ilabp,3.8,17031805802,031,Small_DG,2028-01-16,55,28,Park Ridge city,planned
ilabp,3.8,17091010800,091,Small_DG,2028-01-16,34,17,,planned
ilabp,5.32,17197880320,197,Small_DG,2026-12-05,97,49,,planned
ilabp,5.76,17031823001,031,Small_DG,2028-01-16,36,18,Chicago Ridge village,planned
ilabp,5.0,17095000300,095,Small_DG,2028-01-16,71,36,,planned
ilabp,10.0,17133600104,133,Small_DG,2028-01-16,115,58,Columbia city,planned
ilabp,10.0,17043844501,043,Small_DG,2028-01-16,45,23,Oakbrook Terrace city,planned
ilabp,2.61,17031820901,031,Small_DG,2028-01-16,22,11,Bedford Park village,planned
ilabp,15.552,17095000100,095,Small_DG,2026-12-18,93,47,,planned
ilabp,6.38,17015960300,015,Small_DG,2028-01-16,89,45,,planned
ilabp,15.2,17143003404,143,Small_DG,2028-01-16,73,37,Peoria city,planned
ilabp,5.0,17187870400,187,Small_DG,2028-01-16,71,36,Monmouth city,planned
ilabp,3.8,17031814900,031,Small_DG,2028-01-16,21,11,Berwyn city,planned
ilabp,3.8,17031570300,031,Small_DG,2028-01-16,1,1,Chicago city,planned
ilabp,10.0,17201000516,201,Small_DG,2028-01-16,68,34,Rockford city,planned
ilabp,5.76,17201000506,201,Small_DG,2028-01-16,68,34,Rockford city,planned
ilabp,3.8,17031820902,031,Small_DG,2028-01-16,22,11,Burbank city,planned
ilabp,3.8,17031580400,031,Small_DG,2028-01-16,23,12,Chicago city,planned
ilabp,5.0,17031160400,031,Small_DG,2028-01-16,19,10,Chicago city,planned
ilabp,6.96,17143003101,143,Small_DG,2028-01-16,92,46,,planned
ilabp,2.9,17179022300,179,Small_DG,2028-01-16,105,53,Washington city,planned
ilabp,6.0,17031770300,031,Small_DG,2028-01-16,56,28,Elk Grove Village village,planned
ilabp,5.0,17031811500,031,Small_DG,2028-01-16,77,39,Franklin Park village,planned
ilabp,6.09,17001000400,001,Small_DG,2027-03-18,99,50,Quincy city,planned
ilabp,13.92,17163504352,163,Small_DG,2028-01-16,114,57,O'Fallon city,planned
ilabp,12.47,17179020301,179,Small_DG,2028-01-16,87,44,,planned
ilabp,7.6,17179021203,179,Small_DG,2028-01-16,91,46,East Peoria city,planned
ilabp,5.22,17015960300,015,Small_DG,2028-01-16,89,45,,planned
ilabp,5.0,17089853007,089,Small_DG,2028-01-16,50,25,Aurora city,planned
ilabp,8.74,17031819300,031,Small_DG,2028-01-16,2,1,Brookfield village,planned
ilabp,5.0,17143002800,143,Small_DG,2028-01-16,92,46,Peoria city,planned
ilabp,5.76,17031823102,031,Small_DG,2028-01-16,35,18,Worth village,planned
ilabp,6.0,17031820400,031,Small_DG,2028-01-16,21,11,Summit village,planned
ilabp,10.0,17197883401,197,Small_DG,2027-03-18,80,40,Wilmington city,planned
ilabp,3.8,17031150800,031,Small_DG,2028-01-16,39,20,Chicago city,planned
ilabp,5.0,17031819400,031,Small_DG,2028-01-16,21,11,Brookfield village,planned
ilabp,5.76,17031806900,031,Small_DG,2028-01-16,17,9,Skokie village,planned
ilabp,2.9,17031807400,031,Small_DG,2027-07-06,16,8,Skokie village,planned
ilabp,2.9,17057952800,057,Small_DG,2028-01-16,94,47,Farmington city,planned
ilabp,6.84,17031804709,031,Small_DG,2026-12-18,44,22,Hoffman Estates village,planned
ilabp,7.6,17031814200,031,Small_DG,2028-01-16,2,1,Cicero town,planned
ilabp,5.32,17031804316,031,Small_DG,2027-08-05,43,22,Streamwood village,planned
ilabp,4.35,17043841607,043,Small_DG,2026-11-22,41,21,Warrenville city,planned
ilabp,10.0,17055040200,055,Small_DG,2028-01-16,116,58,North City village,planned
ilabp,7.6,17097861303,097,Small_DG,2028-01-16,62,31,Round Lake Beach village,planned
ilabp,5.0,17031817101,031,Small_DG,2028-01-16,7,4,Bellwood village,planned
ilabp,3.8,17031100100,031,Small_DG,2028-01-16,19,10,Chicago city,planned
ilabp,7.6,17163501605,163,Small_DG,2028-01-16,113,57,Belleville city,planned
ilabp,10.0,17001001100,001,Small_DG,2028-01-16,99,50,Quincy city,planned
ilabp,190.08,17163503414,163,Large_DG,2026-12-05,112,56,O'Fallon city,planned
ilabp,5.76,17143002701,143,Small_DG,2028-01-16,92,46,Peoria city,planned
ilabp,3.8,17031828100,031,Small_DG,2028-01-16,33,17,Lansing village,planned
ilabp,600.0,17089854509,089,Large_DG,2027-03-04,83,42,Sugar Grove village,planned
ilabp,6.67,17163503413,163,Small_DG,2028-01-16,112,56,Fairview Heights city,planned
ilabp,5.76,17037001600,037,Small_DG,2028-01-16,70,35,Cortland town,planned
ilabp,600.0,17099963700,099,Large_DG,2027-02-07,106,53,,planned
ilabp,23.0,17019010603,019,Small_DG,2026-11-22,101,51,Mahomet village,planned
ilabp,11.5,17203030400,203,Small_DG,2026-12-18,105,53,Metamora village,planned
ilabp,15.0,17103000900,103,Small_DG,2026-11-22,74,37,,planned
ilabp,3.8,17043840703,043,Small_DG,2028-01-16,77,39,,planned
ilabp,7.6,17031630800,031,Small_DG,2028-01-16,1,1,Chicago city,planned
ilabp,3.8,17031130200,031,Small_DG,2028-01-16,15,8,Chicago city,planned
ilabp,15.2,17031650302,031,Small_DG,2028-01-16,22,11,Chicago city,planned
ilabp,8.7,17119401721,119,Small_DG,2028-01-16,111,56,Bethalto village,planned
ilabp,7.6,17043846305,043,Small_DG,2028-01-16,81,41,Woodridge village,planned
ilabp,3.8,17031806300,031,Small_DG,2028-01-16,55,28,Des Plaines city,planned
ilabp,11.4,17121952400,121,Small_DG,2028-01-16,110,55,,planned
ilabp,6.67,17203030300,203,Small_DG,2028-01-16,105,53,,planned
ilabp,2.61,17143002701,143,Small_DG,2028-01-16,92,46,Peoria city,planned
ilabp,3.8,17197880202,197,Small_DG,2028-01-16,85,43,Romeoville village,planned
ilabp,6.0,17031100400,031,Small_DG,2028-01-16,55,28,Chicago city,planned
ilabp,3.77,17001001002,001,Small_DG,2028-01-16,99,50,Quincy city,planned
ilabp,8.99,17163504353,163,Small_DG,2028-01-16,109,55,,planned
ilabp,10.0,17147954800,147,Small_DG,2028-01-16,88,44,,planned
ilabp,4.93,17187870500,187,Small_DG,2026-11-22,71,36,Monmouth city,planned
ilabp,11.5,17031803702,031,Small_DG,2026-12-18,51,26,Palatine village,planned
ilabp,9.75,17119400951,119,Small_DG,2026-11-15,111,56,Granite City city,planned
ilabp,10.0,17075950600,075,Small_DG,2028-01-16,106,53,,planned
ilabp,5.0,17031828601,031,Small_DG,2028-01-16,30,15,Homewood village,planned
ilabp,10.0,17031130100,031,Small_DG,2028-01-16,15,8,Chicago city,planned
ilabp,4.64,17179021101,179,Small_DG,2028-01-16,93,47,Pekin city,planned
ilabp,5.76,17037000200,037,Small_DG,2028-01-16,89,45,,planned
ilabp,7.6,17029000702,029,Small_DG,2028-01-16,101,51,Charleston city,planned
ilabp,3.8,17031620300,031,Small_DG,2028-01-16,22,11,Chicago city,planned
ilabp,15.2,17091010900,091,Small_DG,2028-01-16,34,17,,planned
ilabp,3.8,17107953000,107,Small_DG,2028-01-16,87,44,,planned
ilabp,7.6,17031550100,031,Small_DG,2028-01-16,33,17,Chicago city,planned
ilabp,5.8,17163504354,163,Small_DG,2028-01-16,113,57,O'Fallon city,planned
ilabp,10.0,17119403531,119,Small_DG,2028-01-16,109,55,,planned
ilabp,7.6,17049950700,049,Small_DG,2028-01-16,107,54,,planned
ilabp,3.19,17011965000,011,Small_DG,2028-01-16,76,38,,planned
ilabp,11.4,17031691000,031,Small_DG,2028-01-16,31,16,Chicago city,planned
ilabp,3.8,17197883206,197,Small_DG,2028-01-30,86,43,Joliet city,planned
ilabp,400.0,17031831500,031,Large_DG,2027-01-02,3,2,Chicago city,planned
ilabp,2000.0,17049950600,049,Large_DG,2027-01-02,107,54,,planned
ilabp,20.0,17031490901,031,Small_DG,2026-12-18,28,14,Chicago city,planned
ilabp,72.0,17001010600,001,Large_DG,2027-09-19,99,50,,planned
ilabp,23.0,17031829301,031,Small_DG,2027-01-17,80,40,Chicago Heights city,planned
ilabp,8.12,17073030302,073,Small_DG,2026-12-18,73,37,,planned
ilabp,6.09,17167003901,167,Small_DG,2027-04-02,95,48,,planned
ilabp,5.22,17007010300,007,Small_DG,2027-05-19,68,34,Belvidere city,planned
ilabp,4.64,17057953300,057,Small_DG,2028-01-30,94,47,Canton city,planned
ilabp,5.0,17143003200,143,Small_DG,2028-01-30,73,37,Peoria city,planned
ilabp,4.64,17143004300,143,Small_DG,2028-01-30,92,46,Peoria Heights village,planned
ilabp,3.48,17037001600,037,Small_DG,2028-01-30,70,35,Cortland town,planned
ilabp,3.8,17089850106,089,Small_DG,2028-01-30,66,33,,planned
ilabp,7.6,17163503322,163,Small_DG,2028-01-30,113,57,Swansea village,planned
ilabp,10.0,17031750500,031,Small_DG,2028-01-30,27,14,Chicago city,planned
ilabp,7.6,17201000501,201,Small_DG,2028-01-30,68,34,,planned
ilabp,5.76,17031814000,031,Small_DG,2028-01-30,2,1,Cicero town,planned
ilabp,5.0,17031825501,031,Small_DG,2028-01-30,38,19,Country Club Hills city,planned
ilabp,6.38,17031817102,031,Small_DG,2028-01-30,7,4,Bellwood village,planned
ilabp,13.6,17031430600,031,Small_DG,2028-01-30,26,13,Chicago city,planned
ilabp,11.52,17097864207,097,Small_DG,2027-06-04,52,26,,planned
ilabp,15.0,17119400951,119,Small_DG,2028-01-30,111,56,Granite City city,planned
ilabp,3.8,17031813000,031,Small_DG,2028-01-30,78,39,Oak Park village,planned
ilabp,3.8,17031620100,031,Small_DG,2028-01-30,22,11,Chicago city,planned
ilabp,3.8,17031630400,031,Small_DG,2028-01-30,1,1,Chicago city,planned
ilabp,5.76,17201003604,201,Small_DG,2028-01-30,67,34,Rockford city,planned
ilabp,10.0,17201000104,201,Small_DG,2028-01-30,67,34,Loves Park city,planned
ilabp,7.6,17187870400,187,Small_DG,2028-01-30,71,36,Monmouth city,planned
ilabp,3.8,17177000300,177,Small_DG,2028-02-06,89,45,,planned
ilabp,5.76,17043840910,043,Small_DG,2028-02-06,46,23,,planned
ilabp,7.6,17143002900,143,Small_DG,2028-02-06,92,46,Peoria city,planned
ilabp,5.76,17031190402,031,Small_DG,2028-02-06,3,2,Chicago city,planned
ilabp,5.0,17093890202,093,Small_DG,2028-02-06,84,42,Boulder Hill CDP,planned
ilabp,4.64,17057953600,057,Small_DG,2028-02-06,94,47,Canton city,planned
ilabp,11.4,17031661100,031,Small_DG,2028-02-06,32,16,Chicago city,planned
ilabp,19.0,17163503415,163,Small_DG,2026-12-05,113,57,Fairview Heights city,planned
ilabp,11.5,17197880117,197,Small_DG,2026-12-18,85,43,Bolingbrook village,planned
ilabp,11.5,17031710400,031,Small_DG,2027-01-02,31,16,Chicago city,planned
ilabp,5.7,17031650400,031,Small_DG,2028-02-06,22,11,Chicago city,planned
ilabp,5.76,17031813600,031,Small_DG,2028-02-06,21,11,Cicero town,planned
ilabp,5.76,17201000103,201,Small_DG,2028-02-06,90,45,Machesney Park village,planned
ilabp,7.6,17031190800,031,Small_DG,2028-02-06,39,20,Chicago city,planned
ilabp,5.76,17031802506,031,Small_DG,2028-02-06,57,29,,planned
ilabp,23.6,17133600104,133,Small_DG,2028-02-06,115,58,Columbia city,planned
ilabp,5.76,17031560800,031,Small_DG,2028-02-06,1,1,Chicago city,planned
ilabp,3.8,17031811402,031,Small_DG,2028-02-06,77,39,Franklin Park village,planned
ilabp,11.4,17031630900,031,Small_DG,2028-02-06,1,1,Chicago city,planned
ilabp,5.76,17201002100,201,Small_DG,2028-02-06,67,34,Rockford city,planned
ilabp,5.0,17097864001,097,Small_DG,2028-02-06,52,26,Mundelein village,planned
ilabp,5.76,17031806103,031,Small_DG,2028-02-06,53,27,Des Plaines city,planned
ilabp,11.4,17031811000,031,Small_DG,2028-02-06,78,39,Elmwood Park village,planned
ilabp,10.0,17031150501,031,Small_DG,2028-02-06,19,10,Chicago city,planned
ilabp,5.76,17141960700,141,Small_DG,2028-02-06,89,45,,planned
ilabp,3.8,17095000400,095,Small_DG,2028-02-06,71,36,Galesburg city,planned
ilabp,5.76,17197883904,197,Small_DG,2028-02-06,79,40,,planned
ilabp,2000.0,17183011200,183,Large_DG,2027-12-31,104,52,,planned
ilabp,11.5,17031310300,031,Small_DG,2027-01-17,24,12,Chicago city,planned
ilabp,5000.0,17183011200,183,Large_DG,2027-01-02,104,52,,planned
ilabp,6.0,17097860400,097,Small_DG,2028-03-03,61,31,Beach Park village,planned
ilabp,17.3,17089850705,089,Small_DG,2026-12-18,70,35,Hampshire village,planned
ilabp,12.0,17029000300,029,Small_DG,2027-03-04,101,51,,planned
ilabp,13.63,17149952500,149,Small_DG,2028-02-06,100,50,,planned
ilabp,7.6,17031820603,031,Small_DG,2028-02-06,31,16,Justice village,planned
ilabp,5.76,17031825900,031,Small_DG,2027-03-04,34,17,Calumet City city,planned
ilabp,7.6,17043840304,043,Small_DG,2028-02-06,46,23,Addison village,planned
ilabp,12.16,17197883514,197,Small_DG,2027-05-06,37,19,Mokena village,planned
ilabp,7.6,17175951400,175,Small_DG,2028-02-06,93,47,,planned
ilabp,3.8,17019005500,019,Small_DG,2028-02-19,104,52,Urbana city,planned
ilabp,7.25,17015960300,015,Small_DG,2028-02-19,89,45,,planned
ilabp,5.76,17031808100,031,Small_DG,2028-02-19,15,8,Niles village,planned
ilabp,15.0,17031822302,031,Small_DG,2028-02-19,31,16,Oak Lawn village,planned
ilabp,10.0,17119403101,119,Small_DG,2028-02-19,112,56,Edwardsville city,planned
ilabp,6.0,17031828701,031,Small_DG,2027-03-04,29,15,Glenwood village,planned
ilabp,21.4,17105960100,105,Small_DG,2028-02-19,106,53,Dwight village,planned
ilabp,2000.0,17163503908,163,Large_DG,2027-12-31,114,57,Scott AFB CDP,planned
ilabp,7.6,17031826401,031,Small_DG,2028-02-19,29,15,Dolton village,planned
ilabp,5.0,17163503211,163,Small_DG,2028-02-19,113,57,,planned
ilabp,3.8,17197883513,197,Small_DG,2028-02-19,38,19,Tinley Park village,planned
ilabp,10.44,17031829500,031,Small_DG,2028-02-19,80,40,South Chicago Heights village,planned
ilabp,5.8,17163501605,163,Small_DG,2028-02-19,113,57,Belleville city,planned
ilabp,6.09,17001000500,001,Small_DG,2028-02-19,99,50,Quincy city,planned
ilabp,600.0,17197883602,197,Large_DG,2027-06-04,79,40,Monee village,planned
ilabp,4.64,17031805401,031,Small_DG,2028-02-19,15,8,,planned
ilabp,1200.0,17201002301,201,Large_DG,2027-04-02,67,34,,planned
ilabp,6.67,17113005800,113,Small_DG,2027-07-21,91,46,Bloomington city,planned
ilabp,4.35,17113005900,113,Small_DG,2027-04-16,91,46,Bloomington city,planned
ilabp,3.8,17063000200,063,Small_DG,2027-03-18,75,38,,planned
ilabp,11.5,17143003602,143,Small_DG,2028-01-16,73,37,Chillicothe city,planned
ilabp,10.44,17105960200,105,Small_DG,2027-11-07,106,53,,planned
ilabp,11.5,17163503413,163,Small_DG,2027-01-17,112,56,Fairview Heights city,planned
ilabp,5.525,17043841109,043,Small_DG,2027-10-02,46,23,Bloomingdale village,planned
ilabp,4.35,17195001000,195,Small_DG,2027-04-02,74,37,Sterling city,planned
ilabp,13.056,17017960400,017,Small_DG,2028-01-16,99,50,Beardstown city,planned
ilabp,6.3,17015960100,015,Small_DG,2028-01-16,89,45,,planned
ilabp,5.22,17113005401,113,Small_DG,2027-04-29,88,44,,planned
ilabp,7.6,17167003500,167,Small_DG,2026-12-05,108,54,,planned
ilabp,8.7,17163503322,163,Small_DG,2026-12-05,113,57,Swansea village,planned
ilabp,4.35,17165956100,165,Small_DG,2027-04-29,117,59,,planned
ilabp,8.99,17111870200,111,Small_DG,2027-04-16,69,35,,planned
ilabp,5.67,17015960500,015,Small_DG,2027-06-04,89,45,,planned
ilabp,9.57,17135957900,135,Small_DG,2027-05-06,108,54,,planned
ilabp,7.25,17021958400,021,Small_DG,2027-07-21,107,54,Taylorville city,planned
ilabp,7.83,17199020900,199,Small_DG,2027-04-02,117,59,,planned
ilabp,2.9,17031825803,031,Small_DG,2027-04-02,29,15,Calumet City city,planned
ilabp,5.85,17197880105,197,Small_DG,2027-07-06,98,49,Bolingbrook village,planned
ilabp,7.875,17195000100,195,Small_DG,2028-01-16,74,37,,planned
ilabp,9.45,17099964100,099,Small_DG,2028-01-16,106,53,,planned
ilabp,11.866,17043844601,043,Small_DG,2027-07-21,7,4,Oak Brook village,planned
ilabp,13.65,17195000100,195,Small_DG,2028-01-16,74,37,,planned
ilabp,10.0,17031804511,031,Small_DG,2027-04-02,44,22,Hanover Park village,planned
ilabp,4.06,17183010500,183,Small_DG,2027-04-02,104,52,,planned
ilabp,11.5,17031191301,031,Small_DG,2027-01-17,4,2,Chicago city,planned
ilabp,7.54,17199020400,199,Small_DG,2027-04-02,118,59,Herrin city,planned
ilabp,10.44,17199020802,199,Small_DG,2027-07-21,117,59,,planned
ilabp,11.31,17193958300,193,Small_DG,2027-04-16,116,58,,planned
ilabp,14.21,17115003000,115,Small_DG,2028-02-19,88,44,,planned
ilabp,17.69,17119403502,119,Small_DG,2027-04-29,109,55,,planned
ilabp,15.2,17157950700,157,Small_DG,2027-04-02,115,58,,planned
ilabp,9.074,17073030900,073,Small_DG,2027-04-02,93,47,Kewanee city,planned
ilabp,4.225,17031821002,031,Small_DG,2027-06-04,22,11,Burbank city,planned
ilabp,10.0,17163502602,163,Small_DG,2027-11-21,114,57,Cahokia village,planned
ilabp,8.45,17201000515,201,Small_DG,2027-04-02,68,34,Rockford city,planned
ilabp,17.6,17163503202,163,Small_DG,2028-02-19,114,57,,planned
ilabp,5.0,17031816700,031,Small_DG,2028-02-19,77,39,Northlake city,planned
ilabp,5000.0,17113006000,113,Large_DG,2027-12-04,87,44,,planned
ilabp,5000.0,17117956600,117,Large_DG,2028-01-06,100,50,,planned
ilabp,5000.0,17143003900,143,Large_DG,2027-08-21,93,47,,planned
ilabp,6.0,17017960300,017,Small_DG,2026-12-05,99,50,,planned
ilabp,6.67,17119403531,119,Small_DG,2028-02-19,109,55,,planned
ilabp,16.0,17149952500,149,Small_DG,2027-11-21,100,50,,planned
ilabp,5.76,17031821600,031,Small_DG,2028-02-19,36,18,Evergreen Park village,planned
ilabp,4.35,17091012500,091,Small_DG,2028-02-19,79,40,Kankakee city,planned
ilabp,3.8,17031450300,031,Small_DG,2028-02-19,33,17,Chicago city,planned
ilabp,18.24,17163503903,163,Small_DG,2027-03-04,114,57,,planned
ilabp,22.8,17133600402,133,Small_DG,2027-02-07,115,58,,planned
ilabp,7.6,17055041100,055,Small_DG,2027-03-04,117,59,,planned
ilabp,2.9,17137952000,137,Small_DG,2028-02-19,99,50,Jacksonville city,planned
ilabp,5.8,17031830004,031,Small_DG,2028-02-19,38,19,Matteson village,planned
ilabp,11.6,17197883505,197,Small_DG,2028-02-19,38,19,Frankfort village,planned
ilabp,12.0,17163503907,163,Small_DG,2027-09-19,113,57,Shiloh village,planned
ilabp,5.0,17031825505,031,Small_DG,2028-02-19,38,19,Country Club Hills city,planned
ilabp,5.0,17031823001,031,Small_DG,2028-02-19,36,18,Chicago Ridge village,planned
ilabp,7.6,17097860907,097,Small_DG,2026-12-05,64,32,,planned
ilabp,5.0,17031810900,031,Small_DG,2027-01-02,78,39,Elmwood Park village,planned
ilabp,4.64,17031826100,031,Small_DG,2026-12-18,33,17,Calumet City city,planned
ilabp,10.0,17095001200,095,Small_DG,2027-02-21,71,36,,planned
ilabp,2.9,17043846106,043,Small_DG,2027-08-17,47,24,Naperville city,planned
ilabp,5.0,17031630900,031,Small_DG,2027-02-07,1,1,Chicago city,planned
ilabp,8.7,17031811702,031,Small_DG,2027-09-05,77,39,Northlake city,planned
ilabp,5000.0,17119403502,119,Large_DG,2028-03-19,109,55,,planned
ilabp,13.92,17193958300,193,Small_DG,2027-04-29,116,58,,planned
ilabp,17.11,17195000600,195,Small_DG,2027-08-17,73,37,,planned
ilabp,11.4,17089852101,089,Small_DG,2027-04-02,65,33,,planned
ilabp,7.54,17179021500,179,Small_DG,2027-04-02,87,44,,planned
ilabp,5.51,17121952000,121,Small_DG,2027-04-02,110,55,,planned
ilabp,1200.0,17143003900,143,Large_DG,2028-03-19,93,47,,planned
ilabp,11.6,17117956500,117,Small_DG,2027-04-29,100,50,,planned
ilabp,6.0,17119401800,119,Small_DG,2027-04-02,111,56,Rosewood Heights CDP,planned
ilabp,5.22,17117956300,117,Small_DG,2027-04-02,108,54,,planned
ilabp,4.93,17031826600,031,Small_DG,2027-04-02,28,14,Riverdale village,planned
ilabp,7.6,17097861509,097,Small_DG,2027-04-02,60,30,,planned
ilabp,2.9,17113005800,113,Small_DG,2027-11-07,91,46,Bloomington city,planned
ilabp,10.44,17123961100,123,Small_DG,2027-04-02,105,53,,planned
ilabp,15.2,17121952300,121,Small_DG,2027-04-29,110,55,,planned
ilabp,5.51,17199020500,199,Small_DG,2027-04-02,118,59,Herrin city,planned
ilabp,6.67,17005951400,005,Small_DG,2027-04-02,109,55,,planned
ilabp,11.89,17089854509,089,Small_DG,2027-04-02,83,42,Sugar Grove village,planned
ilabp,5.51,17135957700,135,Small_DG,2027-04-02,108,54,,planned
ilabp,5.8,17031808200,031,Small_DG,2028-02-06,15,8,Niles village,planned
ilabp,9.57,17043845901,043,Small_DG,2027-10-09,82,41,Burr Ridge village,planned
ilabp,8.7,17031804203,031,Small_DG,2027-08-17,52,26,South Barrington village,planned
ilabp,8.41,17089850710,089,Small_DG,2027-11-07,70,35,,planned
ilabp,10.08,17177000300,177,Small_DG,2027-08-05,89,45,,planned
ilabp,3.48,17097862401,097,Small_DG,2027-05-06,60,30,Waukegan city,planned
ilabp,6.96,17031805001,031,Small_DG,2027-11-07,53,27,Mount Prospect village,planned
ilabp,7.6,17043841112,043,Small_DG,2027-04-02,48,24,,planned
ilabp,5.22,17165955900,165,Small_DG,2027-04-02,117,59,Harrisburg city,planned
ilabp,6.96,17093890701,093,Small_DG,2027-06-18,97,49,Joliet city,planned
ilabp,7.6,17097861012,097,Small_DG,2027-04-02,64,32,,planned
ilabp,7.6,17097862800,097,Small_DG,2027-04-02,60,30,North Chicago city,planned
ilabp,6.67,17059972800,059,Small_DG,2027-04-02,117,59,,planned
ilabp,9.28,17043841209,043,Small_DG,2027-11-07,46,23,Carol Stream village,planned
ilabp,7.8,17195000100,195,Small_DG,2027-10-02,74,37,,planned
ilabp,10.725,17201003809,201,Small_DG,2027-10-09,67,34,Loves Park city,planned
ilabp,6.96,17061973800,061,Small_DG,2027-04-29,100,50,,planned
ilabp,14.21,17119403802,119,Small_DG,2027-04-29,109,55,,planned
ilabp,5.0,17143003200,143,Small_DG,2028-02-19,73,37,Peoria city,planned
ilabp,11.5,17163503412,163,Small_DG,2027-01-17,112,56,Caseyville village,planned
ilabp,2.03,17143003000,143,Small_DG,2028-02-19,92,46,Peoria city,planned
ilabp,17.48,17111870404,111,Small_DG,2027-03-18,63,32,,planned
ilabp,7.6,17089853200,089,Small_DG,2028-02-19,50,25,Aurora city,planned
ilabp,11.5,17203030501,203,Small_DG,2027-01-17,73,37,Germantown Hills village,planned
ilabp,10.0,17179021606,179,Small_DG,2027-02-07,87,44,,planned
ilabp,9.12,17031805108,031,Small_DG,2027-07-06,53,27,Mount Prospect village,planned
ilabp,7.6,17011964700,011,Small_DG,2027-02-07,73,37,,planned
ilabp,7.6,17031221600,031,Small_DG,2027-02-07,39,20,Chicago city,planned
ilabp,5.7,17097861504,097,Small_DG,2027-02-07,59,30,Waukegan city,planned
ilabp,7.6,17031801608,031,Small_DG,2027-02-07,17,9,Glenview village,planned
ilabp,7.6,17163500400,163,Small_DG,2027-02-07,114,57,East St. Louis city,planned
ilabp,15.2,17117956800,117,Small_DG,2027-02-07,108,54,,planned
ilabp,7.6,17177000900,177,Small_DG,2027-02-07,90,45,Freeport city,planned
ilabp,11.4,17031808001,031,Small_DG,2027-02-07,16,8,Lincolnwood village,planned
ilabp,10.0,17163503304,163,Small_DG,2027-03-18,113,57,Belleville city,planned
ilabp,15.2,17175951400,175,Small_DG,2027-02-07,93,47,,planned
ilabp,7.6,17095001500,095,Small_DG,2027-02-07,94,47,,planned
ilabp,11.5,17097861804,097,Small_DG,2027-02-07,60,30,Waukegan city,planned
ilabp,7.6,17103000800,103,Small_DG,2027-01-17,73,37,,planned
ilabp,11.5,17197883510,197,Small_DG,2027-03-18,80,40,Manhattan village,planned
ilabp,10.0,17017960100,017,Small_DG,2027-02-07,99,50,,planned
ilabp,3.8,17119403531,119,Small_DG,2027-02-07,109,55,,planned
ilabp,4.64,17201000105,201,Small_DG,2027-01-17,90,45,Machesney Park village,planned
ilabp,7.6,17119401905,119,Small_DG,2027-04-02,111,56,South Roxana village,planned
ilabp,4.06,17031804404,031,Small_DG,2027-01-17,43,22,Elgin city,planned
ilabp,7.6,17119401721,119,Small_DG,2027-03-18,111,56,Bethalto village,planned
ilabp,11.5,17179022400,179,Small_DG,2027-02-07,91,46,,planned
ilabp,11.5,17043841111,043,Small_DG,2027-01-17,48,24,Bloomingdale village,planned
ilabp,7.6,17031827802,031,Small_DG,2027-01-17,29,15,South Holland village,planned
ilabp,7.6,17037001600,037,Small_DG,2027-02-07,70,35,Cortland town,planned
ilabp,10.0,17187870200,187,Small_DG,2027-04-16,71,36,,planned
ilabp,11.5,17197880125,197,Small_DG,2027-02-07,98,49,Bolingbrook village,planned
ilabp,7.6,17103000200,103,Small_DG,2027-10-23,74,37,,planned
ilabp,15.2,17149952400,149,Small_DG,2027-02-07,100,50,,planned
ilabp,15.0,17001010600,001,Small_DG,2026-12-18,99,50,,planned
ilabp,12.5,17001010400,001,Small_DG,2026-12-18,99,50,,planned
ilabp,7.6,17097864901,097,Small_DG,2027-03-18,58,29,Deerfield village,planned
ilabp,11.5,17043841108,043,Small_DG,2027-03-18,48,24,,planned
ilabp,7.6,17141961500,141,Small_DG,2027-02-07,74,37,,planned
ilabp,11.5,17033880500,033,Small_DG,2027-02-07,102,51,,planned
ilabp,7.6,17031828508,031,Small_DG,2027-09-05,34,17,,planned
ilabp,10.0,17091010500,091,Small_DG,2027-04-29,79,40,,planned
ilabp,10.0,17031801603,031,Small_DG,2026-12-18,57,29,Glenview village,planned
ilabp,5.7,17111871208,111,Small_DG,2027-02-07,66,33,Crystal Lake city,planned
ilabp,11.5,17183010600,183,Small_DG,2027-02-07,104,52,,planned
ilabp,10.0,17043841312,043,Small_DG,2027-02-07,49,25,West Chicago city,planned
ilabp,15.2,17063000800,063,Small_DG,2027-03-18,106,53,,planned
ilabp,11.4,17099962200,099,Small_DG,2027-03-18,74,37,,planned
ilabp,11.5,17197883510,197,Small_DG,2027-03-18,80,40,Manhattan village,planned
ilabp,17.45,17141961302,141,Small_DG,2026-12-18,89,45,,planned
ilabp,14.4,17103000900,103,Small_DG,2027-01-02,74,37,,planned
ilabp,7.6,17169970300,169,Small_DG,2027-01-17,99,50,,planned
ilabp,15.4,17113005401,113,Small_DG,2026-12-18,88,44,,planned
ilabp,20.8,17163503323,163,Small_DG,2026-12-18,113,57,Swansea village,planned
ilabp,11.4,17019001205,019,Small_DG,2026-12-05,104,52,Champaign city,planned
ilabp,3.9,17163503412,163,Small_DG,2027-06-04,112,56,Caseyville village,planned
ilabp,11.38,17163503404,163,Small_DG,2026-12-18,112,56,,planned
ilabp,8.13,17163501602,163,Small_DG,2026-12-18,113,57,Belleville city,planned
ilabp,17.3,17031837100,031,Small_DG,2026-12-18,10,5,Chicago city,planned
ilabp,8.13,17163503211,163,Small_DG,2026-12-18,113,57,,planned
ilabp,1.93,17163501501,163,Small_DG,2026-12-05,113,57,Belleville city,planned
ilabp,120.0,17143003900,143,Large_DG,2028-01-16,93,47,,planned
ilabp,20.0,17163503301,163,Small_DG,2026-12-05,113,57,Swansea village,planned
ilabp,20.0,17189950400,189,Small_DG,2026-12-05,115,58,,planned
ilabp,9.1,17051950900,051,Small_DG,2026-12-05,110,55,,planned
ilabp,9.12,17031804204,031,Small_DG,2026-12-18,52,26,Barrington Hills village,planned
ilabp,12.92,17093890105,093,Small_DG,2027-02-07,97,49,,planned
ilabp,10.0,17077010300,077,Small_DG,2027-04-29,115,58,,planned
ilabp,11.4,17141961002,141,Small_DG,2027-04-29,89,45,,planned
ilabp,10.0,17159978100,159,Small_DG,2027-02-07,110,55,Olney city,planned
ilabp,5.7,17129010300,129,Small_DG,2027-02-07,108,54,,planned
ilabp,7.6,17135958000,135,Small_DG,2027-02-07,108,54,Coffeen city,planned
ilabp,10.0,17093890202,093,Small_DG,2027-02-21,84,42,Boulder Hill CDP,planned
ilabp,5.7,17017960100,017,Small_DG,2027-02-07,99,50,,planned
ilabp,7.6,17165955700,165,Small_DG,2027-10-02,117,59,,planned
ilabp,7.6,17117956200,117,Small_DG,2027-11-21,100,50,,planned
ilabp,20.0,17111870200,111,Small_DG,2027-05-06,69,35,,planned
ilabp,11.4,17093890702,093,Small_DG,2027-02-07,75,38,,planned
ilabp,7.6,17179020600,179,Small_DG,2027-08-05,93,47,Pekin city,planned
ilabp,7.6,17017960400,017,Small_DG,2027-02-07,99,50,Beardstown city,planned
ilabp,3.8,17021958100,021,Small_DG,2027-02-07,96,48,,planned
ilabp,7.6,17129010100,129,Small_DG,2027-02-07,108,54,,planned
ilabp,7.6,17005951500,005,Small_DG,2027-02-07,109,55,,planned
ilabp,11.4,17095000400,095,Small_DG,2027-11-21,71,36,Galesburg city,planned
ilabp,7.6,17147954700,147,Small_DG,2027-02-07,88,44,,planned
ilabp,5.7,17107953600,107,Small_DG,2027-02-07,87,44,,planned
ilabp,10.0,17075950700,075,Small_DG,2027-02-07,106,53,,planned
ilabp,7.6,17183010500,183,Small_DG,2027-02-07,104,52,,planned
ilabp,5.7,17023060300,023,Small_DG,2027-02-21,102,51,,planned
ilabp,4.64,17077010200,077,Small_DG,2027-02-07,118,59,,planned
ilabp,11.5,17057953000,057,Small_DG,2027-11-21,94,47,,planned
ilabp,8.99,17121952400,121,Small_DG,2027-02-07,110,55,,planned
ilabp,20.0,17055040500,055,Small_DG,2027-04-16,116,58,,planned
ilabp,7.6,17083010402,083,Small_DG,2027-02-07,100,50,,planned
ilabp,7.6,17199020201,199,Small_DG,2027-11-21,118,59,Carterville city,planned
ilabp,7.6,17043841325,043,Small_DG,2027-02-07,48,24,Carol Stream village,planned
ilabp,7.6,17001001100,001,Small_DG,2027-10-02,99,50,Quincy city,planned
ilabp,3.8,17163502602,163,Small_DG,2027-04-29,114,57,Cahokia village,planned
ilabp,13.3,17191955000,191,Small_DG,2027-11-21,116,58,,planned
ilabp,11.5,17031828702,031,Small_DG,2027-02-07,29,15,Glenwood village,planned
ilabp,10.0,17189950100,189,Small_DG,2027-02-07,109,55,,planned
ilabp,7.6,17183000800,183,Small_DG,2027-02-07,104,52,,planned
ilabp,15.2,17001001001,001,Small_DG,2027-11-21,99,50,Quincy city,planned
ilabp,11.4,17099963500,099,Small_DG,2027-04-02,76,38,,planned
ilabp,11.5,17197880314,197,Small_DG,2027-03-04,97,49,,planned
ilabp,15.2,17001000900,001,Small_DG,2027-11-21,99,50,Quincy city,planned
ilabp,11.4,17199020100,199,Small_DG,2027-11-21,118,59,,planned
ilabp,15.2,17001010600,001,Small_DG,2027-11-21,99,50,,planned
ilabp,7.6,17203030700,203,Small_DG,2027-02-21,105,53,,planned
ilabp,11.5,17077011002,077,Small_DG,2027-04-29,118,59,Carbondale city,planned
ilabp,15.2,17019010800,019,Small_DG,2027-03-18,101,51,,planned
ilabp,15.2,17103000200,103,Small_DG,2027-04-16,74,37,,planned
ilabp,11.4,17183010500,183,Small_DG,2027-02-07,104,52,,planned
ilabp,3.8,17141960800,141,Small_DG,2027-08-17,89,45,,planned
ilabp,11.4,17199021300,199,Small_DG,2027-11-29,117,59,,planned
ilabp,3.8,17143004902,143,Small_DG,2027-02-07,93,47,,planned
ilabp,3.8,17179021802,179,Small_DG,2027-04-16,93,47,,planned
ilabp,11.4,17197883809,197,Small_DG,2027-11-21,29,15,Crete village,planned
ilabp,7.6,17031191000,031,Small_DG,2027-11-21,4,2,Chicago city,planned
ilabp,11.4,17055040500,055,Small_DG,2027-04-16,116,58,,planned
ilabp,11.5,17179020500,179,Small_DG,2027-03-18,93,47,Marquette Heights city,planned
ilabp,10.0,17031804712,031,Small_DG,2027-02-07,44,22,Schaumburg village,planned
ilabp,11.5,17199021300,199,Small_DG,2028-01-30,117,59,,planned
ilabp,10.0,17179020400,179,Small_DG,2027-11-21,87,44,Creve Coeur village,planned
ilabp,3.8,17031807600,031,Small_DG,2027-10-02,16,8,Skokie village,planned
ilabp,3.8,17031661100,031,Small_DG,2027-09-05,32,16,Chicago city,planned
ilabp,11.5,17137951700,137,Small_DG,2027-11-07,99,50,Jacksonville city,planned
ilabp,23.0,17183010600,183,Small_DG,2027-04-16,104,52,,planned
ilabp,5.7,17191955000,191,Small_DG,2027-11-21,116,58,,planned
ilabp,15.2,17099964200,099,Small_DG,2027-05-19,106,53,Streator city,planned
ilabp,11.5,17143003101,143,Small_DG,2027-11-21,92,46,,planned
ilabp,11.5,17123961300,123,Small_DG,2027-02-07,105,53,,planned
ilabp,10.0,17193958300,193,Small_DG,2027-10-09,116,58,,planned
ilabp,10.0,17027900100,027,Small_DG,2027-05-06,109,55,,planned
ilabp,11.4,17199020100,199,Small_DG,2027-04-16,118,59,,planned
ilabp,11.5,17201003808,201,Small_DG,2027-11-21,90,45,Machesney Park village,planned
ilabp,10.0,17201004200,201,Small_DG,2027-02-07,89,45,,planned
ilabp,2.9,17031804315,031,Small_DG,2027-02-07,44,22,Streamwood village,planned
ilabp,5.7,17099964200,099,Small_DG,2027-02-07,106,53,Streator city,planned
ilabp,10.0,17141961002,141,Small_DG,2027-02-07,89,45,,planned
ilabp,13.3,17019010800,019,Small_DG,2027-05-19,101,51,,planned
ilabp,10.0,17101881100,101,Small_DG,2027-11-21,102,51,,planned
ilabp,11.5,17179021603,179,Small_DG,2027-02-21,91,46,,planned
ilabp,7.6,17199020201,199,Small_DG,2027-11-21,118,59,Carterville city,planned
ilabp,5.7,17043840802,043,Small_DG,2027-11-21,77,39,Bensenville village,planned
ilabp,7.6,17183001300,183,Small_DG,2027-07-06,104,52,,planned
ilabp,11.5,17183010400,183,Small_DG,2027-04-29,104,52,,planned
ilabp,3.8,17083010500,083,Small_DG,2027-04-29,100,50,,planned
ilabp,10.0,17073031000,073,Small_DG,2027-02-07,93,47,,planned
ilabp,5.7,17095001000,095,Small_DG,2027-11-21,71,36,Galesburg city,planned
ilabp,10.0,17143003602,143,Small_DG,2027-04-29,73,37,Chillicothe city,planned
ilabp,5.7,17073031000,073,Small_DG,2027-11-21,93,47,,planned
ilabp,15.2,17017960300,017,Small_DG,2027-05-06,99,50,,planned
ilabp,7.54,17201003801,201,Small_DG,2027-02-07,90,45,,planned
ilabp,7.6,17011964700,011,Small_DG,2027-11-21,73,37,,planned
ilabp,11.5,17201002000,201,Small_DG,2027-02-21,67,34,Rockford city,planned
ilabp,11.4,17021958500,021,Small_DG,2027-02-07,107,54,Taylorville city,planned
ilabp,11.5,17031770800,031,Small_DG,2027-09-05,20,10,Schiller Park village,planned
ilabp,15.2,17093890703,093,Small_DG,2027-04-29,75,38,,planned
ilabp,19.1,17167004000,167,Small_DG,2027-11-21,87,44,,planned
ilabp,15.2,17197883510,197,Small_DG,2027-11-21,80,40,Manhattan village,planned
ilabp,7.6,17159977900,159,Small_DG,2027-09-19,110,55,,planned
ilabp,3.8,17097861510,097,Small_DG,2027-04-16,60,30,Gurnee village,planned
ilabp,11.5,17197884003,197,Small_DG,2027-02-07,86,43,Braidwood city,planned
ilabp,11.4,17011964700,011,Small_DG,2027-02-07,73,37,,planned
ilabp,15.2,17179020100,179,Small_DG,2027-08-17,91,46,East Peoria city,planned
ilabp,7.6,17183011100,183,Small_DG,2027-02-21,102,51,,planned
ilabp,5.76,17109011100,109,Small_DG,2027-04-16,94,47,,planned
ilabp,15.2,17163501605,163,Small_DG,2027-11-21,113,57,Belleville city,planned
ilabp,3.8,17119400951,119,Small_DG,2027-04-29,111,56,Granite City city,planned
ilabp,3.8,17045070300,045,Small_DG,2027-06-18,102,51,Paris city,planned
ilabp,5.7,17201003805,201,Small_DG,2027-08-17,90,45,Machesney Park village,planned
ilabp,22.8,17199020900,199,Small_DG,2027-04-29,117,59,,planned
ilabp,7.6,17123961500,123,Small_DG,2027-02-07,105,53,,planned
ilabp,13.05,17189950200,189,Small_DG,2027-02-21,109,55,,planned
ilabp,7.6,17201000600,201,Small_DG,2027-09-19,68,34,Rockford city,planned
ilabp,7.6,17031817200,031,Small_DG,2027-11-21,7,4,Maywood village,planned
ilabp,4.64,17121952700,121,Small_DG,2027-02-07,110,55,Centralia city,planned
ilabp,11.5,17031710700,031,Small_DG,2027-02-21,31,16,Chicago city,planned
ilabp,5.7,17123961300,123,Small_DG,2027-02-21,105,53,,planned
ilabp,5.8,17043846202,043,Small_DG,2027-02-07,81,41,Lisle village,planned
ilabp,7.6,17031180100,031,Small_DG,2027-09-05,3,2,Chicago city,planned
ilabp,11.6,17019010901,019,Small_DG,2027-02-07,101,51,,planned
ilabp,11.5,17043841607,043,Small_DG,2027-04-29,41,21,Warrenville city,planned
ilabp,11.5,17197880107,197,Small_DG,2027-07-06,85,43,Bolingbrook village,planned
ilabp,5.7,17163503324,163,Small_DG,2027-09-05,113,57,Shiloh village,planned
ilabp,11.4,17071973400,071,Small_DG,2027-11-21,94,47,,planned
ilabp,15.2,17199020700,199,Small_DG,2027-04-29,117,59,,planned
ilabp,11.4,17011965100,011,Small_DG,2027-11-21,76,38,,planned
ilabp,11.5,17197881108,197,Small_DG,2027-11-29,37,19,New Lenox village,planned
ilabp,5.51,17031491100,031,Small_DG,2027-04-29,27,14,Chicago city,planned
ilabp,5.22,17019001204,019,Small_DG,2027-11-21,104,52,Champaign city,planned
ilabp,7.54,17121952400,121,Small_DG,2027-02-07,110,55,,planned
ilabp,11.4,17125956800,125,Small_DG,2027-11-21,94,47,,planned
ilabp,13.8,17183010600,183,Small_DG,2027-11-21,104,52,,planned
ilabp,11.4,17095001600,095,Small_DG,2027-07-21,93,47,,planned
ilabp,23.0,17133600104,133,Small_DG,2027-09-05,115,58,Columbia city,planned
ilabp,2.9,17105960500,105,Small_DG,2027-03-04,105,53,,planned
ilabp,11.5,17031824006,031,Small_DG,2027-03-04,82,41,,planned
ilabp,10.0,17143003000,143,Small_DG,2027-11-21,92,46,Peoria city,planned
ilabp,10.0,17141961302,141,Small_DG,2027-02-07,89,45,,planned
ilabp,11.5,17195000200,195,Small_DG,2027-06-04,74,37,,planned
ilabp,11.5,17163503304,163,Small_DG,2027-05-19,113,57,Belleville city,planned
ilabp,10.0,17009970500,009,Small_DG,2027-04-29,99,50,Mount Sterling city,planned
ilabp,10.0,17183010100,183,Small_DG,2027-09-05,101,51,,planned
ilabp,5.7,17183010100,183,Small_DG,2027-05-19,101,51,,planned
ilabp,15.2,17095001300,095,Small_DG,2027-03-04,71,36,Knoxville city,planned
ilabp,4.35,17043841501,043,Small_DG,2027-02-07,49,25,West Chicago city,planned
ilabp,11.4,17143004400,143,Small_DG,2027-11-21,92,46,West Peoria city,planned
ilabp,10.0,17075950900,075,Small_DG,2027-07-06,106,53,,planned
ilabp,11.5,17031811800,031,Small_DG,2027-02-07,77,39,Northlake city,planned
ilabp,11.4,17097860812,097,Small_DG,2027-11-21,64,32,,planned
ilabp,17.6,17031804314,031,Small_DG,2027-11-29,43,22,,planned
ilabp,7.6,17031823904,031,Small_DG,2027-04-29,35,18,Palos Heights city,planned
ilabp,5.51,17201000103,201,Small_DG,2027-02-07,90,45,Machesney Park village,planned
ilabp,11.4,17119401000,119,Small_DG,2027-10-23,111,56,Roxana village,planned
ilabp,11.4,17097864903,097,Small_DG,2027-02-07,58,29,Deerfield village,planned
ilabp,7.6,17031130300,031,Small_DG,2027-11-21,15,8,Chicago city,planned
ilabp,11.5,17137952300,137,Small_DG,2027-02-07,100,50,,planned
ilabp,7.6,17149952500,149,Small_DG,2027-02-07,100,50,,planned
ilabp,23.0,17183010600,183,Small_DG,2027-03-04,104,52,,planned
ilabp,15.2,17163503334,163,Small_DG,2027-11-29,113,57,,planned
ilabp,15.2,17015960500,015,Small_DG,2027-11-29,89,45,,planned
ilabp,23.0,17019001205,019,Small_DG,2027-04-29,104,52,Champaign city,planned
ilabp,3.8,17173959300,173,Small_DG,2027-09-19,107,54,Shelbyville city,planned
ilabp,7.6,17129010100,129,Small_DG,2027-07-06,108,54,,planned
ilabp,7.6,17031250200,031,Small_DG,2027-11-21,8,4,Chicago city,planned
ilabp,11.5,17019000902,019,Small_DG,2027-03-18,104,52,,planned
ilabp,10.0,17119401800,119,Small_DG,2027-11-21,111,56,Rosewood Heights CDP,planned
ilabp,15.2,17183011000,183,Small_DG,2027-10-02,102,51,,planned
ilabp,11.5,17031530200,031,Small_DG,2027-02-07,28,14,Chicago city,planned
ilabp,5.7,17041952200,041,Small_DG,2027-02-21,101,51,Tuscola city,planned
ilabp,11.5,17123961300,123,Small_DG,2027-11-07,105,53,,planned
ilabp,11.4,17107952900,107,Small_DG,2027-04-29,87,44,,planned
ilabp,11.5,17031804308,031,Small_DG,2027-02-07,44,22,Schaumburg village,planned
ilabp,7.6,17119400951,119,Small_DG,2027-04-29,111,56,Granite City city,planned
ilabp,11.5,17031821001,031,Small_DG,2027-04-02,22,11,Burbank city,planned
ilabp,20.0,17113000502,113,Small_DG,2027-04-29,91,46,Normal town,planned
ilabp,17.5,17197884003,197,Small_DG,2027-07-06,86,43,Braidwood city,planned
ilabp,5.7,17011965000,011,Small_DG,2027-04-29,76,38,,planned
ilabp,11.5,17115002602,115,Small_DG,2027-03-18,107,54,,planned
ilabp,7.6,17001000400,001,Small_DG,2027-11-29,99,50,Quincy city,planned
ilabp,5.76,17043841204,043,Small_DG,2027-11-07,46,23,Glendale Heights village,planned
ilabp,11.5,17057953400,057,Small_DG,2027-02-07,94,47,Canton city,planned
ilabp,7.6,17201004100,201,Small_DG,2027-02-07,90,45,,planned
ilabp,3.8,17119400903,119,Small_DG,2027-09-05,112,56,Pontoon Beach village,planned
ilabp,22.8,17195000400,195,Small_DG,2027-03-18,73,37,,planned
ilabp,6.0,17111871600,111,Small_DG,2027-02-07,52,26,,planned
ilabp,7.6,17089850709,089,Small_DG,2027-11-21,65,33,,planned
ilabp,7.6,17179021102,179,Small_DG,2027-02-07,93,47,Pekin city,planned
ilabp,10.0,17113000302,113,Small_DG,2027-02-07,91,46,,planned
ilabp,5.7,17179021102,179,Small_DG,2027-02-07,93,47,Pekin city,planned
ilabp,5.7,17143002800,143,Small_DG,2027-04-02,92,46,Peoria city,planned
ilabp,15.2,17097864206,097,Small_DG,2027-02-07,52,26,,planned
ilabp,15.2,17031806600,031,Small_DG,2027-09-05,55,28,Des Plaines city,planned
ilabp,10.0,17111871205,111,Small_DG,2027-04-16,66,33,Lake in the Hills village,planned
ilabp,15.2,17199021300,199,Small_DG,2027-11-21,117,59,,planned
ilabp,7.6,17183010600,183,Small_DG,2027-02-21,104,52,,planned
ilabp,7.6,17031830006,031,Small_DG,2027-02-07,38,19,Matteson village,planned
ilabp,7.6,17043846603,043,Small_DG,2027-09-19,77,39,Addison village,planned
ilabp,5.7,17199020100,199,Small_DG,2027-02-07,118,59,,planned
ilabp,10.0,17201003805,201,Small_DG,2027-02-07,90,45,Machesney Park village,planned
ilabp,15.2,17197880107,197,Small_DG,2027-11-21,85,43,Bolingbrook village,planned
ilabp,7.6,17081050400,081,Small_DG,2027-11-21,116,58,,planned
ilabp,11.4,17095001300,095,Small_DG,2027-11-21,71,36,Knoxville city,planned
ilabp,11.4,17045070400,045,Small_DG,2027-11-21,102,51,Paris city,planned
ilabp,5.7,17089854403,089,Small_DG,2027-11-21,84,42,Aurora city,planned
ilabp,7.6,17143003101,143,Small_DG,2027-08-05,92,46,,planned
ilabp,11.4,17045070400,045,Small_DG,2027-11-21,102,51,Paris city,planned
ilabp,10.0,17163502300,163,Small_DG,2027-05-19,114,57,Cahokia village,planned
ilabp,11.5,17043846315,043,Small_DG,2027-11-29,81,41,,planned
ilabp,9.86,17031807500,031,Small_DG,2027-02-07,16,8,Skokie village,planned
ilabp,11.5,17143004901,143,Small_DG,2027-02-07,93,47,,planned
ilabp,10.0,17077010100,077,Small_DG,2027-02-07,115,58,,planned
ilabp,19.0,17073031000,073,Small_DG,2027-08-17,93,47,,planned
ilabp,10.0,17185957200,185,Small_DG,2028-01-30,116,58,,planned
ilabp,7.6,17015960500,015,Small_DG,2027-11-21,89,45,,planned
ilabp,3.8,17127970300,127,Small_DG,2027-11-21,117,59,,planned
ilabp,11.5,17201000105,201,Small_DG,2027-02-21,90,45,Machesney Park village,planned
ilabp,10.0,17097860106,097,Small_DG,2027-10-02,61,31,Zion city,planned
ilabp,23.0,17163503334,163,Small_DG,2027-10-23,113,57,,planned
ilabp,7.6,17163503907,163,Small_DG,2027-11-21,113,57,Shiloh village,planned
ilabp,5.8,17053961600,053,Small_DG,2027-11-29,106,53,,planned
ilabp,11.5,17119401721,119,Small_DG,2027-11-21,111,56,Bethalto village,planned
ilabp,5.7,17031824113,031,Small_DG,2027-09-05,27,14,Orland Park village,planned
ilabp,11.5,17045070300,045,Small_DG,2027-11-21,102,51,Paris city,planned
ilabp,11.4,17045070300,045,Small_DG,2027-11-21,102,51,Paris city,planned
ilabp,7.6,17123961300,123,Small_DG,2027-11-21,105,53,,planned
ilabp,7.6,17019001301,019,Small_DG,2027-11-29,103,52,Champaign city,planned
ilabp,7.6,17055040200,055,Small_DG,2028-01-30,116,58,North City village,planned
ilabp,3.8,17197880901,197,Small_DG,2028-03-10,98,49,Crest Hill city,planned
ilabp,20.0,17033880100,033,Small_DG,2027-10-02,102,51,,planned
ilabp,10.0,17179021802,179,Small_DG,2028-02-19,93,47,,planned
ilabp,11.4,17031630800,031,Small_DG,2027-06-04,1,1,Chicago city,planned
ilabp,3.8,17017960400,017,Small_DG,2027-08-17,99,50,Beardstown city,planned
ilabp,15.2,17031813400,031,Small_DG,2028-02-19,21,11,Cicero town,planned
ilabp,10.0,17105960400,105,Small_DG,2028-02-19,105,53,,planned
ilabp,10.0,17143004600,143,Small_DG,2027-07-21,91,46,Bartonville village,planned
ilabp,7.6,17031807200,031,Small_DG,2027-05-19,17,9,Skokie village,planned
ilabp,7.6,17031811301,031,Small_DG,2028-02-19,77,39,Northlake city,planned
ilabp,3.8,17111870402,111,Small_DG,2028-02-19,63,32,Woodstock city,planned
ilabp,12.5,17113005401,113,Small_DG,2027-02-07,88,44,,planned
ilabp,10.0,17145030400,145,Small_DG,2027-02-07,115,58,,planned
ilabp,7.6,17115002904,115,Small_DG,2028-03-03,88,44,,planned
ilabp,6.0,17115002904,115,Small_DG,2027-11-21,88,44,,planned
ilabp,9.57,17119403702,119,Small_DG,2028-02-19,109,55,,planned
ilabp,10.0,17031560900,031,Small_DG,2028-02-19,21,11,Chicago city,planned
ilabp,3.8,17097860805,097,Small_DG,2028-02-19,64,32,,planned
ilabp,22.8,17143004901,143,Small_DG,2028-03-10,93,47,,planned
ilabp,6.0,17089852907,089,Small_DG,2027-03-18,50,25,Aurora city,planned
ilabp,10.0,17163503323,163,Small_DG,2027-04-16,113,57,Swansea village,planned
ilabp,6.0,17197883811,197,Small_DG,2028-03-10,29,15,,planned
ilabp,10.0,17147954500,147,Small_DG,2027-02-21,88,44,,planned
ilabp,7.6,17023060100,023,Small_DG,2027-10-02,102,51,,planned
ilabp,10.0,17099963800,099,Small_DG,2027-11-07,106,53,Streator city,planned
ilabp,7.6,17031814100,031,Small_DG,2027-11-21,2,1,Cicero town,planned
ilabp,9.57,17119402701,119,Small_DG,2027-02-07,100,50,Godfrey village,planned
ilabp,10.0,17201001900,201,Small_DG,2027-11-21,67,34,Rockford city,planned
ilabp,11.5,17125956800,125,Small_DG,2027-04-02,94,47,,planned
ilabp,10.0,17157951300,157,Small_DG,2027-10-23,115,58,,planned
ilabp,15.2,17183010900,183,Small_DG,2027-04-02,102,51,,planned
ilabp,20.0,17163503323,163,Small_DG,2027-11-21,113,57,Swansea village,planned
ilabp,7.6,17135957600,135,Small_DG,2027-03-04,108,54,,planned
ilabp,7.6,17043846315,043,Small_DG,2027-11-21,81,41,,planned
ilabp,12.18,17063000102,063,Small_DG,2027-06-04,75,38,Channahon village,planned
ilabp,7.6,17081050800,081,Small_DG,2028-01-30,116,58,Mount Vernon city,planned
ilabp,5.7,17081050800,081,Small_DG,2027-09-05,116,58,Mount Vernon city,planned
ilabp,11.5,17031561000,031,Small_DG,2027-03-04,22,11,Chicago city,planned
ilabp,9.57,17183010200,183,Small_DG,2028-02-19,101,51,Hoopeston city,planned
ilabp,11.31,17143003000,143,Small_DG,2028-02-19,92,46,Peoria city,planned
ilabp,6.0,17031804804,031,Small_DG,2028-03-10,56,28,Schaumburg village,planned
ilabp,10.0,17119400904,119,Small_DG,2028-03-10,111,56,Granite City city,planned
ilabp,11.31,17143002701,143,Small_DG,2028-02-19,92,46,Peoria city,planned
ilabp,6.96,17143003200,143,Small_DG,2028-03-03,73,37,Peoria city,planned
ilabp,7.6,17143005100,143,Small_DG,2028-03-03,92,46,Peoria city,planned
ilabp,7.25,17143002701,143,Small_DG,2028-02-19,92,46,Peoria city,planned
ilabp,8.12,17119403531,119,Small_DG,2028-02-19,109,55,,planned
ilabp,8.12,17163503907,163,Small_DG,2028-02-19,113,57,Shiloh village,planned
ilabp,5.0,17201003901,201,Small_DG,2028-02-19,90,45,,planned
ilabp,6.38,17001001001,001,Small_DG,2028-02-19,99,50,Quincy city,planned
ilabp,10.0,17031824702,031,Small_DG,2028-02-19,30,15,Midlothian village,planned
ilabp,5.76,17143002701,143,Small_DG,2028-02-19,92,46,Peoria city,planned
ilabp,4.35,17143004802,143,Small_DG,2028-02-19,92,46,Bartonville village,planned
ilabp,7.6,17031561100,031,Small_DG,2028-03-03,22,11,Chicago city,planned
ilabp,3.8,17119400952,119,Small_DG,2028-02-19,111,56,Granite City city,planned
ilabp,7.25,17031700402,031,Small_DG,2028-02-19,31,16,Chicago city,planned
ilabp,5.0,17031815600,031,Small_DG,2028-02-19,21,11,North Riverside village,planned
ilabp,17.4,17101881100,101,Small_DG,2028-02-19,102,51,,planned
ilabp,7.6,17141960700,141,Small_DG,2027-02-07,89,45,,planned
ilabp,3.8,17043840911,043,Small_DG,2028-02-19,46,23,Glendale Heights village,planned
ilabp,7.6,17183011100,183,Small_DG,2027-03-04,102,51,,planned
ilabp,7.6,17031806600,031,Small_DG,2028-02-19,55,28,Des Plaines city,planned
ilabp,11.4,17133600103,133,Small_DG,2028-02-19,115,58,Columbia city,planned
ilabp,6.0,17001001100,001,Small_DG,2028-02-19,99,50,Quincy city,planned
ilabp,5.0,17031530600,031,Small_DG,2028-03-03,29,15,Chicago city,planned
ilabp,8.7,17057953100,057,Small_DG,2028-03-03,94,47,,planned
ilabp,5.76,17143005000,143,Small_DG,2028-03-03,92,46,Peoria city,planned
ilabp,15.2,17111870807,111,Small_DG,2028-03-03,63,32,,planned
ilabp,3.8,17041952300,041,Small_DG,2027-11-21,101,51,,planned
ilabp,4980.0,17163503908,163,Large_DG,2028-05-29,114,57,Scott AFB CDP,planned
ilabp,7.6,17031730100,031,Small_DG,2028-03-03,27,14,Chicago city,planned
ilabp,3.8,17031803300,031,Small_DG,2028-03-03,54,27,Arlington Heights village,planned
ilabp,5.51,17143004500,143,Small_DG,2028-03-03,93,47,,planned
ilabp,3.8,17197883211,197,Small_DG,2028-03-03,86,43,Joliet city,planned
ilabp,10.0,17031190601,031,Small_DG,2028-03-03,3,2,Chicago city,planned
ilabp,6.0,17179020400,179,Small_DG,2028-03-03,87,44,Creve Coeur village,planned
ilabp,4.06,17143002300,143,Small_DG,2028-03-03,92,46,Peoria city,planned
ilabp,2.32,17199020600,199,Small_DG,2028-03-03,118,59,Herrin city,planned
ilabp,2.9,17143002701,143,Small_DG,2028-03-03,92,46,Peoria city,planned
ilabp,5.7,17131040200,131,Small_DG,2027-03-04,94,47,,planned
ilabp,11.4,17187870500,187,Small_DG,2028-03-03,71,36,Monmouth city,planned
ilabp,5.0,17031828801,031,Small_DG,2028-03-03,30,15,Flossmoor village,planned
ilabp,7.6,17031822701,031,Small_DG,2028-03-03,36,18,Oak Lawn village,planned
ilabp,8.41,17033880600,033,Small_DG,2028-03-03,102,51,,planned
ilabp,6.0,17117956700,117,Small_DG,2028-03-03,100,50,,planned
ilabp,5.0,17031650400,031,Small_DG,2028-03-03,22,11,Chicago city,planned
ilabp,3.8,17143002701,143,Small_DG,2028-03-03,92,46,Peoria city,planned
ilabp,7.6,17149952400,149,Small_DG,2028-03-03,100,50,,planned
ilabp,5.76,17031770800,031,Small_DG,2028-03-03,20,10,Schiller Park village,planned
ilabp,3.8,17031700302,031,Small_DG,2028-03-03,32,16,Chicago city,planned
ilabp,3.8,17197880510,197,Small_DG,2028-03-03,98,49,Romeoville village,planned
ilabp,8.7,17179021606,179,Small_DG,2028-03-03,87,44,,planned
ilabp,5.0,17031804804,031,Small_DG,2028-03-03,56,28,Schaumburg village,planned
ilabp,5.22,17179021606,179,Small_DG,2028-03-03,87,44,,planned
ilabp,12.0,17163503323,163,Small_DG,2028-03-03,113,57,Swansea village,planned
ilabp,5.0,17029000300,029,Small_DG,2028-03-03,101,51,,planned
ilabp,4.64,17131040300,131,Small_DG,2028-03-03,94,47,Aledo city,planned
ilabp,5.76,17031817700,031,Small_DG,2028-03-03,7,4,Maywood village,planned
ilabp,7.6,17143003000,143,Small_DG,2028-03-03,92,46,Peoria city,planned
ilabp,7.6,17031821001,031,Small_DG,2028-03-03,22,11,Burbank city,planned
ilabp,6.0,17031650200,031,Small_DG,2028-03-03,22,11,Chicago city,planned
ilabp,10.0,17183011100,183,Small_DG,2027-02-21,102,51,,planned
ilabp,10.0,17183011200,183,Small_DG,2028-03-03,104,52,,planned
ilabp,3.8,17031816900,031,Small_DG,2028-03-03,7,4,Bellwood village,planned
ilabp,5.76,17031700302,031,Small_DG,2028-03-03,32,16,Chicago city,planned
ilabp,6.0,17063000400,063,Small_DG,2028-03-03,75,38,Morris city,planned
ilabp,13.8,17031828701,031,Small_DG,2028-03-03,29,15,Glenwood village,planned
ilabp,8.7,17055040200,055,Small_DG,2028-03-03,116,58,North City village,planned
ilabp,2.32,17143002701,143,Small_DG,2028-03-03,92,46,Peoria city,planned
ilabp,6.09,17197883513,197,Small_DG,2027-02-07,38,19,Tinley Park village,planned
ilabp,3.48,17115001802,115,Small_DG,2027-02-21,88,44,Decatur city,planned
ilabp,5.8,17141960900,141,Small_DG,2027-02-07,89,45,,planned
ilabp,8.12,17097860907,097,Small_DG,2027-02-07,64,32,,planned
ilabp,7.25,17121952000,121,Small_DG,2027-04-02,110,55,,planned
ilabp,11.5,17031804405,031,Small_DG,2028-01-30,43,22,Elgin city,planned
ilabp,3.19,17143004200,143,Small_DG,2028-03-03,92,46,Peoria Heights village,planned
ilabp,3.77,17001010600,001,Small_DG,2028-03-03,99,50,,planned
ilabp,7.6,17031100300,031,Small_DG,2028-03-03,20,10,Chicago city,planned
ilabp,5.0,17031770300,031,Small_DG,2028-03-03,56,28,Elk Grove Village village,planned
ilabp,5.76,17031740200,031,Small_DG,2028-03-03,36,18,Chicago city,planned
ilabp,11.4,17107953600,107,Small_DG,2028-03-03,87,44,,planned
ilabp,5.76,17031804305,031,Small_DG,2028-03-03,44,22,Streamwood village,planned
ilabp,990.0,17031829700,031,Large_DG,2027-01-02,29,15,,planned
ilabp,11.4,17031813100,031,Small_DG,2028-03-03,78,39,Oak Park village,planned
ilabp,7.54,17121952000,121,Small_DG,2027-04-02,110,55,,planned
ilabp,7.6,17043841604,043,Small_DG,2028-03-03,49,25,,planned
ilabp,7.6,17145030100,145,Small_DG,2027-05-19,115,58,,planned
ilabp,7.6,17073030500,073,Small_DG,2027-02-21,93,47,,planned
ilabp,20.0,17183010701,183,Small_DG,2028-01-30,102,51,,planned
ilabp,12.5,17117956300,117,Small_DG,2027-04-02,108,54,,planned
ilabp,5.7,17163501605,163,Small_DG,2027-11-21,113,57,Belleville city,planned
ilabp,10.0,17179021801,179,Small_DG,2027-04-29,93,47,,planned
ilabp,7.6,17119402801,119,Small_DG,2027-02-21,100,50,,planned
ilabp,4.35,17163503411,163,Small_DG,2027-02-07,112,56,Caseyville village,planned
ilabp,5.7,17089854002,089,Small_DG,2027-02-21,83,42,Montgomery village,planned
ilabp,10.0,17061973900,061,Small_DG,2027-04-02,100,50,White Hall city,planned
ilabp,5.7,17181950100,181,Small_DG,2027-11-21,118,59,,planned
ilabp,7.6,17121952600,121,Small_DG,2027-11-29,110,55,Centralia city,planned
ilabp,5.7,17187870500,187,Small_DG,2027-11-21,71,36,Monmouth city,planned
ilabp,2000.0,17115001100,115,Large_DG,2027-12-31,96,48,Decatur city,planned
ilabp,10.0,17089850710,089,Small_DG,2027-11-21,70,35,,planned
ilabp,11.4,17031804315,031,Small_DG,2027-11-07,44,22,Streamwood village,planned
ilabp,5.7,17203030700,203,Small_DG,2027-04-29,105,53,,planned
ilabp,15.2,17011965100,011,Small_DG,2027-11-21,76,38,,planned
ilabp,23.0,17143003900,143,Small_DG,2027-11-29,93,47,,planned
ilabp,23.0,17147954700,147,Small_DG,2027-11-21,88,44,,planned
ilabp,5.7,17199020700,199,Small_DG,2027-11-21,117,59,,planned
ilabp,5.7,17163504353,163,Small_DG,2027-11-21,109,55,,planned
ilabp,15.2,17195000100,195,Small_DG,2027-09-19,74,37,,planned
ilabp,7.6,17031804202,031,Small_DG,2027-03-18,52,26,South Barrington village,planned
ilabp,20.0,17101880800,101,Small_DG,2027-11-21,102,51,,planned
ilabp,5.7,17119401722,119,Small_DG,2027-11-21,111,56,Bethalto village,planned
ilabp,10.0,17025972200,025,Small_DG,2027-05-19,110,55,,planned
ilabp,11.5,17031805901,031,Small_DG,2027-04-29,56,28,Des Plaines city,planned
ilabp,7.6,17077010602,077,Small_DG,2027-11-21,115,58,Murphysboro city,planned
ilabp,20.0,17193958400,193,Small_DG,2027-10-23,117,59,,planned
ilabp,11.5,17019001204,019,Small_DG,2027-03-18,104,52,Champaign city,planned
ilabp,11.5,17057953100,057,Small_DG,2027-11-21,94,47,,planned
ilabp,11.5,17097864110,097,Small_DG,2027-09-05,62,31,Grayslake village,planned
ilabp,7.6,17163504353,163,Small_DG,2027-08-17,109,55,,planned
ilabp,11.5,17089850711,089,Small_DG,2027-11-21,65,33,,planned
ilabp,10.0,17149952600,149,Small_DG,2027-04-29,100,50,,planned
ilabp,11.5,17133600104,133,Small_DG,2027-08-05,115,58,Columbia city,planned
ilabp,10.0,17055040100,055,Small_DG,2027-11-21,116,58,,planned
ilabp,3.8,17037002000,037,Small_DG,2027-09-05,75,38,Sandwich city,planned
ilabp,10.0,17031825503,031,Small_DG,2027-06-04,38,19,Hazel Crest village,planned
ilabp,7.6,17163503332,163,Small_DG,2027-10-23,113,57,,planned
ilabp,5.7,17189950400,189,Small_DG,2027-11-21,115,58,,planned
ilabp,11.5,17199021200,199,Small_DG,2028-01-30,118,59,Marion city,planned
ilabp,7.6,17189950300,189,Small_DG,2027-08-05,109,55,,planned
ilabp,25.0,17031826800,031,Small_DG,2027-02-07,30,15,Dixmoor village,planned
ilabp,7.6,17081050600,081,Small_DG,2027-11-29,116,58,Mount Vernon city,planned
ilabp,11.5,17051951100,051,Small_DG,2027-05-19,110,55,,planned
ilabp,5.7,17177000900,177,Small_DG,2027-11-21,90,45,Freeport city,planned
ilabp,7.6,17189950100,189,Small_DG,2027-11-21,109,55,,planned
ilabp,20.0,17097860806,097,Small_DG,2027-11-21,64,32,Antioch village,planned
ilabp,17.6,17015960500,015,Small_DG,2027-11-07,89,45,,planned
ilabp,5.7,17197880107,197,Small_DG,2027-11-21,85,43,Bolingbrook village,planned
ilabp,7.6,17037000800,037,Small_DG,2027-09-05,70,35,DeKalb city,planned
ilabp,11.4,17137952200,137,Small_DG,2027-10-09,100,50,,planned
ilabp,8.99,17031190402,031,Small_DG,2028-03-03,3,2,Chicago city,planned
ilabp,5.7,17101881100,101,Small_DG,2027-11-21,102,51,,planned
ilabp,1.741,17143003700,143,Small_DG,2027-02-07,73,37,,planned
ilabp,7.6,17179020302,179,Small_DG,2027-09-05,87,44,East Peoria city,planned
ilabp,15.2,17177000200,177,Small_DG,2027-11-21,90,45,,planned
ilabp,7.6,17179022400,179,Small_DG,2027-11-29,91,46,,planned
ilabp,7.6,17111871111,111,Small_DG,2027-08-17,70,35,Algonquin village,planned
ilabp,5.7,17121952200,121,Small_DG,2027-09-05,110,55,,planned
ilabp,11.4,17081050900,081,Small_DG,2027-04-29,116,58,Mount Vernon city,planned
ilabp,3.8,17019005500,019,Small_DG,2027-02-21,104,52,Urbana city,planned
ilabp,11.5,17199020100,199,Small_DG,2027-11-21,118,59,,planned
ilabp,20.0,17081050100,081,Small_DG,2027-11-21,116,58,,planned
ilabp,7.6,17199020600,199,Small_DG,2027-07-21,118,59,Herrin city,planned
ilabp,11.4,17195000100,195,Small_DG,2027-11-07,74,37,,planned
ilabp,11.4,17093890702,093,Small_DG,2027-07-06,75,38,,planned
ilabp,3.8,17117956500,117,Small_DG,2027-11-29,100,50,,planned
ilabp,5.7,17197880105,197,Small_DG,2027-11-21,98,49,Bolingbrook village,planned
ilabp,13.3,17089852101,089,Small_DG,2027-02-21,65,33,,planned
ilabp,10.0,17037000200,037,Small_DG,2027-04-29,89,45,,planned
ilabp,11.4,17113000502,113,Small_DG,2027-11-29,91,46,Normal town,planned
ilabp,15.2,17199021100,199,Small_DG,2027-08-05,118,59,Marion city,planned
ilabp,15.2,17037001600,037,Small_DG,2027-09-05,70,35,Cortland town,planned
ilabp,7.6,17197880317,197,Small_DG,2027-06-04,97,49,Bolingbrook village,planned
ilabp,10.0,17067954100,067,Small_DG,2027-11-21,94,47,Hamilton city,planned
ilabp,5.7,17201000502,201,Small_DG,2027-11-29,68,34,Rockford city,planned
ilabp,11.5,17031815702,031,Small_DG,2027-11-21,2,1,Riverside village,planned
ilabp,7.6,17067953700,067,Small_DG,2027-03-18,94,47,,planned
ilabp,19.0,17001010200,001,Small_DG,2027-11-29,94,47,,planned
ilabp,11.5,17031804406,031,Small_DG,2027-04-29,49,25,Elgin city,planned
ilabp,11.4,17091010100,091,Small_DG,2027-09-19,29,15,,planned
ilabp,5.7,17031210100,031,Small_DG,2027-11-21,40,20,Chicago city,planned
ilabp,7.6,17163503907,163,Small_DG,2027-11-21,113,57,Shiloh village,planned
ilabp,10.0,17119400903,119,Small_DG,2027-09-19,112,56,Pontoon Beach village,planned
ilabp,23.0,17163503322,163,Small_DG,2027-11-07,113,57,Swansea village,planned
ilabp,7.6,17011965600,011,Small_DG,2027-07-21,73,37,,planned
ilabp,10.0,17017960300,017,Small_DG,2027-10-23,99,50,,planned
ilabp,15.2,17099964100,099,Small_DG,2027-11-21,106,53,,planned
ilabp,11.4,17081050700,081,Small_DG,2027-11-21,116,58,,planned
ilabp,15.2,17093890703,093,Small_DG,2027-11-21,75,38,,planned
ilabp,13.3,17055040100,055,Small_DG,2027-09-19,116,58,,planned
ilabp,10.0,17113006000,113,Small_DG,2027-04-16,87,44,,planned
ilabp,333.3,17097862603,097,Large_DG,2027-01-02,60,30,Waukegan city,planned
ilabp,7.6,17179021701,179,Small_DG,2027-11-29,87,44,,planned
ilabp,100.0,17031804202,031,Large_DG,2027-02-07,52,26,South Barrington village,planned
ilabp,100.0,17031804713,031,Large_DG,2027-01-02,44,22,Hoffman Estates village,planned
ilabp,720.0,17091010100,091,Large_DG,2027-01-02,29,15,,planned
ilabp,15.2,17177000200,177,Small_DG,2027-05-19,90,45,,planned
ilabp,7.6,17055040100,055,Small_DG,2027-04-29,116,58,,planned
ilabp,5.7,17111870813,111,Small_DG,2027-09-19,63,32,,planned
ilabp,10.0,17163503322,163,Small_DG,2027-08-17,113,57,Swansea village,planned
ilabp,11.5,17089854002,089,Small_DG,2027-05-19,83,42,Montgomery village,planned
ilabp,7.6,17197880105,197,Small_DG,2027-08-17,98,49,Bolingbrook village,planned
ilabp,17.6,17093890703,093,Small_DG,2027-11-21,75,38,,planned
ilabp,13.3,17117956100,117,Small_DG,2027-10-02,108,54,,planned
ilabp,11.4,17031140400,031,Small_DG,2027-11-21,15,8,Chicago city,planned
ilabp,1990.0,17115002601,115,Large_DG,2027-01-02,88,44,,planned
ilabp,7.6,17055040100,055,Small_DG,2027-10-02,116,58,,planned
ilabp,10.0,17199020700,199,Small_DG,2027-11-21,117,59,,planned
ilabp,5.7,17089852403,089,Small_DG,2027-08-17,70,35,,planned
ilabp,15.2,17191955000,191,Small_DG,2027-11-21,116,58,,planned
ilabp,11.4,17049950400,049,Small_DG,2027-05-19,110,55,,planned
ilabp,11.4,17097860600,097,Small_DG,2027-11-21,61,31,Beach Park village,planned
ilabp,7.6,17037000800,037,Small_DG,2027-11-21,70,35,DeKalb city,planned
ilabp,11.5,17031827801,031,Small_DG,2027-03-04,29,15,South Holland village,planned
ilabp,7.6,17163503906,163,Small_DG,2027-07-06,114,57,,planned
ilabp,7.6,17203030700,203,Small_DG,2027-08-05,105,53,,planned
ilabp,13.8,17057953900,057,Small_DG,2027-05-19,94,47,,planned
ilabp,11.5,17197880432,197,Small_DG,2027-03-04,97,49,Joliet city,planned
ilabp,10.0,17119403502,119,Small_DG,2027-11-21,109,55,,planned
ilabp,10.73,17163503404,163,Small_DG,2027-02-21,112,56,,planned
ilabp,2000.0,17115002200,115,Large_DG,2027-12-31,88,44,,planned
ilabp,10.0,17055040100,055,Small_DG,2027-11-29,116,58,,planned
ilabp,7.6,17055041000,055,Small_DG,2027-07-21,117,59,West Frankfort city,planned
ilabp,17.6,17179021900,179,Small_DG,2027-10-02,87,44,,planned
ilabp,11.4,17055040900,055,Small_DG,2027-08-17,117,59,West Frankfort city,planned
ilabp,7.6,17085020500,085,Small_DG,2027-11-21,89,45,,planned
ilabp,11.4,17201004300,201,Small_DG,2027-06-18,89,45,,planned
ilabp,17.6,17179020400,179,Small_DG,2027-06-04,87,44,Creve Coeur village,planned
ilabp,11.4,17087977800,087,Small_DG,2027-11-21,117,59,,planned
ilabp,11.4,17087977700,087,Small_DG,2027-11-21,117,59,,planned
ilabp,5.7,17119400951,119,Small_DG,2027-09-19,111,56,Granite City city,planned
ilabp,11.5,17143003900,143,Small_DG,2027-11-21,93,47,,planned
ilabp,11.4,17203030100,203,Small_DG,2027-11-21,105,53,,planned
ilabp,7.6,17143001500,143,Small_DG,2027-09-05,92,46,Peoria city,planned
ilabp,13.3,17177000900,177,Small_DG,2027-11-07,90,45,Freeport city,planned
ilabp,5.7,17031806102,031,Small_DG,2027-09-19,56,28,Des Plaines city,planned
ilabp,7.6,17119400200,119,Small_DG,2027-09-19,111,56,Granite City city,planned
ilabp,10.0,17111870402,111,Small_DG,2027-04-29,63,32,Woodstock city,planned
ilabp,20.0,17179021102,179,Small_DG,2027-11-21,93,47,Pekin city,planned
ilabp,2000.0,17107953100,107,Large_DG,2027-12-31,87,44,,planned
ilabp,19.0,17203030300,203,Small_DG,2027-09-05,105,53,,planned
ilabp,7.6,17197880113,197,Small_DG,2027-11-21,85,43,Bolingbrook village,planned
ilabp,5.7,17163503413,163,Small_DG,2027-11-21,112,56,Fairview Heights city,planned
ilabp,11.4,17163503304,163,Small_DG,2027-09-19,113,57,Belleville city,planned
ilabp,7.6,17127970300,127,Small_DG,2027-11-21,117,59,,planned
ilabp,23.0,17157951100,157,Small_DG,2027-11-29,115,58,,planned
ilabp,7.6,17077010300,077,Small_DG,2027-05-19,115,58,,planned
ilabp,10.0,17107953000,107,Small_DG,2027-11-29,87,44,,planned
ilabp,7.6,17195000400,195,Small_DG,2027-07-21,73,37,,planned
ilabp,17.1,17107952900,107,Small_DG,2027-11-21,87,44,,planned
ilabp,5.7,17163501605,163,Small_DG,2027-06-18,113,57,Belleville city,planned
ilabp,19.1,17157951300,157,Small_DG,2027-11-29,115,58,,planned
ilabp,13.3,17077010300,077,Small_DG,2027-11-29,115,58,,planned
ilabp,20.0,17019005702,019,Small_DG,2027-11-21,104,52,,planned
ilabp,15.2,17145030100,145,Small_DG,2027-11-21,115,58,,planned
ilabp,10.0,17197880106,197,Small_DG,2027-04-29,85,43,Bolingbrook village,planned
ilabp,10.0,17089852403,089,Small_DG,2027-08-17,70,35,,planned
ilabp,15.2,17203030100,203,Small_DG,2027-11-29,105,53,,planned
ilabp,5.7,17089850103,089,Small_DG,2027-09-05,66,33,,planned
ilabp,5.7,17145030200,145,Small_DG,2027-11-21,115,58,,planned
ilabp,100.0,17031803608,031,Large_DG,2027-01-17,51,26,,planned
ilabp,200.0,17031803608,031,Large_DG,2027-01-17,51,26,,planned
ilabp,7.6,17177000900,177,Small_DG,2027-03-04,90,45,Freeport city,planned
ilabp,7.6,17055040200,055,Small_DG,2027-08-17,116,58,North City village,planned
ilabp,23.0,17031801608,031,Small_DG,2027-11-07,17,9,Glenview village,planned
ilabp,11.5,17031821102,031,Small_DG,2027-04-02,32,16,Burbank city,planned
ilabp,23.0,17031100600,031,Small_DG,2028-01-16,20,10,Chicago city,planned
ilabp,22.8,17075950400,075,Small_DG,2027-11-29,106,53,Watseka city,planned
ilabp,5.7,17179020600,179,Small_DG,2027-08-05,93,47,Pekin city,planned
ilabp,12.0,17049950500,049,Small_DG,2027-09-05,102,51,,planned
ilabp,11.4,17089852403,089,Small_DG,2027-09-19,70,35,,planned
ilabp,5.76,17089854401,089,Small_DG,2028-03-03,84,42,,planned
ilabp,7.6,17119402200,119,Small_DG,2027-04-29,111,56,Alton city,planned
ilabp,7.6,17075950900,075,Small_DG,2027-03-04,106,53,,planned
ilabp,7.6,17179021101,179,Small_DG,2027-04-29,93,47,Pekin city,planned
ilabp,13.3,17163503906,163,Small_DG,2027-11-21,114,57,,planned
ilabp,11.4,17009970400,009,Small_DG,2027-11-21,99,50,,planned
ilabp,10.0,17009970400,009,Small_DG,2027-03-04,99,50,,planned
ilabp,1900.0,17189950200,189,Large_DG,2028-05-21,109,55,,planned
ilabp,5.0,17143004200,143,Small_DG,2028-03-03,92,46,Peoria Heights village,planned
ilabp,420.0,17031815702,031,Large_DG,2026-12-18,2,1,Riverside village,planned
ilabp,11.5,17043841323,043,Small_DG,2027-03-18,49,25,Bartlett village,planned
ilabp,19.0,17009970400,009,Small_DG,2027-05-19,99,50,,planned
ilabp,10.0,17001010200,001,Small_DG,2027-03-18,94,47,,planned
ilabp,7.6,17093890601,093,Small_DG,2027-10-02,75,38,,planned
ilabp,7.6,17149952700,149,Small_DG,2027-07-06,100,50,Pittsfield city,planned
ilabp,15.2,17137951900,137,Small_DG,2027-08-05,99,50,Jacksonville city,planned
ilabp,5.0,17089850705,089,Small_DG,2027-05-06,70,35,Hampshire village,planned
ilabp,3.8,17197883213,197,Small_DG,2027-07-06,86,43,Shorewood village,planned
ilabp,17.6,17177001000,177,Small_DG,2027-09-19,90,45,Freeport city,planned
ilabp,11.5,17133600402,133,Small_DG,2027-11-29,115,58,,planned
ilabp,10.0,17031823801,031,Small_DG,2027-09-05,36,18,,planned
ilabp,11.5,17201002100,201,Small_DG,2027-03-18,67,34,Rockford city,planned
ilabp,5.7,17031818402,031,Small_DG,2027-04-02,7,4,Westchester village,planned
ilabp,11.4,17137951400,137,Small_DG,2027-08-05,99,50,,planned
ilabp,11.5,17031828507,031,Small_DG,2027-03-18,33,17,Lansing village,planned
ilabp,11.5,17031823605,031,Small_DG,2027-03-04,35,18,Palos Heights city,planned
ilabp,11.5,17031825302,031,Small_DG,2027-06-04,30,15,,planned
ilabp,6.0,17037001600,037,Small_DG,2027-05-19,70,35,Cortland town,planned
ilabp,7.6,17177000400,177,Small_DG,2027-11-21,89,45,,planned
ilabp,5.7,17197881700,197,Small_DG,2027-09-19,98,49,Joliet city,planned
ilabp,19.0,17183010100,183,Small_DG,2027-06-04,101,51,,planned
ilabp,7.6,17015960100,015,Small_DG,2027-11-21,89,45,,planned
ilabp,5.7,17183010100,183,Small_DG,2027-09-05,101,51,,planned
ilabp,11.4,17081050800,081,Small_DG,2027-10-02,116,58,Mount Vernon city,planned
ilabp,6.0,17015960100,015,Small_DG,2027-02-21,89,45,,planned
ilabp,7.6,17005951300,005,Small_DG,2027-02-21,109,55,Greenville city,planned
ilabp,5.7,17043840101,043,Small_DG,2027-09-05,48,24,Wood Dale city,planned
ilabp,5.8,17179020302,179,Small_DG,2027-02-07,87,44,East Peoria city,planned
ilabp,7.38,17159978200,159,Small_DG,2027-04-29,110,55,Olney city,planned
ilabp,7.6,17031824106,031,Small_DG,2027-07-06,27,14,Orland Park village,planned
ilabp,10.0,17195000700,195,Small_DG,2027-11-21,73,37,,planned
ilabp,2.9,17031805901,031,Small_DG,2027-09-05,56,28,Des Plaines city,planned
ilabp,7.6,17031828508,031,Small_DG,2027-11-29,34,17,,planned
ilabp,6.09,17031110501,031,Small_DG,2028-03-03,19,10,Chicago city,planned
ilabp,4.93,17043846305,043,Small_DG,2027-11-21,81,41,Woodridge village,planned
ilabp,10.0,17019001100,019,Small_DG,2028-03-03,103,52,Champaign city,planned
ilabp,4950.0,17179021801,179,Large_DG,2027-12-18,93,47,,planned
ilabp,7.6,17179021900,179,Small_DG,2027-04-02,87,44,,planned
ilabp,13.3,17041952200,041,Small_DG,2027-11-21,101,51,Tuscola city,planned
ilabp,11.5,17163501605,163,Small_DG,2027-11-29,113,57,Belleville city,planned
ilabp,10.0,17137951900,137,Small_DG,2028-03-03,99,50,Jacksonville city,planned
ilabp,7.6,17061973900,061,Small_DG,2027-04-29,100,50,White Hall city,planned
ilabp,11.4,17163501605,163,Small_DG,2027-11-29,113,57,Belleville city,planned
ilabp,3600.0,17143003900,143,Large_DG,2028-03-19,93,47,,planned
ilabp,2.61,17071973300,071,Small_DG,2027-04-29,94,47,,planned
ilabp,7.6,17005951500,005,Small_DG,2027-04-29,109,55,,planned
ilabp,5.7,17107953000,107,Small_DG,2027-04-29,87,44,,planned
ilabp,7.608,17031839900,031,Small_DG,2027-11-21,1,1,Chicago city,planned
ilabp,5.7,17201000506,201,Small_DG,2027-11-21,68,34,Rockford city,planned
ilabp,6.09,17031828507,031,Small_DG,2027-11-07,33,17,Lansing village,planned
ilabp,15.2,17173959200,173,Small_DG,2027-10-23,107,54,,planned
ilabp,7.6,17123961100,123,Small_DG,2027-07-06,105,53,,planned
ilabp,15.216,17107953300,107,Small_DG,2028-01-30,87,44,,planned
ilabp,11.5,17043841315,043,Small_DG,2027-03-18,56,28,Hanover Park village,planned
ilabp,4.06,17089850301,089,Small_DG,2027-09-05,43,22,,planned
ilabp,4.35,17121952200,121,Small_DG,2027-03-04,110,55,,planned
ilabp,10.0,17143000300,143,Small_DG,2027-11-21,92,46,Peoria city,planned
ilabp,300.0,17031770300,031,Large_DG,2026-12-18,56,28,Elk Grove Village village,planned
ilabp,11.4,17107953500,107,Small_DG,2027-04-29,87,44,,planned
ilabp,5.7,17119403802,119,Small_DG,2027-03-04,109,55,,planned
ilabp,20.0,17137951400,137,Small_DG,2027-06-04,99,50,,planned
ilabp,10.15,17163503211,163,Small_DG,2027-04-29,113,57,,planned
ilabp,11.4,17183000400,183,Small_DG,2027-11-21,104,52,,planned
ilabp,7.608,17199021100,199,Small_DG,2028-01-30,118,59,Marion city,planned
ilabp,7.6,17135958000,135,Small_DG,2027-03-04,108,54,Coffeen city,planned
ilabp,6.0,17201000513,201,Small_DG,2027-05-19,68,34,Rockford city,planned
ilabp,20.0,17193958200,193,Small_DG,2027-04-29,116,58,,planned
ilabp,7.6,17183010600,183,Small_DG,2028-01-30,104,52,,planned
ilabp,7.6,17119400802,119,Small_DG,2028-01-30,111,56,Granite City city,planned
ilabp,7.6,17135957600,135,Small_DG,2027-08-17,108,54,,planned
ilabp,13.3,17001010200,001,Small_DG,2027-11-21,94,47,,planned
ilabp,11.5,17031100200,031,Small_DG,2027-11-29,20,10,Chicago city,planned
ilabp,11.5,17137951700,137,Small_DG,2027-11-21,99,50,Jacksonville city,planned
ilabp,7.6,17183010300,183,Small_DG,2028-01-30,101,51,,planned
ilabp,15.216,17183011000,183,Small_DG,2028-01-30,102,51,,planned
ilabp,15.2,17173959400,173,Small_DG,2027-11-21,107,54,,planned
ilabp,10.0,17031804306,031,Small_DG,2027-08-17,44,22,Streamwood village,planned
ilabp,15.2,17195000600,195,Small_DG,2027-11-07,73,37,,planned
ilabp,100.0,17197880314,197,Large_DG,2027-01-17,97,49,,planned
ilabp,650.0,17077011200,077,Large_DG,2027-01-02,118,59,,planned
ilabp,15.2,17047956900,047,Small_DG,2027-11-29,116,58,,planned
ilabp,19.0,17019010800,019,Small_DG,2027-11-21,101,51,,planned
ilabp,10.0,17031802002,031,Small_DG,2027-08-17,17,9,,planned
ilabp,22.8,17075950900,075,Small_DG,2027-11-21,106,53,,planned
ilabp,10.0,17095000500,095,Small_DG,2027-11-21,71,36,,planned
ilabp,10.0,17081050100,081,Small_DG,2027-11-21,116,58,,planned
ilabp,5.7,17135957800,135,Small_DG,2027-04-29,108,54,Litchfield city,planned
ilabp,15.2,17167003701,167,Small_DG,2027-04-29,108,54,,planned
ilabp,10.0,17163503322,163,Small_DG,2027-11-21,113,57,Swansea village,planned
ilabp,11.4,17099963400,099,Small_DG,2027-11-21,76,38,Oglesby city,planned
ilabp,11.5,17201000105,201,Small_DG,2027-04-29,90,45,Machesney Park village,planned
ilabp,5.7,17005951500,005,Small_DG,2027-04-29,109,55,,planned
ilabp,5.7,17163501605,163,Small_DG,2027-11-07,113,57,Belleville city,planned
ilabp,11.5,17019005601,019,Small_DG,2027-04-16,103,52,Urbana city,planned
ilabp,10.0,17145030100,145,Small_DG,2027-09-19,115,58,,planned
ilabp,5.76,17001001100,001,Small_DG,2027-05-19,99,50,Quincy city,planned
ilabp,11.4,17159977900,159,Small_DG,2027-10-23,110,55,,planned
ilabp,5000.0,17107953100,107,Large_DG,2027-01-02,87,44,,planned
ilabp,11.5,17095001500,095,Small_DG,2027-04-02,94,47,,planned
ilabp,23.0,17115001801,115,Small_DG,2027-04-16,88,44,Decatur city,planned
ilabp,995.0,17049950700,049,Large_DG,2027-01-02,107,54,,planned
ilabp,7.6,17129010200,129,Small_DG,2027-04-29,108,54,Petersburg city,planned
ilabp,7.6,17031842100,031,Small_DG,2027-05-19,4,2,Chicago city,planned
ilabp,15.2,17077010100,077,Small_DG,2027-05-19,115,58,,planned
ilabp,5.8,17119401400,119,Small_DG,2027-03-18,111,56,Alton city,planned
ilabp,7.54,17119400102,119,Small_DG,2027-03-18,112,56,Granite City city,planned
ilabp,4.93,17077010602,077,Small_DG,2027-03-04,115,58,Murphysboro city,planned
ilabp,6.96,17119400903,119,Small_DG,2027-06-04,112,56,Pontoon Beach village,planned
ilabp,10.0,17159978300,159,Small_DG,2027-06-04,110,55,,planned
ilabp,9.57,17081050700,081,Small_DG,2027-06-18,116,58,,planned
ilabp,5.7,17179022100,179,Small_DG,2027-08-17,91,46,,planned
ilabp,3.8,17179021101,179,Small_DG,2027-04-29,93,47,Pekin city,planned
ilabp,7.54,17143002702,143,Small_DG,2027-04-29,92,46,Peoria city,planned
ilabp,5.7,17143004902,143,Small_DG,2027-08-17,93,47,,planned
ilabp,7.54,17051950600,051,Small_DG,2027-03-04,110,55,,planned
ilabp,6.38,17179022100,179,Small_DG,2027-03-18,91,46,,planned
ilabp,5.8,17163504001,163,Small_DG,2027-10-02,114,57,,planned
ilabp,4.93,17017960500,017,Small_DG,2027-03-04,99,50,,planned
ilabp,4.06,17001000100,001,Small_DG,2027-06-04,99,50,Quincy city,planned
ilabp,11.6,17087977800,087,Small_DG,2027-03-18,117,59,,planned
ilabp,5.0,17031825504,031,Small_DG,2027-03-18,38,19,Hazel Crest village,planned
ilabp,6.67,17101881100,101,Small_DG,2027-04-29,102,51,,planned
ilabp,13.05,17001001100,001,Small_DG,2027-04-29,99,50,Quincy city,planned
ilabp,7.6,17107953500,107,Small_DG,2027-03-04,87,44,,planned
ilabp,9.57,17119401101,119,Small_DG,2027-04-29,111,56,Wood River city,planned
ilabp,3400.0,17197883507,197,Large_DG,2028-01-06,80,40,,planned
ilabp,7.608,17019010400,019,Small_DG,2027-03-04,101,51,,planned
ilabp,13.36,17165955100,165,Small_DG,2027-04-29,117,59,Eldorado city,planned
ilabp,8.99,17025972000,025,Small_DG,2027-11-21,110,55,,planned
ilabp,11.5,17125956300,125,Small_DG,2027-04-02,94,47,,planned
ilabp,11.5,17031804406,031,Small_DG,2027-04-02,49,25,Elgin city,planned
ilabp,11.5,17043845704,043,Small_DG,2027-03-04,81,41,Downers Grove village,planned
ilabp,3.8,17179020400,179,Small_DG,2028-03-03,87,44,Creve Coeur village,planned
ilabp,480.0,17121951900,121,Large_DG,2028-02-29,110,55,,planned
ilabp,6.09,17033880500,033,Small_DG,2028-03-03,102,51,,planned
ilabp,5.76,17031750400,031,Small_DG,2028-03-03,35,18,Chicago city,planned
ilabp,7.6,17201000104,201,Small_DG,2028-03-03,67,34,Loves Park city,planned
ilabp,2.9,17195001101,195,Small_DG,2028-03-03,74,37,Sterling city,planned
ilabp,600.0,17165955900,165,Large_DG,2028-02-29,117,59,Harrisburg city,planned
ilabp,5.76,17031812100,031,Small_DG,2028-03-03,78,39,Oak Park village,planned
ilabp,720.0,17119403403,119,Large_DG,2028-02-29,112,56,Collinsville city,planned
ilabp,7.6,17201003300,201,Small_DG,2028-03-03,67,34,Rockford city,planned
ilabp,400.0,17033880500,033,Large_DG,2028-02-29,102,51,,planned
ilabp,600.0,17119401800,119,Large_DG,2028-02-29,111,56,Rosewood Heights CDP,planned
ilabp,4.06,17031251300,031,Small_DG,2027-04-29,78,39,Chicago city,planned
ilabp,3.48,17019001201,019,Small_DG,2027-03-04,103,52,Champaign city,planned
ilabp,6.38,17121952300,121,Small_DG,2027-03-04,110,55,,planned
ilabp,17.4,17145030400,145,Small_DG,2027-08-05,115,58,,planned
ilabp,7.608,17107953100,107,Small_DG,2028-01-30,87,44,,planned
ilabp,5.0,17031520400,031,Small_DG,2028-03-03,25,13,Chicago city,planned
ilabp,4.06,17031770800,031,Small_DG,2028-03-03,20,10,Schiller Park village,planned
ilabp,11.6,17055041100,055,Small_DG,2027-03-04,117,59,,planned
ilabp,10.15,17121952400,121,Small_DG,2027-04-29,110,55,,planned
ilabp,7.608,17121952700,121,Small_DG,2027-05-19,110,55,Centralia city,planned
ilabp,7.6,17121952700,121,Small_DG,2027-03-04,110,55,Centralia city,planned
ilabp,5.51,17031190701,031,Small_DG,2027-11-21,3,2,Chicago city,planned
ilabp,20.0,17105960400,105,Small_DG,2027-11-21,105,53,,planned
ilabp,7.6,17123961400,123,Small_DG,2027-03-04,105,53,,planned
ilabp,15.2,17041952400,041,Small_DG,2027-06-18,101,51,,planned
ilabp,5.0,17031700401,031,Small_DG,2028-03-03,32,16,Chicago city,planned
ilabp,11.4,17077011600,077,Small_DG,2027-04-29,118,59,,planned
ilabp,13.92,17197880421,197,Small_DG,2028-03-03,97,49,Plainfield village,planned
ilabp,7.608,17183010300,183,Small_DG,2028-01-30,101,51,,planned
ilabp,5.76,17031802504,031,Small_DG,2028-03-03,57,29,Wheeling village,planned
ilabp,5.76,17031813400,031,Small_DG,2028-03-03,21,11,Cicero town,planned
ilabp,3.8,17089850710,089,Small_DG,2027-07-06,70,35,,planned
ilabp,13.6,17119402721,119,Small_DG,2028-03-03,100,50,Godfrey village,planned
ilabp,6.0,17201000103,201,Small_DG,2027-03-18,90,45,Machesney Park village,planned
ilabp,5.8,17109010402,109,Small_DG,2028-03-03,71,36,Macomb city,planned
ilabp,15.2,17029001200,029,Small_DG,2028-03-03,101,51,,planned
ilabp,10.0,17089853900,089,Small_DG,2027-08-17,83,42,Aurora city,planned
ilabp,4999.0,17077010400,077,Large_DG,2028-05-07,115,58,,planned
ilabp,4.64,17109010402,109,Small_DG,2028-03-03,71,36,Macomb city,planned
ilabp,7.6,17001001001,001,Small_DG,2027-11-21,99,50,Quincy city,planned
ilabp,10.0,17019000800,019,Small_DG,2027-09-19,103,52,Champaign city,planned
ilabp,10.0,17095001500,095,Small_DG,2027-10-09,94,47,,planned
ilabp,5.7,17135957900,135,Small_DG,2027-04-29,108,54,,planned
ilabp,7.6,17043842605,043,Small_DG,2027-09-05,47,24,Wheaton city,planned
ilabp,7.6,17031820202,031,Small_DG,2028-03-03,21,11,Hodgkins village,planned
ilabp,11.31,17119403701,119,Small_DG,2028-03-03,109,55,,planned
ilabp,5.76,17031821102,031,Small_DG,2028-03-03,32,16,Burbank city,planned
ilabp,5.76,17111870605,111,Small_DG,2028-03-03,63,32,McHenry city,planned
ilabp,9.57,17161021800,161,Small_DG,2028-03-03,72,36,Moline city,planned
ilabp,6.0,17179020400,179,Small_DG,2028-03-03,87,44,Creve Coeur village,planned
ilabp,5.51,17163504353,163,Small_DG,2028-03-03,109,55,,planned
ilabp,7.54,17143002702,143,Small_DG,2028-03-03,92,46,Peoria city,planned
ilabp,10.0,17031804509,031,Small_DG,2028-03-03,44,22,Streamwood village,planned
ilabp,5.7,17105960400,105,Small_DG,2027-05-19,105,53,,planned
ilabp,7.6,17031828702,031,Small_DG,2027-11-21,29,15,Glenwood village,planned
ilabp,5.7,17031831500,031,Small_DG,2027-09-19,3,2,Chicago city,planned
ilabp,11.4,17031804506,031,Small_DG,2027-04-29,49,25,Bartlett village,planned
ilabp,11.4,17063000700,063,Small_DG,2027-04-29,106,53,,planned
ilabp,7.6,17067953700,067,Small_DG,2027-11-21,94,47,,planned
ilabp,5.7,17197884003,197,Small_DG,2027-11-21,86,43,Braidwood city,planned
ilabp,5.7,17111870811,111,Small_DG,2027-07-06,63,32,,planned
ilabp,5.7,17031140400,031,Small_DG,2027-11-21,15,8,Chicago city,planned
ilabp,15.2,17089854509,089,Small_DG,2027-08-17,83,42,Sugar Grove village,planned
ilabp,15.7,17025972000,025,Small_DG,2027-11-21,110,55,,planned
ilabp,3.8,17103000200,103,Small_DG,2027-09-19,74,37,,planned
ilabp,10.0,17177001000,177,Small_DG,2027-05-19,90,45,Freeport city,planned
ilabp,7.6,17177001100,177,Small_DG,2027-05-19,90,45,Freeport city,planned
ilabp,11.4,17197883606,197,Small_DG,2027-11-21,79,40,University Park village,planned
ilabp,5.7,17043846003,043,Small_DG,2027-11-21,42,21,Lisle village,planned
ilabp,15.2,17037001600,037,Small_DG,2027-03-18,70,35,Cortland town,planned
ilabp,7.608,17031824004,031,Small_DG,2027-04-29,82,41,Palos Park village,planned
ilabp,15.216,17197883509,197,Small_DG,2027-04-29,80,40,,planned
ilabp,19.0,17147954700,147,Small_DG,2027-09-05,88,44,,planned
ilabp,7.6,17109010600,109,Small_DG,2027-04-29,71,36,,planned
ilabp,23.0,17031720300,031,Small_DG,2027-03-18,36,18,Chicago city,planned
ilabp,11.4,17157951000,157,Small_DG,2027-04-29,115,58,,planned
ilabp,11.5,17071973500,071,Small_DG,2027-11-21,94,47,,planned
ilabp,5.7,17077011702,077,Small_DG,2027-04-16,118,59,Carbondale city,planned
ilabp,5.7,17109010600,109,Small_DG,2027-04-29,71,36,,planned
ilabp,5.7,17057953000,057,Small_DG,2027-04-02,94,47,,planned
ilabp,5.7,17031827600,031,Small_DG,2027-08-05,30,15,Markham city,planned
ilabp,7.6,17087977700,087,Small_DG,2027-06-04,117,59,,planned
ilabp,7.6,17077010100,077,Small_DG,2027-04-29,115,58,,planned
ilabp,7.6,17095001500,095,Small_DG,2027-04-02,94,47,,planned
ilabp,8.7,17163502602,163,Small_DG,2027-05-19,114,57,Cahokia village,planned
ilabp,23.0,17021959000,021,Small_DG,2027-03-04,108,54,,planned
ilabp,10.15,17077010300,077,Small_DG,2027-03-04,115,58,,planned
ilabp,10.0,17203030501,203,Small_DG,2027-11-29,73,37,Germantown Hills village,planned
ilabp,9.28,17163503323,163,Small_DG,2027-03-18,113,57,Swansea village,planned
ilabp,17.1,17067954100,067,Small_DG,2027-11-21,94,47,Hamilton city,planned
ilabp,5.7,17067954200,067,Small_DG,2027-11-21,94,47,,planned
ilabp,4.64,17031803400,031,Small_DG,2027-11-21,53,27,Arlington Heights village,planned
ilabp,5.22,17121952400,121,Small_DG,2027-03-04,110,55,,planned
ilabp,5.7,17031671300,031,Small_DG,2027-08-05,6,3,Chicago city,planned
ilabp,5.7,17091012100,091,Small_DG,2027-08-17,79,40,Kankakee city,planned
ilabp,4.06,17093890107,093,Small_DG,2027-03-18,75,38,Oswego village,planned
ilabp,5.7,17097861106,097,Small_DG,2027-11-21,62,31,Grayslake village,planned
ilabp,11.4,17067954200,067,Small_DG,2027-09-05,94,47,,planned
ilabp,17.4,17103000100,103,Small_DG,2027-11-21,74,37,,planned
ilabp,11.5,17067954200,067,Small_DG,2027-08-17,94,47,,planned
ilabp,5.7,17091012500,091,Small_DG,2027-11-21,79,40,Kankakee city,planned
ilabp,3.19,17107953400,107,Small_DG,2027-04-02,87,44,Lincoln city,planned
ilabp,11.5,17091010702,091,Small_DG,2027-11-29,29,15,,planned
ilabp,13.3,17017960100,017,Small_DG,2027-11-21,99,50,,planned
ilabp,3.8,17031801601,031,Small_DG,2027-05-06,58,29,Northbrook village,planned
ilabp,15.7,17197884003,197,Small_DG,2027-11-29,86,43,Braidwood city,planned
ilabp,11.4,17031711200,031,Small_DG,2027-11-21,31,16,Chicago city,planned
ilabp,17.6,17199020201,199,Small_DG,2027-11-29,118,59,Carterville city,planned
ilabp,4.06,17143004802,143,Small_DG,2027-03-04,92,46,Bartonville village,planned
ilabp,22.8,17063000500,063,Small_DG,2027-11-21,106,53,,planned
ilabp,7.6,17179021102,179,Small_DG,2027-09-05,93,47,Pekin city,planned
ilabp,13.3,17001001001,001,Small_DG,2027-11-21,99,50,Quincy city,planned
ilabp,5.7,17177000300,177,Small_DG,2027-11-21,89,45,,planned
ilabp,5.7,17187870200,187,Small_DG,2027-11-21,71,36,,planned
ilabp,11.5,17031828505,031,Small_DG,2027-05-19,34,17,,planned
ilabp,11.4,17197884003,197,Small_DG,2027-11-21,86,43,Braidwood city,planned
ilabp,11.4,17179021605,179,Small_DG,2027-03-04,87,44,Morton village,planned
ilabp,2000.0,17109010600,109,Large_DG,2027-01-02,71,36,,planned
ilabp,5.0,17031808200,031,Small_DG,2028-03-03,15,8,Niles village,planned
ilabp,5000.0,17197880124,197,Large_DG,2027-10-02,98,49,Bolingbrook village,planned
ilabp,2000.0,17197880124,197,Large_DG,2027-10-02,98,49,Bolingbrook village,planned
ilabp,5000.0,17197883211,197,Large_DG,2028-03-05,86,43,Joliet city,planned
ilabp,840.0,17043845803,043,Large_DG,2028-05-07,82,41,,planned
ilabp,20.0,17163503203,163,Small_DG,2027-06-04,114,57,,planned
ilabp,800.0,17001010600,001,Large_DG,2027-01-17,99,50,,planned
ilabp,4950.0,17117956100,117,Large_DG,2028-05-21,108,54,,planned
ilabp,2.61,17043846409,043,Small_DG,2027-03-18,50,25,Aurora city,planned
ilabp,96.0,17043846409,043,Large_DG,2027-04-02,50,25,Aurora city,planned
ilabp,11.5,17031700501,031,Small_DG,2027-02-21,31,16,Chicago city,planned
ilabp,11.5,17031672000,031,Small_DG,2027-03-18,32,16,Chicago city,planned
ilabp,7.6,17097860903,097,Small_DG,2028-03-03,64,32,Fox Lake village,planned
ilabp,10.0,17183010300,183,Small_DG,2027-04-02,101,51,,planned
ilabp,4.64,17119401901,119,Small_DG,2027-03-18,111,56,Wood River city,planned
ilabp,10.0,17145030200,145,Small_DG,2027-07-21,115,58,,planned
ilabp,11.5,17107953300,107,Small_DG,2027-11-07,87,44,,planned
ilabp,5.7,17183010600,183,Small_DG,2027-04-02,104,52,,planned
ilabp,15.2,17125956300,125,Small_DG,2027-11-21,94,47,,planned
ilabp,10.0,17119403403,119,Small_DG,2028-03-03,112,56,Collinsville city,planned
ilabp,7.6,17115000200,115,Small_DG,2028-03-03,96,48,Decatur city,planned
ilabp,11.5,17043841310,043,Small_DG,2027-03-04,65,33,Wayne village,planned
ilabp,2.9,17179021101,179,Small_DG,2028-03-03,93,47,Pekin city,planned
ilabp,3.19,17179021202,179,Small_DG,2028-03-03,91,46,East Peoria city,planned
ilabp,1.3,17119403601,119,Small_DG,2027-03-04,109,55,,planned
ilabp,23.0,17031805108,031,Small_DG,2027-03-18,53,27,Mount Prospect village,planned
ilabp,10.0,17179020600,179,Small_DG,2028-03-03,93,47,Pekin city,planned
ilabp,7.6,17031660800,031,Small_DG,2028-03-03,32,16,Chicago city,planned
ilabp,6.0,17039971600,039,Small_DG,2028-03-03,87,44,,planned
ilabp,11.4,17133600102,133,Small_DG,2028-03-03,115,58,,planned
ilabp,23.0,17195000600,195,Small_DG,2027-04-02,73,37,,planned
ilabp,10.15,17189950400,189,Small_DG,2028-03-03,115,58,,planned
ilabp,15.2,17163501607,163,Small_DG,2028-03-03,113,57,,planned
ilabp,5000.0,17099961800,099,Large_DG,2027-07-06,74,37,,planned
ilabp,8.125,17113001200,113,Small_DG,2028-03-03,91,46,Bloomington city,planned
ilabp,3875.0,17099962200,099,Large_DG,2028-05-07,74,37,,planned
ilabp,110.0,17031770800,031,Large_DG,2027-03-18,20,10,Schiller Park village,planned
ilabp,23.04,17183011100,183,Small_DG,2027-03-18,102,51,,planned
ilabp,7.6,17043846104,043,Small_DG,2027-08-05,42,21,,planned
ilabp,6.282,17031824006,031,Small_DG,2027-03-18,82,41,,planned
ilabp,15.4,17043841310,043,Small_DG,2027-04-02,65,33,Wayne village,planned
ilabp,3.8,17031813900,031,Small_DG,2028-03-03,2,1,Cicero town,planned
ilabp,10.0,17103000900,103,Small_DG,2027-03-04,74,37,,planned
ilabp,6.67,17081050800,081,Small_DG,2028-03-03,116,58,Mount Vernon city,planned
ilabp,6.08,17031050100,031,Small_DG,2027-03-18,13,7,Chicago city,planned
ilabp,300.0,17179021801,179,Large_DG,2027-01-17,93,47,,planned
ilabp,11.4,17097865600,097,Small_DG,2027-10-23,58,29,Highland Park city,planned
ilabp,8.12,17203030400,203,Small_DG,2028-03-03,105,53,Metamora village,planned
ilabp,8.41,17001000201,001,Small_DG,2028-03-03,99,50,Quincy city,planned
ilabp,3.8,17031804306,031,Small_DG,2028-03-03,44,22,Streamwood village,planned
ilabp,7.6,17045070400,045,Small_DG,2028-03-03,102,51,Paris city,planned
ilabp,10.0,17163504352,163,Small_DG,2028-03-03,114,57,O'Fallon city,planned
ilabp,10.0,17125956400,125,Small_DG,2027-11-07,94,47,,planned
ilabp,10.369,17167003100,167,Small_DG,2027-03-18,95,48,Springfield city,planned
ilabp,1680.0,17031770500,031,Large_DG,2028-01-21,56,28,Elk Grove Village village,planned
ilabp,1440.0,17031770300,031,Large_DG,2028-05-07,56,28,Elk Grove Village village,planned
ilabp,5.0,17097861505,097,Small_DG,2027-03-18,61,31,Gurnee village,planned
ilabp,14.592,17133600501,133,Small_DG,2027-04-02,115,58,,planned
ilabp,11.5,17031829903,031,Small_DG,2027-03-04,38,19,Country Club Hills city,planned
ilabp,11.5,17031808301,031,Small_DG,2027-04-29,15,8,Morton Grove village,planned
ilabp,4320.0,17031820902,031,Large_DG,2028-01-21,22,11,Burbank city,planned
ilabp,600.0,17043846409,043,Large_DG,2028-01-21,50,25,Aurora city,planned
ilabp,1240.0,17197880124,197,Large_DG,2028-05-07,98,49,Bolingbrook village,planned
ilabp,23.0,17099964000,099,Small_DG,2027-03-18,76,38,,planned
ilabp,11.5,17179021500,179,Small_DG,2027-03-18,87,44,,planned
ilabp,960.0,17031814500,031,Large_DG,2028-01-21,2,1,Cicero town,planned
ilabp,1120.0,17197880124,197,Large_DG,2028-04-23,98,49,Bolingbrook village,planned
ilabp,11.5,17031550100,031,Small_DG,2027-03-18,33,17,Chicago city,planned
ilabp,860.0,17197880202,197,Large_DG,2029-09-03,85,43,Romeoville village,planned
ilabp,4980.0,17063000200,063,Large_DG,2027-10-02,75,38,,planned
ilabp,11.5,17031820902,031,Small_DG,2027-06-04,22,11,Burbank city,planned
ilabp,600.0,17043846510,043,Large_DG,2028-05-07,84,42,Aurora city,planned
ilabp,360.0,17031803608,031,Large_DG,2028-05-07,51,26,,planned
ilabp,3360.0,17031823302,031,Large_DG,2028-04-02,27,14,Alsip village,planned
ilabp,960.0,17089852203,089,Large_DG,2028-05-07,83,42,St. Charles city,planned
ilabp,7.6,17143003200,143,Small_DG,2027-03-18,73,37,Peoria city,planned
ilabp,360.0,17043845902,043,Large_DG,2028-04-02,82,41,Burr Ridge village,planned
ilabp,20.0,17183010400,183,Small_DG,2027-03-18,104,52,,planned
ilabp,2280.0,17031820901,031,Large_DG,2028-04-02,22,11,Bedford Park village,planned
ilabp,2880.0,17043845803,043,Large_DG,2028-05-07,82,41,,planned
ilabp,2640.0,17197880124,197,Large_DG,2028-02-05,98,49,Bolingbrook village,planned
ilabp,360.0,17043840705,043,Large_DG,2028-05-07,45,23,Elmhurst city,planned
ilabp,200.0,17043845902,043,Large_DG,2028-05-07,82,41,Burr Ridge village,planned
ilabp,11.5,17031806900,031,Small_DG,2027-03-18,17,9,Skokie village,planned
ilabp,7.6,17043846604,043,Small_DG,2027-05-06,46,23,Addison village,planned
ilabp,11.5,17019010901,019,Small_DG,2027-03-18,101,51,,planned
ilabp,11.375,17043844309,043,Small_DG,2027-03-18,42,21,,planned
ilabp,11.5,17031671800,031,Small_DG,2027-03-18,32,16,Chicago city,planned
ilabp,12.76,17043846205,043,Small_DG,2027-10-02,81,41,Naperville city,planned
ilabp,3.48,17031804313,031,Small_DG,2027-04-16,43,22,,planned
ilabp,11.5,17075950400,075,Small_DG,2027-03-18,106,53,Watseka city,planned
ilabp,7.6,17147954600,147,Small_DG,2027-03-18,88,44,Monticello city,planned
ilabp,11.5,17057953700,057,Small_DG,2027-04-02,94,47,,planned
ilabp,17.86,17037000402,037,Small_DG,2027-03-18,70,35,,planned
ilabp,11.5,17197880425,197,Small_DG,2027-03-18,98,49,,planned
ilabp,5.32,17031071800,031,Small_DG,2027-03-18,12,6,Chicago city,planned
ilabp,7.6,17043843000,043,Small_DG,2027-04-02,46,23,Elmhurst city,planned
ilabp,11.5,17031804506,031,Small_DG,2027-03-18,49,25,Bartlett village,planned
ilabp,10.0,17163500500,163,Small_DG,2027-04-02,114,57,East St. Louis city,planned
ilabp,11.5,17019000902,019,Small_DG,2027-03-18,104,52,,planned
ilabp,11.5,17043841102,043,Small_DG,2027-03-18,56,28,Hanover Park village,planned
ilabp,11.4,17163502401,163,Small_DG,2027-03-04,114,57,Washington Park village,planned
ilabp,7.6,17089852907,089,Small_DG,2027-03-18,50,25,Aurora city,planned
ilabp,20.0,17043844402,043,Small_DG,2027-04-02,45,23,Oak Brook village,planned
ilabp,11.5,17163501502,163,Small_DG,2027-03-18,113,57,,planned
ilabp,7.6,17059972800,059,Small_DG,2027-03-04,117,59,,planned
ilabp,7.6,17119400903,119,Small_DG,2027-03-04,112,56,Pontoon Beach village,planned
ilabp,4990.0,17093890602,093,Large_DG,2028-01-06,75,38,,planned
ilabp,7.6,17143002701,143,Small_DG,2027-03-04,92,46,Peoria city,planned
ilabp,10.0,17095001500,095,Small_DG,2027-03-04,94,47,,planned
ilabp,23.0,17031825000,031,Small_DG,2027-04-02,30,15,Oak Forest city,planned
ilabp,11.5,17097860905,097,Small_DG,2027-03-18,64,32,,planned
ilabp,4999.0,17113005401,113,Large_DG,2028-05-21,88,44,,planned
ilabp,4999.0,17197883401,197,Large_DG,2028-05-07,80,40,Wilmington city,planned
ilabp,3000.0,17089854401,089,Large_DG,2028-05-07,84,42,,planned
ilabp,23.0,17037001700,037,Small_DG,2027-03-18,70,35,,planned
ilabp,11.5,17031825803,031,Small_DG,2028-01-16,29,15,Calumet City city,planned
ilabp,11.5,17197880425,197,Small_DG,2027-03-18,98,49,,planned
ilabp,11.5,17031700200,031,Small_DG,2027-03-18,32,16,Chicago city,planned
ilabp,4980.0,17063000200,063,Large_DG,2028-04-02,75,38,,planned
ilabp,300.0,17031803400,031,Large_DG,2028-04-02,53,27,Arlington Heights village,planned
ilabp,400.0,17031824508,031,Large_DG,2028-05-07,28,14,Orland Park village,planned
ilabp,300.0,17043846104,043,Large_DG,2028-05-07,42,21,,planned
ilabp,240.0,17093890105,093,Large_DG,2028-04-02,97,49,,planned
ilabp,7.22,17031801601,031,Small_DG,2027-08-05,58,29,Northbrook village,planned
ilabp,360.0,17043841704,043,Large_DG,2028-05-07,47,24,Carol Stream village,planned
ilabp,480.0,17043844501,043,Large_DG,2028-05-07,45,23,Oakbrook Terrace city,planned
ilabp,480.0,17043844307,043,Large_DG,2028-05-07,46,23,Villa Park village,planned
ilabp,95.0,17111871502,111,Large_DG,2027-02-21,63,32,,planned
ilabp,11.5,17197880508,197,Small_DG,2027-03-18,85,43,,planned
ilabp,11.5,17097860811,097,Small_DG,2027-04-02,61,31,,planned
ilabp,900.0,17043841322,043,Large_DG,2029-09-03,49,25,Hanover Park village,planned
ilabp,840.0,17031842800,031,Large_DG,2028-01-21,1,1,Chicago city,planned
ilabp,312.5,17159978000,159,Large_DG,2027-02-07,110,55,Olney city,planned
ilabp,15.0,17085020101,085,Small_DG,2027-03-18,89,45,,planned
ilabp,1080.0,17031804804,031,Large_DG,2028-05-07,56,28,Schaumburg village,planned
ilabp,360.0,17031802504,031,Large_DG,2028-05-07,57,29,Wheeling village,planned
ilabp,360.0,17031802404,031,Large_DG,2028-05-07,57,29,Wheeling village,planned
ilabp,86.5,17179021702,179,Large_DG,2027-02-21,87,44,,planned
ilabp,7.6,17031827801,031,Small_DG,2027-04-02,29,15,South Holland village,planned
ilabp,11.5,17031490901,031,Small_DG,2027-03-18,28,14,Chicago city,planned
ilabp,11.5,17043841108,043,Small_DG,2027-03-18,48,24,,planned
ilabp,9.5,17143004000,143,Small_DG,2027-05-06,93,47,,planned
ilabp,250.0,17031802701,031,Large_DG,2027-07-21,54,27,Mount Prospect village,planned
ilabp,10.0,17113001403,113,Small_DG,2027-03-18,91,46,Bloomington city,planned
ilabp,90.0,17157950600,157,Large_DG,2027-02-21,115,58,Sparta city,planned
ilabp,2500.0,17117956700,117,Large_DG,2028-03-19,100,50,,planned
ilabp,1080.0,17167000100,167,Large_DG,2027-10-02,95,48,,planned
ilabp,10.0,17043846002,043,Small_DG,2027-09-05,81,41,Downers Grove village,planned
ilabp,10.0,17111870904,111,Small_DG,2027-07-06,63,32,Woodstock city,planned
ilabp,5.85,17043846105,043,Small_DG,2027-04-16,47,24,Naperville city,planned
ilabp,3.8,17019010800,019,Small_DG,2027-03-18,101,51,,planned
ilabp,10.0,17115002500,115,Small_DG,2027-04-02,107,54,,planned
ilabp,11.5,17031819100,031,Small_DG,2027-03-18,2,1,Lyons village,planned
ilabp,11.5,17031770202,031,Small_DG,2027-03-18,56,28,,planned
ilabp,17.1,17031803608,031,Small_DG,2028-03-03,51,26,,planned
ilabp,1.14,17043845808,043,Small_DG,2027-04-16,81,41,Woodridge village,planned
ilabp,6.09,17019001205,019,Small_DG,2028-03-03,104,52,Champaign city,planned
ilabp,11.5,17201003605,201,Small_DG,2027-05-19,90,45,Rockford city,planned
ilabp,23.0,17197880204,197,Small_DG,2027-04-16,85,43,Romeoville village,planned
ilabp,11.5,17031827300,031,Small_DG,2027-04-02,30,15,Harvey city,planned
ilabp,5.376,17011965400,011,Small_DG,2027-04-16,73,37,Princeton city,planned
ilabp,3300.0,17199020600,199,Large_DG,2027-12-18,118,59,Herrin city,planned
ilabp,2.4,17163503907,163,Small_DG,2027-06-18,113,57,Shiloh village,planned
ilabp,5.7,17031823703,031,Small_DG,2027-04-16,31,16,Bridgeview village,planned
ilabp,11.5,17089853500,089,Small_DG,2027-04-02,50,25,Aurora city,planned
ilabp,8.64,17163503907,163,Small_DG,2027-06-18,113,57,Shiloh village,planned
ilabp,4.8,17163503907,163,Small_DG,2027-06-18,113,57,Shiloh village,planned
ilabp,7.2,17163503907,163,Small_DG,2027-06-18,113,57,Shiloh village,planned
ilabp,4.55,17113005102,113,Small_DG,2027-04-02,105,53,,planned
ilabp,22.8,17115002700,115,Small_DG,2027-04-02,95,48,,planned
ilabp,11.5,17031640700,031,Small_DG,2027-05-06,22,11,Chicago city,planned
ilabp,10.0,17019010901,019,Small_DG,2027-04-02,101,51,,planned
ilabp,11.5,17097860811,097,Small_DG,2027-04-02,61,31,,planned
ilabp,16.32,17019010603,019,Small_DG,2027-04-02,101,51,Mahomet village,planned
ilabp,11.5,17043846511,043,Small_DG,2027-04-02,84,42,Aurora city,planned
ilabp,11.5,17201000513,201,Small_DG,2027-04-02,68,34,Rockford city,planned
ilabp,1990.0,17145030200,145,Large_DG,2028-05-29,115,58,,planned
ilabp,6.0,17183010100,183,Small_DG,2027-04-02,101,51,,planned
ilabp,11.5,17031827500,031,Small_DG,2027-03-18,30,15,Harvey city,planned
ilabp,3.19,17031661100,031,Small_DG,2027-04-16,32,16,Chicago city,planned
ilabp,7.6,17119401400,119,Small_DG,2027-04-16,111,56,Alton city,planned
ilabp,3.77,17031620200,031,Small_DG,2027-04-02,22,11,Chicago city,planned
ilabp,3.8,17119402722,119,Small_DG,2027-04-02,100,50,Godfrey village,planned
ilabp,7.6,17119402803,119,Small_DG,2027-08-17,111,56,,planned
ilabp,10.0,17031720700,031,Small_DG,2027-10-23,35,18,Chicago city,planned
ilabp,3.8,17177000600,177,Small_DG,2027-11-21,90,45,,planned
ilabp,7.6,17193958200,193,Small_DG,2027-05-06,116,58,,planned
ilabp,20.0,17017960300,017,Small_DG,2027-04-16,99,50,,planned
ilabp,3.8,17055040500,055,Small_DG,2027-07-21,116,58,,planned
ilabp,11.4,17063000200,063,Small_DG,2027-04-02,75,38,,planned
ilabp,7.6,17137952200,137,Small_DG,2027-11-21,100,50,,planned
ilabp,5.0,17119402701,119,Small_DG,2027-04-02,100,50,Godfrey village,planned
ilabp,6.38,17119401800,119,Small_DG,2027-04-16,111,56,Rosewood Heights CDP,planned
ilabp,5.76,17015960500,015,Small_DG,2027-04-02,89,45,,planned
ilabp,10.0,17187870300,187,Small_DG,2027-11-21,71,36,,planned
ilabp,7.6,17083010100,083,Small_DG,2027-04-16,100,50,,planned
ilabp,7.6,17111870809,111,Small_DG,2027-06-04,63,32,Prairie Grove village,planned
ilabp,5.7,17179020600,179,Small_DG,2027-04-02,93,47,Pekin city,planned
ilabp,5.7,17031822302,031,Small_DG,2027-06-04,31,16,Oak Lawn village,planned
ilabp,10.0,17107953000,107,Small_DG,2027-05-19,87,44,,planned
ilabp,7.6,17143004802,143,Small_DG,2027-10-02,92,46,Bartonville village,planned
ilabp,5.7,17195001300,195,Small_DG,2027-04-02,74,37,Sterling city,planned
ilabp,11.4,17057953700,057,Small_DG,2027-04-16,94,47,,planned
ilabp,5.7,17197881001,197,Small_DG,2027-03-18,37,19,,planned
ilabp,7.6,17073030400,073,Small_DG,2027-03-18,73,37,,planned
ilabp,5.7,17145030100,145,Small_DG,2027-05-06,115,58,,planned
ilabp,6.38,17055040600,055,Small_DG,2027-03-18,116,58,West City village,planned
ilabp,10.0,17117956600,117,Small_DG,2027-04-02,100,50,,planned
ilabp,15.7,17117956000,117,Small_DG,2027-04-02,108,54,Virden city,planned
ilabp,11.4,17199020300,199,Small_DG,2027-04-02,118,59,,planned
ilabp,2.32,17027900500,027,Small_DG,2027-04-29,110,55,,planned
ilabp,5.7,17105960100,105,Small_DG,2027-04-02,106,53,Dwight village,planned
ilabp,5.7,17017960100,017,Small_DG,2027-04-29,99,50,,planned
ilabp,11.5,17097860905,097,Small_DG,2027-03-18,64,32,,planned
ilabp,11.5,17031827500,031,Small_DG,2027-10-09,30,15,Harvey city,planned
ilabp,1080.0,17197880202,197,Large_DG,2029-09-10,85,43,Romeoville village,planned
ilabp,1920.0,17031770500,031,Large_DG,2029-09-10,56,28,Elk Grove Village village,planned
ilabp,23.0,17031110300,031,Small_DG,2027-03-18,19,10,Chicago city,planned
ilabp,5.0,17043842601,043,Small_DG,2027-04-02,47,24,,planned
ilabp,10.0,17031825700,031,Small_DG,2027-11-21,34,17,Burnham village,planned
ilabp,17.28,17085020102,085,Small_DG,2027-04-02,89,45,,planned
ilabp,24.0,17083010300,083,Small_DG,2027-08-05,100,50,,planned
ilabp,50.0,17021958800,021,Large_DG,2027-11-21,107,54,Pana city,planned
ilabp,3.77,17089850706,089,Small_DG,2027-08-05,70,35,,planned
ilabp,4999.0,17073030500,073,Large_DG,2028-05-21,93,47,,planned
ilabp,720.0,17031570300,031,Large_DG,2028-04-02,1,1,Chicago city,planned
ilabp,600.0,17031770300,031,Large_DG,2029-07-30,56,28,Elk Grove Village village,planned
ilabp,10.0,17199021400,199,Small_DG,2027-04-29,118,59,,planned
ilabp,84.48,17027900602,027,Large_DG,2027-03-18,109,55,,planned
ilabp,18.27,17183010500,183,Small_DG,2027-06-18,104,52,,planned
ilabp,7.15,17031819802,031,Small_DG,2027-04-02,8,4,Western Springs village,planned
ilabp,2500.0,17105961000,105,Large_DG,2028-05-21,106,53,,planned
ilabp,12.5,17183000100,183,Small_DG,2027-04-16,104,52,Danville city,planned
ilabp,11.5,17093890404,093,Small_DG,2027-04-02,83,42,Montgomery village,planned
ilabp,21.28,17043844902,043,Small_DG,2027-06-04,81,41,Downers Grove village,planned
ilabp,11.5,17089854403,089,Small_DG,2027-03-18,84,42,Aurora city,planned
ilabp,11.5,17031823705,031,Small_DG,2027-03-18,31,16,Hickory Hills city,planned
ilabp,6.08,17027900500,027,Small_DG,2027-11-07,110,55,,planned
ilabp,8.74,17197880309,197,Small_DG,2027-06-04,41,21,Naperville city,planned
ilabp,11.5,17111870502,111,Small_DG,2027-04-02,64,32,Wonder Lake village,planned
ilabp,11.5,17057953200,057,Small_DG,2027-04-02,94,47,,planned
ilabp,6.256,17031520300,031,Small_DG,2027-10-02,25,13,Chicago city,planned
ilabp,9.57,17183010100,183,Small_DG,2027-09-05,101,51,,planned
ilabp,11.5,17089851907,089,Small_DG,2027-03-18,65,33,South Elgin village,planned
ilabp,2.66,17137951800,137,Small_DG,2027-06-18,99,50,Jacksonville city,planned
ilabp,1992.0,17163503908,163,Large_DG,2028-05-29,114,57,Scott AFB CDP,planned
ilabp,3.77,17167003300,167,Small_DG,2027-04-02,108,54,,planned
ilabp,11.5,17201003806,201,Small_DG,2027-04-02,90,45,Roscoe village,planned
ilabp,3.8,17031700301,031,Small_DG,2028-03-03,32,16,Chicago city,planned
ilabp,10.0,17043844307,043,Small_DG,2028-03-03,46,23,Villa Park village,planned
ilabp,6.0,17031805801,031,Small_DG,2028-03-03,55,28,Park Ridge city,planned
ilabp,6.0,17091010800,091,Small_DG,2028-03-03,34,17,,planned
ilabp,3.8,17031740400,031,Small_DG,2028-03-03,35,18,Chicago city,planned
ilabp,11.5,17057953500,057,Small_DG,2027-04-02,94,47,,planned
ilabp,23.0,17093890702,093,Small_DG,2027-04-02,75,38,,planned
ilabp,11.5,17111870301,111,Small_DG,2027-04-02,69,35,,planned
ilabp,7.68,17111870301,111,Small_DG,2027-11-29,69,35,,planned
ilabp,11.4,17197880105,197,Small_DG,2027-04-02,98,49,Bolingbrook village,planned
ilabp,23.0,17095001300,095,Small_DG,2027-04-02,71,36,Knoxville city,planned
ilabp,7.6,17031805201,031,Small_DG,2028-03-03,55,28,,planned
ilabp,3.77,17031828504,031,Small_DG,2028-03-03,34,17,Sauk Village village,planned
ilabp,3.8,17031808100,031,Small_DG,2028-03-03,15,8,Niles village,planned
ilabp,12.0,17089854001,089,Small_DG,2028-03-03,83,42,Aurora city,planned
ilabp,7.22,17031700501,031,Small_DG,2027-07-06,31,16,Chicago city,planned
ilabp,6.0,17163503323,163,Small_DG,2028-03-03,113,57,Swansea village,planned
ilabp,7.475,17031804506,031,Small_DG,2027-04-02,49,25,Bartlett village,planned
ilabp,15.2,17091011100,091,Small_DG,2028-03-03,34,17,,planned
ilabp,4.35,17031816900,031,Small_DG,2028-03-03,7,4,Bellwood village,planned
ilabp,3.77,17143002800,143,Small_DG,2028-03-03,92,46,Peoria city,planned
ilabp,5.7,17163502300,163,Small_DG,2027-04-02,114,57,Cahokia village,planned
ilabp,7.6,17031480400,031,Small_DG,2028-03-03,33,17,Chicago city,planned
ilabp,2.61,17143003000,143,Small_DG,2028-03-03,92,46,Peoria city,planned
ilabp,3.8,17111870301,111,Small_DG,2027-11-29,69,35,,planned
ilabp,106.2,17097864307,097,Large_DG,2027-03-18,52,26,Barrington Hills village,planned
ilabp,5.22,17031828504,031,Small_DG,2027-11-29,34,17,Sauk Village village,planned
ilabp,7.6,17031830005,031,Small_DG,2028-03-03,38,19,Olympia Fields village,planned
ilabp,10.0,17007010603,007,Small_DG,2027-11-29,90,45,,planned
ilabp,6.0,17031823400,031,Small_DG,2027-11-29,27,14,Alsip village,planned
ilabp,450.0,17091010701,091,Large_DG,2027-04-02,29,15,,planned
ilabp,5.0,17031200402,031,Small_DG,2028-03-10,3,2,Chicago city,planned
ilabp,23.0,17099962100,099,Small_DG,2027-04-02,74,37,,planned
ilabp,11.5,17143002200,143,Small_DG,2027-04-02,92,46,Peoria city,planned
ilabp,11.5,17093890302,093,Small_DG,2027-04-02,83,42,Boulder Hill CDP,planned
ilabp,5.76,17031820902,031,Small_DG,2028-03-03,22,11,Burbank city,planned
ilabp,62.0,17089851801,089,Large_DG,2027-11-07,49,25,South Elgin village,planned
ilabp,500.0,17031828701,031,Large_DG,2028-05-07,29,15,Glenwood village,planned
ilabp,360.0,17093890402,093,Large_DG,2028-04-02,75,38,Yorkville city,planned
ilabp,7.54,17031824508,031,Small_DG,2027-11-29,28,14,Orland Park village,planned
ilabp,5.76,17031821002,031,Small_DG,2028-03-03,22,11,Burbank city,planned
ilabp,3.8,17031811301,031,Small_DG,2028-03-03,77,39,Northlake city,planned
ilabp,7.6,17167002500,167,Small_DG,2028-03-03,96,48,Springfield city,planned
ilabp,5.0,17031828602,031,Small_DG,2028-03-03,29,15,Homewood village,planned
ilabp,11.02,17031824601,031,Small_DG,2028-03-03,28,14,Midlothian village,planned
ilabp,480.0,17097861507,097,Large_DG,2028-05-07,60,30,Waukegan city,planned
ilabp,600.0,17093890103,093,Large_DG,2028-05-07,84,42,Oswego village,planned
ilabp,4.06,17143002200,143,Small_DG,2028-03-03,92,46,Peoria city,planned
ilabp,11.4,17055040400,055,Small_DG,2028-03-03,117,59,,planned
ilabp,23.0,17031671900,031,Small_DG,2027-04-02,32,16,Chicago city,planned
ilabp,11.5,17089852408,089,Small_DG,2027-04-02,65,33,Campton Hills village,planned
ilabp,10.0,17011964800,011,Small_DG,2028-03-03,73,37,,planned
ilabp,720.0,17037001400,037,Large_DG,2029-07-30,74,37,,planned
ilabp,3.8,17031190602,031,Small_DG,2028-03-03,3,2,Chicago city,planned
ilabp,480.0,17111870906,111,Large_DG,2028-04-02,63,32,,planned
ilabp,600.0,17119404100,119,Large_DG,2028-05-07,111,56,Madison city,planned
ilabp,11.52,17031730700,031,Small_DG,2028-03-03,27,14,Chicago city,planned
ilabp,7.6,17031820700,031,Small_DG,2028-03-03,2,1,Stickney village,planned
ilabp,5.0,17031700302,031,Small_DG,2028-03-03,32,16,Chicago city,planned
ilabp,5.7,17111870814,111,Small_DG,2027-10-02,63,32,Bull Valley village,planned
ilabp,11.5,17143002900,143,Small_DG,2027-04-02,92,46,Peoria city,planned
ilabp,589.2,17183000100,183,Large_DG,2027-04-16,104,52,Danville city,planned
ilabp,60.0,17163503102,163,Large_DG,2027-06-04,114,57,,planned
ilabp,11.5,17201003806,201,Small_DG,2027-04-02,90,45,Roscoe village,planned
ilabp,8.99,17119403701,119,Small_DG,2028-03-03,109,55,,planned
ilabp,10.0,17201000403,201,Small_DG,2028-03-03,68,34,Rockford city,planned
ilabp,4000.0,17201003601,201,Large_DG,2028-05-07,67,34,Rockford city,planned
ilabp,5.0,17031660900,031,Small_DG,2028-03-03,32,16,Chicago city,planned
ilabp,5.51,17161024000,161,Small_DG,2028-03-03,71,36,Coal Valley village,planned
ilabp,4.64,17203030300,203,Small_DG,2028-03-03,105,53,,planned
ilabp,10.0,17075950700,075,Small_DG,2028-03-03,106,53,,planned
ilabp,21.17,17027900100,027,Small_DG,2028-03-03,109,55,,planned
ilabp,20.0,17123961400,123,Small_DG,2028-03-03,105,53,,planned
ilabp,27.3,17115002200,115,Large_DG,2027-03-18,88,44,,planned
ilabp,10.0,17183010400,183,Small_DG,2028-03-03,104,52,,planned
ilabp,9.1,17043846521,043,Small_DG,2027-10-23,41,21,Naperville city,planned
ilabp,5.12,17031802608,031,Small_DG,2027-08-17,54,27,Prospect Heights city,planned
ilabp,44.928,17095000200,095,Large_DG,2027-03-18,93,47,,planned
ilabp,19.38,17143004901,143,Small_DG,2027-06-04,93,47,,planned
ilabp,3.8,17089854302,089,Small_DG,2028-03-03,50,25,Aurora city,planned
ilabp,5000.0,17055040800,055,Large_DG,2028-05-07,117,59,,planned
ilabp,11.5,17201000101,201,Small_DG,2027-04-02,90,45,Machesney Park village,planned
ilabp,11.5,17201000105,201,Small_DG,2027-04-02,90,45,Machesney Park village,planned
ilabp,5000.0,17201003707,201,Large_DG,2028-05-21,67,34,,planned
ilabp,11.5,17031826402,031,Small_DG,2027-04-02,29,15,Dolton village,planned
ilabp,5.7,17019005601,019,Small_DG,2027-04-02,103,52,Urbana city,planned
ilabp,3.04,17197880124,197,Small_DG,2027-04-16,98,49,Bolingbrook village,planned
ilabp,11.5,17043841324,043,Small_DG,2027-04-02,47,24,Carol Stream village,planned
ilabp,23.0,17097860809,097,Small_DG,2027-04-02,64,32,,planned
ilabp,11.5,17031823304,031,Small_DG,2027-04-02,35,18,Merrionette Park village,planned
ilabp,11.5,17197880321,197,Small_DG,2027-04-02,97,49,,planned
ilabp,11.5,17143004901,143,Small_DG,2027-04-02,93,47,,planned
ilabp,2.9,17111870809,111,Small_DG,2028-02-19,63,32,Prairie Grove village,planned
ilabp,4.93,17027900500,027,Small_DG,2027-04-02,110,55,,planned
ilabp,7.6,17097862603,097,Small_DG,2027-04-02,60,30,Waukegan city,planned
ilabp,9.074,17097864518,097,Small_DG,2027-04-02,59,30,Buffalo Grove village,planned
ilabp,11.5,17043846308,043,Small_DG,2027-07-21,85,43,Woodridge village,planned
ilabp,7.6,17075950600,075,Small_DG,2027-04-02,106,53,,planned
ilabp,3.8,17031804714,031,Small_DG,2027-04-02,44,22,Hoffman Estates village,planned
ilabp,11.5,17039971500,039,Small_DG,2027-05-06,88,44,,planned
ilabp,23.0,17143004500,143,Small_DG,2027-04-02,93,47,,planned
ilabp,11.5,17183010600,183,Small_DG,2027-04-02,104,52,,planned
ilabp,11.5,17201000511,201,Small_DG,2027-04-02,69,35,Rockford city,planned
ilabp,10.0,17095000500,095,Small_DG,2027-04-02,71,36,,planned
ilabp,7.6,17143002701,143,Small_DG,2027-04-02,92,46,Peoria city,planned
ilabp,7.6,17119403122,119,Small_DG,2027-04-02,112,56,,planned
ilabp,1200.0,17197880124,197,Large_DG,2028-01-21,98,49,Bolingbrook village,planned
ilabp,20.0,17007010603,007,Small_DG,2027-04-02,90,45,,planned
ilabp,7.6,17179021500,179,Small_DG,2027-05-06,87,44,,planned
ilabp,4950.0,17027900100,027,Large_DG,2028-01-21,109,55,,planned
ilabp,840.0,17043846702,043,Large_DG,2028-01-21,46,23,Addison village,planned
ilabp,4920.0,17063000200,063,Large_DG,2028-01-21,75,38,,planned
ilabp,1920.0,17119401905,119,Large_DG,2028-01-21,111,56,South Roxana village,planned
ilabp,4950.0,17179021702,179,Large_DG,2028-01-21,87,44,,planned
ilabp,7.83,17027900500,027,Small_DG,2027-05-19,110,55,,planned
ilabp,9.75,17019010604,019,Small_DG,2027-04-29,101,51,,planned
ilabp,10.0,17203030100,203,Small_DG,2027-04-02,105,53,,planned
ilabp,5.7,17105960200,105,Small_DG,2027-04-29,106,53,,planned
ilabp,8.74,17167003701,167,Small_DG,2027-04-02,108,54,,planned
ilabp,5.584,17191955000,191,Small_DG,2027-04-02,116,58,,planned
ilabp,11.5,17183010100,183,Small_DG,2027-04-02,101,51,,planned
ilabp,4.06,17019010603,019,Small_DG,2027-04-02,101,51,Mahomet village,planned
ilabp,8.0,17089850706,089,Small_DG,2027-08-05,70,35,,planned
ilabp,11.4,17183010500,183,Small_DG,2027-04-02,104,52,,planned
ilabp,10.0,17057953600,057,Small_DG,2027-10-09,94,47,Canton city,planned
ilabp,22.8,17067953900,067,Small_DG,2027-11-21,94,47,,planned
ilabp,5.7,17183010500,183,Small_DG,2027-11-21,104,52,,planned
ilabp,11.5,17049950400,049,Small_DG,2027-04-02,110,55,,planned
ilabp,10.0,17031804514,031,Small_DG,2028-03-03,49,25,Bartlett village,planned
ilabp,5.93,17099963200,099,Small_DG,2027-06-04,76,38,,planned
ilabp,12.6,17115001802,115,Small_DG,2028-03-03,88,44,Decatur city,planned
ilabp,11.5,17031827100,031,Small_DG,2027-04-02,30,15,Harvey city,planned
ilabp,6.0,17031430400,031,Small_DG,2028-03-03,26,13,Chicago city,planned
ilabp,3.8,17031804714,031,Small_DG,2027-04-29,44,22,Hoffman Estates village,planned
ilabp,3.8,17197880424,197,Small_DG,2027-06-04,97,49,,planned
ilabp,4.93,17031440300,031,Small_DG,2027-09-05,34,17,Chicago city,planned
ilabp,10.0,17091012100,091,Small_DG,2027-04-29,79,40,Kankakee city,planned
ilabp,5.76,17031804305,031,Small_DG,2027-04-02,44,22,Streamwood village,planned
ilabp,7.6,17043841205,043,Small_DG,2027-05-06,47,24,Carol Stream village,planned
ilabp,17.11,17139976900,139,Small_DG,2027-04-29,107,54,,planned
ilabp,11.4,17145030400,145,Small_DG,2027-04-29,115,58,,planned
ilabp,7.6,17197881500,197,Small_DG,2027-09-05,98,49,Joliet city,planned
ilabp,11.4,17093890602,093,Small_DG,2027-05-19,75,38,,planned
ilabp,5.7,17111870402,111,Small_DG,2027-11-21,63,32,Woodstock city,planned
ilabp,7.6,17031825801,031,Small_DG,2028-03-03,29,15,Calumet City city,planned
ilabp,6.0,17121952400,121,Small_DG,2028-03-03,110,55,,planned
ilabp,5.0,17201000402,201,Small_DG,2028-03-03,68,34,,planned
ilabp,11.5,17001000202,001,Small_DG,2027-09-05,99,50,Quincy city,planned
ilabp,11.4,17201000105,201,Small_DG,2027-04-29,90,45,Machesney Park village,planned
ilabp,10.0,17037000700,037,Small_DG,2027-11-21,70,35,Sycamore city,planned
ilabp,7.6,17179021102,179,Small_DG,2027-11-21,93,47,Pekin city,planned
ilabp,22.8,17063000700,063,Small_DG,2027-11-21,106,53,,planned
ilabp,5.7,17093890401,093,Small_DG,2027-04-29,75,38,,planned
ilabp,1992.0,17169970100,169,Large_DG,2028-03-05,94,47,,planned
ilabp,15.7,17187870300,187,Small_DG,2027-10-09,71,36,,planned
ilabp,5.7,17091011700,091,Small_DG,2027-11-21,79,40,Kankakee city,planned
ilabp,15.2,17001010302,001,Small_DG,2027-11-21,100,50,,planned
ilabp,11.5,17011964700,011,Small_DG,2027-07-21,73,37,,planned
ilabp,7.6,17107953200,107,Small_DG,2027-04-02,87,44,Lincoln city,planned
ilabp,11.4,17095001600,095,Small_DG,2027-11-21,93,47,,planned
ilabp,10.0,17043845401,043,Small_DG,2028-03-03,82,41,Burr Ridge village,planned
ilabp,6.09,17119403531,119,Small_DG,2027-05-19,109,55,,planned
ilabp,20.0,17055040900,055,Small_DG,2027-11-07,117,59,West Frankfort city,planned
ilabp,11.4,17119401905,119,Small_DG,2027-06-04,111,56,South Roxana village,planned
ilabp,20.0,17199021300,199,Small_DG,2027-11-21,117,59,,planned
ilabp,17.6,17075950900,075,Small_DG,2027-07-06,106,53,,planned
ilabp,22.8,17125956300,125,Small_DG,2027-11-21,94,47,,planned
ilabp,12.18,17119403531,119,Small_DG,2028-03-03,109,55,,planned
ilabp,15.7,17179021801,179,Small_DG,2027-10-23,93,47,,planned
ilabp,12.92,17173959500,173,Small_DG,2027-04-02,107,54,,planned
ilabp,7.6,17119402200,119,Small_DG,2027-06-18,111,56,Alton city,planned
ilabp,13.3,17149952700,149,Small_DG,2027-11-21,100,50,Pittsfield city,planned
ilabp,11.4,17095000100,095,Small_DG,2027-04-16,93,47,,planned
ilabp,10.0,17165955100,165,Small_DG,2027-04-16,117,59,Eldorado city,planned
ilabp,13.8,17067953900,067,Small_DG,2027-09-05,94,47,,planned
ilabp,11.5,17067953700,067,Small_DG,2027-11-21,94,47,,planned
ilabp,11.5,17081050300,081,Small_DG,2027-11-21,116,58,,planned
ilabp,11.4,17163503202,163,Small_DG,2027-04-29,114,57,,planned
ilabp,11.4,17121952000,121,Small_DG,2027-11-21,110,55,,planned
ilabp,11.5,17113000105,113,Small_DG,2027-04-02,105,53,,planned
ilabp,13.3,17057952900,057,Small_DG,2027-04-29,94,47,,planned
ilabp,10.0,17119401800,119,Small_DG,2027-04-02,111,56,Rosewood Heights CDP,planned
ilabp,10.0,17179020700,179,Small_DG,2027-11-21,93,47,Pekin city,planned
ilabp,10.0,17107953500,107,Small_DG,2027-04-29,87,44,,planned
ilabp,11.4,17187870100,187,Small_DG,2027-11-21,94,47,,planned
ilabp,5000.0,17059972700,059,Large_DG,2028-05-07,117,59,,planned
ilabp,10.0,17119402000,119,Small_DG,2027-06-04,111,56,Alton city,planned
ilabp,5000.0,17135957500,135,Large_DG,2028-05-07,108,54,,planned
ilabp,3.957,17093890201,093,Small_DG,2027-05-19,84,42,Boulder Hill CDP,planned
ilabp,10.0,17051951000,051,Small_DG,2027-11-07,110,55,,planned
ilabp,7.6,17143003800,143,Small_DG,2027-10-09,93,47,,planned
ilabp,3.8,17167004000,167,Small_DG,2027-05-19,87,44,,planned
ilabp,7.22,17089854001,089,Small_DG,2027-08-05,83,42,Aurora city,planned
ilabp,10.0,17179021606,179,Small_DG,2027-06-18,87,44,,planned
ilabp,10.0,17011965200,011,Small_DG,2027-04-29,76,38,Spring Valley city,planned
ilabp,10.0,17081050600,081,Small_DG,2027-11-21,116,58,Mount Vernon city,planned
ilabp,11.5,17031829700,031,Small_DG,2027-04-02,29,15,,planned
ilabp,7.608,17183010400,183,Small_DG,2027-04-02,104,52,,planned
ilabp,9.86,17061974000,061,Small_DG,2027-04-16,100,50,,planned
ilabp,6.195,17093890402,093,Small_DG,2027-04-02,75,38,Yorkville city,planned
ilabp,11.5,17037000100,037,Small_DG,2027-04-02,89,45,,planned
ilabp,8.99,17005951200,005,Small_DG,2027-04-16,110,55,,planned
ilabp,7.6,17183010600,183,Small_DG,2027-08-05,104,52,,planned
ilabp,7.6,17041952100,041,Small_DG,2027-04-29,101,51,,planned
ilabp,7.6,17077010800,077,Small_DG,2027-08-17,118,59,,planned
ilabp,7.6,17119401102,119,Small_DG,2027-04-16,111,56,Wood River city,planned
ilabp,10.0,17183010600,183,Small_DG,2027-07-21,104,52,,planned
ilabp,7.6,17125956800,125,Small_DG,2027-08-17,94,47,,planned
ilabp,7.6,17119401101,119,Small_DG,2027-11-29,111,56,Wood River city,planned
ilabp,11.5,17097864518,097,Small_DG,2027-04-02,59,30,Buffalo Grove village,planned
ilabp,7.6,17131040400,131,Small_DG,2027-10-09,94,47,,planned
ilabp,10.0,17159978200,159,Small_DG,2027-06-18,110,55,Olney city,planned
ilabp,7.6,17115001700,115,Small_DG,2027-04-02,96,48,Decatur city,planned
ilabp,6.96,17189950100,189,Small_DG,2027-06-04,109,55,,planned
ilabp,5.7,17131040200,131,Small_DG,2027-11-21,94,47,,planned
ilabp,11.5,17111871208,111,Small_DG,2027-04-02,66,33,Crystal Lake city,planned
ilabp,23.0,17031801800,031,Small_DG,2027-04-02,57,29,Northfield village,planned
ilabp,11.5,17201000501,201,Small_DG,2027-04-02,68,34,,planned
ilabp,6.38,17143002900,143,Small_DG,2028-03-03,92,46,Peoria city,planned
ilabp,5.7,17109010200,109,Small_DG,2027-09-19,94,47,,planned
ilabp,5.7,17187870500,187,Small_DG,2027-11-21,71,36,Monmouth city,planned
ilabp,5.7,17187870300,187,Small_DG,2027-05-19,71,36,,planned
ilabp,5.7,17187870200,187,Small_DG,2027-09-19,71,36,,planned
ilabp,5.22,17173959500,173,Small_DG,2027-05-06,107,54,,planned
ilabp,5.22,17119403121,119,Small_DG,2027-11-21,112,56,Glen Carbon village,planned
ilabp,4.93,17119402600,119,Small_DG,2027-04-16,111,56,Alton city,planned
ilabp,5.7,17143004000,143,Small_DG,2027-04-29,93,47,,planned
ilabp,5.7,17135957400,135,Small_DG,2027-11-29,108,54,,planned
ilabp,100.0,17197883211,197,Large_DG,2027-04-02,86,43,Joliet city,planned
ilabp,5.7,17165955500,165,Small_DG,2027-04-16,117,59,,planned
ilabp,5.7,17201003809,201,Small_DG,2027-04-16,67,34,Loves Park city,planned
ilabp,15.0,17201003708,201,Small_DG,2027-04-02,68,34,Rockford city,planned
ilabp,11.5,17011965500,011,Small_DG,2027-04-16,73,37,,planned
ilabp,3.49,17183010200,183,Small_DG,2027-05-19,101,51,Hoopeston city,planned
ilabp,10.0,17117956400,117,Small_DG,2027-08-17,108,54,Carlinville city,planned
ilabp,13.05,17033880600,033,Small_DG,2027-11-29,102,51,,planned
ilabp,10.0,17031825504,031,Small_DG,2027-05-19,38,19,Hazel Crest village,planned
ilabp,17.6,17183011100,183,Small_DG,2027-04-16,102,51,,planned
ilabp,7.6,17159977900,159,Small_DG,2027-10-09,110,55,,planned
ilabp,1560.0,17043841102,043,Large_DG,2027-12-18,56,28,Hanover Park village,planned
ilabp,7.6,17119402701,119,Small_DG,2027-09-19,100,50,Godfrey village,planned
ilabp,11.5,17057953500,057,Small_DG,2027-04-16,94,47,,planned
ilabp,9.875,17163503907,163,Small_DG,2027-05-06,113,57,Shiloh village,planned
ilabp,11.5,17089850800,089,Small_DG,2027-04-02,43,22,Elgin city,planned
ilabp,11.5,17031813701,031,Small_DG,2027-06-18,2,1,Cicero town,planned
ilabp,11.5,17073030400,073,Small_DG,2027-06-18,73,37,,planned
ilabp,11.5,17043840901,043,Small_DG,2027-04-02,48,24,,planned
ilabp,11.5,17031830100,031,Small_DG,2027-04-02,80,40,Park Forest village,planned
ilabp,4.35,17089854900,089,Small_DG,2027-04-02,49,25,Elgin city,planned
ilabp,11.5,17031803010,031,Small_DG,2027-04-16,54,27,Buffalo Grove village,planned
ilabp,7.6,17031818500,031,Small_DG,2027-09-05,7,4,Westchester village,planned
ilabp,5.7,17097861608,097,Small_DG,2027-04-29,61,31,Gages Lake CDP,planned
ilabp,5.51,17197880430,197,Small_DG,2027-11-07,97,49,Joliet city,planned
ilabp,11.5,17043841204,043,Small_DG,2027-04-16,46,23,Glendale Heights village,planned
ilabp,23.0,17089852806,089,Small_DG,2027-05-19,50,25,,planned
ilabp,11.5,17031190602,031,Small_DG,2027-04-02,3,2,Chicago city,planned
ilabp,7.6,17091012100,091,Small_DG,2027-11-21,79,40,Kankakee city,planned
ilabp,12.32,17167003802,167,Small_DG,2027-04-16,108,54,,planned
ilabp,7.6,17197880123,197,Small_DG,2027-05-19,85,43,Bolingbrook village,planned
ilabp,5.7,17097860104,097,Small_DG,2027-09-05,61,31,Winthrop Harbor village,planned
ilabp,3.8,17031560200,031,Small_DG,2027-11-21,1,1,Chicago city,planned
ilabp,5.7,17197882900,197,Small_DG,2027-07-06,86,43,Rockdale village,planned
ilabp,21.4,17141960700,141,Small_DG,2027-06-18,89,45,,planned
ilabp,11.4,17043841704,043,Small_DG,2027-04-29,47,24,Carol Stream village,planned
ilabp,7.6,17031817101,031,Small_DG,2027-11-21,7,4,Bellwood village,planned
ilabp,7.6,17031817200,031,Small_DG,2027-11-21,7,4,Maywood village,planned
ilabp,11.5,17197880107,197,Small_DG,2027-04-16,85,43,Bolingbrook village,planned
ilabp,10.0,17177000600,177,Small_DG,2027-04-29,90,45,,planned
ilabp,5.7,17031826500,031,Small_DG,2027-04-02,30,15,Dolton village,planned
ilabp,37.44,17057953100,057,Large_DG,2027-04-02,94,47,,planned
ilabp,11.5,17197880421,197,Small_DG,2027-04-29,97,49,Plainfield village,planned
ilabp,3.8,17085020500,085,Small_DG,2027-10-02,89,45,,planned
ilabp,7.6,17043842704,043,Small_DG,2027-05-19,42,21,Wheaton city,planned
ilabp,7.6,17197880114,197,Small_DG,2027-09-05,85,43,Bolingbrook village,planned
ilabp,7.6,17197881009,197,Small_DG,2027-04-29,37,19,Lockport city,planned
ilabp,5.584,17031824123,031,Small_DG,2027-07-06,28,14,,planned
ilabp,10.0,17031190300,031,Small_DG,2027-11-21,39,20,Chicago city,planned
ilabp,10.0,17063000900,063,Small_DG,2027-05-19,79,40,,planned
ilabp,6.67,17031803702,031,Small_DG,2027-11-29,51,26,Palatine village,planned
ilabp,23.0,17089851801,089,Small_DG,2027-04-16,49,25,South Elgin village,planned
ilabp,2000.0,17075950500,075,Large_DG,2028-05-07,106,53,,planned
ilabp,7.6,17111871205,111,Small_DG,2027-11-21,66,33,Lake in the Hills village,planned
ilabp,11.5,17031827100,031,Small_DG,2027-04-02,30,15,Harvey city,planned
ilabp,11.5,17197880426,197,Small_DG,2027-04-16,98,49,Romeoville village,planned
ilabp,19.008,17089852403,089,Small_DG,2027-04-29,70,35,,planned
ilabp,14.725,17037001700,037,Small_DG,2027-04-29,70,35,,planned
ilabp,17.6,17105960200,105,Small_DG,2027-11-21,106,53,,planned
ilabp,1999.998,17159978300,159,Large_DG,2028-05-21,110,55,,planned
ilabp,3.8,17043841802,043,Small_DG,2027-11-21,47,24,,planned
ilabp,5.7,17093890602,093,Small_DG,2027-04-02,75,38,,planned
ilabp,5.7,17085020500,085,Small_DG,2027-11-21,89,45,,planned
ilabp,5.7,17093890404,093,Small_DG,2027-06-18,83,42,Montgomery village,planned
ilabp,7.6,17031806502,031,Small_DG,2027-05-19,55,28,Des Plaines city,planned
ilabp,5.7,17043846310,043,Small_DG,2027-09-19,85,43,Woodridge village,planned
ilabp,7.6,17089850705,089,Small_DG,2027-05-06,70,35,Hampshire village,planned
ilabp,5.7,17197884103,197,Small_DG,2027-09-19,85,43,Crest Hill city,planned
ilabp,7.6,17197880701,197,Small_DG,2027-09-19,85,43,Lockport city,planned
ilabp,7.6,17097864203,097,Small_DG,2027-11-21,52,26,,planned
ilabp,10.0,17089854507,089,Small_DG,2027-09-19,70,35,Elburn village,planned
ilabp,10.0,17031815500,031,Small_DG,2027-08-17,2,1,Berwyn city,planned
ilabp,5.7,17043844501,043,Small_DG,2027-07-21,45,23,Oakbrook Terrace city,planned
ilabp,5.7,17043846003,043,Small_DG,2027-11-21,42,21,Lisle village,planned
ilabp,10.0,17031818401,031,Small_DG,2027-11-21,7,4,Hillside village,planned
ilabp,5.7,17111870104,111,Small_DG,2027-09-19,64,32,,planned
ilabp,10.0,17097860905,097,Small_DG,2027-04-29,64,32,,planned
ilabp,10.0,17103000800,103,Small_DG,2027-11-21,73,37,,planned
ilabp,10.0,17111870812,111,Small_DG,2027-10-23,63,32,Island Lake village,planned
ilabp,3.8,17089850705,089,Small_DG,2027-04-02,70,35,Hampshire village,planned
ilabp,7.6,17093890401,093,Small_DG,2027-08-05,75,38,,planned
ilabp,11.5,17031802610,031,Small_DG,2027-04-16,57,29,Mount Prospect village,planned
ilabp,11.5,17031823002,031,Small_DG,2027-04-16,36,18,Chicago Ridge village,planned
ilabp,10.64,17001010500,001,Small_DG,2027-07-06,99,50,,planned
ilabp,11.4,17031805202,031,Small_DG,2027-06-04,17,9,Glenview village,planned
ilabp,15.2,17097860906,097,Small_DG,2027-11-21,64,32,,planned
ilabp,11.5,17031804105,031,Small_DG,2027-04-16,51,26,,planned
ilabp,7.83,17037001400,037,Small_DG,2027-04-16,74,37,,planned
ilabp,11.5,17007010604,007,Small_DG,2027-04-16,69,35,Candlewick Lake CDP,planned
ilabp,20.0,17043846304,043,Small_DG,2027-09-05,81,41,,planned
ilabp,11.5,17049950600,049,Small_DG,2027-04-16,107,54,,planned
ilabp,15.7,17111870906,111,Small_DG,2027-04-16,63,32,,planned
ilabp,7.6,17019010500,019,Small_DG,2027-04-16,101,51,Fisher village,planned
ilabp,11.5,17143002701,143,Small_DG,2027-04-16,92,46,Peoria city,planned
ilabp,11.5,17031829500,031,Small_DG,2027-04-16,80,40,South Chicago Heights village,planned
ilabp,6.0,17179021000,179,Small_DG,2027-05-19,93,47,Pekin city,planned
ilabp,11.5,17019005601,019,Small_DG,2027-04-16,103,52,Urbana city,planned
ilabp,5.8,17031828202,031,Small_DG,2027-04-16,34,17,Lansing village,planned
ilabp,3.48,17031030800,031,Small_DG,2028-02-19,14,7,Chicago city,planned
ilabp,10.0,17031490902,031,Small_DG,2027-09-19,34,17,Chicago city,planned
ilabp,5000.0,17063000102,063,Large_DG,2028-01-21,75,38,Channahon village,planned
ilabp,1080.0,17163503332,163,Large_DG,2028-01-21,113,57,,planned
ilabp,11.5,17031828202,031,Small_DG,2027-04-16,34,17,Lansing village,planned
ilabp,29.0,17163503203,163,Large_DG,2027-04-02,114,57,,planned
ilabp,5000.0,17113006000,113,Large_DG,2028-05-07,87,44,,planned
ilabp,10.0,17019005602,019,Small_DG,2027-04-02,104,52,,planned
ilabp,7.6,17197881700,197,Small_DG,2027-11-07,98,49,Joliet city,planned
ilabp,7.608,17199020300,199,Small_DG,2027-07-21,118,59,,planned
ilabp,3.8,17177000100,177,Small_DG,2027-04-29,90,45,,planned
ilabp,7.6,17119400904,119,Small_DG,2027-08-17,111,56,Granite City city,planned
ilabp,5.7,17095001500,095,Small_DG,2027-04-29,94,47,,planned
ilabp,12.92,17121951800,121,Small_DG,2027-11-21,110,55,,planned
ilabp,11.5,17031640300,031,Small_DG,2027-04-16,22,11,Chicago city,planned
ilabp,5.7,17195000700,195,Small_DG,2027-07-21,73,37,,planned
ilabp,15.2,17017960300,017,Small_DG,2028-01-30,99,50,,planned
ilabp,20.0,17159978200,159,Small_DG,2027-09-19,110,55,Olney city,planned
ilabp,7.6,17043841204,043,Small_DG,2027-11-21,46,23,Glendale Heights village,planned
ilabp,20.0,17077010400,077,Small_DG,2027-04-29,115,58,,planned
ilabp,10.0,17119402722,119,Small_DG,2027-04-29,100,50,Godfrey village,planned
ilabp,11.5,17107952900,107,Small_DG,2027-04-02,87,44,,planned
ilabp,7.6,17197880314,197,Small_DG,2027-09-05,97,49,,planned
ilabp,17.2,17067954100,067,Small_DG,2027-04-02,94,47,Hamilton city,planned
ilabp,7.6,17137951800,137,Small_DG,2027-04-29,99,50,Jacksonville city,planned
ilabp,7.6,17111870502,111,Small_DG,2027-07-21,64,32,Wonder Lake village,planned
ilabp,11.5,17093890703,093,Small_DG,2027-04-16,75,38,,planned
ilabp,7.6,17119403533,119,Small_DG,2027-04-29,112,56,Maryville village,planned
ilabp,11.5,17031540102,031,Small_DG,2027-04-16,29,15,Chicago city,planned
ilabp,7.6,17031816900,031,Small_DG,2027-11-21,7,4,Bellwood village,planned
ilabp,5.7,17031817101,031,Small_DG,2027-11-21,7,4,Bellwood village,planned
ilabp,14.79,17119403122,119,Small_DG,2027-05-19,112,56,,planned
ilabp,6.08,17179022100,179,Small_DG,2027-04-02,91,46,,planned
ilabp,5.7,17157950500,157,Small_DG,2027-04-29,115,58,,planned
ilabp,17.6,17063000900,063,Small_DG,2027-05-19,79,40,,planned
ilabp,10.0,17091011900,091,Small_DG,2027-05-19,79,40,Bradley village,planned
ilabp,3.8,17097864519,097,Small_DG,2027-04-29,59,30,Buffalo Grove village,planned
ilabp,15.96,17049950600,049,Small_DG,2027-04-29,107,54,,planned
ilabp,10.0,17011965200,011,Small_DG,2027-10-02,76,38,Spring Valley city,planned
ilabp,10.0,17197881009,197,Small_DG,2027-09-05,37,19,Lockport city,planned
ilabp,11.4,17197881009,197,Small_DG,2027-04-29,37,19,Lockport city,planned
ilabp,5.8,17077011002,077,Small_DG,2027-11-21,118,59,Carbondale city,planned
ilabp,5.7,17195001300,195,Small_DG,2027-06-04,74,37,Sterling city,planned
ilabp,3.8,17029000300,029,Small_DG,2027-04-29,101,51,,planned
ilabp,15.2,17145030500,145,Small_DG,2027-04-29,115,58,,planned
ilabp,6.64,17119400801,119,Small_DG,2027-04-29,111,56,Granite City city,planned
ilabp,11.5,17031824505,031,Small_DG,2027-06-04,28,14,Oak Forest city,planned
ilabp,3.8,17199020300,199,Small_DG,2027-11-21,118,59,,planned
ilabp,11.5,17031821001,031,Small_DG,2027-04-16,22,11,Burbank city,planned
ilabp,5.76,17179020500,179,Small_DG,2027-06-18,93,47,Marquette Heights city,planned
ilabp,11.5,17031804106,031,Small_DG,2027-04-16,53,27,Rolling Meadows city,planned
ilabp,11.5,17031804804,031,Small_DG,2027-11-29,56,28,Schaumburg village,planned
ilabp,11.5,17097861106,097,Small_DG,2027-04-16,62,31,Grayslake village,planned
ilabp,11.5,17093890103,093,Small_DG,2027-04-16,84,42,Oswego village,planned
ilabp,11.5,17031804902,031,Small_DG,2027-04-16,53,27,Des Plaines city,planned
ilabp,23.0,17105960800,105,Small_DG,2027-10-23,106,53,,planned
ilabp,2000.0,17075950500,075,Large_DG,2028-05-07,106,53,,planned
ilabp,2.876,17085020300,085,Small_DG,2027-04-29,89,45,Galena city,planned
ilabp,4.225,17031040401,031,Small_DG,2027-04-02,13,7,Chicago city,planned
ilabp,11.5,17197883306,197,Small_DG,2027-04-16,86,43,,planned
ilabp,11.5,17119400903,119,Small_DG,2027-06-04,112,56,Pontoon Beach village,planned
ilabp,10.0,17097864105,097,Small_DG,2027-04-16,52,26,Mundelein village,planned
ilabp,11.5,17091010500,091,Small_DG,2028-01-16,79,40,,planned
ilabp,10.88,17111871107,111,Small_DG,2027-07-06,70,35,Algonquin village,planned
ilabp,23.0,17167003701,167,Small_DG,2027-04-16,108,54,,planned
ilabp,6.0,17089850705,089,Small_DG,2027-06-18,70,35,Hampshire village,planned
ilabp,11.5,17031190601,031,Small_DG,2027-04-16,3,2,Chicago city,planned
ilabp,560.0,17157950600,157,Large_DG,2027-06-18,115,58,Sparta city,planned
ilabp,475.0,17157950600,157,Large_DG,2027-06-18,115,58,Sparta city,planned
ilabp,200.0,17037000900,037,Large_DG,2027-09-05,76,38,DeKalb city,planned
ilabp,11.5,17197883904,197,Small_DG,2027-04-16,79,40,,planned
ilabp,7.6,17127970100,127,Small_DG,2027-04-16,117,59,,planned
ilabp,7.6,17031431200,031,Small_DG,2027-04-16,33,17,Chicago city,planned
ilabp,9.75,17203030700,203,Small_DG,2027-04-29,105,53,,planned
ilabp,11.4,17077010100,077,Small_DG,2027-04-16,115,58,,planned
ilabp,23.0,17179021802,179,Small_DG,2027-11-21,93,47,,planned
ilabp,22.8,17201000507,201,Small_DG,2027-04-16,68,34,Rockford city,planned
ilabp,5.7,17143004000,143,Small_DG,2027-04-16,93,47,,planned
ilabp,11.5,17031816800,031,Small_DG,2027-04-16,7,4,Berkeley village,planned
ilabp,11.5,17031814700,031,Small_DG,2027-04-16,21,11,Berwyn city,planned
ilabp,11.5,17031170400,031,Small_DG,2027-04-16,20,10,Chicago city,planned
ilabp,11.5,17031804714,031,Small_DG,2027-04-16,44,22,Hoffman Estates village,planned
ilabp,11.5,17019000800,019,Small_DG,2027-04-16,103,52,Champaign city,planned
ilabp,19.95,17167001004,167,Small_DG,2027-06-18,96,48,Springfield city,planned
ilabp,18.85,17031040900,031,Small_DG,2027-08-17,13,7,Chicago city,planned
ilabp,23.0,17063000102,063,Small_DG,2027-04-16,75,38,Channahon village,planned
ilabp,11.5,17201003000,201,Small_DG,2027-04-16,67,34,Rockford city,planned
ilabp,23.0,17089850710,089,Small_DG,2027-04-16,70,35,,planned
ilabp,11.5,17201003400,201,Small_DG,2027-04-16,67,34,Rockford city,planned
ilabp,3500.0,17197883808,197,Large_DG,2028-01-06,29,15,,planned
ilabp,11.5,17031480400,031,Small_DG,2027-05-19,33,17,Chicago city,planned
ilabp,8.0,17163503907,163,Small_DG,2027-06-04,113,57,Shiloh village,planned
ilabp,10.0,17031803603,031,Small_DG,2027-04-16,51,26,Inverness village,planned
ilabp,10.0,17043841320,043,Small_DG,2027-04-16,49,25,,planned
ilabp,10.0,17031440700,031,Small_DG,2027-04-16,34,17,Chicago city,planned
ilabp,7.6,17131040100,131,Small_DG,2027-10-02,94,47,,planned
ilabp,7.6,17091012200,091,Small_DG,2027-05-06,79,40,,planned
ilabp,23.0,17043844401,043,Small_DG,2027-04-16,42,21,Downers Grove village,planned
ilabp,23.0,17197883809,197,Small_DG,2027-04-29,29,15,Crete village,planned
ilabp,20.0,17149952700,149,Small_DG,2027-04-29,100,50,Pittsfield city,planned
ilabp,11.5,17093890702,093,Small_DG,2027-04-16,75,38,,planned
ilabp,6.67,17163503908,163,Small_DG,2027-06-04,114,57,Scott AFB CDP,planned
ilabp,11.5,17031824125,031,Small_DG,2027-08-17,37,19,Orland Hills village,planned
ilabp,960.0,17031230600,031,Large_DG,2027-06-18,4,2,Chicago city,planned
ilabp,15.2,17179020500,179,Small_DG,2027-04-16,93,47,Marquette Heights city,planned
ilabp,7.6,17119402801,119,Small_DG,2027-06-18,100,50,,planned
ilabp,10.0,17097861011,097,Small_DG,2027-04-16,64,32,Lake Villa village,planned
ilabp,11.5,17031814700,031,Small_DG,2027-04-16,21,11,Berwyn city,planned
ilabp,10.0,17031816000,031,Small_DG,2027-05-06,7,4,Forest Park village,planned
ilabp,11.5,17111870811,111,Small_DG,2027-04-16,63,32,,planned
ilabp,23.0,17099963800,099,Small_DG,2027-04-29,106,53,Streator city,planned
ilabp,10.0,17141960900,141,Small_DG,2027-04-16,89,45,,planned
ilabp,6.08,17031829903,031,Small_DG,2027-04-29,38,19,Country Club Hills city,planned
ilabp,23.0,17201000506,201,Small_DG,2027-04-16,68,34,Rockford city,planned
ilabp,10.0,17201000200,201,Small_DG,2027-04-16,67,34,Loves Park city,planned
ilabp,11.5,17093890602,093,Small_DG,2027-04-29,75,38,,planned
ilabp,23.0,17197880426,197,Small_DG,2027-04-16,98,49,Romeoville village,planned
ilabp,10.0,17197880426,197,Small_DG,2027-04-16,98,49,Romeoville village,planned
ilabp,9.42,17019010603,019,Small_DG,2027-06-04,101,51,Mahomet village,planned
ilabp,23.0,17197880319,197,Small_DG,2027-05-06,97,49,Plainfield village,planned
ilabp,10.0,17201000105,201,Small_DG,2027-04-16,90,45,Machesney Park village,planned
ilabp,20.0,17043842601,043,Small_DG,2027-10-02,47,24,,planned
ilabp,23.0,17201003901,201,Small_DG,2027-04-16,90,45,,planned
ilabp,10.0,17037002000,037,Small_DG,2027-04-29,75,38,Sandwich city,planned
ilabp,11.5,17031804705,031,Small_DG,2027-04-16,44,22,Hoffman Estates village,planned
ilabp,11.5,17031827804,031,Small_DG,2027-05-19,29,15,South Holland village,planned
ilabp,11.5,17031740100,031,Small_DG,2027-04-16,35,18,Chicago city,planned
ilabp,4990.0,17111871502,111,Large_DG,2028-01-21,63,32,,planned
ilabp,3.8,17197881800,197,Small_DG,2027-05-19,86,43,Joliet city,planned
ilabp,23.0,17093890703,093,Small_DG,2027-04-29,75,38,,planned
ilabp,23.0,17117956000,117,Small_DG,2027-04-29,108,54,Virden city,planned
ilabp,4.35,17031804514,031,Small_DG,2027-04-16,49,25,Bartlett village,planned
ilabp,23.0,17031804506,031,Small_DG,2027-04-29,49,25,Bartlett village,planned
ilabp,8.36,17203030602,203,Small_DG,2027-06-04,91,46,,planned
ilabp,10.0,17057953100,057,Small_DG,2027-04-16,94,47,,planned
ilabp,11.5,17197880202,197,Small_DG,2027-04-16,85,43,Romeoville village,planned
ilabp,11.5,17031490902,031,Small_DG,2027-04-16,34,17,Chicago city,planned
ilabp,250.0,17163503332,163,Large_DG,2027-04-16,113,57,,planned
ilabp,3.42,17093890402,093,Small_DG,2028-01-16,75,38,Yorkville city,planned
ilabp,3.8,17031816900,031,Small_DG,2028-03-03,7,4,Bellwood village,planned
ilabp,300.0,17037000900,037,Large_DG,2027-09-05,76,38,DeKalb city,planned
ilabp,10.0,17097860811,097,Small_DG,2027-04-16,61,31,,planned
ilabp,11.5,17201002200,201,Small_DG,2027-04-16,67,34,Rockford city,planned
ilabp,10.0,17109010402,109,Small_DG,2027-04-16,71,36,Macomb city,planned
ilabp,11.5,17111871207,111,Small_DG,2027-04-16,66,33,Lake in the Hills village,planned
ilabp,7.6,17089851911,089,Small_DG,2027-04-29,66,33,Elgin city,planned
ilabp,6.08,17093890105,093,Small_DG,2027-09-05,97,49,,planned
ilabp,10.44,17057953000,057,Small_DG,2027-04-29,94,47,,planned
ilabp,6.96,17031804714,031,Small_DG,2027-04-29,44,22,Hoffman Estates village,planned
ilabp,23.0,17043846304,043,Small_DG,2028-03-03,81,41,,planned
ilabp,13.65,17043846702,043,Small_DG,2027-04-29,46,23,Addison village,planned
ilabp,10.0,17031700402,031,Small_DG,2027-04-29,31,16,Chicago city,planned
ilabp,11.5,17097864407,097,Small_DG,2027-04-16,51,26,,planned
ilabp,10.0,17201000514,201,Small_DG,2027-04-29,68,34,Cherry Valley village,planned
ilabp,11.5,17179021603,179,Small_DG,2027-04-16,91,46,,planned
ilabp,5.76,17043846518,043,Small_DG,2027-08-05,84,42,Aurora city,planned
ilabp,10.0,17031700501,031,Small_DG,2027-04-29,31,16,Chicago city,planned
ilabp,9.6,17119403533,119,Small_DG,2027-04-29,112,56,Maryville village,planned
ilabp,10.0,17031825504,031,Small_DG,2027-06-18,38,19,Hazel Crest village,planned
ilabp,10.0,17043841209,043,Small_DG,2027-04-29,46,23,Carol Stream village,planned
ilabp,11.5,17031824123,031,Small_DG,2027-04-29,28,14,,planned
ilabp,5000.0,17067954100,067,Large_DG,2028-05-07,94,47,Hamilton city,planned
ilabp,23.0,17031829200,031,Small_DG,2027-06-18,80,40,Chicago Heights city,planned
ilabp,10.0,17111870103,111,Small_DG,2027-04-29,69,35,,planned
ilabp,10.0,17031750400,031,Small_DG,2027-04-29,35,18,Chicago city,planned
ilabp,10.0,17111871307,111,Small_DG,2027-04-29,63,32,,planned
ilabp,23.0,17031804109,031,Small_DG,2027-04-29,53,27,,planned
ilabp,10.0,17031620400,031,Small_DG,2027-04-29,22,11,Chicago city,planned
ilabp,13.65,17163504353,163,Small_DG,2027-06-04,109,55,,planned
ilabp,6.96,17077010300,077,Small_DG,2027-04-29,115,58,,planned
ilabp,11.5,17031440900,031,Small_DG,2027-04-29,34,17,Chicago city,planned
ilabp,5.85,17043846411,043,Small_DG,2027-04-29,49,25,Naperville city,planned
ilabp,23.0,17031821102,031,Small_DG,2027-04-29,32,16,Burbank city,planned
ilabp,10.0,17031700200,031,Small_DG,2027-04-29,32,16,Chicago city,planned
ilabp,60.0,17197880411,197,Large_DG,2027-04-16,98,49,,planned
ilabp,10.0,17031804606,031,Small_DG,2027-04-29,56,28,Elk Grove Village village,planned
ilabp,10.0,17031460500,031,Small_DG,2027-04-29,33,17,Chicago city,planned
ilabp,23.0,17097864700,097,Small_DG,2027-09-19,58,29,Highland Park city,planned
ilabp,2.9,17031210602,031,Small_DG,2027-04-16,39,20,Chicago city,planned
ilabp,23.0,17031828702,031,Small_DG,2027-04-29,29,15,Glenwood village,planned
ilabp,6.38,17031816300,031,Small_DG,2027-11-29,77,39,Melrose Park village,planned
ilabp,23.0,17037000500,037,Small_DG,2027-04-29,89,45,,planned
ilabp,5000.0,17197880502,197,Large_DG,2028-03-19,85,43,,planned
ilabp,11.5,17031812900,031,Small_DG,2027-04-29,78,39,Oak Park village,planned
ilabp,10.0,17031750600,031,Small_DG,2027-04-29,27,14,Chicago city,planned
ilabp,11.5,17111870103,111,Small_DG,2027-04-29,69,35,,planned
ilabp,11.5,17031801702,031,Small_DG,2027-04-29,57,29,Northbrook village,planned
ilabp,11.5,17197881116,197,Small_DG,2027-04-29,37,19,New Lenox village,planned
ilabp,10.0,17031661100,031,Small_DG,2027-04-29,32,16,Chicago city,planned
ilabp,10.0,17031825501,031,Small_DG,2027-04-29,38,19,Country Club Hills city,planned
ilabp,10.0,17031821700,031,Small_DG,2027-04-29,36,18,Evergreen Park village,planned
ilabp,11.5,17119402900,119,Small_DG,2027-06-18,112,56,Edwardsville city,planned
ilabp,23.0,17007010400,007,Small_DG,2027-04-29,89,45,,planned
ilabp,9.6,17099962100,099,Small_DG,2027-05-06,74,37,,planned
ilabp,10.0,17201001900,201,Small_DG,2027-04-29,67,34,Rockford city,planned
ilabp,7.6,17031804705,031,Small_DG,2027-04-29,44,22,Hoffman Estates village,planned
ilabp,11.5,17111871202,111,Small_DG,2027-04-29,66,33,Crystal Lake city,planned
ilabp,23.0,17031824508,031,Small_DG,2027-04-29,28,14,Orland Park village,planned
ilabp,10.0,17107953100,107,Small_DG,2027-05-19,87,44,,planned
ilabp,6.0,17037000402,037,Small_DG,2028-03-03,70,35,,planned
ilabp,23.0,17161024101,161,Small_DG,2027-05-06,71,36,,planned
ilabp,5.7,17031829500,031,Small_DG,2027-05-06,80,40,South Chicago Heights village,planned
ilabp,10.0,17031804309,031,Small_DG,2027-04-29,44,22,Streamwood village,planned
ilabp,12.0,17145030200,145,Small_DG,2027-06-04,115,58,,planned
ilabp,10.0,17031750500,031,Small_DG,2027-05-19,27,14,Chicago city,planned
ilabp,6.5,17167003100,167,Small_DG,2027-06-04,95,48,Springfield city,planned
ilabp,11.5,17031700301,031,Small_DG,2027-04-29,32,16,Chicago city,planned
ilabp,11.5,17089851909,089,Small_DG,2027-04-29,66,33,Elgin city,planned
ilabp,8.41,17141961500,141,Small_DG,2027-06-04,74,37,,planned
ilabp,15.0,17089852101,089,Small_DG,2027-06-04,65,33,,planned
ilabp,10.0,17097864207,097,Small_DG,2027-04-29,52,26,,planned
ilabp,960.0,17031804202,031,Large_DG,2027-05-19,52,26,South Barrington village,planned
ilabp,5.376,17043846413,043,Small_DG,2027-09-19,41,21,,planned
ilabp,4.34,17031040700,031,Small_DG,2027-09-19,13,7,Chicago city,planned
ilabp,7.6,17199020600,199,Small_DG,2027-11-07,118,59,Herrin city,planned
ilabp,11.5,17119402900,119,Small_DG,2027-05-19,112,56,Edwardsville city,planned
ilabp,4.35,17197880317,197,Small_DG,2027-06-04,97,49,Bolingbrook village,planned
ilabp,13.63,17031640100,031,Small_DG,2027-06-04,22,11,Chicago city,planned
ilabp,10.0,17031830004,031,Small_DG,2027-04-29,38,19,Matteson village,planned
ilabp,10.0,17031805108,031,Small_DG,2027-04-29,53,27,Mount Prospect village,planned
ilabp,11.5,17089851910,089,Small_DG,2027-04-29,66,33,Elgin city,planned
ilabp,10.0,17031824127,031,Small_DG,2027-06-04,37,19,Tinley Park village,planned
ilabp,10.0,17093890502,093,Small_DG,2027-05-19,75,38,,planned
ilabp,10.44,17163503324,163,Small_DG,2027-07-06,113,57,Shiloh village,planned
ilabp,11.5,17031815500,031,Small_DG,2027-05-19,2,1,Berwyn city,planned
ilabp,10.0,17043840202,043,Small_DG,2027-05-19,48,24,Addison village,planned
ilabp,10.0,17031561100,031,Small_DG,2027-05-19,22,11,Chicago city,planned
ilabp,10.0,17031700200,031,Small_DG,2027-05-19,32,16,Chicago city,planned
ilabp,10.0,17031560300,031,Small_DG,2027-05-19,1,1,Chicago city,planned
ilabp,11.5,17037000900,037,Small_DG,2027-05-19,76,38,DeKalb city,planned
ilabp,20.0,17115002402,115,Small_DG,2027-07-06,88,44,,planned
ilabp,10.0,17115002601,115,Small_DG,2027-06-04,88,44,,planned
ilabp,23.0,17201003707,201,Small_DG,2027-06-18,67,34,,planned
ilabp,11.5,17031824505,031,Small_DG,2027-05-19,28,14,Oak Forest city,planned
ilabp,10.0,17053961900,053,Small_DG,2027-06-04,106,53,,planned
ilabp,4.56,17031808400,031,Small_DG,2027-06-04,15,8,Morton Grove village,planned
ilabp,4.35,17031827200,031,Small_DG,2027-06-18,30,15,Phoenix village,planned
ilabp,10.0,17031805902,031,Small_DG,2027-05-19,55,28,Park Ridge city,planned
ilabp,10.0,17031807200,031,Small_DG,2027-05-19,17,9,Skokie village,planned
ilabp,10.0,17031812200,031,Small_DG,2027-05-19,78,39,Oak Park village,planned
ilabp,8.12,17179021900,179,Small_DG,2027-04-29,87,44,,planned
ilabp,10.0,17031811600,031,Small_DG,2027-06-04,20,10,Schiller Park village,planned
ilabp,10.0,17037001300,037,Small_DG,2027-05-19,76,38,DeKalb city,planned
ilabp,8.99,17197883505,197,Small_DG,2027-07-21,38,19,Frankfort village,planned
ilabp,10.0,17031711200,031,Small_DG,2027-05-19,31,16,Chicago city,planned
ilabp,5000.0,17117957000,117,Large_DG,2028-05-07,108,54,,planned
ilabp,5.76,17093890403,093,Small_DG,2027-06-04,83,42,Oswego village,planned
ilabp,3.8,17177000600,177,Small_DG,2027-08-17,90,45,,planned
ilabp,10.0,17031829903,031,Small_DG,2027-05-19,38,19,Country Club Hills city,planned
ilabp,31.4,17125956700,125,Large_DG,2027-11-29,94,47,,planned
ilabp,11.78,17031802003,031,Small_DG,2027-09-19,17,9,Glenview village,planned
ilabp,10.0,17173959300,173,Small_DG,2027-06-04,107,54,Shelbyville city,planned
ilabp,23.0,17031805902,031,Small_DG,2027-09-19,55,28,Park Ridge city,planned
ilabp,10.0,17163503412,163,Small_DG,2027-11-21,112,56,Caseyville village,planned
ilabp,11.5,17043844702,043,Small_DG,2027-09-19,45,23,Hinsdale village,planned
ilabp,11.5,17143004802,143,Small_DG,2027-05-19,92,46,Bartonville village,planned
ilabp,10.0,17099964100,099,Small_DG,2027-06-04,106,53,,planned
ilabp,8.45,17031050300,031,Small_DG,2027-08-17,11,6,Chicago city,planned
ilabp,10.0,17115002904,115,Small_DG,2027-06-04,88,44,,planned
ilabp,10.0,17031460302,031,Small_DG,2027-05-19,26,13,Chicago city,planned
ilabp,2.24,17089854002,089,Small_DG,2027-06-04,83,42,Montgomery village,planned
ilabp,10.0,17019000902,019,Small_DG,2027-06-04,104,52,,planned
ilabp,10.0,17031251100,031,Small_DG,2027-05-19,8,4,Chicago city,planned
ilabp,10.0,17183010300,183,Small_DG,2027-06-04,101,51,,planned
ilabp,19.0,17121952300,121,Small_DG,2027-05-06,110,55,,planned
ilabp,7.6,17057953600,057,Small_DG,2027-05-06,94,47,Canton city,planned
ilabp,7.36,17043846514,043,Small_DG,2027-08-17,84,42,Aurora city,planned
ilabp,10.0,17177000600,177,Small_DG,2027-05-06,90,45,,planned
ilabp,7.6,17093890402,093,Small_DG,2027-05-06,75,38,Yorkville city,planned
ilabp,11.5,17091011300,091,Small_DG,2027-05-19,34,17,,planned
ilabp,11.5,17031826202,031,Small_DG,2027-06-18,33,17,Calumet City city,planned
ilabp,11.5,17031814600,031,Small_DG,2027-05-19,21,11,Berwyn city,planned
ilabp,11.5,17031830005,031,Small_DG,2027-05-19,38,19,Olympia Fields village,planned
ilabp,19.0,17145030100,145,Small_DG,2027-05-06,115,58,,planned
ilabp,6.72,17093890402,093,Small_DG,2027-08-17,75,38,Yorkville city,planned
ilabp,10.56,17043846411,043,Small_DG,2027-08-17,49,25,Naperville city,planned
ilabp,11.4,17163503404,163,Small_DG,2027-07-06,112,56,,planned
ilabp,4.16,17097861610,097,Small_DG,2028-01-16,61,31,Gages Lake CDP,planned
ilabp,15.2,17095001500,095,Small_DG,2027-05-06,94,47,,planned
ilabp,10.0,17031700501,031,Small_DG,2027-07-06,31,16,Chicago city,planned
ilabp,7.36,17031820103,031,Small_DG,2027-06-04,8,4,La Grange village,planned
ilabp,8.45,17163503323,163,Small_DG,2027-06-04,113,57,Swansea village,planned
ilabp,5.7,17113005501,113,Small_DG,2027-05-06,88,44,,planned
ilabp,5.7,17031822200,031,Small_DG,2027-11-21,31,16,Oak Lawn village,planned
ilabp,10.0,17031822301,031,Small_DG,2027-06-04,31,16,Oak Lawn village,planned
ilabp,20.0,17011965500,011,Small_DG,2027-05-06,73,37,,planned
ilabp,10.0,17189950400,189,Small_DG,2027-05-06,115,58,,planned
ilabp,10.0,17011965600,011,Small_DG,2027-05-06,73,37,,planned
ilabp,15.2,17031804806,031,Small_DG,2027-07-06,44,22,Hanover Park village,planned
ilabp,10.0,17031190401,031,Small_DG,2027-06-04,3,2,Chicago city,planned
ilabp,10.0,17115002901,115,Small_DG,2027-06-04,88,44,Forsyth village,planned
ilabp,5.85,17163503202,163,Small_DG,2027-06-04,114,57,,planned
ilabp,10.0,17129010100,129,Small_DG,2027-06-04,108,54,,planned
ilabp,6.08,17097864407,097,Small_DG,2027-09-19,51,26,,planned
ilabp,5.12,17031809500,031,Small_DG,2027-06-18,18,9,Evanston city,planned
ilabp,23.0,17031804403,031,Small_DG,2027-05-19,43,22,Hoffman Estates village,planned
ilabp,11.6,17019010400,019,Small_DG,2027-11-07,101,51,,planned
ilabp,5.7,17099964200,099,Small_DG,2027-11-21,106,53,Streator city,planned
ilabp,10.0,17107953600,107,Small_DG,2027-06-18,87,44,,planned
ilabp,3.8,17031825803,031,Small_DG,2028-03-03,29,15,Calumet City city,planned
ilabp,7.6,17091010702,091,Small_DG,2028-03-03,29,15,,planned
ilabp,7.6,17031806801,031,Small_DG,2028-03-03,17,9,Skokie village,planned
ilabp,5.0,17143004400,143,Small_DG,2028-03-03,92,46,West Peoria city,planned
ilabp,7.6,17203030100,203,Small_DG,2028-03-03,105,53,,planned
ilabp,5.22,17143003101,143,Small_DG,2028-03-03,92,46,,planned
ilabp,3.8,17031150502,031,Small_DG,2028-03-03,19,10,Chicago city,planned
ilabp,12.0,17073030201,073,Small_DG,2028-03-03,71,36,,planned
ilabp,10.0,17095000100,095,Small_DG,2028-03-03,93,47,,planned
ilabp,5000.0,17081050300,081,Large_DG,2028-05-07,116,58,,planned
ilabp,11.4,17067954300,067,Small_DG,2028-03-03,94,47,,planned
ilabp,3.8,17031818800,031,Small_DG,2028-03-03,2,1,Brookfield village,planned
ilabp,8.0,17137951500,137,Small_DG,2027-06-04,99,50,,planned
ilabp,5.0,17031824114,031,Small_DG,2028-03-03,27,14,Orland Park village,planned
ilabp,10.0,17183010500,183,Small_DG,2028-03-03,104,52,,planned
ilabp,6.0,17143001500,143,Small_DG,2028-03-03,92,46,Peoria city,planned
ilabp,3.8,17031510300,031,Small_DG,2028-03-03,33,17,Chicago city,planned
ilabp,5.0,17125956300,125,Small_DG,2028-03-03,94,47,,planned
ilabp,5.76,17111871003,111,Small_DG,2028-03-03,69,35,,planned
ilabp,10.0,17183011100,183,Small_DG,2027-11-07,102,51,,planned
ilabp,11.4,17115002200,115,Small_DG,2027-11-21,88,44,,planned
ilabp,15.2,17041952300,041,Small_DG,2027-11-21,101,51,,planned
ilabp,5.7,17015960100,015,Small_DG,2027-10-09,89,45,,planned
ilabp,7.6,17119401101,119,Small_DG,2027-08-05,111,56,Wood River city,planned
ilabp,10.0,17195000100,195,Small_DG,2027-06-18,74,37,,planned
ilabp,7.6,17119400904,119,Small_DG,2027-06-18,111,56,Granite City city,planned
ilabp,7.6,17173959500,173,Small_DG,2027-07-06,107,54,,planned
ilabp,10.0,17177000200,177,Small_DG,2027-08-05,90,45,,planned
ilabp,10.0,17031816000,031,Small_DG,2027-10-23,7,4,Forest Park village,planned
ilabp,17.4,17179021900,179,Small_DG,2028-03-03,87,44,,planned
ilabp,10.0,17031210400,031,Small_DG,2028-03-03,39,20,Chicago city,planned
ilabp,11.89,17189950100,189,Small_DG,2027-08-05,109,55,,planned
ilabp,5.76,17089854301,089,Small_DG,2028-03-03,50,25,Aurora city,planned
ilabp,5.51,17113005402,113,Small_DG,2027-09-19,88,44,,planned
ilabp,5.7,17141961500,141,Small_DG,2027-10-02,74,37,,planned
ilabp,7.6,17097861504,097,Small_DG,2028-03-03,59,30,Waukegan city,planned
ilabp,5.76,17119400802,119,Small_DG,2027-09-05,111,56,Granite City city,planned
ilabp,10.0,17197881700,197,Small_DG,2027-10-09,98,49,Joliet city,planned
ilabp,7.6,17197882900,197,Small_DG,2027-11-21,86,43,Rockdale village,planned
ilabp,11.5,17067954300,067,Small_DG,2027-09-05,94,47,,planned
ilabp,7.6,17031807700,031,Small_DG,2027-11-21,16,8,Skokie village,planned
ilabp,8.64,17093890105,093,Small_DG,2027-09-19,97,49,,planned
ilabp,10.0,17051951100,051,Small_DG,2027-09-05,110,55,,planned
ilabp,7.68,17093890107,093,Small_DG,2027-09-19,75,38,Oswego village,planned
ilabp,13.3,17051951100,051,Small_DG,2027-11-21,110,55,,planned
ilabp,20.0,17055040900,055,Small_DG,2027-11-21,117,59,West Frankfort city,planned
ilabp,20.0,17203030501,203,Small_DG,2027-11-21,73,37,Germantown Hills village,planned
ilabp,7.6,17063000800,063,Small_DG,2027-11-21,106,53,,planned
ilabp,7.6,17195000600,195,Small_DG,2027-05-19,73,37,,planned
ilabp,10.0,17189950100,189,Small_DG,2027-05-06,109,55,,planned
ilabp,3.49,17049950400,049,Small_DG,2027-05-06,110,55,,planned
ilabp,10.0,17201003706,201,Small_DG,2027-11-21,67,34,,planned
ilabp,5.7,17043841325,043,Small_DG,2027-08-17,48,24,Carol Stream village,planned
ilabp,5.7,17115002300,115,Small_DG,2027-09-19,88,44,,planned
ilabp,5.7,17197882900,197,Small_DG,2027-06-04,86,43,Rockdale village,planned
ilabp,7.6,17179021801,179,Small_DG,2027-11-21,93,47,,planned
ilabp,3.8,17195001300,195,Small_DG,2027-06-04,74,37,Sterling city,planned
ilabp,4.64,17029001000,029,Small_DG,2027-05-06,101,51,,planned
ilabp,10.0,17031822400,031,Small_DG,2027-05-19,31,16,Oak Lawn village,planned
ilabp,5.76,17141961400,141,Small_DG,2027-05-19,89,45,,planned
ilabp,15.2,17143003200,143,Small_DG,2027-11-21,73,37,Peoria city,planned
ilabp,10.0,17043844304,043,Small_DG,2027-11-21,42,21,Lombard village,planned
ilabp,5.7,17119401400,119,Small_DG,2027-06-04,111,56,Alton city,planned
ilabp,23.0,17197880204,197,Small_DG,2027-05-19,85,43,Romeoville village,planned
ilabp,7.6,17111870812,111,Small_DG,2027-11-21,63,32,Island Lake village,planned
ilabp,11.4,17075950400,075,Small_DG,2027-08-17,106,53,Watseka city,planned
ilabp,10.0,17111870904,111,Small_DG,2027-11-21,63,32,Woodstock city,planned
ilabp,10.0,17119401800,119,Small_DG,2027-11-21,111,56,Rosewood Heights CDP,planned
ilabp,3.8,17099962600,099,Small_DG,2027-07-21,76,38,Ottawa city,planned
ilabp,15.2,17011965200,011,Small_DG,2027-05-06,76,38,Spring Valley city,planned
ilabp,7.6,17105960100,105,Small_DG,2027-05-06,106,53,Dwight village,planned
ilabp,11.4,17055041100,055,Small_DG,2027-11-21,117,59,,planned
ilabp,7.6,17091010602,091,Small_DG,2027-05-06,79,40,,planned
ilabp,10.0,17093890201,093,Small_DG,2027-10-02,84,42,Boulder Hill CDP,planned
ilabp,17.6,17057953000,057,Small_DG,2027-11-21,94,47,,planned
ilabp,22.04,17063000500,063,Small_DG,2027-08-17,106,53,,planned
ilabp,5.7,17075950600,075,Small_DG,2027-06-04,106,53,,planned
ilabp,10.0,17089851907,089,Small_DG,2027-07-06,65,33,South Elgin village,planned
ilabp,3.8,17197881402,197,Small_DG,2027-05-06,98,49,Joliet city,planned
ilabp,7.6,17195001300,195,Small_DG,2027-05-06,74,37,Sterling city,planned
ilabp,2500.0,17119402803,119,Large_DG,2028-05-07,111,56,,planned
ilabp,11.4,17063000900,063,Small_DG,2027-11-21,79,40,,planned
ilabp,7.6,17091010602,091,Small_DG,2027-10-09,79,40,,planned
ilabp,11.4,17103000400,103,Small_DG,2027-08-17,74,37,,planned
ilabp,5.7,17031811500,031,Small_DG,2027-11-07,77,39,Franklin Park village,planned
ilabp,8.7,17115002901,115,Small_DG,2027-06-18,88,44,Forsyth village,planned
ilabp,11.4,17119401300,119,Small_DG,2027-06-04,111,56,East Alton village,planned
ilabp,6.38,17145030300,145,Small_DG,2027-06-18,115,58,,planned
ilabp,11.5,17089852406,089,Small_DG,2027-08-05,65,33,Campton Hills village,planned
ilabp,3.8,17197883602,197,Small_DG,2027-10-02,79,40,Monee village,planned
ilabp,11.4,17091010400,091,Small_DG,2027-06-18,79,40,,planned
ilabp,7.6,17121951600,121,Small_DG,2027-11-21,110,55,,planned
ilabp,11.4,17165955100,165,Small_DG,2027-08-17,117,59,Eldorado city,planned
ilabp,5.7,17197880416,197,Small_DG,2027-05-06,98,49,,planned
ilabp,7.6,17143002701,143,Small_DG,2027-11-21,92,46,Peoria city,planned
ilabp,11.4,17093890602,093,Small_DG,2027-05-06,75,38,,planned
ilabp,5.7,17093890401,093,Small_DG,2027-05-06,75,38,,planned
ilabp,11.5,17111870604,111,Small_DG,2027-08-17,64,32,McHenry city,planned
ilabp,10.0,17043846515,043,Small_DG,2027-05-19,84,42,Aurora city,planned
ilabp,3.8,17015960100,015,Small_DG,2027-07-06,89,45,,planned
ilabp,10.0,17037000100,037,Small_DG,2027-05-06,89,45,,planned
ilabp,10.0,17097860811,097,Small_DG,2027-09-05,61,31,,planned
ilabp,5.0,17031520600,031,Small_DG,2028-03-03,25,13,Chicago city,planned
ilabp,7.6,17093890106,093,Small_DG,2027-06-04,75,38,Oswego village,planned
ilabp,10.0,17119400904,119,Small_DG,2028-02-19,111,56,Granite City city,planned
ilabp,7.6,17031825802,031,Small_DG,2027-11-21,29,15,Calumet City city,planned
ilabp,3.8,17093890402,093,Small_DG,2027-05-06,75,38,Yorkville city,planned
ilabp,13.68,17161020301,161,Small_DG,2027-06-18,72,36,Silvis city,planned
ilabp,13.3,17197881700,197,Small_DG,2027-11-21,98,49,Joliet city,planned
ilabp,10.0,17197881301,197,Small_DG,2027-05-19,86,43,Joliet city,planned
ilabp,5.0,17195001000,195,Small_DG,2028-03-03,74,37,Sterling city,planned
ilabp,5.76,17089853100,089,Small_DG,2028-03-03,50,25,Aurora city,planned
ilabp,3.8,17089850302,089,Small_DG,2027-06-18,66,33,Carpentersville village,planned
ilabp,11.5,17001010301,001,Small_DG,2027-10-09,100,50,,planned
ilabp,7.6,17031802100,031,Small_DG,2027-11-21,17,9,Glenview village,planned
ilabp,7.22,17031802608,031,Small_DG,2027-06-04,54,27,Prospect Heights city,planned
ilabp,3.141,17143003602,143,Small_DG,2027-05-19,73,37,Chillicothe city,planned
ilabp,5.7,17177000100,177,Small_DG,2027-05-19,90,45,,planned
ilabp,7.6,17201003806,201,Small_DG,2027-11-21,90,45,Roscoe village,planned
ilabp,10.0,17037001400,037,Small_DG,2027-05-19,74,37,,planned
ilabp,6.84,17031805402,031,Small_DG,2027-06-18,15,8,Niles village,planned
ilabp,3.49,17197884003,197,Small_DG,2027-05-19,86,43,Braidwood city,planned
ilabp,7.6,17037001900,037,Small_DG,2027-05-19,70,35,,planned
ilabp,6.38,17199020300,199,Small_DG,2027-05-19,118,59,,planned
ilabp,11.4,17025972200,025,Small_DG,2027-06-04,110,55,,planned
ilabp,10.0,17039971600,039,Small_DG,2027-05-19,87,44,,planned
ilabp,7.6,17111871003,111,Small_DG,2027-05-19,69,35,,planned
ilabp,3.8,17097861403,097,Small_DG,2027-09-19,62,31,Round Lake village,planned
ilabp,5.933,17081050600,081,Small_DG,2027-05-19,116,58,Mount Vernon city,planned
ilabp,6.63,17019005401,019,Small_DG,2027-06-04,103,52,,planned
ilabp,15.96,17097864303,097,Small_DG,2027-06-18,52,26,,planned
ilabp,5.7,17199020201,199,Small_DG,2027-09-19,118,59,Carterville city,planned
ilabp,10.0,17197881010,197,Small_DG,2027-09-19,37,19,Homer Glen village,planned
ilabp,17.6,17045070300,045,Small_DG,2027-11-21,102,51,Paris city,planned
ilabp,13.3,17063000800,063,Small_DG,2027-10-09,106,53,,planned
ilabp,10.0,17119400802,119,Small_DG,2027-11-21,111,56,Granite City city,planned
ilabp,8.36,17029000300,029,Small_DG,2027-05-19,101,51,,planned
ilabp,10.0,17197881700,197,Small_DG,2027-09-05,98,49,Joliet city,planned
ilabp,11.4,17099962100,099,Small_DG,2027-06-04,74,37,,planned
ilabp,7.6,17119400200,119,Small_DG,2027-10-02,111,56,Granite City city,planned
ilabp,4.35,17119402200,119,Small_DG,2027-11-29,111,56,Alton city,planned
ilabp,11.5,17197883211,197,Small_DG,2027-11-21,86,43,Joliet city,planned
ilabp,11.5,17031820101,031,Small_DG,2027-09-19,82,41,Indian Head Park village,planned
ilabp,11.5,17187870300,187,Small_DG,2027-05-19,71,36,,planned
ilabp,15.2,17043842603,043,Small_DG,2027-06-04,47,24,Wheaton city,planned
ilabp,10.0,17195000900,195,Small_DG,2027-05-19,74,37,,planned
ilabp,11.4,17031812900,031,Small_DG,2027-08-17,78,39,Oak Park village,planned
ilabp,10.0,17043841111,043,Small_DG,2027-06-18,48,24,Bloomingdale village,planned
ilabp,10.0,17089854200,089,Small_DG,2027-11-21,50,25,Aurora city,planned
ilabp,13.3,17031830201,031,Small_DG,2027-06-18,80,40,Richton Park village,planned
ilabp,13.3,17197882900,197,Small_DG,2027-10-09,86,43,Rockdale village,planned
ilabp,4.537,17197883902,197,Small_DG,2027-10-23,29,15,Beecher village,planned
ilabp,5.7,17111870403,111,Small_DG,2027-08-17,69,35,,planned
ilabp,10.0,17031700302,031,Small_DG,2027-11-21,32,16,Chicago city,planned
ilabp,7.6,17031816800,031,Small_DG,2027-05-19,7,4,Berkeley village,planned
ilabp,3.0,17031831100,031,Small_DG,2027-06-04,40,20,Chicago city,planned
ilabp,9.6,17139977000,139,Small_DG,2027-08-17,107,54,,planned
ilabp,10.0,17019001302,019,Small_DG,2027-07-06,104,52,Savoy village,planned
ilabp,10.0,17167003902,167,Small_DG,2027-06-04,96,48,,planned
ilabp,7.83,17089852805,089,Small_DG,2027-06-18,50,25,North Aurora village,planned
ilabp,1950.0,17099962300,099,Large_DG,2028-05-07,75,38,,planned
ilabp,8.36,17097864520,097,Small_DG,2027-06-04,59,30,Buffalo Grove village,planned
ilabp,7.04,17093890105,093,Small_DG,2027-06-04,97,49,,planned
ilabp,18.85,17111871402,111,Small_DG,2027-06-04,52,26,Barrington Hills village,planned
ilabp,11.5,17197882300,197,Small_DG,2027-06-04,86,43,Ingalls Park CDP,planned
ilabp,23.0,17183010702,183,Small_DG,2027-09-05,102,51,,planned
ilabp,10.0,17179020400,179,Small_DG,2027-06-04,87,44,Creve Coeur village,planned
ilabp,10.0,17179020700,179,Small_DG,2027-05-19,93,47,Pekin city,planned
ilabp,3.8,17097862502,097,Small_DG,2028-03-03,60,30,Waukegan city,planned
ilabp,10.0,17073031000,073,Small_DG,2027-06-04,93,47,,planned
ilabp,8.0,17019000902,019,Small_DG,2027-06-18,104,52,,planned
ilabp,6.631,17031803005,031,Small_DG,2027-06-04,54,27,Arlington Heights village,planned
ilabp,10.0,17017960100,017,Small_DG,2027-06-04,99,50,,planned
ilabp,10.0,17167003901,167,Small_DG,2027-06-04,95,48,,planned
ilabp,10.0,17167003400,167,Small_DG,2027-06-18,108,54,,planned
ilabp,10.0,17111870906,111,Small_DG,2027-05-19,63,32,,planned
ilabp,15.2,17137951900,137,Small_DG,2027-07-06,99,50,Jacksonville city,planned
ilabp,11.4,17031825503,031,Small_DG,2027-11-21,38,19,Hazel Crest village,planned
ilabp,11.5,17115002904,115,Small_DG,2027-11-07,88,44,,planned
ilabp,10.73,17067953900,067,Small_DG,2027-11-07,94,47,,planned
ilabp,11.5,17031824800,031,Small_DG,2027-07-06,30,15,Posen village,planned
ilabp,11.5,17031815300,031,Small_DG,2027-06-04,21,11,Berwyn city,planned
ilabp,7.6,17115002500,115,Small_DG,2027-05-19,107,54,,planned
ilabp,5.7,17179020600,179,Small_DG,2027-10-23,93,47,Pekin city,planned
ilabp,10.0,17097860806,097,Small_DG,2027-05-19,64,32,Antioch village,planned
ilabp,10.0,17097861011,097,Small_DG,2027-06-04,64,32,Lake Villa village,planned
ilabp,10.0,17089851908,089,Small_DG,2027-05-19,43,22,Elgin city,planned
ilabp,23.0,17197880421,197,Small_DG,2027-05-19,97,49,Plainfield village,planned
ilabp,10.0,17093890601,093,Small_DG,2027-06-04,75,38,,planned
ilabp,1700.0,17167004000,167,Large_DG,2028-05-07,87,44,,planned
ilabp,10.0,17031804607,031,Small_DG,2027-05-19,48,24,Elk Grove Village village,planned
ilabp,10.0,17167003400,167,Small_DG,2027-06-04,108,54,,planned
ilabp,10.0,17019010701,019,Small_DG,2027-06-04,102,51,St. Joseph village,planned
ilabp,10.0,17167003701,167,Small_DG,2027-07-21,108,54,,planned
ilabp,10.0,17107953600,107,Small_DG,2027-06-04,87,44,,planned
ilabp,10.0,17197881001,197,Small_DG,2027-06-04,37,19,,planned
ilabp,250.0,17043846305,043,Large_DG,2027-06-04,81,41,Woodridge village,planned
ilabp,10.0,17179021702,179,Small_DG,2027-10-09,87,44,,planned
ilabp,10.0,17179021702,179,Small_DG,2027-10-09,87,44,,planned
ilabp,10.0,17179021603,179,Small_DG,2028-01-16,91,46,,planned
ilabp,10.0,17203030502,203,Small_DG,2027-10-09,73,37,Bay View Gardens village,planned
ilabp,11.5,17031808400,031,Small_DG,2027-10-02,15,8,Morton Grove village,planned
ilabp,7.6,17057953900,057,Small_DG,2027-06-18,94,47,,planned
ilabp,6.4,17031827000,031,Small_DG,2027-07-06,30,15,Harvey city,planned
ilabp,6.5,17031806801,031,Small_DG,2027-06-04,17,9,Skokie village,planned
ilabp,16.0,17189950400,189,Small_DG,2027-09-05,115,58,,planned
ilabp,10.0,17097860806,097,Small_DG,2027-08-17,64,32,Antioch village,planned
ilabp,10.56,17099961701,099,Small_DG,2027-06-04,75,38,Lake Holiday CDP,planned
ilabp,500.0,17095001300,095,Large_DG,2027-06-04,71,36,Knoxville city,planned
ilabp,10.0,17115002700,115,Small_DG,2027-06-04,95,48,,planned
ilabp,720.0,17099962200,099,Large_DG,2027-08-17,74,37,,planned
ilabp,14.25,17119402804,119,Small_DG,2027-11-29,100,50,,planned
ilabp,11.5,17121952200,121,Small_DG,2027-08-17,110,55,,planned
ilabp,3.48,17099962600,099,Small_DG,2027-07-21,76,38,Ottawa city,planned
ilabp,175.0,17031260300,031,Large_DG,2027-06-18,10,5,Chicago city,planned
ilabp,11.4,17031806004,031,Small_DG,2027-07-06,15,8,Niles village,planned
ilabp,24.36,17093890703,093,Small_DG,2027-06-04,75,38,,planned
ilabp,10.56,17089850708,089,Small_DG,2027-07-06,70,35,Gilberts village,planned
ilabp,18.05,17197883514,197,Small_DG,2027-09-05,37,19,Mokena village,planned
ilabp,11.5,17115002901,115,Small_DG,2027-08-05,88,44,Forsyth village,planned
ilabp,10.0,17121951600,121,Small_DG,2027-07-06,110,55,,planned
ilabp,10.15,17123961400,123,Small_DG,2027-06-04,105,53,,planned
ilabp,23.0,17043846517,043,Small_DG,2028-03-03,84,42,Aurora city,planned
ilabp,11.5,17111870907,111,Small_DG,2027-07-06,63,32,,planned
ilabp,10.093,17203030601,203,Small_DG,2027-07-06,91,46,,planned
ilabp,10.0,17201003300,201,Small_DG,2027-08-05,67,34,Rockford city,planned
ilabp,5.7,17119400600,119,Small_DG,2027-11-21,113,57,Madison city,planned
ilabp,5.7,17197880509,197,Small_DG,2027-06-04,85,43,Romeoville village,planned
ilabp,10.0,17147954800,147,Small_DG,2027-07-06,88,44,,planned
ilabp,11.5,17113006000,113,Small_DG,2027-11-07,87,44,,planned
ilabp,7.6,17141961002,141,Small_DG,2027-11-21,89,45,,planned
ilabp,5.7,17037000700,037,Small_DG,2027-08-17,70,35,Sycamore city,planned
ilabp,7.6,17197882802,197,Small_DG,2027-11-21,86,43,Joliet city,planned
ilabp,7.6,17119400951,119,Small_DG,2027-11-21,111,56,Granite City city,planned
ilabp,7.6,17119400801,119,Small_DG,2027-06-04,111,56,Granite City city,planned
ilabp,10.0,17089850106,089,Small_DG,2027-07-21,66,33,,planned
ilabp,7.6,17111870404,111,Small_DG,2027-06-04,63,32,,planned
ilabp,7.6,17031815702,031,Small_DG,2027-10-02,2,1,Riverside village,planned
ilabp,11.5,17113002101,113,Small_DG,2027-07-21,88,44,Bloomington city,planned
ilabp,10.0,17141960700,141,Small_DG,2027-11-21,89,45,,planned
ilabp,5.7,17201003200,201,Small_DG,2027-11-21,67,34,Rockford city,planned
ilabp,15.2,17051951100,051,Small_DG,2027-11-21,110,55,,planned
ilabp,5.76,17037000700,037,Small_DG,2027-06-04,70,35,Sycamore city,planned
ilabp,10.0,17119400600,119,Small_DG,2027-11-21,113,57,Madison city,planned
ilabp,7.6,17091010601,091,Small_DG,2027-10-02,79,40,,planned
ilabp,5.7,17031822302,031,Small_DG,2027-09-05,31,16,Oak Lawn village,planned
ilabp,11.4,17179020700,179,Small_DG,2027-09-19,93,47,Pekin city,planned
ilabp,1255.0,17097864308,097,Large_DG,2027-06-04,52,26,,planned
ilabp,23.0,17111871004,111,Small_DG,2027-11-29,69,35,Marengo city,planned
ilabp,10.0,17089850707,089,Small_DG,2027-10-23,70,35,,planned
ilabp,6.72,17043846514,043,Small_DG,2027-08-17,84,42,Aurora city,planned
ilabp,11.5,17043844502,043,Small_DG,2027-09-19,45,23,Oak Brook village,planned
ilabp,13.3,17077010400,077,Small_DG,2027-07-06,115,58,,planned
ilabp,3.48,17089853008,089,Small_DG,2027-07-06,50,25,Aurora city,planned
ilabp,10.0,17097860813,097,Small_DG,2028-01-16,64,32,Antioch village,planned
ilabp,10.0,17031804513,031,Small_DG,2027-07-21,49,25,Bartlett village,planned
ilabp,7.75,17031480400,031,Small_DG,2027-07-21,33,17,Chicago city,planned
ilabp,23.0,17097864407,097,Small_DG,2027-09-05,51,26,,planned
ilabp,10.0,17197880509,197,Small_DG,2027-07-21,85,43,Romeoville village,planned
ilabp,10.0,17019001201,019,Small_DG,2027-08-05,103,52,Champaign city,planned
ilabp,5.22,17179021900,179,Small_DG,2027-06-04,87,44,,planned
ilabp,3.141,17163503414,163,Small_DG,2027-07-06,112,56,O'Fallon city,planned
ilabp,10.0,17055040600,055,Small_DG,2027-08-17,116,58,West City village,planned
ilabp,9.772,17163503322,163,Small_DG,2027-07-06,113,57,Swansea village,planned
ilabp,10.0,17031750600,031,Small_DG,2027-07-21,27,14,Chicago city,planned
ilabp,11.5,17201003808,201,Small_DG,2027-07-21,90,45,Machesney Park village,planned
ilabp,11.5,17201003000,201,Small_DG,2027-08-05,67,34,Rockford city,planned
ilabp,15.2,17145030500,145,Small_DG,2027-07-06,115,58,,planned
ilabp,8.12,17121951700,121,Small_DG,2027-07-06,110,55,,planned
ilabp,4.93,17031150402,031,Small_DG,2027-07-06,19,10,Chicago city,planned
ilabp,7.6,17005951300,005,Small_DG,2027-07-06,109,55,Greenville city,planned
ilabp,11.5,17097861603,097,Small_DG,2027-07-21,62,31,Gurnee village,planned
ilabp,11.5,17031826100,031,Small_DG,2027-07-21,33,17,Calumet City city,planned
ilabp,3.8,17093890108,093,Small_DG,2027-06-04,75,38,Oswego village,planned
ilabp,5.7,17089854507,089,Small_DG,2027-08-17,70,35,Elburn village,planned
ilabp,11.4,17031830201,031,Small_DG,2027-09-19,80,40,Richton Park village,planned
ilabp,5.7,17195000100,195,Small_DG,2027-09-05,74,37,,planned
ilabp,7.6,17031822601,031,Small_DG,2027-11-21,36,18,Oak Lawn village,planned
ilabp,11.4,17031818000,031,Small_DG,2027-11-21,7,4,Broadview village,planned
ilabp,10.0,17031824503,031,Small_DG,2027-11-21,27,14,,planned
ilabp,7.6,17177001100,177,Small_DG,2027-10-23,90,45,Freeport city,planned
ilabp,7.6,17119400102,119,Small_DG,2027-11-29,112,56,Granite City city,planned
ilabp,5.7,17203030300,203,Small_DG,2027-11-21,105,53,,planned
ilabp,11.5,17093890703,093,Small_DG,2027-06-04,75,38,,planned
ilabp,11.5,17093890104,093,Small_DG,2027-07-21,84,42,,planned
ilabp,11.5,17031828702,031,Small_DG,2027-07-21,29,15,Glenwood village,planned
ilabp,5.7,17019010901,019,Small_DG,2027-11-21,101,51,,planned
ilabp,11.4,17191955000,191,Small_DG,2027-11-21,116,58,,planned
ilabp,7.6,17067954200,067,Small_DG,2027-11-21,94,47,,planned
ilabp,7.6,17037001400,037,Small_DG,2027-07-21,74,37,,planned
ilabp,5.7,17115001802,115,Small_DG,2027-09-05,88,44,Decatur city,planned
ilabp,5.7,17031817900,031,Small_DG,2027-10-02,7,4,Broadview village,planned
ilabp,10.0,17043845200,043,Small_DG,2027-07-06,45,23,Hinsdale village,planned
ilabp,10.0,17181950400,181,Small_DG,2027-09-19,118,59,Anna city,planned
ilabp,3.42,17099962900,099,Small_DG,2027-09-19,76,38,LaSalle city,planned
ilabp,7.15,17119403002,119,Small_DG,2027-06-18,112,56,Edwardsville city,planned
ilabp,10.0,17035972500,035,Small_DG,2027-07-06,102,51,,planned
ilabp,6.9,17197880318,197,Small_DG,2027-06-18,97,49,,planned
ilabp,13.68,17031120400,031,Small_DG,2027-08-05,15,8,Chicago city,planned
ilabp,10.0,17203030700,203,Small_DG,2027-10-09,105,53,,planned
ilabp,10.0,17031804606,031,Small_DG,2027-08-05,56,28,Elk Grove Village village,planned
ilabp,11.5,17031842800,031,Small_DG,2027-07-21,1,1,Chicago city,planned
ilabp,10.0,17031730700,031,Small_DG,2027-08-05,27,14,Chicago city,planned
ilabp,8.99,17031803605,031,Small_DG,2027-11-29,51,26,Palatine village,planned
ilabp,5.22,17097864412,097,Small_DG,2028-01-16,51,26,Deer Park village,planned
ilabp,5000.0,17037000100,037,Large_DG,2028-02-05,89,45,,planned
ilabp,10.0,17031822200,031,Small_DG,2027-07-21,31,16,Oak Lawn village,planned
ilabp,10.0,17031816100,031,Small_DG,2027-08-05,8,4,Forest Park village,planned
ilabp,10.0,17097864105,097,Small_DG,2027-07-21,52,26,Mundelein village,planned
ilabp,5000.0,17163502404,163,Large_DG,2028-05-07,112,56,,planned
ilabp,11.5,17097863701,097,Small_DG,2028-03-10,62,31,,planned
ilabp,11.5,17031829600,031,Small_DG,2027-07-21,80,40,Steger village,planned
ilabp,10.0,17031730700,031,Small_DG,2027-07-21,27,14,Chicago city,planned
ilabp,10.0,17197880321,197,Small_DG,2027-08-05,97,49,,planned
ilabp,10.0,17031700501,031,Small_DG,2027-08-05,31,16,Chicago city,planned
ilabp,15.2,17201003903,201,Small_DG,2027-07-21,90,45,,planned
ilabp,3.8,17031830003,031,Small_DG,2027-07-06,38,19,Matteson village,planned
ilabp,10.0,17031816300,031,Small_DG,2027-08-05,77,39,Melrose Park village,planned
ilabp,7.6,17031801603,031,Small_DG,2027-11-07,57,29,Glenview village,planned
ilabp,13.05,17179021702,179,Small_DG,2027-06-04,87,44,,planned
ilabp,6.0,17043841607,043,Small_DG,2027-07-06,41,21,Warrenville city,planned
ilabp,7.6,17031804406,031,Small_DG,2027-08-17,49,25,Elgin city,planned
ilabp,4.93,17089852808,089,Small_DG,2027-07-06,50,25,,planned
ilabp,10.0,17097860805,097,Small_DG,2027-11-21,64,32,,planned
ilabp,5000.0,17089850707,089,Large_DG,2028-05-07,70,35,,planned
ilabp,10.0,17037000800,037,Small_DG,2027-09-05,70,35,DeKalb city,planned
ilabp,20.0,17197881800,197,Small_DG,2027-07-21,86,43,Joliet city,planned
ilabp,5.7,17031801607,031,Small_DG,2027-08-05,17,9,Glenview village,planned
ilabp,10.0,17031530600,031,Small_DG,2027-07-21,29,15,Chicago city,planned
ilabp,11.4,17163504351,163,Small_DG,2027-11-21,114,57,O'Fallon city,planned
ilabp,5.7,17157951100,157,Small_DG,2027-07-21,115,58,,planned
ilabp,500.0,17189950300,189,Large_DG,2027-06-18,109,55,,planned
ilabp,10.0,17095000500,095,Small_DG,2027-09-05,71,36,,planned
ilabp,4.06,17031803616,031,Small_DG,2028-01-16,51,26,,planned
ilabp,11.5,17031460400,031,Small_DG,2027-07-21,33,17,Chicago city,planned
ilabp,16.2,17163503404,163,Small_DG,2027-07-06,112,56,,planned
ilabp,20.0,17031826402,031,Small_DG,2027-07-21,29,15,Dolton village,planned
ilabp,5000.0,17111871003,111,Large_DG,2028-05-07,69,35,,planned
ilabp,11.4,17097864108,097,Small_DG,2027-07-06,59,30,Mundelein village,planned
ilabp,4990.0,17063000700,063,Large_DG,2028-05-07,106,53,,planned
ilabp,2000.0,17105960500,105,Large_DG,2029-07-30,105,53,,planned
ilabp,4200.0,17093890703,093,Large_DG,2028-03-19,75,38,,planned
ilabp,22.2,17019010604,019,Small_DG,2027-08-17,101,51,,planned
ilabp,11.4,17031821800,031,Small_DG,2027-07-21,36,18,Evergreen Park village,planned
ilabp,11.4,17031805702,031,Small_DG,2027-07-21,55,28,Park Ridge city,planned
ilabp,4125.0,17007010603,007,Large_DG,2028-03-19,90,45,,planned
ilabp,5.7,17197881113,197,Small_DG,2027-07-21,80,40,,planned
ilabp,8.0,17019010400,019,Small_DG,2027-07-06,101,51,,planned
ilabp,18.24,17037001800,037,Small_DG,2027-07-06,74,37,,planned
ilabp,9.6,17197880323,197,Small_DG,2027-07-21,84,42,Naperville city,planned
ilabp,10.0,17197883505,197,Small_DG,2027-11-21,38,19,Frankfort village,planned
ilabp,10.0,17163503102,163,Small_DG,2027-11-21,114,57,,planned
ilabp,10.0,17031491200,031,Small_DG,2027-07-21,27,14,Chicago city,planned
ilabp,11.5,17199021002,199,Small_DG,2027-09-19,118,59,,planned
ilabp,10.0,17019010604,019,Small_DG,2027-10-02,101,51,,planned
ilabp,5.7,17093890401,093,Small_DG,2027-06-18,75,38,,planned
ilabp,11.4,17111871114,111,Small_DG,2027-09-05,69,35,Huntley village,planned
ilabp,7.6,17163503903,163,Small_DG,2027-11-21,114,57,,planned
ilabp,16.24,17197883304,197,Small_DG,2027-07-21,80,40,,planned
ilabp,5.7,17197880601,197,Small_DG,2027-07-21,85,43,Lockport city,planned
ilabp,5.7,17031822601,031,Small_DG,2027-09-05,36,18,Oak Lawn village,planned
ilabp,5.7,17031822200,031,Small_DG,2027-11-21,31,16,Oak Lawn village,planned
ilabp,3.8,17163503102,163,Small_DG,2028-02-19,114,57,,planned
ilabp,11.5,17057953000,057,Small_DG,2027-11-21,94,47,,planned
ilabp,7.6,17055041000,055,Small_DG,2027-11-21,117,59,West Frankfort city,planned
ilabp,23.0,17031804803,031,Small_DG,2027-07-06,48,24,,planned
ilabp,10.0,17179021603,179,Small_DG,2027-11-21,91,46,,planned
ilabp,21.28,17167003901,167,Small_DG,2027-06-04,95,48,,planned
ilabp,12.16,17113000109,113,Small_DG,2027-06-18,91,46,Normal town,planned
ilabp,11.7,17119402801,119,Small_DG,2027-08-17,100,50,,planned
ilabp,8.36,17097865200,097,Small_DG,2027-07-06,58,29,Highwood city,planned
ilabp,28.71,17183011000,183,Large_DG,2027-11-29,102,51,,planned
ilabp,10.15,17043845805,043,Small_DG,2027-11-29,82,41,Darien city,planned
ilabp,3.8,17119400802,119,Small_DG,2027-07-21,111,56,Granite City city,planned
ilabp,11.5,17031460500,031,Small_DG,2027-08-17,33,17,Chicago city,planned
ilabp,10.0,17031825302,031,Small_DG,2027-08-05,30,15,,planned
ilabp,3.8,17031823400,031,Small_DG,2027-07-06,27,14,Alsip village,planned
ilabp,11.5,17143003900,143,Small_DG,2027-07-06,93,47,,planned
ilabp,15.2,17157951100,157,Small_DG,2027-07-21,115,58,,planned
ilabp,7.6,17099963900,099,Small_DG,2027-08-05,106,53,,planned
ilabp,7.6,17031811800,031,Small_DG,2027-07-21,77,39,Northlake city,planned
ilabp,11.5,17031820203,031,Small_DG,2027-07-21,82,41,Burr Ridge village,planned
ilabp,800.0,17031440102,031,Large_DG,2028-02-05,33,17,Chicago city,planned
ilabp,8.64,17197880319,197,Small_DG,2027-07-21,97,49,Plainfield village,planned
ilabp,4.06,17097864411,097,Small_DG,2028-01-16,51,26,,planned
ilabp,10.0,17201003801,201,Small_DG,2027-10-09,90,45,,planned
ilabp,23.0,17031830004,031,Small_DG,2027-08-05,38,19,Matteson village,planned
ilabp,4998.0,17147954500,147,Large_DG,2028-05-07,88,44,,planned
ilabp,5.32,17031819600,031,Small_DG,2027-07-06,8,4,La Grange village,planned
ilabp,9.6,17197880322,197,Small_DG,2027-07-06,97,49,,planned
ilabp,11.5,17197880321,197,Small_DG,2027-07-06,97,49,,planned
ilabp,12.8,17197880307,197,Small_DG,2027-07-06,41,21,Naperville city,planned
ilabp,11.5,17043846518,043,Small_DG,2027-07-06,84,42,Aurora city,planned
ilabp,20.48,17197880322,197,Small_DG,2027-07-06,97,49,,planned
ilabp,10.0,17197880316,197,Small_DG,2027-07-06,41,21,Naperville city,planned
ilabp,23.0,17097861604,097,Small_DG,2027-07-06,61,31,,planned
ilabp,11.5,17043846409,043,Small_DG,2027-07-06,50,25,Aurora city,planned
ilabp,9.6,17197880322,197,Small_DG,2027-07-06,97,49,,planned
ilabp,11.5,17197880421,197,Small_DG,2027-11-29,97,49,Plainfield village,planned
ilabp,15.0,17143004101,143,Small_DG,2027-07-06,93,47,,planned
ilabp,10.0,17043846514,043,Small_DG,2027-07-21,84,42,Aurora city,planned
ilabp,4.98,17085020101,085,Small_DG,2027-10-09,89,45,,planned
ilabp,10.0,17097864412,097,Small_DG,2027-07-21,51,26,Deer Park village,planned
ilabp,3600.0,17165956200,165,Large_DG,2028-05-07,117,59,,planned
ilabp,10.0,17111871202,111,Small_DG,2027-08-05,66,33,Crystal Lake city,planned
ilabp,8.12,17031809200,031,Small_DG,2027-11-29,18,9,Evanston city,planned
ilabp,100.0,17201003805,201,Large_DG,2027-07-06,90,45,Machesney Park village,planned
ilabp,2300.0,17099962300,099,Large_DG,2029-09-10,75,38,,planned
ilabp,7.6,17031817200,031,Small_DG,2027-10-23,7,4,Maywood village,planned
ilabp,10.0,17031817200,031,Small_DG,2027-11-21,7,4,Maywood village,planned
ilabp,5.7,17163500500,163,Small_DG,2027-11-21,114,57,East St. Louis city,planned
ilabp,7.6,17121951800,121,Small_DG,2027-07-21,110,55,,planned
ilabp,7.6,17043841401,043,Small_DG,2027-11-29,49,25,,planned
ilabp,7.608,17121951800,121,Small_DG,2028-02-19,110,55,,planned
ilabp,7.6,17141961700,141,Small_DG,2027-10-09,89,45,,planned
ilabp,15.2,17199021200,199,Small_DG,2027-11-21,118,59,Marion city,planned
ilabp,7.6,17043841901,043,Small_DG,2027-11-07,47,24,Wheaton city,planned
ilabp,10.0,17119401101,119,Small_DG,2027-11-21,111,56,Wood River city,planned
ilabp,10.0,17031812200,031,Small_DG,2027-11-21,78,39,Oak Park village,planned
ilabp,348.0,17037001002,037,Large_DG,2027-09-05,76,38,,planned
ilabp,5.752,17143003000,143,Small_DG,2027-07-06,92,46,Peoria city,planned
ilabp,5.32,17031242000,031,Small_DG,2027-07-06,10,5,Chicago city,planned
ilabp,7.15,17163504353,163,Small_DG,2027-08-17,109,55,,planned
ilabp,8.96,17167003100,167,Small_DG,2027-09-05,95,48,Springfield city,planned
ilabp,5.7,17031140601,031,Small_DG,2027-07-06,40,20,Chicago city,planned
ilabp,6.98,17031824509,031,Small_DG,2027-07-21,28,14,Oak Forest city,planned
ilabp,3.8,17177000100,177,Small_DG,2027-07-21,90,45,,planned
ilabp,3.8,17179021201,179,Small_DG,2027-08-05,105,53,,planned
ilabp,4.8,17043845602,043,Small_DG,2027-08-05,81,41,Downers Grove village,planned
ilabp,6.98,17197880424,197,Small_DG,2027-08-05,97,49,,planned
ilabp,7.6,17119403002,119,Small_DG,2027-07-06,112,56,Edwardsville city,planned
ilabp,3.8,17031210602,031,Small_DG,2027-09-05,39,20,Chicago city,planned
ilabp,10.0,17163503322,163,Small_DG,2027-07-06,113,57,Swansea village,planned
ilabp,10.0,17007010400,007,Small_DG,2027-08-05,89,45,,planned
ilabp,10.0,17201003801,201,Small_DG,2027-07-06,90,45,,planned
ilabp,5.8,17043846701,043,Small_DG,2028-03-03,45,23,Addison village,planned
ilabp,11.4,17163504355,163,Small_DG,2027-07-06,114,57,O'Fallon city,planned
ilabp,11.4,17163503203,163,Small_DG,2027-07-06,114,57,,planned
ilabp,5.7,17163503323,163,Small_DG,2027-07-06,113,57,Swansea village,planned
ilabp,11.4,17119403121,119,Small_DG,2027-07-06,112,56,Glen Carbon village,planned
ilabp,15.2,17163504352,163,Small_DG,2027-07-06,114,57,O'Fallon city,planned
ilabp,23.0,17043845702,043,Small_DG,2027-11-21,81,41,Downers Grove village,planned
ilabp,14.4,17097860811,097,Small_DG,2027-07-21,61,31,,planned
ilabp,5.52,17163504354,163,Small_DG,2027-08-17,113,57,O'Fallon city,planned
ilabp,15.36,17007010101,007,Small_DG,2027-07-06,68,34,Belvidere city,planned
ilabp,12.5,17141960800,141,Small_DG,2027-08-05,89,45,,planned
ilabp,8.2,17099963700,099,Small_DG,2027-07-06,106,53,,planned
ilabp,8.0,17197880119,197,Small_DG,2027-07-06,41,21,Naperville city,planned
ilabp,11.5,17197880320,197,Small_DG,2027-07-06,97,49,,planned
ilabp,10.0,17167003500,167,Small_DG,2027-07-06,108,54,,planned
ilabp,10.0,17105960400,105,Small_DG,2027-07-06,105,53,,planned
ilabp,11.375,17093890105,093,Small_DG,2027-07-06,97,49,,planned
ilabp,7.04,17031060100,031,Small_DG,2027-07-06,13,7,Chicago city,planned
ilabp,6.08,17043845702,043,Small_DG,2027-07-06,81,41,Downers Grove village,planned
ilabp,10.0,17029000400,029,Small_DG,2027-11-07,101,51,,planned
ilabp,5000.0,17135958000,135,Large_DG,2028-05-21,108,54,Coffeen city,planned
ilabp,9.6,17197880322,197,Small_DG,2027-07-06,97,49,,planned
ilabp,11.5,17089850711,089,Small_DG,2027-07-06,65,33,,planned
ilabp,22.8,17031810301,031,Small_DG,2027-08-05,18,9,Evanston city,planned
ilabp,9.88,17031160200,031,Small_DG,2027-07-06,19,10,Chicago city,planned
ilabp,10.0,17161021100,161,Small_DG,2027-11-29,71,36,Moline city,planned
ilabp,10.0,17195000200,195,Small_DG,2027-07-21,74,37,,planned
ilabp,22.8,17157951202,157,Small_DG,2027-07-06,115,58,,planned
ilabp,20.0,17147954500,147,Small_DG,2027-08-17,88,44,,planned
ilabp,10.0,17093890401,093,Small_DG,2027-08-17,75,38,,planned
ilabp,7.6,17197883505,197,Small_DG,2027-07-06,38,19,Frankfort village,planned
ilabp,5.7,17177001200,177,Small_DG,2027-10-02,90,45,Freeport city,planned
ilabp,10.0,17031730500,031,Small_DG,2027-08-05,27,14,Chicago city,planned
ilabp,10.0,17093890108,093,Small_DG,2027-08-17,75,38,Oswego village,planned
ilabp,10.0,17181950400,181,Small_DG,2027-07-21,118,59,Anna city,planned
ilabp,5.7,17085020500,085,Small_DG,2027-09-05,89,45,,planned
ilabp,10.0,17043841325,043,Small_DG,2027-08-05,48,24,Carol Stream village,planned
ilabp,10.0,17201000101,201,Small_DG,2027-07-21,90,45,Machesney Park village,planned
ilabp,10.0,17201001900,201,Small_DG,2027-08-05,67,34,Rockford city,planned
ilabp,10.0,17201003801,201,Small_DG,2027-08-05,90,45,,planned
ilabp,7.6,17195001101,195,Small_DG,2027-09-05,74,37,Sterling city,planned
ilabp,10.0,17031821900,031,Small_DG,2027-08-05,36,18,Evergreen Park village,planned
ilabp,6.16,17083010401,083,Small_DG,2027-07-06,100,50,,planned
ilabp,9.5,17031820101,031,Small_DG,2027-08-05,82,41,Indian Head Park village,planned
ilabp,23.0,17043841113,043,Small_DG,2027-07-21,48,24,Bloomingdale village,planned
ilabp,25.0,17037001800,037,Small_DG,2027-07-06,74,37,,planned
ilabp,11.5,17031560300,031,Small_DG,2027-11-21,1,1,Chicago city,planned
ilabp,10.0,17031828801,031,Small_DG,2027-08-05,30,15,Flossmoor village,planned
ilabp,23.0,17119403532,119,Small_DG,2027-07-06,109,55,,planned
ilabp,10.0,17137951500,137,Small_DG,2027-11-21,99,50,,planned
ilabp,9.6,17157951300,157,Small_DG,2027-10-02,115,58,,planned
ilabp,23.0,17063000700,063,Small_DG,2027-08-05,106,53,,planned
ilabp,6.84,17097861609,097,Small_DG,2027-08-05,61,31,Gurnee village,planned
ilabp,1750.0,17051950700,051,Large_DG,2028-05-07,110,55,,planned
ilabp,6.84,17031813100,031,Small_DG,2027-08-17,78,39,Oak Park village,planned
ilabp,25.0,17111871502,111,Small_DG,2027-08-17,63,32,,planned
ilabp,4.64,17197880204,197,Small_DG,2027-08-05,85,43,Romeoville village,planned
ilabp,5.76,17177000400,177,Small_DG,2027-08-05,89,45,,planned
ilabp,11.5,17093890602,093,Small_DG,2027-08-05,75,38,,planned
ilabp,4.56,17031210602,031,Small_DG,2027-08-05,39,20,Chicago city,planned
ilabp,15.95,17121951900,121,Small_DG,2027-11-07,110,55,,planned
ilabp,25.0,17077010300,077,Small_DG,2028-01-30,115,58,,planned
ilabp,7.6,17197883904,197,Small_DG,2027-08-17,79,40,,planned
ilabp,23.0,17031821900,031,Small_DG,2027-07-21,36,18,Evergreen Park village,planned
ilabp,11.5,17111871206,111,Small_DG,2027-07-21,66,33,Algonquin village,planned
ilabp,24.7,17089850706,089,Small_DG,2027-09-19,70,35,,planned
ilabp,23.0,17031828900,031,Small_DG,2027-07-21,80,40,Chicago Heights city,planned
ilabp,7.68,17031802607,031,Small_DG,2028-01-16,54,27,Prospect Heights city,planned
ilabp,7.6,17091010400,091,Small_DG,2027-08-05,79,40,,planned
ilabp,10.0,17167003000,167,Small_DG,2027-08-05,95,48,,planned
ilabp,11.4,17043845803,043,Small_DG,2027-08-05,82,41,,planned
ilabp,11.5,17115002800,115,Small_DG,2027-07-21,87,44,,planned
ilabp,10.0,17031813000,031,Small_DG,2027-08-05,78,39,Oak Park village,planned
ilabp,11.4,17027900100,027,Small_DG,2027-08-05,109,55,,planned
ilabp,12.0,17077010300,077,Small_DG,2027-08-05,115,58,,planned
ilabp,10.0,17089854301,089,Small_DG,2027-08-05,50,25,Aurora city,planned
ilabp,8.0,17157950900,157,Small_DG,2027-08-05,115,58,,planned
ilabp,10.0,17063000103,063,Small_DG,2027-10-09,106,53,Channahon village,planned
ilabp,7.6,17197880318,197,Small_DG,2027-08-17,97,49,,planned
ilabp,5.12,17097861008,097,Small_DG,2028-03-03,61,31,Lindenhurst village,planned
ilabp,1000.0,17051951000,051,Large_DG,2028-05-07,110,55,,planned
ilabp,7.6,17097860906,097,Small_DG,2027-08-05,64,32,,planned
ilabp,6.72,17197880318,197,Small_DG,2027-08-17,97,49,,planned
ilabp,8.36,17197880314,197,Small_DG,2027-08-17,97,49,,planned
ilabp,11.4,17031242300,031,Small_DG,2027-08-17,4,2,Chicago city,planned
ilabp,5.32,17093890105,093,Small_DG,2027-08-17,97,49,,planned
ilabp,5.7,17197880320,197,Small_DG,2027-09-05,97,49,,planned
ilabp,10.0,17197880112,197,Small_DG,2027-08-05,85,43,Bolingbrook village,planned
ilabp,23.0,17133600102,133,Small_DG,2027-07-06,115,58,,planned
ilabp,8.7,17117956100,117,Small_DG,2027-07-21,108,54,,planned
ilabp,5.7,17019000500,019,Small_DG,2027-08-05,103,52,Champaign city,planned
ilabp,21.125,17137951900,137,Small_DG,2028-02-19,99,50,Jacksonville city,planned
ilabp,11.5,17031160400,031,Small_DG,2027-08-05,19,10,Chicago city,planned
ilabp,6.08,17001010400,001,Small_DG,2027-09-19,99,50,,planned
ilabp,200.0,17043846307,043,Large_DG,2028-02-19,81,41,Downers Grove village,planned
ilabp,11.5,17031815701,031,Small_DG,2027-07-06,21,11,Riverside village,planned
ilabp,23.0,17081050100,081,Small_DG,2027-08-17,116,58,,planned
ilabp,7.6,17111870703,111,Small_DG,2027-10-02,64,32,,planned
ilabp,46.0,17113005202,113,Large_DG,2027-08-17,87,44,,planned
ilabp,5000.0,17165955600,165,Large_DG,2028-05-07,117,59,,planned
ilabp,17.98,17111870104,111,Small_DG,2027-08-05,64,32,,planned
ilabp,7.36,17197880323,197,Small_DG,2027-08-05,84,42,Naperville city,planned
ilabp,11.5,17031804403,031,Small_DG,2027-08-05,43,22,Hoffman Estates village,planned
ilabp,11.5,17031803603,031,Small_DG,2027-08-05,51,26,Inverness village,planned
ilabp,21.28,17105960200,105,Small_DG,2027-11-29,106,53,,planned
ilabp,11.5,17031560800,031,Small_DG,2028-03-10,1,1,Chicago city,planned
ilabp,24.7,17105960200,105,Small_DG,2027-10-23,106,53,,planned
ilabp,10.0,17019001205,019,Small_DG,2027-08-05,104,52,Champaign city,planned
ilabp,8.36,17031801300,031,Small_DG,2027-08-05,18,9,Wilmette village,planned
ilabp,10.0,17031825700,031,Small_DG,2027-08-05,34,17,Burnham village,planned
ilabp,150.0,17119404100,119,Large_DG,2027-09-19,111,56,Madison city,planned
ilabp,10.0,17093890702,093,Small_DG,2027-08-05,75,38,,planned
ilabp,11.5,17121951900,121,Small_DG,2027-11-21,110,55,,planned
ilabp,5.7,17141960900,141,Small_DG,2027-08-17,89,45,,planned
ilabp,11.5,17063000900,063,Small_DG,2027-08-17,79,40,,planned
ilabp,7.6,17031700301,031,Small_DG,2027-11-21,32,16,Chicago city,planned
ilabp,10.0,17163502602,163,Small_DG,2027-08-05,114,57,Cahokia village,planned
ilabp,15.0,17201003708,201,Small_DG,2027-08-05,68,34,Rockford city,planned
ilabp,10.0,17031816800,031,Small_DG,2027-08-17,7,4,Berkeley village,planned
ilabp,9.92,17089852806,089,Small_DG,2027-10-02,50,25,,planned
ilabp,11.4,17095001600,095,Small_DG,2027-08-05,93,47,,planned
ilabp,8.0,17119403531,119,Small_DG,2027-11-07,109,55,,planned
ilabp,22.72,17089854509,089,Small_DG,2027-08-05,83,42,Sugar Grove village,planned
ilabp,10.44,17097860903,097,Small_DG,2027-11-07,64,32,Fox Lake village,planned
ilabp,7.6,17111870811,111,Small_DG,2027-08-17,63,32,,planned
ilabp,11.16,17111871107,111,Small_DG,2027-10-02,70,35,Algonquin village,planned
ilabp,4.8,17031720500,031,Small_DG,2027-09-19,35,18,Chicago city,planned
ilabp,22.8,17147954500,147,Small_DG,2027-11-29,88,44,,planned
ilabp,10.0,17031750600,031,Small_DG,2027-10-09,27,14,Chicago city,planned
ilabp,12.564,17111871501,111,Small_DG,2027-08-05,69,35,,planned
ilabp,3.575,17031814300,031,Small_DG,2027-08-17,2,1,Cicero town,planned
ilabp,10.0,17031824800,031,Small_DG,2027-10-09,30,15,Posen village,planned
ilabp,6.96,17163504001,163,Small_DG,2028-01-16,114,57,,planned
ilabp,23.0,17031806002,031,Small_DG,2027-08-05,55,28,Des Plaines city,planned
ilabp,20.0,17097864601,097,Small_DG,2027-08-05,58,29,Lake Forest city,planned
ilabp,8.2,17111870703,111,Small_DG,2027-08-17,64,32,,planned
ilabp,10.0,17161023200,161,Small_DG,2027-09-19,72,36,Rock Island city,planned
ilabp,5.32,17073030202,073,Small_DG,2027-09-19,93,47,,planned
ilabp,5.57,17199020300,199,Small_DG,2027-09-05,118,59,,planned
ilabp,6.4,17043846205,043,Small_DG,2027-08-05,81,41,Naperville city,planned
ilabp,6.08,17197880314,197,Small_DG,2027-08-17,97,49,,planned
ilabp,6.08,17031221600,031,Small_DG,2027-08-05,39,20,Chicago city,planned
ilabp,8.725,17137952300,137,Small_DG,2027-08-05,100,50,,planned
ilabp,4.89,17137952300,137,Small_DG,2027-08-17,100,50,,planned
ilabp,10.0,17089851904,089,Small_DG,2027-08-05,66,33,,planned
ilabp,10.0,17031500100,031,Small_DG,2027-08-05,34,17,Chicago city,planned
ilabp,10.0,17091010500,091,Small_DG,2027-08-05,79,40,,planned
ilabp,10.0,17031700501,031,Small_DG,2027-08-05,31,16,Chicago city,planned
ilabp,10.0,17093890401,093,Small_DG,2027-08-05,75,38,,planned
ilabp,8.64,17089852101,089,Small_DG,2027-08-17,65,33,,planned
ilabp,8.1,17097864516,097,Small_DG,2027-08-05,59,30,Buffalo Grove village,planned
ilabp,25.0,17201003400,201,Small_DG,2027-08-05,67,34,Rockford city,planned
ilabp,7.6,17117957200,117,Small_DG,2027-08-05,108,54,Staunton city,planned
ilabp,2.88,17031160400,031,Small_DG,2027-08-05,19,10,Chicago city,planned
ilabp,180.0,17119403801,119,Large_DG,2027-11-21,109,55,,planned
ilabp,6.84,17031242600,031,Small_DG,2027-08-05,4,2,Chicago city,planned
ilabp,268.0,17031802605,031,Large_DG,2027-07-21,57,29,Wheeling village,planned
ilabp,6.4,17089850711,089,Small_DG,2027-08-17,65,33,,planned
ilabp,8.82,17031230100,031,Small_DG,2028-02-19,3,2,Chicago city,planned
ilabp,8.36,17197880320,197,Small_DG,2027-08-17,97,49,,planned
ilabp,10.724,17043846208,043,Small_DG,2027-08-17,41,21,Naperville city,planned
ilabp,10.0,17019001302,019,Small_DG,2027-08-05,104,52,Savoy village,planned
ilabp,7.6,17167003601,167,Small_DG,2027-09-05,108,54,,planned
ilabp,15.2,17043846409,043,Small_DG,2027-09-05,50,25,Aurora city,planned
ilabp,7.6,17157950900,157,Small_DG,2027-09-19,115,58,,planned
ilabp,3.48,17031700501,031,Small_DG,2027-08-17,31,16,Chicago city,planned
ilabp,7.36,17197880314,197,Small_DG,2027-08-17,97,49,,planned
ilabp,2.56,17031803902,031,Small_DG,2027-09-19,53,27,Rolling Meadows city,planned
ilabp,11.7,17119401721,119,Small_DG,2027-08-17,111,56,Bethalto village,planned
ilabp,5000.0,17163504358,163,Large_DG,2028-05-21,114,57,,planned
ilabp,9.75,17163503404,163,Small_DG,2027-08-17,112,56,,planned
ilabp,7.98,17031808400,031,Small_DG,2027-08-17,15,8,Morton Grove village,planned
ilabp,11.5,17089852903,089,Small_DG,2027-08-17,50,25,Aurora city,planned
ilabp,9.86,17031770201,031,Small_DG,2027-08-17,48,24,Elk Grove Village village,planned
ilabp,11.4,17031801601,031,Small_DG,2027-08-17,58,29,Northbrook village,planned
ilabp,16.72,17043844402,043,Small_DG,2027-09-05,45,23,Oak Brook village,planned
ilabp,23.0,17179021201,179,Small_DG,2028-01-30,105,53,,planned
ilabp,90.0,17119402803,119,Large_DG,2027-09-19,111,56,,planned
ilabp,10.0,17093890702,093,Small_DG,2027-11-21,75,38,,planned
ilabp,17.4,17167003902,167,Small_DG,2027-08-17,96,48,,planned
ilabp,23.73,17157950900,157,Small_DG,2027-08-05,115,58,,planned
ilabp,8.7,17149952700,149,Small_DG,2027-08-05,100,50,Pittsfield city,planned
ilabp,3.141,17043845507,043,Small_DG,2027-11-21,82,41,Darien city,planned
ilabp,11.5,17031804106,031,Small_DG,2027-08-17,53,27,Rolling Meadows city,planned
ilabp,6.144,17081050300,081,Small_DG,2027-09-05,116,58,,planned
ilabp,15.2,17019010601,019,Small_DG,2027-11-21,101,51,,planned
ilabp,62.5,17119403121,119,Large_DG,2027-08-05,112,56,Glen Carbon village,planned
ilabp,10.0,17031828701,031,Small_DG,2027-10-02,29,15,Glenwood village,planned
ilabp,9.22,17163504001,163,Small_DG,2027-07-21,114,57,,planned
ilabp,13.2,17163504002,163,Small_DG,2027-08-17,114,57,,planned
ilabp,10.26,17089850707,089,Small_DG,2027-08-17,70,35,,planned
ilabp,7.329,17097865300,097,Small_DG,2027-08-17,58,29,Highland Park city,planned
ilabp,7.54,17113000302,113,Small_DG,2027-08-17,91,46,,planned
ilabp,7.6,17007010502,007,Small_DG,2027-08-17,69,35,,planned
ilabp,9.6,17163504359,163,Small_DG,2027-08-05,114,57,,planned
ilabp,4.93,17031803702,031,Small_DG,2027-09-05,51,26,Palatine village,planned
ilabp,8.64,17163504359,163,Small_DG,2028-01-16,114,57,,planned
ilabp,5.8,17115001500,115,Small_DG,2027-08-17,96,48,,planned
ilabp,9.074,17119402900,119,Small_DG,2027-08-05,112,56,Edwardsville city,planned
ilabp,11.5,17175951500,175,Small_DG,2027-09-05,93,47,,planned
ilabp,7.36,17093890105,093,Small_DG,2027-08-17,97,49,,planned
ilabp,5.76,17097864519,097,Small_DG,2027-08-17,59,30,Buffalo Grove village,planned
ilabp,10.0,17031827801,031,Small_DG,2027-10-09,29,15,South Holland village,planned
ilabp,5.76,17007010200,007,Small_DG,2027-10-23,68,34,Belvidere city,planned
ilabp,45.0,17097863500,097,Large_DG,2027-08-17,58,29,Lake Forest city,planned
ilabp,9.423,17173959300,173,Small_DG,2027-08-17,107,54,Shelbyville city,planned
ilabp,4.89,17173959300,173,Small_DG,2027-08-17,107,54,Shelbyville city,planned
ilabp,4.16,17005951300,005,Small_DG,2027-11-21,109,55,Greenville city,planned
ilabp,100.0,17201002200,201,Large_DG,2027-08-05,67,34,Rockford city,planned
ilabp,6.84,17031804105,031,Small_DG,2027-08-17,51,26,,planned
ilabp,11.5,17197880422,197,Small_DG,2027-08-05,97,49,Plainfield village,planned
ilabp,9.6,17089852103,089,Small_DG,2027-08-17,65,33,,planned
ilabp,5.7,17031803605,031,Small_DG,2027-08-17,51,26,Palatine village,planned
ilabp,9.98,17081050600,081,Small_DG,2027-07-21,116,58,Mount Vernon city,planned
ilabp,18.48,17055041100,055,Small_DG,2027-07-21,117,59,,planned
ilabp,7.68,17163503907,163,Small_DG,2027-07-21,113,57,Shiloh village,planned
ilabp,6.64,17085020102,085,Small_DG,2027-08-17,89,45,,planned
ilabp,5.76,17163503322,163,Small_DG,2027-08-05,113,57,Swansea village,planned
ilabp,6.98,17089850711,089,Small_DG,2027-08-17,65,33,,planned
ilabp,20.736,17163504358,163,Small_DG,2027-07-21,114,57,,planned
ilabp,15.2,17163503404,163,Small_DG,2027-08-17,112,56,,planned
ilabp,15.36,17163503903,163,Small_DG,2027-08-05,114,57,,planned
ilabp,11.4,17073030203,073,Small_DG,2027-08-17,93,47,,planned
ilabp,13.2,17163504001,163,Small_DG,2027-08-17,114,57,,planned
ilabp,17.6,17055040800,055,Small_DG,2027-07-21,117,59,,planned
ilabp,12.256,17031801603,031,Small_DG,2027-09-05,57,29,Glenview village,planned
ilabp,17.6,17133600402,133,Small_DG,2027-08-17,115,58,,planned
ilabp,17.6,17163504002,163,Small_DG,2027-07-21,114,57,,planned
ilabp,17.6,17055040800,055,Small_DG,2027-08-05,117,59,,planned
ilabp,17.6,17163504002,163,Small_DG,2027-08-17,114,57,,planned
ilabp,7.04,17163504356,163,Small_DG,2027-08-05,114,57,Mascoutah city,planned
ilabp,13.2,17163503906,163,Small_DG,2027-08-05,114,57,,planned
ilabp,10.24,17031800500,031,Small_DG,2027-09-05,18,9,Winnetka village,planned
ilabp,6.08,17089851913,089,Small_DG,2027-10-09,66,33,Elgin city,planned
ilabp,8.64,17031824126,031,Small_DG,2027-10-02,,,Tinley Park village,planned
ilabp,8.96,17163504351,163,Small_DG,2027-08-17,114,57,O'Fallon city,planned
ilabp,6.72,17031803605,031,Small_DG,2027-10-02,51,26,Palatine village,planned
ilabp,3.52,17031804716,031,Small_DG,2027-10-02,44,22,Hoffman Estates village,planned
ilabp,7.04,17197880314,197,Small_DG,2027-10-02,97,49,,planned
ilabp,7.68,17197880320,197,Small_DG,2027-10-02,97,49,,planned
ilabp,9.88,17093890104,093,Small_DG,2027-10-02,84,42,,planned
ilabp,23.0,17043846305,043,Small_DG,2027-08-05,81,41,Woodridge village,planned
ilabp,7.98,17031030200,031,Small_DG,2027-09-19,14,7,Chicago city,planned
ilabp,3.8,17031809900,031,Small_DG,2027-11-21,18,9,Evanston city,planned
ilabp,4.16,17031822701,031,Small_DG,2027-09-19,36,18,Oak Lawn village,planned
ilabp,10.0,17021959000,021,Small_DG,2027-11-07,108,54,,planned
ilabp,23.0,17031804709,031,Small_DG,2027-10-02,44,22,Hoffman Estates village,planned
ilabp,5.76,17197880320,197,Small_DG,2027-10-02,97,49,,planned
ilabp,220.0,17183010800,183,Large_DG,2027-10-09,104,52,,planned
ilabp,7.04,17089850706,089,Small_DG,2027-10-02,70,35,,planned
ilabp,7.98,17043841308,043,Small_DG,2027-10-02,49,25,,planned
ilabp,8.64,17093890105,093,Small_DG,2027-10-23,97,49,,planned
ilabp,23.0,17037000100,037,Small_DG,2027-10-02,89,45,,planned
ilabp,9.12,17031803702,031,Small_DG,2027-10-02,51,26,Palatine village,planned
ilabp,8.0,17197880326,197,Small_DG,2027-10-02,84,42,,planned
ilabp,7.36,17093890107,093,Small_DG,2027-10-23,75,38,Oswego village,planned
ilabp,23.04,17027900500,027,Small_DG,2027-10-23,110,55,,planned
ilabp,25.0,17177000400,177,Small_DG,2027-11-21,89,45,,planned
ilabp,125.0,17037001500,037,Large_DG,2027-08-17,76,38,,planned
ilabp,35.0,17011965600,011,Large_DG,2027-11-07,73,37,,planned
ilabp,6.4,17043841607,043,Small_DG,2027-10-02,41,21,Warrenville city,planned
ilabp,8.0,17197881113,197,Small_DG,2027-10-23,80,40,,planned
ilabp,5.44,17097864520,097,Small_DG,2027-10-02,59,30,Buffalo Grove village,planned
ilabp,8.64,17043841102,043,Small_DG,2027-10-02,56,28,Hanover Park village,planned
ilabp,11.52,17197880326,197,Small_DG,2027-10-02,84,42,,planned
ilabp,9.12,17197880322,197,Small_DG,2027-10-23,97,49,,planned
ilabp,10.0,17037001700,037,Small_DG,2027-08-17,70,35,,planned
ilabp,9.28,17111870809,111,Small_DG,2027-10-02,63,32,Prairie Grove village,planned
ilabp,8.0,17089850101,089,Small_DG,2027-10-23,52,26,Barrington Hills village,planned
ilabp,6.96,17173959500,173,Small_DG,2027-09-19,107,54,,planned
ilabp,21.75,17125956800,125,Small_DG,2027-09-19,94,47,,planned
ilabp,12.564,17087977800,087,Small_DG,2027-10-02,117,59,,planned
ilabp,5000.0,17089852001,089,Large_DG,2028-05-29,65,33,,planned
ilabp,20.0,17043844701,043,Small_DG,2027-10-09,45,23,Westmont village,planned
ilabp,9.57,17163503416,163,Small_DG,2027-08-17,112,56,Fairview Heights city,planned
ilabp,5.85,17031811900,031,Small_DG,2027-08-17,78,39,River Forest village,planned
ilabp,6.4,17093890105,093,Small_DG,2027-10-02,97,49,,planned
ilabp,7.98,17043846514,043,Small_DG,2027-10-23,84,42,Aurora city,planned
ilabp,12.16,17031801607,031,Small_DG,2027-10-02,17,9,Glenview village,planned
ilabp,7.6,17097864518,097,Small_DG,2027-10-02,59,30,Buffalo Grove village,planned
ilabp,8.36,17031804106,031,Small_DG,2027-10-02,53,27,Rolling Meadows city,planned
ilabp,8.36,17093890107,093,Small_DG,2027-10-23,75,38,Oswego village,planned
ilabp,10.64,17093890402,093,Small_DG,2027-10-23,75,38,Yorkville city,planned
ilabp,13.8,17097864512,097,Small_DG,2027-08-05,51,26,Long Grove village,planned
ilabp,4.56,17197880319,197,Small_DG,2027-10-02,97,49,Plainfield village,planned
ilabp,4.56,17043846106,043,Small_DG,2027-10-02,47,24,Naperville city,planned
ilabp,9.5,17111871108,111,Small_DG,2027-10-23,70,35,Crystal Lake city,planned
ilabp,10.0,17111871107,111,Small_DG,2027-11-21,70,35,Algonquin village,planned
ilabp,10.0,17031825302,031,Small_DG,2028-01-16,30,15,,planned
ilabp,17.1,17043844602,043,Small_DG,2027-10-02,7,4,Oak Brook village,planned
ilabp,7.98,17111871502,111,Small_DG,2027-10-02,63,32,,planned
ilabp,4.16,17043846514,043,Small_DG,2027-10-02,84,42,Aurora city,planned
ilabp,6.08,17197880421,197,Small_DG,2027-10-02,97,49,Plainfield village,planned
ilabp,5.44,17097864520,097,Small_DG,2027-10-02,59,30,Buffalo Grove village,planned
ilabp,11.2,17197880317,197,Small_DG,2027-10-23,97,49,Bolingbrook village,planned
ilabp,8.96,17093890105,093,Small_DG,2027-10-02,97,49,,planned
ilabp,8.96,17043846408,043,Small_DG,2027-10-02,50,25,Aurora city,planned
ilabp,8.64,17031802701,031,Small_DG,2027-10-02,54,27,Mount Prospect village,planned
ilabp,5.44,17097864518,097,Small_DG,2027-10-02,59,30,Buffalo Grove village,planned
ilabp,9.5,17197880322,197,Small_DG,2027-10-02,97,49,,planned
ilabp,5000.0,17163504358,163,Large_DG,2029-09-10,114,57,,planned
ilabp,11.5,17197880204,197,Small_DG,2027-08-05,85,43,Romeoville village,planned
ilabp,23.0,17089854508,089,Small_DG,2027-10-02,83,42,,planned
ilabp,14.44,17105960100,105,Small_DG,2027-08-17,106,53,Dwight village,planned
ilabp,11.5,17031805502,031,Small_DG,2027-08-17,55,28,Park Ridge city,planned
ilabp,4.8,17031804308,031,Small_DG,2027-10-02,44,22,Schaumburg village,planned
ilabp,12.16,17197880421,197,Small_DG,2027-10-23,97,49,Plainfield village,planned
ilabp,6.72,17043846514,043,Small_DG,2027-10-02,84,42,Aurora city,planned
ilabp,9.88,17197880422,197,Small_DG,2027-10-23,97,49,Plainfield village,planned
ilabp,6.4,17031140400,031,Small_DG,2027-09-05,15,8,Chicago city,planned
ilabp,22.62,17063000800,063,Small_DG,2027-08-17,106,53,,planned
ilabp,8.36,17111871108,111,Small_DG,2027-10-02,70,35,Crystal Lake city,planned
ilabp,23.8,17085020500,085,Small_DG,2027-09-05,89,45,,planned
ilabp,5.44,17197880307,197,Small_DG,2027-10-23,41,21,Naperville city,planned
ilabp,9.5,17089852404,089,Small_DG,2027-10-02,65,33,Campton Hills village,planned
ilabp,11.5,17093890601,093,Small_DG,2027-08-17,75,38,,planned
ilabp,8.41,17099963700,099,Small_DG,2027-08-17,106,53,,planned
ilabp,11.5,17043844305,043,Small_DG,2027-09-05,42,21,,planned
ilabp,2999.0,17109010300,109,Large_DG,2028-05-29,71,36,,planned
ilabp,23.0,17031824105,031,Small_DG,2027-11-29,35,18,Orland Park village,planned
ilabp,11.5,17197880421,197,Small_DG,2027-10-02,97,49,Plainfield village,planned
ilabp,650.0,17031290900,031,Large_DG,2027-08-05,9,5,Chicago city,planned
ilabp,6.84,17043841704,043,Small_DG,2027-08-17,47,24,Carol Stream village,planned
ilabp,6.08,17093890107,093,Small_DG,2027-10-02,75,38,Oswego village,planned
ilabp,6.08,17111871207,111,Small_DG,2027-10-02,66,33,Lake in the Hills village,planned
ilabp,6.08,17031804609,031,Small_DG,2027-10-02,56,28,Schaumburg village,planned
ilabp,7.98,17111871114,111,Small_DG,2027-10-23,69,35,Huntley village,planned
ilabp,9.5,17197880319,197,Small_DG,2027-10-02,97,49,Plainfield village,planned
ilabp,7.6,17027900602,027,Small_DG,2027-08-17,109,55,,planned
ilabp,7.36,17043846514,043,Small_DG,2027-10-02,84,42,Aurora city,planned
ilabp,18.48,17019010702,019,Small_DG,2027-08-17,104,52,,planned
ilabp,9.28,17111871207,111,Small_DG,2027-10-02,66,33,Lake in the Hills village,planned
ilabp,6.72,17197880421,197,Small_DG,2028-01-16,97,49,Plainfield village,planned
ilabp,8.32,17043841308,043,Small_DG,2027-10-02,49,25,,planned
ilabp,11.5,17165955800,165,Small_DG,2027-09-05,117,59,Harrisburg city,planned
ilabp,8.0,17135957500,135,Small_DG,2027-08-17,108,54,,planned
ilabp,23.0,17097864802,097,Small_DG,2027-10-02,58,29,Riverwoods village,planned
ilabp,20.52,17157950800,157,Small_DG,2027-08-17,115,58,,planned
ilabp,12.8,17163504358,163,Small_DG,2027-08-17,114,57,,planned
ilabp,8.4,17089852500,089,Small_DG,2027-08-17,49,25,,planned
ilabp,10.0,17167003802,167,Small_DG,2027-08-17,108,54,,planned
ilabp,11.5,17119403533,119,Small_DG,2027-09-05,112,56,Maryville village,planned
ilabp,5.76,17097860807,097,Small_DG,2028-01-16,64,32,,planned
ilabp,7.68,17093890107,093,Small_DG,2027-10-02,75,38,Oswego village,planned
ilabp,13.76,17089852406,089,Small_DG,2028-01-16,65,33,Campton Hills village,planned
ilabp,6.08,17031826401,031,Small_DG,2028-01-16,29,15,Dolton village,planned
ilabp,7.475,17197880414,197,Small_DG,2027-11-29,98,49,,planned
ilabp,6.67,17137951600,137,Small_DG,2027-09-19,99,50,Jacksonville city,planned
ilabp,7.83,17167003702,167,Small_DG,2027-11-07,108,54,,planned
ilabp,15.0,17051950600,051,Small_DG,2027-10-02,110,55,,planned
ilabp,10.73,17163503334,163,Small_DG,2027-10-09,113,57,,planned
ilabp,20.0,17067954300,067,Small_DG,2027-09-19,94,47,,planned
ilabp,12.0,17031802100,031,Small_DG,2027-10-23,17,9,Glenview village,planned
ilabp,9.5,17197880316,197,Small_DG,2027-10-02,41,21,Naperville city,planned
ilabp,11.4,17097864518,097,Small_DG,2027-10-09,59,30,Buffalo Grove village,planned
ilabp,12.76,17057953500,057,Small_DG,2028-02-06,94,47,,planned
ilabp,11.17,17043846514,043,Small_DG,2027-11-21,84,42,Aurora city,planned
ilabp,8.027,17061973700,061,Small_DG,2027-11-21,100,50,Roodhouse city,planned
ilabp,23.0,17089850710,089,Small_DG,2027-10-02,70,35,,planned
ilabp,11.5,17143003900,143,Small_DG,2027-09-05,93,47,,planned
ilabp,23.0,17031830003,031,Small_DG,2027-10-02,38,19,Matteson village,planned
ilabp,11.4,17041952000,041,Small_DG,2027-09-19,101,51,,planned
ilabp,7.33,17019010603,019,Small_DG,2027-09-19,101,51,Mahomet village,planned
ilabp,5.2,17031830600,031,Small_DG,2027-08-17,14,7,Chicago city,planned
ilabp,10.0,17133600102,133,Small_DG,2027-09-19,115,58,,planned
ilabp,23.0,17197880324,197,Small_DG,2027-09-19,84,42,Aurora city,planned
ilabp,11.5,17031804716,031,Small_DG,2027-10-02,44,22,Hoffman Estates village,planned
ilabp,11.5,17197880421,197,Small_DG,2027-10-02,97,49,Plainfield village,planned
ilabp,12.98,17187870300,187,Small_DG,2027-09-05,71,36,,planned
ilabp,8.41,17163503323,163,Small_DG,2028-02-06,113,57,Swansea village,planned
ilabp,23.0,17089851801,089,Small_DG,2027-09-19,49,25,South Elgin village,planned
ilabp,7.6,17111871107,111,Small_DG,2027-08-17,70,35,Algonquin village,planned
ilabp,6.72,17043841404,043,Small_DG,2027-08-17,47,24,,planned
ilabp,11.5,17051950700,051,Small_DG,2027-09-19,110,55,,planned
ilabp,7.47,17119401200,119,Small_DG,2027-08-17,111,56,Wood River city,planned
ilabp,11.52,17031822601,031,Small_DG,2027-08-17,36,18,Oak Lawn village,planned
ilabp,15.2,17117957100,117,Small_DG,2027-08-17,108,54,,planned
ilabp,5.0,17195001300,195,Small_DG,2027-08-17,74,37,Sterling city,planned
ilabp,20.0,17129010200,129,Small_DG,2027-08-17,108,54,Petersburg city,planned
ilabp,3.829,17095001000,095,Small_DG,2027-08-17,71,36,Galesburg city,planned
ilabp,10.0,17141961400,141,Small_DG,2027-10-02,89,45,,planned
ilabp,6.08,17163504351,163,Small_DG,2027-08-17,114,57,O'Fallon city,planned
ilabp,23.0,17063000600,063,Small_DG,2027-10-09,106,53,,planned
ilabp,11.5,17031804606,031,Small_DG,2027-09-19,56,28,Elk Grove Village village,planned
ilabp,4.06,17043846517,043,Small_DG,2027-10-23,84,42,Aurora city,planned
ilabp,11.5,17089854508,089,Small_DG,2027-09-19,83,42,,planned
ilabp,5.7,17031804509,031,Small_DG,2027-09-19,44,22,Streamwood village,planned
ilabp,7.6,17031813000,031,Small_DG,2027-09-19,78,39,Oak Park village,planned
ilabp,6.08,17031804606,031,Small_DG,2027-08-17,56,28,Elk Grove Village village,planned
ilabp,10.0,17201004200,201,Small_DG,2027-08-17,89,45,,planned
ilabp,5.8,17089850711,089,Small_DG,2028-02-06,65,33,,planned
ilabp,10.24,17097864512,097,Small_DG,2027-10-09,51,26,Long Grove village,planned
ilabp,8.12,17039971500,039,Small_DG,2027-09-19,88,44,,planned
ilabp,8.96,17093890105,093,Small_DG,2028-01-16,97,49,,planned
ilabp,8.0,17197881113,197,Small_DG,2027-10-09,80,40,,planned
ilabp,11.5,17021958400,021,Small_DG,2027-10-02,107,54,Taylorville city,planned
ilabp,7.04,17043841318,043,Small_DG,2027-10-02,49,25,Bartlett village,planned
ilabp,5.584,17089850704,089,Small_DG,2027-09-19,70,35,Huntley village,planned
ilabp,6.4,17097864107,097,Small_DG,2027-10-02,52,26,,planned
ilabp,23.0,17031828507,031,Small_DG,2028-01-16,33,17,Lansing village,planned
ilabp,5000.0,17145030200,145,Large_DG,2028-05-21,115,58,,planned
ilabp,15.36,17027900602,027,Small_DG,2027-08-17,109,55,,planned
ilabp,2400.0,17197881113,197,Large_DG,2028-05-07,80,40,,planned
ilabp,6.96,17031822400,031,Small_DG,2027-11-07,31,16,Oak Lawn village,planned
ilabp,24.7,17043842900,043,Small_DG,2027-08-17,45,23,Elmhurst city,planned
ilabp,6.67,17019005702,019,Small_DG,2027-08-17,104,52,,planned
ilabp,7.6,17055041200,055,Small_DG,2027-08-17,117,59,,planned
ilabp,6.96,17093890403,093,Small_DG,2027-08-17,83,42,Oswego village,planned
ilabp,11.5,17143004101,143,Small_DG,2027-09-05,93,47,,planned
ilabp,8.7,17111870811,111,Small_DG,2027-08-17,63,32,,planned
ilabp,4.93,17031580400,031,Small_DG,2027-09-19,23,12,Chicago city,planned
ilabp,4.64,17019000902,019,Small_DG,2027-08-17,104,52,,planned
ilabp,5.85,17031827700,031,Small_DG,2027-08-17,30,15,Hazel Crest village,planned
ilabp,10.15,17031803604,031,Small_DG,2027-08-17,51,26,Palatine village,planned
ilabp,11.5,17019000500,019,Small_DG,2027-08-17,103,52,Champaign city,planned
ilabp,7.54,17097864110,097,Small_DG,2027-09-19,62,31,Grayslake village,planned
ilabp,3.8,17031071000,031,Small_DG,2027-10-02,10,5,Chicago city,planned
ilabp,6.09,17111870605,111,Small_DG,2027-08-17,63,32,McHenry city,planned
ilabp,11.5,17089852101,089,Small_DG,2028-01-16,65,33,,planned
ilabp,11.4,17021958400,021,Small_DG,2027-08-17,107,54,Taylorville city,planned
ilabp,11.5,17197880421,197,Small_DG,2027-10-02,97,49,Plainfield village,planned
ilabp,10.44,17019001205,019,Small_DG,2027-09-05,104,52,Champaign city,planned
ilabp,9.6,17043845808,043,Small_DG,2027-08-17,81,41,Woodridge village,planned
ilabp,11.5,17203030100,203,Small_DG,2027-10-23,105,53,,planned
ilabp,6.72,17197880320,197,Small_DG,2027-10-02,97,49,,planned
ilabp,7.95,17089852500,089,Small_DG,2027-09-05,49,25,,planned
ilabp,5.32,17097864110,097,Small_DG,2027-10-02,62,31,Grayslake village,planned
ilabp,5.51,17031804204,031,Small_DG,2027-11-21,52,26,Barrington Hills village,planned
ilabp,3.84,17031020302,031,Small_DG,2027-08-17,16,8,Chicago city,planned
ilabp,23.0,17031803800,031,Small_DG,2028-01-30,51,26,Palatine village,planned
ilabp,6.84,17031804807,031,Small_DG,2027-10-02,56,28,Schaumburg village,planned
ilabp,6.4,17031490700,031,Small_DG,2027-08-17,27,14,Chicago city,planned
ilabp,5.7,17163500400,163,Small_DG,2027-11-21,114,57,East St. Louis city,planned
ilabp,7.25,17157951201,157,Small_DG,2027-11-07,115,58,Chester city,planned
ilabp,7.6,17043840910,043,Small_DG,2027-10-09,46,23,,planned
ilabp,34.2,17111871402,111,Large_DG,2027-11-21,52,26,Barrington Hills village,planned
ilabp,7.6,17195000900,195,Small_DG,2027-10-09,74,37,,planned
ilabp,8.99,17051950700,051,Small_DG,2028-03-10,110,55,,planned
ilabp,11.4,17177000700,177,Small_DG,2027-10-09,90,45,Freeport city,planned
ilabp,23.0,17043846304,043,Small_DG,2027-08-17,81,41,,planned
ilabp,5.7,17089850710,089,Small_DG,2027-11-21,70,35,,planned
ilabp,10.0,17015960500,015,Small_DG,2027-08-17,89,45,,planned
ilabp,20.0,17191955000,191,Small_DG,2027-11-21,116,58,,planned
ilabp,7.6,17119400600,119,Small_DG,2027-11-21,113,57,Madison city,planned
ilabp,11.4,17031824113,031,Small_DG,2027-10-09,27,14,Orland Park village,planned
ilabp,25.0,17141961400,141,Small_DG,2027-10-02,89,45,,planned
ilabp,7.6,17037000100,037,Small_DG,2027-10-09,89,45,,planned
ilabp,11.4,17119401102,119,Small_DG,2027-11-21,111,56,Wood River city,planned
ilabp,7.6,17111871113,111,Small_DG,2027-10-02,69,35,,planned
ilabp,8.0,17197880426,197,Small_DG,2027-10-02,98,49,Romeoville village,planned
ilabp,6.84,17043841312,043,Small_DG,2027-10-02,49,25,West Chicago city,planned
ilabp,9.88,17097864520,097,Small_DG,2027-10-23,59,30,Buffalo Grove village,planned
ilabp,6.65,17159978200,159,Small_DG,2028-01-16,110,55,Olney city,planned
ilabp,12.215,17021959000,021,Small_DG,2027-10-02,108,54,,planned
ilabp,13.12,17119403801,119,Small_DG,2027-10-09,109,55,,planned
ilabp,15.04,17119403121,119,Small_DG,2027-09-19,112,56,Glen Carbon village,planned
ilabp,23.0,17037000401,037,Small_DG,2027-09-19,70,35,,planned
ilabp,20.3,17193958300,193,Small_DG,2027-09-19,116,58,,planned
ilabp,5.22,17163504001,163,Small_DG,2027-09-19,114,57,,planned
ilabp,8.725,17031820104,031,Small_DG,2027-08-17,8,4,Countryside city,planned
ilabp,25.0,17007010101,007,Small_DG,2027-09-05,68,34,Belvidere city,planned
ilabp,8.64,17089851911,089,Small_DG,2027-10-02,66,33,Elgin city,planned
ilabp,2.56,17031815702,031,Small_DG,2027-10-23,2,1,Riverside village,planned
ilabp,7.68,17197880320,197,Small_DG,2027-10-02,97,49,,planned
ilabp,6.4,17091010300,091,Small_DG,2027-10-02,79,40,,planned
ilabp,6.84,17197880314,197,Small_DG,2027-10-23,97,49,,planned
ilabp,20.16,17043841104,043,Small_DG,2027-10-02,48,24,Roselle village,planned
ilabp,11.5,17031530503,031,Small_DG,2027-09-19,28,14,Chicago city,planned
ilabp,3.895,17031020802,031,Small_DG,2027-10-02,16,8,Chicago city,planned
ilabp,13.3,17197880307,197,Small_DG,2027-11-07,41,21,Naperville city,planned
ilabp,11.89,17097865300,097,Small_DG,2027-10-02,58,29,Highland Park city,planned
ilabp,7.25,17043846409,043,Small_DG,2027-10-02,50,25,Aurora city,planned
ilabp,6.67,17089850711,089,Small_DG,2027-10-02,65,33,,planned
ilabp,3500.0,17125956400,125,Large_DG,2028-05-07,94,47,,planned
ilabp,23.0,17197880324,197,Small_DG,2027-10-02,84,42,Aurora city,planned
ilabp,23.0,17043842709,043,Small_DG,2027-10-02,42,21,,planned
ilabp,8.64,17093890103,093,Small_DG,2027-10-02,84,42,Oswego village,planned
ilabp,4990.0,17019010604,019,Large_DG,2028-05-07,101,51,,planned
ilabp,7.04,17197880422,197,Small_DG,2027-10-02,97,49,Plainfield village,planned
ilabp,10.73,17201003810,201,Small_DG,2027-11-07,68,34,Loves Park city,planned
ilabp,11.5,17119402805,119,Small_DG,2027-10-02,100,50,,planned
ilabp,10.64,17197880318,197,Small_DG,2027-10-02,97,49,,planned
ilabp,10.0,17001001100,001,Small_DG,2027-10-02,99,50,Quincy city,planned
ilabp,6.46,17031804313,031,Small_DG,2027-10-02,43,22,,planned
ilabp,11.5,17049950200,049,Small_DG,2027-09-19,107,54,,planned
ilabp,11.5,17097864513,097,Small_DG,2027-10-02,59,30,Vernon Hills village,planned
ilabp,15.2,17051951100,051,Small_DG,2027-09-19,110,55,,planned
ilabp,7.15,17031818800,031,Small_DG,2027-10-02,2,1,Brookfield village,planned
ilabp,7.98,17093890105,093,Small_DG,2027-10-02,97,49,,planned
ilabp,7.98,17093890107,093,Small_DG,2027-10-02,75,38,Oswego village,planned
ilabp,12.564,17097865700,097,Small_DG,2027-10-02,58,29,Highland Park city,planned
ilabp,5.32,17089854507,089,Small_DG,2027-10-02,70,35,Elburn village,planned
ilabp,7.83,17141961400,141,Small_DG,2028-01-30,89,45,,planned
ilabp,4.35,17027900500,027,Small_DG,2027-10-02,110,55,,planned
ilabp,25.0,17113005402,113,Small_DG,2027-11-07,88,44,,planned
ilabp,10.0,17119403001,119,Small_DG,2027-10-02,112,56,Edwardsville city,planned
ilabp,11.31,17099962300,099,Small_DG,2027-10-02,75,38,,planned
ilabp,10.0,17111871402,111,Small_DG,2027-10-09,52,26,Barrington Hills village,planned
ilabp,5.7,17099962300,099,Small_DG,2027-11-07,75,38,,planned
ilabp,13.92,17089852406,089,Small_DG,2027-10-23,65,33,Campton Hills village,planned
ilabp,10.73,17071973300,071,Small_DG,2027-10-02,94,47,,planned
ilabp,3500.0,17097860812,097,Large_DG,2028-05-07,64,32,,planned
ilabp,5.12,17097860103,097,Small_DG,2027-10-02,61,31,Winthrop Harbor village,planned
ilabp,10.64,17099962200,099,Small_DG,2027-10-09,74,37,,planned
ilabp,11.2,17197880307,197,Small_DG,2027-10-23,41,21,Naperville city,planned
ilabp,7.04,17093890105,093,Small_DG,2027-10-02,97,49,,planned
ilabp,7.98,17093890107,093,Small_DG,2027-10-02,75,38,Oswego village,planned
ilabp,23.0,17031821402,031,Small_DG,2027-10-09,28,14,Calumet Park village,planned
ilabp,10.0,17031822701,031,Small_DG,2027-11-07,36,18,Oak Lawn village,planned
ilabp,11.5,17163504355,163,Small_DG,2027-11-29,114,57,O'Fallon city,planned
ilabp,3.8,17201000105,201,Small_DG,2028-02-06,90,45,Machesney Park village,planned
ilabp,3.8,17173959500,173,Small_DG,2028-01-16,107,54,,planned
ilabp,25.0,17201000105,201,Small_DG,2027-10-02,90,45,Machesney Park village,planned
ilabp,23.0,17197883514,197,Small_DG,2027-10-09,37,19,Mokena village,planned
ilabp,5.76,17097860103,097,Small_DG,2027-11-21,61,31,Winthrop Harbor village,planned
ilabp,11.5,17031826202,031,Small_DG,2027-11-21,33,17,Calumet City city,planned
ilabp,11.5,17031828602,031,Small_DG,2027-10-02,29,15,Homewood village,planned
ilabp,6.08,17031803701,031,Small_DG,2027-10-02,51,26,Palatine village,planned
ilabp,4.48,17031810400,031,Small_DG,2027-10-02,55,28,Park Ridge city,planned
ilabp,9.96,17195000700,195,Small_DG,2027-10-02,73,37,,planned
ilabp,10.0,17043846102,043,Small_DG,2028-02-06,42,21,,planned
ilabp,2700.0,17163503906,163,Large_DG,2029-09-10,114,57,,planned
ilabp,5.76,17031823302,031,Small_DG,2027-10-23,27,14,Alsip village,planned
ilabp,11.5,17199020600,199,Small_DG,2027-10-23,118,59,Herrin city,planned
ilabp,15.66,17183011000,183,Small_DG,2027-10-02,102,51,,planned
ilabp,15.04,17163503323,163,Small_DG,2028-01-30,113,57,Swansea village,planned
ilabp,11.5,17031801606,031,Small_DG,2027-10-23,57,29,,planned
ilabp,7.6,17031805600,031,Small_DG,2027-10-23,55,28,Park Ridge city,planned
ilabp,2.7,17163503323,163,Small_DG,2027-09-19,113,57,Swansea village,planned
ilabp,10.0,17115002602,115,Small_DG,2027-10-09,107,54,,planned
ilabp,11.5,17001001001,001,Small_DG,2027-10-02,99,50,Quincy city,planned
ilabp,4.8,17089850711,089,Small_DG,2028-01-16,65,33,,planned
ilabp,15.84,17035972500,035,Small_DG,2027-10-02,102,51,,planned
ilabp,7.36,17043846518,043,Small_DG,2028-01-16,84,42,Aurora city,planned
ilabp,10.26,17019010601,019,Small_DG,2027-10-02,101,51,,planned
ilabp,10.0,17001010600,001,Small_DG,2027-10-02,99,50,,planned
ilabp,11.5,17095000400,095,Small_DG,2027-10-02,71,36,Galesburg city,planned
ilabp,5.24,17019001000,019,Small_DG,2027-09-19,103,52,Champaign city,planned
ilabp,19.66,17097866200,097,Small_DG,2027-10-02,58,29,Mettawa village,planned
ilabp,20.0,17199020900,199,Small_DG,2027-10-23,117,59,,planned
ilabp,5.7,17019010800,019,Small_DG,2027-11-21,101,51,,planned
ilabp,6.08,17031804316,031,Small_DG,2027-10-02,43,22,Streamwood village,planned
ilabp,10.0,17111870704,111,Small_DG,2028-01-30,64,32,Pistakee Highlands CDP,planned
ilabp,24.0,17177001300,177,Small_DG,2027-10-02,90,45,Freeport city,planned
ilabp,11.5,17201003708,201,Small_DG,2027-10-02,68,34,Rockford city,planned
ilabp,24.7,17183010900,183,Small_DG,2027-10-23,102,51,,planned
ilabp,8.7,17163503416,163,Small_DG,2028-02-06,112,56,Fairview Heights city,planned
ilabp,11.5,17089850707,089,Small_DG,2027-10-09,70,35,,planned
ilabp,11.5,17197883218,197,Small_DG,2028-01-16,97,49,,planned
ilabp,11.5,17031010100,031,Small_DG,2027-10-09,14,7,Chicago city,planned
ilabp,20.88,17199020300,199,Small_DG,2027-10-09,118,59,,planned
ilabp,15.08,17199020300,199,Small_DG,2027-10-09,118,59,,planned
ilabp,13.92,17199020300,199,Small_DG,2027-10-09,118,59,,planned
ilabp,8.12,17149952700,149,Small_DG,2027-10-02,100,50,Pittsfield city,planned
ilabp,6.09,17105960600,105,Small_DG,2028-01-16,105,53,,planned
ilabp,6.38,17043842000,043,Small_DG,2027-10-09,42,21,Glen Ellyn village,planned
ilabp,12.18,17119403121,119,Small_DG,2027-11-07,112,56,Glen Carbon village,planned
ilabp,5.7,17085020500,085,Small_DG,2027-11-07,89,45,,planned
ilabp,11.5,17089851904,089,Small_DG,2027-10-09,66,33,,planned
ilabp,8.64,17043846507,043,Small_DG,2028-01-16,84,42,,planned
ilabp,6.72,17197880321,197,Small_DG,2028-01-16,97,49,,planned
ilabp,11.2,17031804609,031,Small_DG,2028-01-16,56,28,Schaumburg village,planned
ilabp,10.0,17031640700,031,Small_DG,2027-10-09,22,11,Chicago city,planned
ilabp,100.0,17109011000,109,Large_DG,2027-09-19,94,47,,planned
ilabp,7.54,17031803605,031,Small_DG,2028-02-06,51,26,Palatine village,planned
ilabp,22.33,17193958400,193,Small_DG,2027-10-23,117,59,,planned
ilabp,8.64,17031804611,031,Small_DG,2028-01-16,56,28,Schaumburg village,planned
ilabp,8.36,17197880320,197,Small_DG,2028-01-16,97,49,,planned
ilabp,7.68,17043841327,043,Small_DG,2028-01-16,47,24,,planned
ilabp,4.94,17089851904,089,Small_DG,2028-01-16,66,33,,planned
ilabp,4.56,17111871107,111,Small_DG,2028-01-16,70,35,Algonquin village,planned
ilabp,5.7,17111871114,111,Small_DG,2028-01-16,69,35,Huntley village,planned
ilabp,8.74,17197880320,197,Small_DG,2028-01-16,97,49,,planned
ilabp,9.88,17111871206,111,Small_DG,2028-01-16,66,33,Algonquin village,planned
ilabp,7.68,17093890105,093,Small_DG,2028-01-16,97,49,,planned
ilabp,10.0,17031801300,031,Small_DG,2027-10-09,18,9,Wilmette village,planned
ilabp,10.0,17043845702,043,Small_DG,2027-10-09,81,41,Downers Grove village,planned
ilabp,23.0,17197880314,197,Small_DG,2027-10-09,97,49,,planned
ilabp,10.0,17111870604,111,Small_DG,2027-10-09,64,32,McHenry city,planned
ilabp,9.57,17083010401,083,Small_DG,2028-02-19,100,50,,planned
ilabp,10.0,17141961301,141,Small_DG,2027-10-02,74,37,,planned
ilabp,11.5,17197883513,197,Small_DG,2027-10-23,38,19,Tinley Park village,planned
ilabp,11.5,17031840000,031,Small_DG,2027-10-09,24,12,Chicago city,planned
ilabp,6.83,17201003705,201,Small_DG,2028-02-06,67,34,,planned
ilabp,4.35,17137952200,137,Small_DG,2027-10-23,100,50,,planned
ilabp,22.81,17195000100,195,Small_DG,2027-10-23,74,37,,planned
ilabp,12.08,17111870809,111,Small_DG,2027-10-02,63,32,Prairie Grove village,planned
ilabp,22.33,17121952200,121,Small_DG,2027-11-21,110,55,,planned
ilabp,3.77,17041952000,041,Small_DG,2028-01-16,101,51,,planned
ilabp,9.074,17183010800,183,Small_DG,2027-10-23,104,52,,planned
ilabp,11.89,17081050200,081,Small_DG,2027-11-07,116,58,,planned
ilabp,11.84,17093890105,093,Small_DG,2028-01-16,97,49,,planned
ilabp,14.79,17021958100,021,Small_DG,2027-10-23,96,48,,planned
ilabp,11.6,17051950800,051,Small_DG,2027-10-23,110,55,Vandalia city,planned
ilabp,15.2,17199020900,199,Small_DG,2027-10-02,117,59,,planned
ilabp,5000.0,17037001700,037,Large_DG,2028-05-21,70,35,,planned
ilabp,4.16,17143003101,143,Small_DG,2028-01-16,92,46,,planned
ilabp,20.14,17111870814,111,Small_DG,2028-01-16,63,32,Bull Valley village,planned
ilabp,800.0,17093890301,093,Large_DG,2027-11-07,83,42,,planned
ilabp,6.96,17145030400,145,Small_DG,2027-09-19,115,58,,planned
ilabp,5.51,17089850600,089,Small_DG,2028-02-06,66,33,Sleepy Hollow village,planned
ilabp,9.5,17093890404,093,Small_DG,2028-01-16,83,42,Montgomery village,planned
ilabp,10.0,17071973300,071,Small_DG,2027-10-02,94,47,,planned
ilabp,9.88,17097864520,097,Small_DG,2028-01-16,59,30,Buffalo Grove village,planned
ilabp,6.72,17093890107,093,Small_DG,2028-01-16,75,38,Oswego village,planned
ilabp,7.25,17201001900,201,Small_DG,2028-02-06,67,34,Rockford city,planned
ilabp,11.52,17093890104,093,Small_DG,2027-11-07,84,42,,planned
ilabp,6.67,17163503323,163,Small_DG,2028-02-06,113,57,Swansea village,planned
ilabp,5.22,17179021201,179,Small_DG,2027-10-02,105,53,,planned
ilabp,7.6,17055040200,055,Small_DG,2027-10-02,116,58,North City village,planned
ilabp,11.84,17031040401,031,Small_DG,2027-10-02,13,7,Chicago city,planned
ilabp,9.6,17163503908,163,Small_DG,2027-11-07,114,57,Scott AFB CDP,planned
ilabp,11.5,17197883505,197,Small_DG,2027-11-29,38,19,Frankfort village,planned
ilabp,7.68,17089852103,089,Small_DG,2028-01-16,65,33,,planned
ilabp,10.26,17197880318,197,Small_DG,2028-01-16,97,49,,planned
ilabp,10.24,17031804606,031,Small_DG,2028-03-03,56,28,Elk Grove Village village,planned
ilabp,11.78,17167003603,167,Small_DG,2028-01-16,95,48,Curran village,planned
ilabp,9.6,17119403701,119,Small_DG,2027-10-02,109,55,,planned
ilabp,8.12,17031804102,031,Small_DG,2027-10-23,51,26,Palatine village,planned
ilabp,7.98,17097860805,097,Small_DG,2028-01-16,64,32,,planned
ilabp,4.8,17043845507,043,Small_DG,2027-10-02,82,41,Darien city,planned
ilabp,13.68,17017960500,017,Small_DG,2028-01-16,99,50,,planned
ilabp,5.12,17197880408,197,Small_DG,2028-03-03,98,49,,planned
ilabp,13.8,17167003801,167,Small_DG,2027-10-09,95,48,,planned
ilabp,7.6,17115002500,115,Small_DG,2027-11-07,107,54,,planned
ilabp,4999.0,17119403101,119,Large_DG,2027-10-23,112,56,Edwardsville city,planned
ilabp,2.88,17197880318,197,Small_DG,2028-01-16,97,49,,planned
ilabp,8.36,17197880318,197,Small_DG,2028-03-03,97,49,,planned
ilabp,11.2,17031804609,031,Small_DG,2028-01-16,56,28,Schaumburg village,planned
ilabp,8.74,17097860906,097,Small_DG,2028-01-16,64,32,,planned
ilabp,20.0,17135957900,135,Small_DG,2028-01-16,108,54,,planned
ilabp,10.0,17031829700,031,Small_DG,2027-10-09,29,15,,planned
ilabp,4.56,17197880326,197,Small_DG,2028-03-03,84,42,,planned
ilabp,8.64,17031804611,031,Small_DG,2028-03-03,56,28,Schaumburg village,planned
ilabp,8.32,17089850106,089,Small_DG,2028-01-16,66,33,,planned
ilabp,7.6,17105960600,105,Small_DG,2027-10-23,105,53,,planned
ilabp,8.0,17043846411,043,Small_DG,2027-10-02,49,25,Naperville city,planned
ilabp,5.76,17031821200,031,Small_DG,2027-10-02,28,14,Blue Island city,planned
ilabp,23.0,17197881001,197,Small_DG,2027-10-09,37,19,,planned
ilabp,5.76,17031210502,031,Small_DG,2027-10-02,40,20,Chicago city,planned
ilabp,11.5,17197884103,197,Small_DG,2027-10-09,85,43,Crest Hill city,planned
ilabp,11.84,17197880421,197,Small_DG,2028-01-16,97,49,Plainfield village,planned
ilabp,8.96,17143003000,143,Small_DG,2028-03-03,92,46,Peoria city,planned
ilabp,10.64,17197880309,197,Small_DG,2028-03-03,41,21,Naperville city,planned
ilabp,9.397,17195000400,195,Small_DG,2027-10-23,73,37,,planned
ilabp,11.5,17031800900,031,Small_DG,2027-10-02,17,9,Wilmette village,planned
ilabp,5.12,17031801500,031,Small_DG,2028-03-03,57,29,Northbrook village,planned
ilabp,3.84,17099964300,099,Small_DG,2028-03-03,106,53,Streator city,planned
ilabp,6.4,17143002200,143,Small_DG,2028-01-16,92,46,Peoria city,planned
ilabp,8.64,17031828507,031,Small_DG,2028-03-03,33,17,Lansing village,planned
ilabp,10.26,17031808001,031,Small_DG,2028-03-03,16,8,Lincolnwood village,planned
ilabp,5.0,17021958300,021,Small_DG,2027-10-02,107,54,Taylorville city,planned
ilabp,10.0,17031480500,031,Small_DG,2027-10-09,25,13,Chicago city,planned
ilabp,15.2,17197880314,197,Small_DG,2028-03-03,97,49,,planned
ilabp,10.24,17097866100,097,Small_DG,2028-03-03,60,30,Waukegan city,planned
ilabp,10.0,17095001500,095,Small_DG,2027-10-09,94,47,,planned
ilabp,5.76,17179020301,179,Small_DG,2027-11-29,87,44,,planned
ilabp,10.0,17143003200,143,Small_DG,2027-10-09,73,37,Peoria city,planned
ilabp,7.6,17179021202,179,Small_DG,2027-10-23,91,46,East Peoria city,planned
ilabp,15.2,17073030600,073,Small_DG,2027-10-23,93,47,,planned
ilabp,8.7,17099962300,099,Small_DG,2027-11-07,75,38,,planned
ilabp,23.0,17089854506,089,Small_DG,2027-11-21,70,35,,planned
ilabp,24.7,17179021201,179,Small_DG,2027-10-02,105,53,,planned
ilabp,19.0,17115001100,115,Small_DG,2027-10-02,96,48,Decatur city,planned
ilabp,4.48,17043841209,043,Small_DG,2028-01-16,46,23,Carol Stream village,planned
ilabp,8.0,17089850706,089,Small_DG,2028-03-03,70,35,,planned
ilabp,4.64,17111871305,111,Small_DG,2027-11-07,63,32,Cary village,planned
ilabp,9.92,17031803603,031,Small_DG,2028-03-03,51,26,Inverness village,planned
ilabp,7.36,17111870603,111,Small_DG,2028-03-03,64,32,,planned
ilabp,7.68,17093890105,093,Small_DG,2028-01-16,97,49,,planned
ilabp,6.84,17097864402,097,Small_DG,2028-01-16,51,26,Hawthorn Woods village,planned
ilabp,25.0,17201000105,201,Small_DG,2027-10-02,90,45,Machesney Park village,planned
ilabp,5.44,17197880315,197,Small_DG,2027-10-02,98,49,Bolingbrook village,planned
ilabp,10.0,17031804105,031,Small_DG,2027-11-07,51,26,,planned
ilabp,6.84,17097864110,097,Small_DG,2028-01-16,62,31,Grayslake village,planned
ilabp,20.0,17115003000,115,Small_DG,2027-10-02,88,44,,planned
ilabp,5.12,17031805110,031,Small_DG,2028-03-03,53,27,Arlington Heights village,planned
ilabp,8.96,17089850711,089,Small_DG,2028-01-16,65,33,,planned
ilabp,6.46,17031100300,031,Small_DG,2027-11-07,20,10,Chicago city,planned
ilabp,7.68,17197880317,197,Small_DG,2028-01-16,97,49,Bolingbrook village,planned
ilabp,10.0,17031805600,031,Small_DG,2027-10-09,55,28,Park Ridge city,planned
ilabp,10.0,17111871312,111,Small_DG,2027-11-07,63,32,Cary village,planned
ilabp,9.28,17089854505,089,Small_DG,2027-10-02,70,35,,planned
ilabp,4.8,17097861609,097,Small_DG,2028-03-03,61,31,Gurnee village,planned
ilabp,4.56,17031802002,031,Small_DG,2027-11-21,17,9,,planned
ilabp,8.32,17197880316,197,Small_DG,2028-03-03,41,21,Naperville city,planned
ilabp,8.74,17043842602,043,Small_DG,2027-10-09,47,24,,planned
ilabp,13.68,17197880305,197,Small_DG,2028-03-03,41,21,Naperville city,planned
ilabp,9.28,17143003404,143,Small_DG,2028-03-03,73,37,Peoria city,planned
ilabp,11.5,17197880319,197,Small_DG,2027-10-09,97,49,Plainfield village,planned
ilabp,15.2,17031801608,031,Small_DG,2028-01-16,17,9,Glenview village,planned
ilabp,10.0,17031827801,031,Small_DG,2027-10-09,29,15,South Holland village,planned
ilabp,10.0,17031803300,031,Small_DG,2028-01-30,54,27,Arlington Heights village,planned
ilabp,6.08,17031151200,031,Small_DG,2027-10-09,3,2,Chicago city,planned
ilabp,11.5,17197880424,197,Small_DG,2027-10-09,97,49,,planned
ilabp,7.22,17089854800,089,Small_DG,2027-10-09,65,33,Geneva city,planned
ilabp,10.0,17031825503,031,Small_DG,2027-10-09,38,19,Hazel Crest village,planned
ilabp,15.2,17197880315,197,Small_DG,2027-10-09,98,49,Bolingbrook village,planned
ilabp,8.96,17119403001,119,Small_DG,2027-10-02,112,56,Edwardsville city,planned
ilabp,5.0,17021958400,021,Small_DG,2027-10-02,107,54,Taylorville city,planned
ilabp,4.56,17031813302,031,Small_DG,2028-03-03,23,12,Cicero town,planned
ilabp,23.0,17097860811,097,Small_DG,2027-10-09,61,31,,planned
ilabp,7.98,17043841102,043,Small_DG,2028-01-16,56,28,Hanover Park village,planned
ilabp,11.5,17029000900,029,Small_DG,2027-10-02,101,51,Charleston city,planned
ilabp,6.72,17089850709,089,Small_DG,2028-01-16,65,33,,planned
ilabp,30.0,17145030200,145,Large_DG,2027-09-19,115,58,,planned
ilabp,9.6,17031804810,031,Small_DG,2028-03-03,56,28,Schaumburg village,planned
ilabp,17.69,17089850703,089,Small_DG,2028-02-19,70,35,,planned
ilabp,23.0,17031824800,031,Small_DG,2027-10-09,30,15,Posen village,planned
ilabp,10.0,17031834300,031,Small_DG,2027-10-09,33,17,Chicago city,planned
ilabp,13.48,17111870606,111,Small_DG,2027-10-02,63,32,McHenry city,planned
ilabp,10.0,17089850301,089,Small_DG,2027-10-09,43,22,,planned
ilabp,10.0,17031620100,031,Small_DG,2027-10-09,22,11,Chicago city,planned
ilabp,10.0,17031480200,031,Small_DG,2027-10-23,33,17,Chicago city,planned
ilabp,6.08,17043846522,043,Small_DG,2028-01-16,41,21,Naperville city,planned
ilabp,9.5,17197880315,197,Small_DG,2028-01-16,98,49,Bolingbrook village,planned
ilabp,7.6,17043845802,043,Small_DG,2027-10-09,81,41,Darien city,planned
ilabp,3.8,17031829500,031,Small_DG,2027-10-09,80,40,South Chicago Heights village,planned
ilabp,6.84,17043846514,043,Small_DG,2028-01-16,84,42,Aurora city,planned
ilabp,13.44,17111871114,111,Small_DG,2028-01-16,69,35,Huntley village,planned
ilabp,5.76,17031830004,031,Small_DG,2027-10-09,38,19,Matteson village,planned
ilabp,7.6,17031826402,031,Small_DG,2027-11-07,29,15,Dolton village,planned
ilabp,10.0,17031824800,031,Small_DG,2027-10-09,30,15,Posen village,planned
ilabp,10.0,17031806801,031,Small_DG,2027-10-09,17,9,Skokie village,planned
ilabp,23.0,17197883307,197,Small_DG,2027-10-09,86,43,,planned
ilabp,10.0,17099963800,099,Small_DG,2027-10-23,106,53,Streator city,planned
ilabp,7.6,17197880901,197,Small_DG,2027-10-09,98,49,Crest Hill city,planned
ilabp,10.0,17031805002,031,Small_DG,2027-11-07,53,27,Mount Prospect village,planned
ilabp,10.0,17031824119,031,Small_DG,2027-10-23,37,19,Orland Park village,planned
ilabp,23.0,17031810800,031,Small_DG,2027-10-23,77,39,Elmwood Park village,planned
ilabp,7.6,17031823703,031,Small_DG,2027-11-07,31,16,Bridgeview village,planned
ilabp,10.0,17063000200,063,Small_DG,2027-10-09,75,38,,planned
ilabp,5.76,17197881112,197,Small_DG,2027-11-07,80,40,New Lenox village,planned
ilabp,5.76,17197883305,197,Small_DG,2027-11-07,86,43,Channahon village,planned
ilabp,5.76,17031490600,031,Small_DG,2027-10-09,27,14,Chicago city,planned
ilabp,10.0,17031816800,031,Small_DG,2027-10-09,7,4,Berkeley village,planned
ilabp,10.0,17031827100,031,Small_DG,2027-10-09,30,15,Harvey city,planned
ilabp,10.0,17031804712,031,Small_DG,2027-10-23,44,22,Schaumburg village,planned
ilabp,5.76,17089852805,089,Small_DG,2027-11-07,50,25,North Aurora village,planned
ilabp,5.76,17031822601,031,Small_DG,2027-11-07,36,18,Oak Lawn village,planned
ilabp,7.6,17201003809,201,Small_DG,2027-11-29,67,34,Loves Park city,planned
ilabp,10.0,17043840706,043,Small_DG,2027-11-07,45,23,,planned
ilabp,7.6,17043843100,043,Small_DG,2027-11-07,46,23,Villa Park village,planned
ilabp,10.0,17031834300,031,Small_DG,2027-11-07,33,17,Chicago city,planned
ilabp,10.0,17197883804,197,Small_DG,2027-10-23,79,40,,planned
ilabp,10.0,17037001400,037,Small_DG,2027-10-23,74,37,,planned
ilabp,10.0,17111871113,111,Small_DG,2027-10-23,69,35,,planned
ilabp,10.0,17031824800,031,Small_DG,2027-11-07,30,15,Posen village,planned
ilabp,10.0,17031828202,031,Small_DG,2027-11-07,34,17,Lansing village,planned
ilabp,10.0,17031824601,031,Small_DG,2027-11-07,28,14,Midlothian village,planned
ilabp,23.0,17093890703,093,Small_DG,2027-10-09,75,38,,planned
ilabp,10.0,17031828100,031,Small_DG,2027-10-09,33,17,Lansing village,planned
ilabp,13.36,17037001600,037,Small_DG,2027-11-07,70,35,Cortland town,planned
ilabp,11.5,17037001400,037,Small_DG,2027-11-07,74,37,,planned
ilabp,10.0,17031825505,031,Small_DG,2027-10-09,38,19,Country Club Hills city,planned
ilabp,10.0,17111871202,111,Small_DG,2027-10-09,66,33,Crystal Lake city,planned
ilabp,11.5,17031815200,031,Small_DG,2027-10-23,2,1,Berwyn city,planned
ilabp,5.76,17031834300,031,Small_DG,2027-10-09,33,17,Chicago city,planned
ilabp,10.0,17031807300,031,Small_DG,2027-10-23,16,8,Skokie village,planned
ilabp,7.6,17031151200,031,Small_DG,2027-11-07,3,2,Chicago city,planned
ilabp,7.6,17097860105,097,Small_DG,2028-01-16,61,31,Zion city,planned
ilabp,7.36,17197880309,197,Small_DG,2028-03-03,41,21,Naperville city,planned
ilabp,6.46,17043844901,043,Small_DG,2028-01-16,81,41,Downers Grove village,planned
ilabp,10.0,17031824116,031,Small_DG,2027-11-07,35,18,Orland Park village,planned
ilabp,7.6,17031770901,031,Small_DG,2027-11-07,20,10,Harwood Heights village,planned
ilabp,5.76,17097861009,097,Small_DG,2027-11-07,61,31,Lindenhurst village,planned
ilabp,10.0,17031804902,031,Small_DG,2027-11-07,53,27,Des Plaines city,planned
ilabp,5.32,17089850711,089,Small_DG,2028-01-16,65,33,,planned
ilabp,13.36,17007010501,007,Small_DG,2027-10-09,69,35,,planned
ilabp,13.36,17093890601,093,Small_DG,2027-10-09,75,38,,planned
ilabp,7.6,17197880111,197,Small_DG,2027-10-09,85,43,Bolingbrook village,planned
ilabp,9.5,17063000200,063,Small_DG,2028-01-16,75,38,,planned
ilabp,6.72,17093890105,093,Small_DG,2028-01-16,97,49,,planned
ilabp,13.36,17197883218,197,Small_DG,2027-10-09,97,49,,planned
ilabp,9.5,17031804611,031,Small_DG,2028-01-16,56,28,Schaumburg village,planned
ilabp,7.6,17097864106,097,Small_DG,2028-03-03,52,26,Mundelein village,planned
ilabp,10.0,17031450300,031,Small_DG,2027-11-07,33,17,Chicago city,planned
ilabp,8.74,17097864514,097,Small_DG,2028-01-16,59,30,,planned
ilabp,13.36,17031821700,031,Small_DG,2027-10-09,36,18,Evergreen Park village,planned
ilabp,7.04,17197880322,197,Small_DG,2028-03-03,97,49,,planned
ilabp,5.12,17197880322,197,Small_DG,2028-03-03,97,49,,planned
ilabp,900.0,17197880202,197,Large_DG,2029-07-30,85,43,Romeoville village,planned
ilabp,8.36,17031804810,031,Small_DG,2028-01-16,56,28,Schaumburg village,planned
ilabp,11.78,17097863701,097,Small_DG,2028-03-03,62,31,,planned
ilabp,23.0,17091012200,091,Small_DG,2028-01-16,79,40,,planned
ilabp,10.88,17097864208,097,Small_DG,2028-01-16,52,26,Wauconda village,planned
ilabp,7.6,17037001004,037,Small_DG,2027-10-09,76,38,,planned
ilabp,8.0,17097864513,097,Small_DG,2028-01-16,59,30,Vernon Hills village,planned
ilabp,12.48,17031803607,031,Small_DG,2028-01-16,54,27,Palatine village,planned
ilabp,5.12,17089850711,089,Small_DG,2028-01-16,65,33,,planned
ilabp,10.0,17201003801,201,Small_DG,2027-11-07,90,45,,planned
ilabp,10.0,17197880122,197,Small_DG,2027-11-07,98,49,Bolingbrook village,planned
ilabp,3.8,17031804104,031,Small_DG,2027-11-07,51,26,Hoffman Estates village,planned
ilabp,3.8,17007010101,007,Small_DG,2027-11-07,68,34,Belvidere city,planned
ilabp,3.8,17091011200,091,Small_DG,2028-01-30,34,17,,planned
ilabp,3.8,17031827902,031,Small_DG,2027-10-23,34,17,Lansing village,planned
ilabp,11.5,17107952900,107,Small_DG,2027-10-09,87,44,,planned
ilabp,10.0,17107952900,107,Small_DG,2027-11-07,87,44,,planned
ilabp,2.28,17019005602,019,Small_DG,2027-10-23,104,52,,planned
ilabp,500.0,17097864903,097,Large_DG,2029-07-30,58,29,Deerfield village,planned
ilabp,11.52,17093890104,093,Small_DG,2027-11-07,84,42,,planned
ilabp,23.0,17107953300,107,Small_DG,2027-10-09,87,44,,planned
ilabp,5.0,17031804505,031,Small_DG,2027-10-02,49,25,Bartlett village,planned
ilabp,11.52,17093890104,093,Small_DG,2027-11-07,84,42,,planned
ilabp,600.0,17197884101,197,Large_DG,2029-07-30,85,43,Romeoville village,planned
ilabp,760.0,17043841210,043,Large_DG,2029-07-30,46,23,Carol Stream village,planned
ilabp,540.0,17043840904,043,Large_DG,2029-07-30,46,23,Glendale Heights village,planned
ilabp,720.0,17031804305,031,Large_DG,2029-07-30,44,22,Streamwood village,planned
ilabp,7.6,17197880323,197,Small_DG,2027-10-02,84,42,Naperville city,planned
ilabp,900.0,17043846702,043,Large_DG,2029-07-30,46,23,Addison village,planned
ilabp,12.54,17031809300,031,Small_DG,2027-10-02,18,9,Evanston city,planned
ilabp,460.0,17201001800,201,Large_DG,2029-07-30,67,34,Rockford city,planned
ilabp,840.0,17043840101,043,Large_DG,2029-07-30,48,24,Wood Dale city,planned
ilabp,10.15,17031803615,031,Small_DG,2027-11-21,51,26,Palatine village,planned
ilabp,11.5,17037000402,037,Small_DG,2027-10-09,70,35,,planned
ilabp,11.52,17093890104,093,Small_DG,2027-11-07,84,42,,planned
ilabp,10.0,17177000500,177,Small_DG,2027-10-02,89,45,,planned
ilabp,6.4,17197880323,197,Small_DG,2027-11-07,84,42,Naperville city,planned
ilabp,10.0,17177001300,177,Small_DG,2027-10-02,90,45,Freeport city,planned
ilabp,11.52,17197880314,197,Small_DG,2027-11-07,97,49,,planned
ilabp,7.83,17163504355,163,Small_DG,2027-10-02,114,57,O'Fallon city,planned
ilabp,11.52,17043846409,043,Small_DG,2027-11-07,50,25,Aurora city,planned
ilabp,11.84,17093890105,093,Small_DG,2028-01-16,97,49,,planned
ilabp,11.52,17043846408,043,Small_DG,2027-11-07,50,25,Aurora city,planned
ilabp,11.52,17043846408,043,Small_DG,2027-11-07,50,25,Aurora city,planned
ilabp,9.57,17031815702,031,Small_DG,2027-10-09,2,1,Riverside village,planned
ilabp,6.96,17197883516,197,Small_DG,2027-10-09,38,19,,planned
ilabp,18.27,17043841326,043,Small_DG,2027-10-09,47,24,,planned
ilabp,7.6,17093890107,093,Small_DG,2027-11-21,75,38,Oswego village,planned
ilabp,11.52,17031803702,031,Small_DG,2027-11-07,51,26,Palatine village,planned
ilabp,7.25,17099962600,099,Small_DG,2027-10-09,76,38,Ottawa city,planned
ilabp,11.5,17157950900,157,Small_DG,2027-10-09,115,58,,planned
ilabp,6.38,17031815600,031,Small_DG,2027-10-09,21,11,North Riverside village,planned
ilabp,5.8,17043841104,043,Small_DG,2027-10-09,48,24,Roselle village,planned
ilabp,10.0,17099963700,099,Small_DG,2027-10-02,106,53,,planned
ilabp,4.48,17197880421,197,Small_DG,2028-01-16,97,49,Plainfield village,planned
ilabp,10.88,17031808400,031,Small_DG,2028-03-03,15,8,Morton Grove village,planned
ilabp,6.84,17031804108,031,Small_DG,2028-03-03,53,27,Schaumburg village,planned
ilabp,5000.0,17197884101,197,Large_DG,2029-07-30,85,43,Romeoville village,planned
ilabp,360.0,17201001800,201,Large_DG,2029-07-30,67,34,Rockford city,planned
ilabp,700.0,17201002800,201,Large_DG,2029-07-30,67,34,Rockford city,planned
ilabp,5.76,17031826301,031,Small_DG,2027-10-23,29,15,South Holland village,planned
ilabp,10.0,17031816800,031,Small_DG,2027-10-09,7,4,Berkeley village,planned
ilabp,10.0,17031804710,031,Small_DG,2027-10-09,44,22,Schaumburg village,planned
ilabp,6.38,17163503404,163,Small_DG,2028-02-06,112,56,,planned
ilabp,23.0,17097860806,097,Small_DG,2027-10-02,64,32,Antioch village,planned
ilabp,6.08,17197881107,197,Small_DG,2027-10-02,37,19,New Lenox village,planned
ilabp,8.0,17089851911,089,Small_DG,2028-03-03,66,33,Elgin city,planned
ilabp,15.37,17031251200,031,Small_DG,2028-02-19,8,4,Chicago city,planned
ilabp,9.28,17111870904,111,Small_DG,2028-03-03,63,32,Woodstock city,planned
ilabp,6.09,17025972200,025,Small_DG,2027-10-02,110,55,,planned
ilabp,6.72,17197880305,197,Small_DG,2028-03-03,41,21,Naperville city,planned
ilabp,10.0,17031827000,031,Small_DG,2027-10-09,30,15,Harvey city,planned
ilabp,7.04,17097864407,097,Small_DG,2028-03-03,51,26,,planned
ilabp,75.0,17073031000,073,Large_DG,2027-09-19,93,47,,planned
ilabp,6.4,17197880317,197,Small_DG,2027-11-21,97,49,Bolingbrook village,planned
ilabp,10.0,17119401102,119,Small_DG,2027-10-02,111,56,Wood River city,planned
ilabp,4.48,17197880421,197,Small_DG,2027-10-09,97,49,Plainfield village,planned
ilabp,5.93,17163502404,163,Small_DG,2027-10-02,112,56,,planned
ilabp,8.64,17143002701,143,Small_DG,2028-03-03,92,46,Peoria city,planned
ilabp,5.7,17031804706,031,Small_DG,2027-11-07,44,22,Hoffman Estates village,planned
ilabp,4.8,17031711200,031,Small_DG,2027-10-09,31,16,Chicago city,planned
ilabp,5.7,17097860813,097,Small_DG,2027-11-07,64,32,Antioch village,planned
ilabp,4.93,17077011600,077,Small_DG,2027-10-09,118,59,,planned
ilabp,9.5,17043841326,043,Small_DG,2028-01-16,47,24,,planned
ilabp,10.26,17197880318,197,Small_DG,2028-03-03,97,49,,planned
ilabp,7.22,17197880317,197,Small_DG,2028-01-16,97,49,Bolingbrook village,planned
ilabp,11.5,17007010400,007,Small_DG,2027-10-09,89,45,,planned
ilabp,8.7,17149952700,149,Small_DG,2027-10-09,100,50,Pittsfield city,planned
ilabp,8.36,17197880309,197,Small_DG,2028-01-16,41,21,Naperville city,planned
ilabp,4200.0,17147954600,147,Large_DG,2028-05-21,88,44,Monticello city,planned
ilabp,7.6,17063000400,063,Small_DG,2028-03-03,75,38,Morris city,planned
ilabp,6.96,17041952400,041,Small_DG,2027-10-09,101,51,,planned
ilabp,15.08,17097866000,097,Small_DG,2027-10-09,61,31,Wadsworth village,planned
ilabp,8.0,17043845601,043,Small_DG,2027-10-09,81,41,Downers Grove village,planned
ilabp,8.96,17143003404,143,Small_DG,2028-03-03,73,37,Peoria city,planned
ilabp,22.8,17123961500,123,Small_DG,2027-10-02,105,53,,planned
ilabp,8.0,17031804611,031,Small_DG,2028-01-16,56,28,Schaumburg village,planned
ilabp,9.6,17197880320,197,Small_DG,2028-03-03,97,49,,planned
ilabp,7.68,17031120400,031,Small_DG,2027-10-23,15,8,Chicago city,planned
ilabp,15.92,17163504354,163,Small_DG,2027-10-23,113,57,O'Fallon city,planned
ilabp,4.16,17043845808,043,Small_DG,2027-11-21,81,41,Woodridge village,planned
ilabp,6.84,17197880318,197,Small_DG,2027-11-21,97,49,,planned
ilabp,9.92,17197880123,197,Small_DG,2027-10-09,85,43,Bolingbrook village,planned
ilabp,12.92,17197880324,197,Small_DG,2028-03-03,84,42,Aurora city,planned
ilabp,12.16,17197880319,197,Small_DG,2028-03-03,97,49,Plainfield village,planned
ilabp,3.48,17031191301,031,Small_DG,2027-10-02,4,2,Chicago city,planned
ilabp,9.88,17031804316,031,Small_DG,2028-03-03,43,22,Streamwood village,planned
ilabp,3.84,17089852203,089,Small_DG,2028-03-03,83,42,St. Charles city,planned
ilabp,15.96,17093890702,093,Small_DG,2028-03-03,75,38,,planned
ilabp,187.5,17201000700,201,Large_DG,2027-09-19,68,34,Rockford city,planned
ilabp,11.4,17183011100,183,Small_DG,2027-11-07,102,51,,planned
ilabp,12.47,17055040200,055,Small_DG,2027-10-23,116,58,North City village,planned
ilabp,7.6,17031826800,031,Small_DG,2027-11-07,30,15,Dixmoor village,planned
ilabp,11.5,17091011800,091,Small_DG,2027-11-07,79,40,Bradley village,planned
ilabp,5.7,17031241200,031,Small_DG,2028-01-16,4,2,Chicago city,planned
ilabp,23.0,17197880425,197,Small_DG,2027-10-09,98,49,,planned
ilabp,2640.0,17177000700,177,Large_DG,2029-07-30,90,45,Freeport city,planned
ilabp,23.0,17031803604,031,Small_DG,2027-10-23,51,26,Palatine village,planned
ilabp,11.4,17111870808,111,Small_DG,2027-10-23,63,32,Crystal Lake city,planned
ilabp,9.88,17089852406,089,Small_DG,2028-03-03,65,33,Campton Hills village,planned
ilabp,9.68,17119403702,119,Small_DG,2027-10-02,109,55,,planned
ilabp,5.12,17097861301,097,Small_DG,2028-03-03,62,31,Long Lake CDP,planned
ilabp,10.0,17031825503,031,Small_DG,2027-10-09,38,19,Hazel Crest village,planned
ilabp,6.08,17093890404,093,Small_DG,2028-03-03,83,42,Montgomery village,planned
ilabp,4990.0,17111870906,111,Large_DG,2028-04-02,63,32,,planned
ilabp,12.54,17089852406,089,Small_DG,2028-03-03,65,33,Campton Hills village,planned
ilabp,10.24,17197880309,197,Small_DG,2028-03-03,41,21,Naperville city,planned
ilabp,4.8,17201003810,201,Small_DG,2028-03-03,68,34,Loves Park city,planned
ilabp,9.5,17093890107,093,Small_DG,2028-01-16,75,38,Oswego village,planned
ilabp,8.0,17197880317,197,Small_DG,2028-03-03,97,49,Bolingbrook village,planned
ilabp,9.86,17163503323,163,Small_DG,2028-02-06,113,57,Swansea village,planned
ilabp,10.56,17111871114,111,Small_DG,2028-03-03,69,35,Huntley village,planned
ilabp,11.7,17017960500,017,Small_DG,2027-11-07,99,50,,planned
ilabp,5.44,17093890105,093,Small_DG,2028-01-16,97,49,,planned
ilabp,5.7,17201004200,201,Small_DG,2028-03-03,89,45,,planned
ilabp,4.8,17089850711,089,Small_DG,2028-01-16,65,33,,planned
ilabp,10.0,17089853005,089,Small_DG,2027-10-23,83,42,Aurora city,planned
ilabp,10.0,17031711400,031,Small_DG,2027-11-07,27,14,Chicago city,planned
ilabp,23.0,17097864412,097,Small_DG,2027-10-09,51,26,Deer Park village,planned
ilabp,11.5,17097861106,097,Small_DG,2027-10-09,62,31,Grayslake village,planned
ilabp,11.5,17183000800,183,Small_DG,2027-11-07,104,52,,planned
ilabp,11.52,17097863904,097,Small_DG,2028-03-03,59,30,Vernon Hills village,planned
ilabp,12.16,17143001900,143,Small_DG,2028-03-03,92,46,Peoria city,planned
ilabp,11.5,17031802404,031,Small_DG,2027-10-23,57,29,Wheeling village,planned
ilabp,8.005,17195000300,195,Small_DG,2027-10-02,73,37,Morrison city,planned
ilabp,10.0,17019000902,019,Small_DG,2027-10-02,104,52,,planned
ilabp,5.32,17093890107,093,Small_DG,2028-03-03,75,38,Oswego village,planned
ilabp,11.78,17031804106,031,Small_DG,2028-03-03,53,27,Rolling Meadows city,planned
ilabp,8.36,17093890107,093,Small_DG,2028-01-16,75,38,Oswego village,planned
ilabp,7.83,17197880901,197,Small_DG,2027-10-02,98,49,Crest Hill city,planned
ilabp,8.32,17043841403,043,Small_DG,2027-11-07,47,24,Winfield village,planned
ilabp,16.96,17031770902,031,Small_DG,2028-01-16,20,10,Norridge village,planned
ilabp,5.44,17089851908,089,Small_DG,2027-10-02,43,22,Elgin city,planned
ilabp,8.36,17111871108,111,Small_DG,2028-01-16,70,35,Crystal Lake city,planned
ilabp,7.6,17031805107,031,Small_DG,2027-10-23,53,27,Arlington Heights village,planned
ilabp,3.49,17075950600,075,Small_DG,2027-10-23,106,53,,planned
ilabp,9.6,17197880309,197,Small_DG,2028-03-03,41,21,Naperville city,planned
ilabp,7.04,17119401905,119,Small_DG,2027-10-09,111,56,South Roxana village,planned
ilabp,11.5,17031804316,031,Small_DG,2027-10-09,43,22,Streamwood village,planned
ilabp,2.28,17031050500,031,Small_DG,2027-10-09,11,6,Chicago city,planned
ilabp,14.82,17031803702,031,Small_DG,2028-03-03,51,26,Palatine village,planned
ilabp,4800.0,17099963500,099,Large_DG,2028-05-07,76,38,,planned
ilabp,5.44,17093890105,093,Small_DG,2028-01-16,97,49,,planned
ilabp,10.0,17199020802,199,Small_DG,2027-11-07,117,59,,planned
ilabp,20.0,17201003601,201,Small_DG,2027-10-02,67,34,Rockford city,planned
ilabp,25.0,17201002100,201,Small_DG,2027-10-02,67,34,Rockford city,planned
ilabp,25.0,17165955800,165,Small_DG,2028-01-16,117,59,Harrisburg city,planned
ilabp,3.48,17199020300,199,Small_DG,2027-11-07,118,59,,planned
ilabp,12.92,17043846205,043,Small_DG,2028-03-03,81,41,Naperville city,planned
ilabp,25.0,17007010400,007,Small_DG,2027-10-02,89,45,,planned
ilabp,9.6,17031802200,031,Small_DG,2028-03-03,17,9,Glenview village,planned
ilabp,10.0,17097860105,097,Small_DG,2027-10-02,61,31,Zion city,planned
ilabp,5000.0,17093890402,093,Large_DG,2028-04-02,75,38,Yorkville city,planned
ilabp,12.5,17201003711,201,Small_DG,2027-10-02,67,34,,planned
ilabp,6.0,17195000100,195,Small_DG,2027-10-02,74,37,,planned
ilabp,6.84,17043846207,043,Small_DG,2028-03-03,41,21,Naperville city,planned
ilabp,7.6,17031460301,031,Small_DG,2027-10-23,26,13,Chicago city,planned
ilabp,10.26,17197880304,197,Small_DG,2028-03-03,41,21,Naperville city,planned
ilabp,14.658,17031815702,031,Small_DG,2027-10-02,2,1,Riverside village,planned
ilabp,10.0,17089852101,089,Small_DG,2027-11-07,65,33,,planned
ilabp,3.9,17031221400,031,Small_DG,2027-10-02,39,20,Chicago city,planned
ilabp,10.0,17201003705,201,Small_DG,2027-10-23,67,34,,planned
ilabp,11.5,17043841316,043,Small_DG,2027-10-23,49,25,Bartlett village,planned
ilabp,9.074,17113000502,113,Small_DG,2027-11-07,91,46,Normal town,planned
ilabp,11.5,17201001600,201,Small_DG,2027-10-23,68,34,Rockford city,planned
ilabp,23.0,17089850707,089,Small_DG,2027-10-23,70,35,,planned
ilabp,6.0,17065973200,065,Small_DG,2028-01-16,117,59,,planned
ilabp,11.4,17197883303,197,Small_DG,2028-03-03,86,43,,planned
ilabp,4.16,17097860807,097,Small_DG,2028-03-03,64,32,,planned
ilabp,9.28,17043845803,043,Small_DG,2028-01-16,82,41,,planned
ilabp,5.84,17143004902,143,Small_DG,2027-10-23,93,47,,planned
ilabp,5.44,17031808600,031,Small_DG,2028-03-03,17,9,Golf village,planned
ilabp,5.51,17043845703,043,Small_DG,2027-10-09,81,41,Downers Grove village,planned
ilabp,5.22,17043846504,043,Small_DG,2027-10-23,41,21,Naperville city,planned
ilabp,11.5,17197880430,197,Small_DG,2027-10-09,97,49,Joliet city,planned
ilabp,9.86,17115002700,115,Small_DG,2027-10-23,95,48,,planned
ilabp,10.0,17037000800,037,Small_DG,2027-10-09,70,35,DeKalb city,planned
ilabp,10.0,17031817300,031,Small_DG,2027-10-09,7,4,Maywood village,planned
ilabp,23.0,17063000200,063,Small_DG,2027-10-09,75,38,,planned
ilabp,23.0,17031829902,031,Small_DG,2027-10-09,38,19,,planned
ilabp,2.6,17031808200,031,Small_DG,2027-11-29,15,8,Niles village,planned
ilabp,4.93,17163503102,163,Small_DG,2027-10-23,114,57,,planned
ilabp,11.02,17109011100,109,Small_DG,2027-10-23,94,47,,planned
ilabp,11.52,17063000600,063,Small_DG,2027-10-23,106,53,,planned
ilabp,23.0,17091010203,091,Small_DG,2028-01-16,29,15,,planned
ilabp,23.0,17031824126,031,Small_DG,2027-11-07,,,Tinley Park village,planned
ilabp,23.0,17097863904,097,Small_DG,2027-11-07,59,30,Vernon Hills village,planned
ilabp,11.5,17031826500,031,Small_DG,2027-10-23,30,15,Dolton village,planned
ilabp,38.0,17027900500,027,Large_DG,2027-10-09,110,55,,planned
ilabp,11.5,17197880408,197,Small_DG,2027-11-07,98,49,,planned
ilabp,8.41,17097864402,097,Small_DG,2027-10-23,51,26,Hawthorn Woods village,planned
ilabp,12.16,17043846409,043,Small_DG,2027-10-23,50,25,Aurora city,planned
ilabp,24.0,17125956600,125,Small_DG,2027-11-21,94,47,,planned
ilabp,11.5,17043845808,043,Small_DG,2027-10-23,81,41,Woodridge village,planned
ilabp,23.0,17019010603,019,Small_DG,2027-10-23,101,51,Mahomet village,planned
ilabp,2125.0,17105960500,105,Large_DG,2028-05-21,105,53,,planned
ilabp,7.6,17119403701,119,Small_DG,2028-01-16,109,55,,planned
ilabp,14.79,17163503404,163,Small_DG,2027-10-09,112,56,,planned
ilabp,14.5,17193958400,193,Small_DG,2027-10-09,117,59,,planned
ilabp,12.47,17173959600,173,Small_DG,2027-11-29,107,54,,planned
ilabp,5.7,17031807100,031,Small_DG,2027-11-07,17,9,Skokie village,planned
ilabp,11.5,17063000900,063,Small_DG,2027-11-29,79,40,,planned
ilabp,15.2,17121952300,121,Small_DG,2027-10-23,110,55,,planned
ilabp,9.5,17035972600,035,Small_DG,2027-10-23,102,51,,planned
ilabp,5.7,17117956400,117,Small_DG,2028-01-30,108,54,Carlinville city,planned
ilabp,5.7,17057953600,057,Small_DG,2027-10-23,94,47,Canton city,planned
ilabp,23.0,17177000100,177,Small_DG,2027-10-23,90,45,,planned
ilabp,3.8,17021958700,021,Small_DG,2027-10-23,107,54,,planned
ilabp,7.54,17099962400,099,Small_DG,2027-10-23,75,38,,planned
ilabp,10.0,17157951202,157,Small_DG,2027-10-23,115,58,,planned
ilabp,10.0,17119400951,119,Small_DG,2027-10-23,111,56,Granite City city,planned
ilabp,5.0,17103000900,103,Small_DG,2027-11-29,74,37,,planned
ilabp,23.0,17031160100,031,Small_DG,2027-11-21,15,8,Chicago city,planned
ilabp,19.1,17031100200,031,Small_DG,2028-02-19,20,10,Chicago city,planned
ilabp,25.7,17145030300,145,Large_DG,2027-10-23,115,58,,planned
ilabp,24.36,17105960300,105,Small_DG,2028-02-19,105,53,,planned
ilabp,10.0,17201004300,201,Small_DG,2027-11-07,89,45,,planned
ilabp,7.6,17037001300,037,Small_DG,2027-11-21,76,38,DeKalb city,planned
ilabp,10.0,17043842200,043,Small_DG,2027-11-21,42,21,Glen Ellyn village,planned
ilabp,15.08,17145030400,145,Small_DG,2027-11-21,115,58,,planned
ilabp,11.508,17145030100,145,Small_DG,2027-10-23,115,58,,planned
ilabp,10.0,17091012100,091,Small_DG,2027-10-09,79,40,Kankakee city,planned
ilabp,10.0,17179021603,179,Small_DG,2027-10-09,91,46,,planned
ilabp,10.0,17031823605,031,Small_DG,2027-11-07,35,18,Palos Heights city,planned
ilabp,10.0,17031804403,031,Small_DG,2027-11-07,43,22,Hoffman Estates village,planned
ilabp,23.0,17089852808,089,Small_DG,2027-10-23,50,25,,planned
ilabp,10.0,17125956300,125,Small_DG,2027-10-23,94,47,,planned
ilabp,10.0,17197880602,197,Small_DG,2027-10-23,85,43,Lockport city,planned
ilabp,23.0,17031826600,031,Small_DG,2027-10-23,28,14,Riverdale village,planned
ilabp,4950.0,17163504358,163,Large_DG,2028-05-21,114,57,,planned
ilabp,10.64,17111870809,111,Small_DG,2027-10-09,63,32,Prairie Grove village,planned
ilabp,15.96,17197880321,197,Small_DG,2027-10-09,97,49,,planned
ilabp,6.84,17031824115,031,Small_DG,2027-10-09,35,18,Orland Park village,planned
ilabp,11.5,17031550100,031,Small_DG,2027-10-23,33,17,Chicago city,planned
ilabp,400.0,17043846106,043,Large_DG,2027-10-02,47,24,Naperville city,planned
ilabp,3.8,17043841316,043,Small_DG,2027-10-09,49,25,Bartlett village,planned
ilabp,10.0,17031826100,031,Small_DG,2027-10-23,33,17,Calumet City city,planned
ilabp,10.0,17031825802,031,Small_DG,2027-11-07,29,15,Calumet City city,planned
ilabp,10.0,17119400951,119,Small_DG,2027-11-29,111,56,Granite City city,planned
ilabp,7.6,17043846003,043,Small_DG,2027-11-21,42,21,Lisle village,planned
ilabp,7.6,17031824115,031,Small_DG,2027-11-07,35,18,Orland Park village,planned
ilabp,10.0,17031823605,031,Small_DG,2027-11-07,35,18,Palos Heights city,planned
ilabp,8.36,17031824005,031,Small_DG,2027-10-09,82,41,Lemont village,planned
ilabp,10.0,17197880125,197,Small_DG,2027-10-09,98,49,Bolingbrook village,planned
ilabp,10.0,17111871502,111,Small_DG,2027-10-09,63,32,,planned
ilabp,9.12,17043845508,043,Small_DG,2027-11-21,45,23,Darien city,planned
ilabp,7.98,17097864519,097,Small_DG,2027-10-09,59,30,Buffalo Grove village,planned
ilabp,21.375,17189950200,189,Small_DG,2027-10-09,109,55,,planned
ilabp,6.08,17197880324,197,Small_DG,2027-10-09,84,42,Aurora city,planned
ilabp,11.5,17201003706,201,Small_DG,2027-11-07,67,34,,planned
ilabp,10.0,17043845805,043,Small_DG,2027-10-09,82,41,Darien city,planned
ilabp,23.0,17043844602,043,Small_DG,2027-10-23,7,4,Oak Brook village,planned
ilabp,10.0,17111870403,111,Small_DG,2027-10-09,69,35,,planned
ilabp,5.32,17031140302,031,Small_DG,2027-11-07,15,8,Chicago city,planned
ilabp,3.04,17031140302,031,Small_DG,2027-11-07,15,8,Chicago city,planned
ilabp,10.0,17097864517,097,Small_DG,2027-10-23,51,26,Long Grove village,planned
ilabp,7.8,17099961800,099,Small_DG,2027-11-29,74,37,,planned
ilabp,23.0,17031829800,031,Small_DG,2027-11-07,30,15,Flossmoor village,planned
ilabp,11.5,17097864512,097,Small_DG,2027-10-23,51,26,Long Grove village,planned
ilabp,23.0,17007010400,007,Small_DG,2027-10-23,89,45,,planned
ilabp,10.0,17031804701,031,Small_DG,2027-10-23,44,22,Hoffman Estates village,planned
ilabp,4.93,17163502602,163,Small_DG,2028-02-06,114,57,Cahokia village,planned
ilabp,10.0,17031821002,031,Small_DG,2027-10-23,22,11,Burbank city,planned
ilabp,3.8,17037001500,037,Small_DG,2027-11-07,76,38,,planned
ilabp,13.36,17031830100,031,Small_DG,2027-11-07,80,40,Park Forest village,planned
ilabp,11.5,17063000102,063,Small_DG,2027-11-07,75,38,Channahon village,planned
ilabp,5.76,17031720300,031,Small_DG,2027-11-07,36,18,Chicago city,planned
ilabp,10.0,17031818100,031,Small_DG,2027-11-07,7,4,Westchester village,planned
ilabp,8.0,17093890105,093,Small_DG,2028-01-16,97,49,,planned
ilabp,10.0,17063000400,063,Small_DG,2027-10-23,75,38,Morris city,planned
ilabp,10.0,17031820300,031,Small_DG,2028-01-16,21,11,Summit village,planned
ilabp,10.24,17089854508,089,Small_DG,2028-03-03,83,42,,planned
ilabp,23.0,17097863202,097,Small_DG,2027-11-07,58,29,Lake Bluff village,planned
ilabp,3.8,17201001600,201,Small_DG,2027-11-07,68,34,Rockford city,planned
ilabp,7.6,17197880122,197,Small_DG,2027-11-07,98,49,Bolingbrook village,planned
ilabp,10.0,17097865300,097,Small_DG,2027-11-07,58,29,Highland Park city,planned
ilabp,23.0,17031816800,031,Small_DG,2027-11-07,7,4,Berkeley village,planned
ilabp,11.5,17197883218,197,Small_DG,2027-11-07,97,49,,planned
ilabp,10.0,17031803007,031,Small_DG,2027-11-07,54,27,Arlington Heights village,planned
ilabp,10.0,17089854504,089,Small_DG,2027-11-07,70,35,,planned
ilabp,4250.0,17189950400,189,Large_DG,2028-05-29,115,58,,planned
ilabp,10.0,17031570400,031,Small_DG,2027-11-07,1,1,Chicago city,planned
ilabp,10.0,17031805401,031,Small_DG,2027-11-07,15,8,,planned
ilabp,23.0,17097860806,097,Small_DG,2027-11-07,64,32,Antioch village,planned
ilabp,5000.0,17137952000,137,Large_DG,2029-08-06,99,50,Jacksonville city,planned
ilabp,10.0,17031825600,031,Small_DG,2027-11-07,30,15,Markham city,planned
ilabp,18.85,17049950700,049,Small_DG,2027-10-09,107,54,,planned
ilabp,11.5,17031802404,031,Small_DG,2027-11-07,57,29,Wheeling village,planned
ilabp,10.0,17201003705,201,Small_DG,2027-11-07,67,34,,planned
ilabp,10.0,17031824123,031,Small_DG,2027-10-23,28,14,,planned
ilabp,10.0,17091010204,091,Small_DG,2027-11-07,29,15,,planned
ilabp,10.0,17031829800,031,Small_DG,2028-01-16,30,15,Flossmoor village,planned
ilabp,11.5,17099963800,099,Small_DG,2027-11-07,106,53,Streator city,planned
ilabp,10.0,17093890106,093,Small_DG,2027-11-07,75,38,Oswego village,planned
ilabp,7.6,17007010604,007,Small_DG,2027-10-23,69,35,Candlewick Lake CDP,planned
ilabp,10.0,17201001300,201,Small_DG,2027-11-07,68,34,Rockford city,planned
ilabp,7.6,17141961500,141,Small_DG,2027-11-07,74,37,,planned
ilabp,10.0,17197880105,197,Small_DG,2027-11-07,98,49,Bolingbrook village,planned
ilabp,4.06,17089854504,089,Small_DG,2027-10-23,70,35,,planned
ilabp,3560.0,17197880124,197,Large_DG,2029-07-30,98,49,Bolingbrook village,planned
ilabp,5.7,17187870300,187,Small_DG,2027-10-23,71,36,,planned
ilabp,7.6,17031500100,031,Small_DG,2027-10-23,34,17,Chicago city,planned
ilabp,10.0,17089850105,089,Small_DG,2027-10-23,66,33,,planned
ilabp,22.04,17097864306,097,Small_DG,2027-10-23,52,26,North Barrington village,planned
ilabp,6.72,17197880322,197,Small_DG,2028-03-03,97,49,,planned
ilabp,5000.0,17149952500,149,Large_DG,2028-05-07,100,50,,planned
ilabp,11.4,17031825505,031,Small_DG,2027-10-23,38,19,Country Club Hills city,planned
ilabp,10.0,17111870502,111,Small_DG,2027-10-23,64,32,Wonder Lake village,planned
ilabp,17.6,17111870200,111,Small_DG,2027-10-23,69,35,,planned
ilabp,7.36,17093890107,093,Small_DG,2028-03-03,75,38,Oswego village,planned
ilabp,18.24,17043843601,043,Small_DG,2027-10-23,42,21,Lombard village,planned
ilabp,10.0,17201003801,201,Small_DG,2027-10-23,90,45,,planned
ilabp,10.0,17021958100,021,Small_DG,2027-11-07,96,48,,planned
ilabp,23.0,17091010702,091,Small_DG,2027-10-23,29,15,,planned
ilabp,10.0,17097860903,097,Small_DG,2027-10-23,64,32,Fox Lake village,planned
ilabp,10.0,17093890402,093,Small_DG,2027-11-07,75,38,Yorkville city,planned
ilabp,6.96,17031820902,031,Small_DG,2027-10-09,22,11,Burbank city,planned
ilabp,10.0,17197883809,197,Small_DG,2027-10-23,29,15,Crete village,planned
ilabp,7.6,17097864110,097,Small_DG,2027-10-23,62,31,Grayslake village,planned
ilabp,11.5,17183010800,183,Small_DG,2027-11-07,104,52,,planned
ilabp,10.0,17143003700,143,Small_DG,2027-10-23,73,37,,planned
ilabp,7.6,17163503412,163,Small_DG,2027-10-23,112,56,Caseyville village,planned
ilabp,7.6,17031804306,031,Small_DG,2027-10-23,44,22,Streamwood village,planned
ilabp,11.4,17123961400,123,Small_DG,2028-03-03,105,53,,planned
ilabp,6.0,17041952400,041,Small_DG,2028-03-10,101,51,,planned
ilabp,10.0,17031805109,031,Small_DG,2027-10-23,53,27,Arlington Heights village,planned
ilabp,7.6,17111871502,111,Small_DG,2027-10-23,63,32,,planned
ilabp,10.0,17031800900,031,Small_DG,2027-10-23,17,9,Wilmette village,planned
ilabp,7.6,17043845901,043,Small_DG,2027-10-23,82,41,Burr Ridge village,planned
ilabp,8.38,17157951300,157,Small_DG,2027-11-07,115,58,,planned
ilabp,10.0,17031825505,031,Small_DG,2027-10-23,38,19,Country Club Hills city,planned
ilabp,10.73,17145030200,145,Small_DG,2027-11-07,115,58,,planned
ilabp,5.76,17089850710,089,Small_DG,2027-10-23,70,35,,planned
ilabp,10.64,17197880320,197,Small_DG,2028-03-03,97,49,,planned
ilabp,23.0,17099962300,099,Small_DG,2027-11-07,75,38,,planned
ilabp,10.724,17199020202,199,Small_DG,2028-03-10,118,59,,planned
ilabp,11.5,17143002900,143,Small_DG,2027-11-21,92,46,Peoria city,planned
ilabp,11.5,17143002900,143,Small_DG,2027-11-21,92,46,Peoria city,planned
ilabp,11.5,17143003000,143,Small_DG,2027-11-29,92,46,Peoria city,planned
ilabp,10.0,17031805108,031,Small_DG,2027-10-23,53,27,Mount Prospect village,planned
ilabp,10.0,17031819300,031,Small_DG,2027-11-07,2,1,Brookfield village,planned
ilabp,11.5,17093890301,093,Small_DG,2027-11-07,83,42,,planned
ilabp,3400.0,17055040500,055,Large_DG,2028-05-29,116,58,,planned
ilabp,187.5,17031805107,031,Large_DG,2028-01-16,53,27,Arlington Heights village,planned
ilabp,5000.0,17055040500,055,Large_DG,2028-05-21,116,58,,planned
ilabp,17.6,17031770602,031,Small_DG,2027-10-23,56,28,Des Plaines city,planned
ilabp,10.0,17197880417,197,Small_DG,2027-10-23,97,49,Plainfield village,planned
ilabp,15.0,17163504355,163,Small_DG,2027-10-09,114,57,O'Fallon city,planned
ilabp,15.12,17057953800,057,Small_DG,2027-11-07,94,47,Lewistown city,planned
ilabp,10.0,17031823904,031,Small_DG,2027-10-23,35,18,Palos Heights city,planned
ilabp,11.4,17083010402,083,Small_DG,2027-10-23,100,50,,planned
ilabp,11.5,17031804505,031,Small_DG,2027-10-23,49,25,Bartlett village,planned
ilabp,10.0,17031827700,031,Small_DG,2027-10-23,30,15,Hazel Crest village,planned
ilabp,7.8,17167001001,167,Small_DG,2027-10-23,95,48,Springfield city,planned
ilabp,20.0,17051950500,051,Small_DG,2027-11-21,110,55,,planned
ilabp,19.0,17179022000,179,Small_DG,2027-10-23,87,44,,planned
ilabp,60.0,17131040300,131,Large_DG,2027-10-02,94,47,Aledo city,planned
ilabp,80.0,17067953900,067,Large_DG,2027-10-02,94,47,,planned
ilabp,100.0,17001010400,001,Large_DG,2027-10-02,99,50,,planned
ilabp,8.13,17093890703,093,Small_DG,2027-11-07,75,38,,planned
ilabp,10.0,17143003300,143,Small_DG,2027-10-09,92,46,Peoria city,planned
ilabp,11.4,17201000402,201,Small_DG,2027-10-23,68,34,,planned
ilabp,10.0,17031802003,031,Small_DG,2027-10-23,17,9,Glenview village,planned
ilabp,9.92,17061974000,061,Small_DG,2027-10-09,100,50,,planned
ilabp,2600.0,17117956500,117,Large_DG,2029-07-30,100,50,,planned
ilabp,15.37,17163503404,163,Small_DG,2028-02-19,112,56,,planned
ilabp,18.2,17143003900,143,Small_DG,2027-10-09,93,47,,planned
ilabp,10.0,17031828201,031,Small_DG,2027-11-07,34,17,,planned
ilabp,7.6,17201003705,201,Small_DG,2027-10-23,67,34,,planned
ilabp,10.0,17091010900,091,Small_DG,2027-10-23,34,17,,planned
ilabp,10.0,17111870403,111,Small_DG,2027-10-23,69,35,,planned
ilabp,5.76,17093890401,093,Small_DG,2027-10-23,75,38,,planned
ilabp,9.5,17119401800,119,Small_DG,2027-10-23,111,56,Rosewood Heights CDP,planned
ilabp,5.76,17043846511,043,Small_DG,2027-10-23,84,42,Aurora city,planned
ilabp,20.0,17089852700,089,Small_DG,2027-10-23,83,42,Batavia city,planned
ilabp,5.76,17097861009,097,Small_DG,2027-10-23,61,31,Lindenhurst village,planned
ilabp,3000.0,17019001205,019,Large_DG,2029-08-19,104,52,Champaign city,planned
ilabp,22.8,17147954500,147,Small_DG,2027-10-23,88,44,,planned
ilabp,7.6,17097861803,097,Small_DG,2027-10-23,61,31,Waukegan city,planned
ilabp,7.6,17031802610,031,Small_DG,2027-10-23,57,29,Mount Prospect village,planned
ilabp,5.76,17031829700,031,Small_DG,2027-10-23,29,15,,planned
ilabp,10.0,17091011800,091,Small_DG,2027-10-23,79,40,Bradley village,planned
ilabp,8.12,17163503903,163,Small_DG,2028-02-06,114,57,,planned
ilabp,1963.0,17043842604,043,Large_DG,2027-10-09,47,24,Wheaton city,planned
ilabp,4950.0,17117957100,117,Large_DG,2028-05-21,108,54,,planned
ilabp,33.0,17097863601,097,Large_DG,2027-10-02,62,31,Waukegan city,planned
ilabp,7.6,17201003811,201,Small_DG,2027-10-23,90,45,Loves Park city,planned
ilabp,3.8,17097862603,097,Small_DG,2027-10-23,60,30,Waukegan city,planned
ilabp,960.0,17043841501,043,Large_DG,2029-08-19,49,25,West Chicago city,planned
ilabp,3.8,17115001802,115,Small_DG,2027-10-23,88,44,Decatur city,planned
ilabp,3.8,17019010902,019,Small_DG,2027-11-07,101,51,,planned
ilabp,20.0,17019001205,019,Small_DG,2027-10-23,104,52,Champaign city,planned
ilabp,11.5,17097864518,097,Small_DG,2027-10-23,59,30,Buffalo Grove village,planned
ilabp,7.6,17031824113,031,Small_DG,2027-11-07,27,14,Orland Park village,planned
ilabp,3.48,17031836800,031,Small_DG,2027-10-23,10,5,Chicago city,planned
ilabp,10.0,17097864207,097,Small_DG,2027-10-23,52,26,,planned
ilabp,23.0,17197880123,197,Small_DG,2027-10-23,85,43,Bolingbrook village,planned
ilabp,6.67,17089851600,089,Small_DG,2027-10-23,43,22,Elgin city,planned
ilabp,10.0,17097860806,097,Small_DG,2027-10-23,64,32,Antioch village,planned
ilabp,720.0,17197880202,197,Large_DG,2029-09-03,85,43,Romeoville village,planned
ilabp,7.6,17031828503,031,Small_DG,2027-10-23,34,17,Sauk Village village,planned
ilabp,13.8,17031824125,031,Small_DG,2027-10-23,37,19,Orland Hills village,planned
ilabp,11.5,17097860105,097,Small_DG,2027-10-23,61,31,Zion city,planned
ilabp,3640.0,17197880202,197,Large_DG,2029-07-30,85,43,Romeoville village,planned
ilabp,11.4,17031280800,031,Small_DG,2027-11-29,10,5,Chicago city,planned
ilabp,19.0,17113006000,113,Small_DG,2027-11-21,87,44,,planned
ilabp,5.76,17031810200,031,Small_DG,2027-10-23,18,9,Evanston city,planned
ilabp,10.0,17103000700,103,Small_DG,2027-11-07,74,37,,planned
ilabp,11.4,17163503412,163,Small_DG,2027-11-29,112,56,Caseyville village,planned
ilabp,5.22,17031520600,031,Small_DG,2027-11-29,25,13,Chicago city,planned
ilabp,11.5,17119403534,119,Small_DG,2027-11-21,112,56,Pontoon Beach village,planned
ilabp,10.0,17093890404,093,Small_DG,2027-10-23,83,42,Montgomery village,planned
ilabp,8.7,17195001101,195,Small_DG,2027-11-29,74,37,Sterling city,planned
ilabp,23.0,17197880424,197,Small_DG,2027-10-23,97,49,,planned
ilabp,7.6,17031770901,031,Small_DG,2027-10-23,20,10,Harwood Heights village,planned
ilabp,11.4,17089850400,089,Small_DG,2027-11-29,43,22,East Dundee village,planned
ilabp,11.4,17097864110,097,Small_DG,2027-11-29,62,31,Grayslake village,planned
ilabp,11.4,17093890404,093,Small_DG,2027-11-29,83,42,Montgomery village,planned
ilabp,10.0,17031825600,031,Small_DG,2027-11-07,30,15,Markham city,planned
ilabp,11.4,17001000900,001,Small_DG,2027-11-29,99,50,Quincy city,planned
ilabp,11.4,17001000100,001,Small_DG,2027-11-29,99,50,Quincy city,planned
ilabp,11.4,17001010600,001,Small_DG,2027-11-29,99,50,,planned
ilabp,11.4,17001001002,001,Small_DG,2027-11-29,99,50,Quincy city,planned
ilabp,11.4,17001001100,001,Small_DG,2027-11-29,99,50,Quincy city,planned
ilabp,11.5,17163503211,163,Small_DG,2027-11-07,113,57,,planned
ilabp,11.4,17001001100,001,Small_DG,2027-11-29,99,50,Quincy city,planned
ilabp,8.41,17043841314,043,Small_DG,2027-11-07,49,25,Bartlett village,planned
ilabp,11.5,17091012600,091,Small_DG,2027-11-07,79,40,,planned
ilabp,11.5,17043842100,043,Small_DG,2027-10-23,42,21,Glen Ellyn village,planned
ilabp,10.0,17197880111,197,Small_DG,2027-11-07,85,43,Bolingbrook village,planned
ilabp,10.0,17197883218,197,Small_DG,2027-11-07,97,49,,planned
ilabp,4.06,17163503324,163,Small_DG,2027-10-23,113,57,Shiloh village,planned
ilabp,13.36,17089852805,089,Small_DG,2027-11-07,50,25,North Aurora village,planned
ilabp,11.5,17093890601,093,Small_DG,2027-11-07,75,38,,planned
ilabp,7.83,17135957800,135,Small_DG,2027-11-07,108,54,Litchfield city,planned
ilabp,10.0,17031818700,031,Small_DG,2027-11-07,2,1,Brookfield village,planned
ilabp,11.4,17001010600,001,Small_DG,2027-11-29,99,50,,planned
ilabp,11.4,17001000100,001,Small_DG,2027-11-29,99,50,Quincy city,planned
ilabp,3.48,17183011000,183,Small_DG,2027-10-23,102,51,,planned
ilabp,11.4,17109011100,109,Small_DG,2027-11-29,94,47,,planned
ilabp,11.4,17097864109,097,Small_DG,2027-11-07,52,26,,planned
ilabp,11.4,17043845601,043,Small_DG,2027-11-29,81,41,Downers Grove village,planned
ilabp,11.5,17007010601,007,Small_DG,2027-11-07,69,35,,planned
ilabp,11.4,17031827801,031,Small_DG,2027-11-29,29,15,South Holland village,planned
ilabp,11.5,17031824129,031,Small_DG,2027-11-07,27,14,Orland Park village,planned
ilabp,11.5,17111871205,111,Small_DG,2027-11-29,66,33,Lake in the Hills village,planned
ilabp,11.4,17001000100,001,Small_DG,2027-11-29,99,50,Quincy city,planned
ilabp,11.5,17097864105,097,Small_DG,2027-11-29,52,26,Mundelein village,planned
ilabp,11.4,17001000900,001,Small_DG,2027-11-29,99,50,Quincy city,planned
ilabp,6.98,17031630800,031,Small_DG,2027-11-29,1,1,Chicago city,planned
ilabp,11.5,17097864110,097,Small_DG,2027-11-29,62,31,Grayslake village,planned
ilabp,23.0,17089850705,089,Small_DG,2027-11-07,70,35,Hampshire village,planned
ilabp,11.4,17111871311,111,Small_DG,2027-11-29,63,32,Lake in the Hills village,planned
ilabp,10.0,17043841109,043,Small_DG,2027-11-07,46,23,Bloomingdale village,planned
ilabp,273.6,17019000901,019,Large_DG,2027-11-29,103,52,Champaign city,planned
ilabp,10.0,17177001000,177,Small_DG,2027-11-07,90,45,Freeport city,planned
ilabp,11.4,17083010401,083,Small_DG,2027-10-23,100,50,,planned
ilabp,181.45,17019000901,019,Large_DG,2027-11-29,103,52,Champaign city,planned
ilabp,15.2,17095000100,095,Small_DG,2027-11-07,93,47,,planned
ilabp,10.0,17115001500,115,Small_DG,2027-11-07,96,48,,planned
ilabp,15.2,17067953900,067,Small_DG,2027-10-23,94,47,,planned
ilabp,10.0,17089854509,089,Small_DG,2027-11-07,83,42,Sugar Grove village,planned
ilabp,16.0,17197881112,197,Small_DG,2027-10-23,80,40,New Lenox village,planned
ilabp,10.0,17089851801,089,Small_DG,2027-10-23,49,25,South Elgin village,planned
ilabp,23.0,17031824128,031,Small_DG,2027-11-21,37,19,,planned
ilabp,250.0,17143003103,143,Large_DG,2027-11-21,92,46,Peoria city,planned
ilabp,9.28,17167003902,167,Small_DG,2027-11-07,96,48,,planned
ilabp,11.5,17119401500,119,Small_DG,2027-10-23,111,56,Alton city,planned
ilabp,7.6,17159978100,159,Small_DG,2027-11-21,110,55,Olney city,planned
ilabp,5.58,17083010401,083,Small_DG,2027-11-07,100,50,,planned
ilabp,23.0,17203030300,203,Small_DG,2027-11-29,105,53,,planned
ilabp,8.41,17043841315,043,Small_DG,2027-10-23,56,28,Hanover Park village,planned
ilabp,9.12,17145030500,145,Small_DG,2027-11-07,115,58,,planned
ilabp,10.33,17163503101,163,Small_DG,2027-11-21,114,57,,planned
ilabp,11.5,17119401500,119,Small_DG,2027-11-21,111,56,Alton city,planned
ilabp,11.5,17031825505,031,Small_DG,2027-10-23,38,19,Country Club Hills city,planned
ilabp,7.6,17197880325,197,Small_DG,2027-10-23,84,42,Aurora city,planned
ilabp,7.6,17167003500,167,Small_DG,2027-11-29,108,54,,planned
ilabp,5.76,17031530503,031,Small_DG,2027-10-23,28,14,Chicago city,planned
ilabp,8.0,17107953500,107,Small_DG,2027-11-21,87,44,,planned
ilabp,5.76,17111870402,111,Small_DG,2027-10-23,63,32,Woodstock city,planned
ilabp,8.0,17115002904,115,Small_DG,2027-11-21,88,44,,planned
ilabp,7.6,17031824105,031,Small_DG,2027-10-23,35,18,Orland Park village,planned
ilabp,8.0,17019000902,019,Small_DG,2027-11-07,104,52,,planned
ilabp,3.8,17195001300,195,Small_DG,2027-10-23,74,37,Sterling city,planned
ilabp,10.0,17043840101,043,Small_DG,2027-10-23,48,24,Wood Dale city,planned
ilabp,23.0,17063000700,063,Small_DG,2027-10-23,106,53,,planned
ilabp,8.0,17019001205,019,Small_DG,2027-11-07,104,52,Champaign city,planned
ilabp,8.0,17115002601,115,Small_DG,2027-11-07,88,44,,planned
ilabp,7.6,17183010800,183,Small_DG,2027-10-23,104,52,,planned
ilabp,5.362,17089854507,089,Small_DG,2027-10-23,70,35,Elburn village,planned
ilabp,17.26,17199020300,199,Small_DG,2027-10-23,118,59,,planned
ilabp,10.0,17097864107,097,Small_DG,2027-11-07,52,26,,planned
ilabp,8.0,17041952100,041,Small_DG,2027-11-07,101,51,,planned
ilabp,10.0,17031804609,031,Small_DG,2027-11-07,56,28,Schaumburg village,planned
ilabp,23.0,17095000100,095,Small_DG,2027-10-23,93,47,,planned
ilabp,6.0,17121952300,121,Small_DG,2027-11-07,110,55,,planned
ilabp,23.0,17143002702,143,Small_DG,2027-11-07,92,46,Peoria city,planned
ilabp,9.0,17121952700,121,Small_DG,2027-10-23,110,55,Centralia city,planned
ilabp,9.423,17163503323,163,Small_DG,2027-11-07,113,57,Swansea village,planned
ilabp,5.584,17005951300,005,Small_DG,2027-11-07,109,55,Greenville city,planned
ilabp,7.6,17197880503,197,Small_DG,2027-10-23,85,43,,planned
ilabp,6.96,17139977000,139,Small_DG,2027-10-23,107,54,,planned
ilabp,19.76,17133600102,133,Small_DG,2027-11-07,115,58,,planned
ilabp,10.0,17121952400,121,Small_DG,2027-10-23,110,55,,planned
ilabp,10.0,17201004100,201,Small_DG,2027-10-23,90,45,,planned
ilabp,10.0,17031804316,031,Small_DG,2027-10-23,43,22,Streamwood village,planned
ilabp,11.4,17031816100,031,Small_DG,2028-01-16,8,4,Forest Park village,planned
ilabp,12.91,17183010200,183,Small_DG,2027-10-23,101,51,Hoopeston city,planned
ilabp,13.36,17197883521,197,Small_DG,2027-10-23,37,19,Mokena village,planned
ilabp,10.0,17091012400,091,Small_DG,2027-10-23,79,40,Kankakee city,planned
ilabp,10.0,17031827804,031,Small_DG,2027-10-23,29,15,South Holland village,planned
ilabp,10.0,17031816800,031,Small_DG,2027-11-07,7,4,Berkeley village,planned
ilabp,10.0,17031808500,031,Small_DG,2027-10-23,17,9,Morton Grove village,planned
ilabp,10.0,17031827500,031,Small_DG,2027-10-23,30,15,Harvey city,planned
ilabp,14.49,17197883507,197,Small_DG,2028-01-30,80,40,,planned
ilabp,10.0,17197880901,197,Small_DG,2027-10-23,98,49,Crest Hill city,planned
ilabp,15.2,17031520500,031,Small_DG,2027-10-23,25,13,Chicago city,planned
ilabp,10.0,17031827100,031,Small_DG,2027-10-23,30,15,Harvey city,planned
ilabp,10.0,17031808500,031,Small_DG,2027-10-23,17,9,Morton Grove village,planned
ilabp,7.6,17031802605,031,Small_DG,2027-10-23,57,29,Wheeling village,planned
ilabp,10.0,17197880320,197,Small_DG,2028-01-30,97,49,,planned
ilabp,10.0,17179021701,179,Small_DG,2027-10-23,87,44,,planned
ilabp,5.76,17057953600,057,Small_DG,2027-10-23,94,47,Canton city,planned
ilabp,7.6,17093890601,093,Small_DG,2027-10-23,75,38,,planned
ilabp,5.76,17113005402,113,Small_DG,2027-11-07,88,44,,planned
ilabp,10.0,17143001600,143,Small_DG,2027-11-07,92,46,Peoria city,planned
ilabp,11.5,17019005500,019,Small_DG,2027-10-23,104,52,Urbana city,planned
ilabp,3.8,17031826500,031,Small_DG,2027-10-23,30,15,Dolton village,planned
ilabp,23.0,17057953500,057,Small_DG,2027-10-23,94,47,,planned
ilabp,10.0,17037000900,037,Small_DG,2027-10-23,76,38,DeKalb city,planned
ilabp,97.3,17105960700,105,Large_DG,2027-11-21,105,53,Pontiac city,planned
ilabp,4.64,17119400802,119,Small_DG,2027-10-23,111,56,Granite City city,planned
ilabp,15.2,17019010500,019,Small_DG,2027-11-21,101,51,Fisher village,planned
ilabp,5.76,17043841310,043,Small_DG,2027-10-23,65,33,Wayne village,planned
ilabp,34.2,17019010800,019,Large_DG,2027-10-09,101,51,,planned
ilabp,10.0,17037001400,037,Small_DG,2027-10-23,74,37,,planned
ilabp,10.0,17031808002,031,Small_DG,2027-10-09,16,8,Lincolnwood village,planned
ilabp,8.0,17049950600,049,Small_DG,2027-11-07,107,54,,planned
ilabp,8.0,17019000902,019,Small_DG,2027-11-07,104,52,,planned
ilabp,7.6,17197881202,197,Small_DG,2027-10-23,86,43,Joliet city,planned
ilabp,20.0,17043845000,043,Small_DG,2027-11-21,45,23,Westmont village,planned
ilabp,8.0,17019010901,019,Small_DG,2027-11-07,101,51,,planned
ilabp,10.0,17143004400,143,Small_DG,2027-11-21,92,46,West Peoria city,planned
ilabp,8.0,17147954700,147,Small_DG,2027-11-21,88,44,,planned
ilabp,10.0,17197880105,197,Small_DG,2027-10-23,98,49,Bolingbrook village,planned
ilabp,4200.0,17037000300,037,Large_DG,2028-05-07,74,37,,planned
ilabp,8.0,17019010603,019,Small_DG,2027-11-21,101,51,Mahomet village,planned
ilabp,3000.0,17197880202,197,Large_DG,2029-08-19,85,43,Romeoville village,planned
ilabp,8.0,17137952300,137,Small_DG,2027-11-21,100,50,,planned
ilabp,1800.0,17031843700,031,Large_DG,2029-09-03,40,20,Chicago city,planned
ilabp,7.6,17031806900,031,Small_DG,2027-10-23,17,9,Skokie village,planned
ilabp,23.0,17043841113,043,Small_DG,2027-10-23,48,24,Bloomingdale village,planned
ilabp,10.0,17089852001,089,Small_DG,2027-10-23,65,33,,planned
ilabp,3.8,17201000507,201,Small_DG,2027-10-23,68,34,Rockford city,planned
ilabp,10.0,17111870906,111,Small_DG,2027-11-21,63,32,,planned
ilabp,5.76,17197884003,197,Small_DG,2027-10-23,86,43,Braidwood city,planned
ilabp,9.51,17111870200,111,Small_DG,2028-03-03,69,35,,planned
ilabp,9.28,17163504358,163,Small_DG,2027-10-23,114,57,,planned
ilabp,11.5,17201002200,201,Small_DG,2027-10-23,67,34,Rockford city,planned
ilabp,5.76,17063000103,063,Small_DG,2027-10-23,106,53,Channahon village,planned
ilabp,10.0,17031828801,031,Small_DG,2027-10-23,30,15,Flossmoor village,planned
ilabp,11.4,17041952200,041,Small_DG,2027-11-07,101,51,Tuscola city,planned
ilabp,10.0,17093890302,093,Small_DG,2027-10-23,83,42,Boulder Hill CDP,planned
ilabp,10.0,17097861510,097,Small_DG,2027-10-23,60,30,Gurnee village,planned
ilabp,7.6,17111871207,111,Small_DG,2027-11-07,66,33,Lake in the Hills village,planned
ilabp,8.0,17137952000,137,Small_DG,2027-11-07,99,50,Jacksonville city,planned
ilabp,10.0,17031813200,031,Small_DG,2027-10-23,78,39,Oak Park village,planned
ilabp,8.0,17135957600,135,Small_DG,2027-11-21,108,54,,planned
ilabp,8.0,17019001100,019,Small_DG,2027-11-07,103,52,Champaign city,planned
ilabp,10.0,17031807600,031,Small_DG,2027-10-23,16,8,Skokie village,planned
ilabp,8.0,17137951900,137,Small_DG,2027-11-07,99,50,Jacksonville city,planned
ilabp,10.0,17201004200,201,Small_DG,2027-11-07,89,45,,planned
ilabp,8.0,17019005500,019,Small_DG,2027-11-07,104,52,Urbana city,planned
ilabp,8.0,17019001400,019,Small_DG,2027-11-07,104,52,,planned
ilabp,8.0,17019001205,019,Small_DG,2027-11-07,104,52,Champaign city,planned
ilabp,7.6,17141961700,141,Small_DG,2027-11-07,89,45,,planned
ilabp,11.5,17179020400,179,Small_DG,2027-11-29,87,44,Creve Coeur village,planned
ilabp,8.0,17019010701,019,Small_DG,2027-11-07,102,51,St. Joseph village,planned
ilabp,13.36,17143004802,143,Small_DG,2027-11-07,92,46,Bartonville village,planned
ilabp,8.0,17019005402,019,Small_DG,2027-11-21,104,52,,planned
ilabp,5.76,17031834300,031,Small_DG,2027-11-07,33,17,Chicago city,planned
ilabp,8.0,17171970700,171,Small_DG,2027-11-21,100,50,,planned
ilabp,7.6,17097864207,097,Small_DG,2027-11-07,52,26,,planned
ilabp,10.0,17031530200,031,Small_DG,2027-11-07,28,14,Chicago city,planned
ilabp,3000.0,17097861504,097,Large_DG,2029-08-19,59,30,Waukegan city,planned
ilabp,11.5,17183010100,183,Small_DG,2027-11-07,101,51,,planned
ilabp,11.5,17183010200,183,Small_DG,2027-11-07,101,51,Hoopeston city,planned
ilabp,11.5,17029000400,029,Small_DG,2027-11-07,101,51,,planned
ilabp,11.5,17183010200,183,Small_DG,2027-11-07,101,51,Hoopeston city,planned
ilabp,5.7,17149952700,149,Small_DG,2027-10-23,100,50,Pittsfield city,planned
ilabp,10.0,17031460500,031,Small_DG,2027-10-23,33,17,Chicago city,planned
ilabp,11.5,17111871004,111,Small_DG,2027-11-07,69,35,Marengo city,planned
ilabp,23.0,17113005602,113,Small_DG,2027-11-07,88,44,,planned
ilabp,1920.0,17197880202,197,Large_DG,2029-08-19,85,43,Romeoville village,planned
ilabp,11.5,17197880320,197,Small_DG,2027-11-07,97,49,,planned
ilabp,23.0,17197881115,197,Small_DG,2027-11-07,37,19,New Lenox village,planned
ilabp,11.4,17095001300,095,Small_DG,2027-10-23,71,36,Knoxville city,planned
ilabp,11.5,17179020301,179,Small_DG,2027-11-07,87,44,,planned
ilabp,23.0,17097861008,097,Small_DG,2027-11-07,61,31,Lindenhurst village,planned
ilabp,10.0,17197880321,197,Small_DG,2027-10-23,97,49,,planned
ilabp,10.0,17197881010,197,Small_DG,2027-10-23,37,19,Homer Glen village,planned
ilabp,11.5,17031827901,031,Small_DG,2027-11-07,29,15,South Holland village,planned
ilabp,23.0,17091012200,091,Small_DG,2027-10-23,79,40,,planned
ilabp,1200.0,17073031100,073,Large_DG,2028-07-16,93,47,Galva city,planned
ilabp,11.5,17201003806,201,Small_DG,2027-11-07,90,45,Roscoe village,planned
ilabp,7.6,17093890703,093,Small_DG,2027-11-07,75,38,,planned
ilabp,11.5,17019010902,019,Small_DG,2027-11-29,101,51,,planned
ilabp,10.0,17089852101,089,Small_DG,2027-11-07,65,33,,planned
ilabp,11.5,17017960100,017,Small_DG,2027-11-07,99,50,,planned
ilabp,10.0,17097864520,097,Small_DG,2028-01-16,59,30,Buffalo Grove village,planned
ilabp,5.7,17149952700,149,Small_DG,2027-10-23,100,50,Pittsfield city,planned
ilabp,11.5,17073031100,073,Small_DG,2027-11-07,93,47,Galva city,planned
ilabp,11.5,17155954600,155,Small_DG,2027-11-07,105,53,,planned
ilabp,11.5,17163503102,163,Small_DG,2027-11-07,114,57,,planned
ilabp,23.0,17095001600,095,Small_DG,2027-11-07,93,47,,planned
ilabp,11.5,17089852408,089,Small_DG,2027-11-07,65,33,Campton Hills village,planned
ilabp,11.5,17029001000,029,Small_DG,2027-11-07,101,51,,planned
ilabp,7.6,17031828702,031,Small_DG,2027-11-07,29,15,Glenwood village,planned
ilabp,10.0,17197880314,197,Small_DG,2027-11-07,97,49,,planned
ilabp,23.0,17111871110,111,Small_DG,2027-10-23,69,35,Huntley village,planned
ilabp,10.0,17031750400,031,Small_DG,2027-10-23,35,18,Chicago city,planned
ilabp,11.5,17203030501,203,Small_DG,2027-11-21,73,37,Germantown Hills village,planned
ilabp,7.6,17097864903,097,Small_DG,2027-10-23,58,29,Deerfield village,planned
ilabp,6.0,17093890105,093,Small_DG,2027-10-23,97,49,,planned
ilabp,7.6,17097864110,097,Small_DG,2027-10-23,62,31,Grayslake village,planned
ilabp,10.0,17031816900,031,Small_DG,2027-11-07,7,4,Bellwood village,planned
ilabp,10.0,17113002101,113,Small_DG,2027-11-07,88,44,Bloomington city,planned
ilabp,10.0,17031831200,031,Small_DG,2027-11-07,4,2,Chicago city,planned
ilabp,10.0,17091012500,091,Small_DG,2027-11-07,79,40,Kankakee city,planned
ilabp,9.6,17067954000,067,Small_DG,2027-10-23,94,47,,planned
ilabp,10.0,17091011100,091,Small_DG,2027-11-07,34,17,,planned
ilabp,10.0,17089853006,089,Small_DG,2027-11-07,50,25,Aurora city,planned
ilabp,10.0,17141960800,141,Small_DG,2027-11-07,89,45,,planned
ilabp,11.5,17031804312,031,Small_DG,2027-11-07,43,22,,planned
ilabp,11.4,17199020900,199,Small_DG,2027-10-23,117,59,,planned
ilabp,7.6,17201004300,201,Small_DG,2027-10-23,89,45,,planned
ilabp,11.5,17081050300,081,Small_DG,2027-10-23,116,58,,planned
ilabp,23.0,17089850706,089,Small_DG,2027-11-07,70,35,,planned
ilabp,10.0,17197880317,197,Small_DG,2027-11-29,97,49,Bolingbrook village,planned
ilabp,11.5,17029000300,029,Small_DG,2027-11-07,101,51,,planned
ilabp,11.5,17197880324,197,Small_DG,2027-11-07,84,42,Aurora city,planned
ilabp,5.376,17015960200,015,Small_DG,2027-10-23,89,45,,planned
ilabp,7.6,17031807400,031,Small_DG,2027-11-07,16,8,Skokie village,planned
ilabp,11.5,17019010601,019,Small_DG,2027-11-07,101,51,,planned
ilabp,11.5,17107953500,107,Small_DG,2027-11-07,87,44,,planned
ilabp,10.0,17031804306,031,Small_DG,2027-11-07,44,22,Streamwood village,planned
ilabp,22.8,17085020401,085,Small_DG,2027-10-23,89,45,,planned
ilabp,11.5,17201003904,201,Small_DG,2027-11-07,90,45,Roscoe village,planned
ilabp,23.0,17197883303,197,Small_DG,2027-11-07,86,43,,planned
ilabp,3.839,17053961800,053,Small_DG,2027-11-29,106,53,Paxton city,planned
ilabp,10.0,17031813100,031,Small_DG,2027-11-07,78,39,Oak Park village,planned
ilabp,5.76,17031770901,031,Small_DG,2027-11-07,20,10,Harwood Heights village,planned
ilabp,10.0,17097861106,097,Small_DG,2027-11-07,62,31,Grayslake village,planned
ilabp,7.6,17179020301,179,Small_DG,2027-11-07,87,44,,planned
ilabp,10.0,17019001400,019,Small_DG,2027-11-07,104,52,,planned
ilabp,11.5,17113001403,113,Small_DG,2027-11-07,91,46,Bloomington city,planned
ilabp,11.5,17097861107,097,Small_DG,2027-11-29,62,31,Grayslake village,planned
ilabp,8.32,17043846522,043,Small_DG,2027-10-23,41,21,Naperville city,planned
ilabp,4.06,17077010800,077,Small_DG,2027-10-23,118,59,,planned
ilabp,10.0,17031803902,031,Small_DG,2027-11-07,53,27,Rolling Meadows city,planned
ilabp,11.5,17197880319,197,Small_DG,2027-11-07,97,49,Plainfield village,planned
ilabp,4.608,17095000200,095,Small_DG,2027-10-23,93,47,,planned
ilabp,23.0,17043841206,043,Small_DG,2027-11-07,47,24,Carol Stream village,planned
ilabp,11.89,17037000300,037,Small_DG,2027-10-23,74,37,,planned
ilabp,11.5,17099962200,099,Small_DG,2027-11-07,74,37,,planned
ilabp,11.5,17197884004,197,Small_DG,2027-11-07,79,40,,planned
ilabp,10.0,17197880429,197,Small_DG,2027-11-07,97,49,Joliet city,planned
ilabp,15.2,17111870104,111,Small_DG,2027-10-23,64,32,,planned
ilabp,10.0,17019000902,019,Small_DG,2028-01-30,104,52,,planned
ilabp,10.0,17091010701,091,Small_DG,2028-01-16,29,15,,planned
ilabp,10.0,17031819300,031,Small_DG,2027-11-29,2,1,Brookfield village,planned
ilabp,5.76,17197883213,197,Small_DG,2027-11-07,86,43,Shorewood village,planned
ilabp,13.8,17015960500,015,Small_DG,2027-10-23,89,45,,planned
ilabp,10.0,17197880428,197,Small_DG,2027-11-07,98,49,Joliet city,planned
ilabp,7.6,17089852805,089,Small_DG,2027-11-07,50,25,North Aurora village,planned
ilabp,24.71,17119402722,119,Small_DG,2027-11-21,100,50,Godfrey village,planned
ilabp,5.76,17031830003,031,Small_DG,2027-11-07,38,19,Matteson village,planned
ilabp,5.76,17113000109,113,Small_DG,2027-11-07,91,46,Normal town,planned
ilabp,10.0,17115001801,115,Small_DG,2027-11-07,88,44,Decatur city,planned
ilabp,3.8,17097861009,097,Small_DG,2027-11-07,61,31,Lindenhurst village,planned
ilabp,7.6,17031829902,031,Small_DG,2027-11-07,38,19,,planned
ilabp,7.6,17031827802,031,Small_DG,2027-11-07,29,15,South Holland village,planned
ilabp,7.6,17097860811,097,Small_DG,2027-11-07,61,31,,planned
ilabp,5.76,17097864106,097,Small_DG,2027-11-07,52,26,Mundelein village,planned
ilabp,10.0,17111870809,111,Small_DG,2027-11-21,63,32,Prairie Grove village,planned
ilabp,10.0,17037001400,037,Small_DG,2027-11-07,74,37,,planned
ilabp,10.0,17031530600,031,Small_DG,2027-11-07,29,15,Chicago city,planned
ilabp,23.0,17017960200,017,Small_DG,2027-11-07,99,50,,planned
ilabp,7.6,17057953800,057,Small_DG,2027-11-07,94,47,Lewistown city,planned
ilabp,10.0,17179021201,179,Small_DG,2027-11-07,105,53,,planned
ilabp,10.0,17113000109,113,Small_DG,2027-11-07,91,46,Normal town,planned
ilabp,2.56,17031140400,031,Small_DG,2027-10-23,15,8,Chicago city,planned
ilabp,15.2,17167003702,167,Small_DG,2027-11-07,108,54,,planned
ilabp,5.76,17031802504,031,Small_DG,2027-11-07,57,29,Wheeling village,planned
ilabp,5.7,17073030400,073,Small_DG,2027-10-23,73,37,,planned
ilabp,260.0,17031200300,031,Large_DG,2027-10-23,3,2,Chicago city,planned
ilabp,10.0,17089850707,089,Small_DG,2027-11-07,70,35,,planned
ilabp,5.76,17031730400,031,Small_DG,2027-11-07,27,14,Chicago city,planned
ilabp,10.121,17163503323,163,Small_DG,2027-10-23,113,57,Swansea village,planned
ilabp,3.77,17197880418,197,Small_DG,2027-10-23,97,49,Joliet city,planned
ilabp,23.0,17031825303,031,Small_DG,2027-11-07,28,14,Tinley Park village,planned
ilabp,9.6,17115002500,115,Small_DG,2027-10-23,107,54,,planned
ilabp,7.6,17111870809,111,Small_DG,2027-11-07,63,32,Prairie Grove village,planned
ilabp,5.76,17197880508,197,Small_DG,2027-11-07,85,43,,planned
ilabp,5.76,17197883307,197,Small_DG,2027-11-07,86,43,,planned
ilabp,11.5,17111871111,111,Small_DG,2027-11-07,70,35,Algonquin village,planned
ilabp,6.0,17167003901,167,Small_DG,2027-10-23,95,48,,planned
ilabp,7.68,17155954600,155,Small_DG,2027-10-23,105,53,,planned
ilabp,10.0,17031804803,031,Small_DG,2027-11-07,48,24,,planned
ilabp,11.5,17031839900,031,Small_DG,2027-11-07,1,1,Chicago city,planned
ilabp,11.5,17089850800,089,Small_DG,2027-11-07,43,22,Elgin city,planned
ilabp,11.5,17091011500,091,Small_DG,2027-11-07,79,40,Kankakee city,planned
ilabp,10.0,17163503102,163,Small_DG,2027-11-07,114,57,,planned
ilabp,7.6,17117956100,117,Small_DG,2027-11-07,108,54,,planned
ilabp,11.5,17121952600,121,Small_DG,2027-11-07,110,55,Centralia city,planned
ilabp,7.6,17057953300,057,Small_DG,2027-11-07,94,47,Canton city,planned
ilabp,11.5,17031822200,031,Small_DG,2027-11-07,31,16,Oak Lawn village,planned
ilabp,11.5,17019010902,019,Small_DG,2027-11-07,101,51,,planned
ilabp,3.8,17097864515,097,Small_DG,2027-11-07,51,26,Long Grove village,planned
ilabp,7.6,17031825503,031,Small_DG,2027-11-07,38,19,Hazel Crest village,planned
ilabp,10.0,17037000900,037,Small_DG,2027-10-23,76,38,DeKalb city,planned
ilabp,23.0,17197880425,197,Small_DG,2027-11-07,98,49,,planned
ilabp,5.76,17063000800,063,Small_DG,2027-11-07,106,53,,planned
ilabp,23.0,17099964000,099,Small_DG,2027-11-21,76,38,,planned
ilabp,15.2,17091011500,091,Small_DG,2027-11-07,79,40,Kankakee city,planned
ilabp,10.0,17031806001,031,Small_DG,2027-11-07,55,28,,planned
ilabp,10.0,17031730600,031,Small_DG,2027-11-07,27,14,Chicago city,planned
ilabp,10.0,17089850103,089,Small_DG,2027-11-07,66,33,,planned
ilabp,10.0,17031824900,031,Small_DG,2027-11-07,30,15,Markham city,planned
ilabp,10.0,17093890602,093,Small_DG,2027-11-07,75,38,,planned
ilabp,7.6,17031827801,031,Small_DG,2027-11-07,29,15,South Holland village,planned
ilabp,10.0,17111871113,111,Small_DG,2027-11-07,69,35,,planned
ilabp,3.8,17197883504,197,Small_DG,2027-11-07,38,19,Frankfort village,planned
ilabp,10.0,17031190200,031,Small_DG,2028-01-16,39,20,Chicago city,planned
ilabp,13.36,17031804108,031,Small_DG,2027-11-07,53,27,Schaumburg village,planned
ilabp,7.6,17031826500,031,Small_DG,2027-11-07,30,15,Dolton village,planned
ilabp,10.0,17031826202,031,Small_DG,2027-11-07,33,17,Calumet City city,planned
ilabp,7.6,17201000105,201,Small_DG,2027-10-23,90,45,Machesney Park village,planned
ilabp,10.0,17043841110,043,Small_DG,2027-10-23,48,24,Bloomingdale village,planned
ilabp,6.282,17121952300,121,Small_DG,2027-11-07,110,55,,planned
ilabp,11.5,17031807100,031,Small_DG,2027-11-07,17,9,Skokie village,planned
ilabp,12.14,17031221100,031,Small_DG,2027-10-23,39,20,Chicago city,planned
ilabp,5.76,17043841801,043,Small_DG,2027-11-07,47,24,Wheaton city,planned
ilabp,11.5,17031805112,031,Small_DG,2027-11-07,56,28,Des Plaines city,planned
ilabp,60.0,17189950300,189,Large_DG,2027-10-09,109,55,,planned
ilabp,23.0,17019010901,019,Small_DG,2027-11-07,101,51,,planned
ilabp,10.0,17199020900,199,Small_DG,2027-11-07,117,59,,planned
ilabp,10.0,17019005601,019,Small_DG,2027-10-23,103,52,Urbana city,planned
ilabp,220.0,17097865200,097,Large_DG,2028-02-19,58,29,Highwood city,planned
ilabp,5.76,17143003200,143,Small_DG,2027-11-07,73,37,Peoria city,planned
ilabp,20.0,17115002500,115,Small_DG,2027-10-23,107,54,,planned
ilabp,5.76,17103000900,103,Small_DG,2027-10-23,74,37,,planned
ilabp,10.0,17097860301,097,Small_DG,2027-10-23,61,31,Zion city,planned
ilabp,10.0,17031829903,031,Small_DG,2027-11-07,38,19,Country Club Hills city,planned
ilabp,50.0,17113005700,113,Large_DG,2027-10-09,88,44,,planned
ilabp,11.5,17031818402,031,Small_DG,2027-11-29,7,4,Westchester village,planned
ilabp,10.0,17089850106,089,Small_DG,2027-11-29,66,33,,planned
ilabp,11.5,17011964900,011,Small_DG,2027-11-21,73,37,,planned
ilabp,7.6,17043840910,043,Small_DG,2027-10-23,46,23,,planned
ilabp,10.0,17031828503,031,Small_DG,2027-10-23,34,17,Sauk Village village,planned
ilabp,11.5,17089850703,089,Small_DG,2027-11-21,70,35,,planned
ilabp,7.6,17031828503,031,Small_DG,2027-11-07,34,17,Sauk Village village,planned
ilabp,11.5,17031814900,031,Small_DG,2027-11-07,21,11,Berwyn city,planned
ilabp,5.76,17031820902,031,Small_DG,2027-11-21,22,11,Burbank city,planned
ilabp,11.5,17043846305,043,Small_DG,2027-11-21,81,41,Woodridge village,planned
ilabp,3.8,17043845802,043,Small_DG,2027-11-07,81,41,Darien city,planned
ilabp,5.76,17197880122,197,Small_DG,2027-10-23,98,49,Bolingbrook village,planned
ilabp,11.5,17201000506,201,Small_DG,2027-10-23,68,34,Rockford city,planned
ilabp,23.0,17197880123,197,Small_DG,2027-10-23,85,43,Bolingbrook village,planned
ilabp,11.5,17201000401,201,Small_DG,2027-11-07,68,34,Rockford city,planned
ilabp,10.0,17007010300,007,Small_DG,2027-10-23,68,34,Belvidere city,planned
ilabp,3.8,17197880109,197,Small_DG,2027-10-23,85,43,Bolingbrook village,planned
ilabp,10.0,17043840102,043,Small_DG,2027-10-23,48,24,Wood Dale city,planned
ilabp,10.0,17031750400,031,Small_DG,2027-10-23,35,18,Chicago city,planned
ilabp,10.0,17031660600,031,Small_DG,2027-10-23,6,3,Chicago city,planned
ilabp,5.76,17197882701,197,Small_DG,2027-11-07,86,43,Joliet city,planned
ilabp,5.76,17097860811,097,Small_DG,2027-11-07,61,31,,planned
ilabp,23.0,17097864901,097,Small_DG,2027-10-23,58,29,Deerfield village,planned
ilabp,11.5,17031826100,031,Small_DG,2027-11-07,33,17,Calumet City city,planned
ilabp,10.0,17043841324,043,Small_DG,2027-11-07,47,24,Carol Stream village,planned
ilabp,10.0,17031730400,031,Small_DG,2027-11-07,27,14,Chicago city,planned
ilabp,11.5,17031821200,031,Small_DG,2027-11-07,28,14,Blue Island city,planned
ilabp,11.5,17197880509,197,Small_DG,2027-11-07,85,43,Romeoville village,planned
ilabp,5.76,17043841314,043,Small_DG,2027-11-07,49,25,Bartlett village,planned
ilabp,3.8,17097864110,097,Small_DG,2027-11-29,62,31,Grayslake village,planned
ilabp,10.0,17031561000,031,Small_DG,2027-11-07,22,11,Chicago city,planned
ilabp,10.0,17197882200,197,Small_DG,2027-11-07,86,43,Joliet city,planned
ilabp,23.0,17031825503,031,Small_DG,2027-11-07,38,19,Hazel Crest village,planned
ilabp,10.0,17143004500,143,Small_DG,2027-11-07,93,47,,planned
ilabp,11.5,17143004600,143,Small_DG,2027-11-07,91,46,Bartonville village,planned
ilabp,3.8,17115002904,115,Small_DG,2027-11-07,88,44,,planned
ilabp,15.2,17179020301,179,Small_DG,2027-11-29,87,44,,planned
ilabp,11.5,17097863201,097,Small_DG,2027-11-07,60,30,North Chicago city,planned
ilabp,10.0,17031823002,031,Small_DG,2028-01-16,36,18,Chicago Ridge village,planned
ilabp,23.0,17197883212,197,Small_DG,2027-11-07,86,43,Shorewood village,planned
ilabp,10.0,17031834300,031,Small_DG,2027-11-07,33,17,Chicago city,planned
ilabp,10.0,17031520300,031,Small_DG,2027-11-07,25,13,Chicago city,planned
ilabp,11.5,17143004801,143,Small_DG,2027-11-07,93,47,,planned
ilabp,11.5,17031835600,031,Small_DG,2027-11-07,6,3,Chicago city,planned
ilabp,11.5,17073030500,073,Small_DG,2027-11-07,93,47,,planned
ilabp,11.5,17093890602,093,Small_DG,2027-11-07,75,38,,planned
ilabp,11.5,17031828508,031,Small_DG,2027-11-07,34,17,,planned
ilabp,11.5,17011964700,011,Small_DG,2027-11-07,73,37,,planned
ilabp,10.0,17031222200,031,Small_DG,2027-11-07,10,5,Chicago city,planned
ilabp,11.5,17143004801,143,Small_DG,2027-11-07,93,47,,planned
ilabp,150.0,17097865200,097,Large_DG,2028-02-19,58,29,Highwood city,planned
ilabp,129.9,17097865200,097,Large_DG,2028-02-19,58,29,Highwood city,planned
ilabp,7.6,17019005701,019,Small_DG,2027-11-21,103,52,Urbana city,planned
ilabp,11.5,17183010600,183,Small_DG,2027-11-21,104,52,,planned
ilabp,11.5,17179021201,179,Small_DG,2027-11-07,105,53,,planned
ilabp,11.4,17073031200,073,Small_DG,2027-11-07,93,47,,planned
ilabp,11.5,17029000400,029,Small_DG,2027-11-07,101,51,,planned
ilabp,11.5,17121951600,121,Small_DG,2027-11-07,110,55,,planned
ilabp,5.25,17161020102,161,Small_DG,2028-02-19,73,37,,planned
ilabp,11.5,17175951400,175,Small_DG,2027-11-07,93,47,,planned
ilabp,10.0,17021958700,021,Small_DG,2027-10-23,107,54,,planned
ilabp,23.0,17143004600,143,Small_DG,2027-11-07,91,46,Bartonville village,planned
ilabp,10.0,17121952300,121,Small_DG,2027-10-23,110,55,,planned
ilabp,11.5,17011965000,011,Small_DG,2027-11-07,76,38,,planned
ilabp,11.5,17179020500,179,Small_DG,2027-11-07,93,47,Marquette Heights city,planned
ilabp,11.5,17143002701,143,Small_DG,2027-11-07,92,46,Peoria city,planned
ilabp,11.5,17101880800,101,Small_DG,2027-11-07,102,51,,planned
ilabp,11.5,17143003900,143,Small_DG,2027-11-07,93,47,,planned
ilabp,11.5,17179022100,179,Small_DG,2027-11-07,91,46,,planned
ilabp,23.0,17179021102,179,Small_DG,2027-11-07,93,47,Pekin city,planned
ilabp,11.5,17123961300,123,Small_DG,2027-11-07,105,53,,planned
ilabp,11.5,17011964700,011,Small_DG,2027-11-07,73,37,,planned
ilabp,11.5,17203030700,203,Small_DG,2027-11-07,105,53,,planned
ilabp,11.5,17031610800,031,Small_DG,2027-11-07,6,3,Chicago city,planned
ilabp,11.5,17019010603,019,Small_DG,2027-11-07,101,51,Mahomet village,planned
ilabp,11.5,17137951600,137,Small_DG,2027-11-07,99,50,Jacksonville city,planned
ilabp,10.0,17031823200,031,Small_DG,2027-11-07,35,18,Alsip village,planned
ilabp,23.0,17123961300,123,Small_DG,2027-11-07,105,53,,planned
ilabp,11.5,17203030502,203,Small_DG,2027-11-07,73,37,Bay View Gardens village,planned
ilabp,11.5,17031803015,031,Small_DG,2027-11-07,54,27,Arlington Heights village,planned
ilabp,11.5,17173959200,173,Small_DG,2027-11-07,107,54,,planned
ilabp,5.12,17097864108,097,Small_DG,2027-10-23,59,30,Mundelein village,planned
ilabp,11.5,17043843400,043,Small_DG,2027-11-07,42,21,Lombard village,planned
ilabp,11.5,17183000700,183,Small_DG,2027-11-07,104,52,,planned
ilabp,11.5,17031807600,031,Small_DG,2027-11-07,16,8,Skokie village,planned
ilabp,11.5,17089850705,089,Small_DG,2027-11-07,70,35,Hampshire village,planned
ilabp,10.0,17055040900,055,Small_DG,2027-10-23,117,59,West Frankfort city,planned
ilabp,10.0,17089850705,089,Small_DG,2027-11-29,70,35,Hampshire village,planned
ilabp,11.5,17073030202,073,Small_DG,2027-11-21,93,47,,planned
ilabp,5.7,17109010900,109,Small_DG,2027-10-23,94,47,Macomb city,planned
ilabp,23.0,17143004101,143,Small_DG,2027-11-29,93,47,,planned
ilabp,11.5,17123961100,123,Small_DG,2027-11-21,105,53,,planned
ilabp,15.2,17017960300,017,Small_DG,2027-11-29,99,50,,planned
ilabp,11.5,17057952900,057,Small_DG,2027-11-29,94,47,,planned
ilabp,3.8,17199020900,199,Small_DG,2027-11-07,117,59,,planned
ilabp,11.5,17011964900,011,Small_DG,2027-11-07,73,37,,planned
ilabp,7.25,17197880428,197,Small_DG,2027-11-21,98,49,Joliet city,planned
ilabp,11.5,17111870402,111,Small_DG,2027-11-21,63,32,Woodstock city,planned
ilabp,10.0,17031440600,031,Small_DG,2028-01-16,34,17,Chicago city,planned
ilabp,11.5,17031804716,031,Small_DG,2027-11-29,44,22,Hoffman Estates village,planned
ilabp,11.5,17043840908,043,Small_DG,2027-11-07,46,23,,planned
ilabp,10.0,17089852806,089,Small_DG,2027-11-21,50,25,,planned
ilabp,19.47,17085020200,085,Small_DG,2027-11-21,89,45,Menominee village,planned
ilabp,11.5,17043840304,043,Small_DG,2027-11-07,46,23,Addison village,planned
ilabp,11.5,17031120400,031,Small_DG,2027-11-29,15,8,Chicago city,planned
ilabp,23.0,17055040300,055,Small_DG,2027-11-07,116,58,Christopher city,planned
ilabp,11.5,17063000900,063,Small_DG,2027-11-07,79,40,,planned
ilabp,11.5,17117956200,117,Small_DG,2027-11-07,100,50,,planned
ilabp,7.25,17141961400,141,Small_DG,2027-11-21,89,45,,planned
ilabp,11.5,17197883211,197,Small_DG,2027-11-07,86,43,Joliet city,planned
ilabp,23.0,17123961400,123,Small_DG,2027-11-07,105,53,,planned
ilabp,11.5,17179020500,179,Small_DG,2027-11-07,93,47,Marquette Heights city,planned
ilabp,11.5,17201001500,201,Small_DG,2027-11-07,68,34,Rockford city,planned
ilabp,11.5,17051951100,051,Small_DG,2027-11-07,110,55,,planned
ilabp,11.5,17031824124,031,Small_DG,2027-11-07,37,19,Orland Hills village,planned
ilabp,11.5,17099963200,099,Small_DG,2027-11-07,76,38,,planned
ilabp,11.5,17073031100,073,Small_DG,2027-11-07,93,47,Galva city,planned
ilabp,11.5,17117956900,117,Small_DG,2027-11-07,108,54,,planned
ilabp,19.0,17029000600,029,Small_DG,2027-11-07,102,51,,planned
ilabp,10.0,17113001107,113,Small_DG,2028-01-16,88,44,Bloomington city,planned
ilabp,10.0,17063000102,063,Small_DG,2028-01-16,75,38,Channahon village,planned
ilabp,20.0,17021958400,021,Small_DG,2027-11-21,107,54,Taylorville city,planned
ilabp,8.99,17011965500,011,Small_DG,2027-11-21,73,37,,planned
ilabp,20.0,17189950100,189,Small_DG,2027-11-21,109,55,,planned
ilabp,7.6,17031830202,031,Small_DG,2028-01-16,80,40,Park Forest village,planned
ilabp,15.2,17063000200,063,Small_DG,2027-11-29,75,38,,planned
ilabp,10.0,17167003601,167,Small_DG,2027-11-07,108,54,,planned
ilabp,11.52,17031560300,031,Small_DG,2027-11-29,1,1,Chicago city,planned
ilabp,7.6,17089852406,089,Small_DG,2027-11-29,65,33,Campton Hills village,planned
ilabp,23.0,17031828507,031,Small_DG,2028-01-16,33,17,Lansing village,planned
ilabp,23.0,17031804804,031,Small_DG,2027-11-29,56,28,Schaumburg village,planned
ilabp,23.0,17031804316,031,Small_DG,2027-11-29,43,22,Streamwood village,planned
ilabp,23.0,17031830003,031,Small_DG,2027-11-29,38,19,Matteson village,planned
ilabp,11.5,17107953500,107,Small_DG,2027-11-07,87,44,,planned
ilabp,11.5,17073030900,073,Small_DG,2027-11-21,93,47,Kewanee city,planned
ilabp,11.5,17089851904,089,Small_DG,2027-11-07,66,33,,planned
ilabp,11.5,17031805402,031,Small_DG,2027-11-07,15,8,Niles village,planned
ilabp,8.32,17043846411,043,Small_DG,2027-11-21,49,25,Naperville city,planned
ilabp,11.5,17073031100,073,Small_DG,2027-11-07,93,47,Galva city,planned
ilabp,11.5,17031825302,031,Small_DG,2027-11-07,30,15,,planned
ilabp,11.5,17031826402,031,Small_DG,2027-11-07,29,15,Dolton village,planned
ilabp,7.8,17141961301,141,Small_DG,2027-11-21,74,37,,planned
ilabp,23.0,17179021802,179,Small_DG,2027-11-29,93,47,,planned
ilabp,11.5,17201000514,201,Small_DG,2027-11-07,68,34,Cherry Valley village,planned
ilabp,11.5,17031810501,031,Small_DG,2027-11-07,20,10,Norridge village,planned
ilabp,240.0,17197880701,197,Large_DG,2027-11-21,85,43,Lockport city,planned
ilabp,11.5,17073031100,073,Small_DG,2027-11-07,93,47,Galva city,planned
ilabp,11.5,17183011100,183,Small_DG,2027-11-07,102,51,,planned
ilabp,11.5,17183011100,183,Small_DG,2027-11-29,102,51,,planned
ilabp,11.5,17089850707,089,Small_DG,2027-11-07,70,35,,planned
ilabp,11.5,17143003900,143,Small_DG,2027-11-07,93,47,,planned
ilabp,11.5,17167003801,167,Small_DG,2027-11-07,95,48,,planned
ilabp,23.0,17057953200,057,Small_DG,2027-11-07,94,47,,planned
ilabp,11.5,17057953900,057,Small_DG,2027-11-07,94,47,,planned
ilabp,7.6,17167004000,167,Small_DG,2027-11-21,87,44,,planned
ilabp,11.5,17179021000,179,Small_DG,2027-11-07,93,47,Pekin city,planned
ilabp,11.5,17179021802,179,Small_DG,2027-11-07,93,47,,planned
ilabp,11.5,17169970200,169,Small_DG,2027-11-21,99,50,,planned
ilabp,7.54,17163501602,163,Small_DG,2027-11-21,113,57,Belleville city,planned
ilabp,3.8,17031814900,031,Small_DG,2027-11-21,21,11,Berwyn city,planned
ilabp,11.5,17097861010,097,Small_DG,2027-11-07,64,32,Lake Villa village,planned
ilabp,11.5,17057953800,057,Small_DG,2027-11-07,94,47,Lewistown city,planned
ilabp,11.5,17125956600,125,Small_DG,2027-11-07,94,47,,planned
ilabp,11.5,17127970100,127,Small_DG,2027-11-07,117,59,,planned
ilabp,15.0,17141961001,141,Small_DG,2027-11-21,89,45,,planned
ilabp,11.5,17011965100,011,Small_DG,2027-11-07,76,38,,planned
ilabp,8.99,17199020500,199,Small_DG,2027-11-21,118,59,Herrin city,planned
ilabp,3.8,17197881500,197,Small_DG,2027-10-23,98,49,Joliet city,planned
ilabp,5.0,17041952200,041,Small_DG,2027-11-21,101,51,Tuscola city,planned
ilabp,8.0,17119401721,119,Small_DG,2027-11-21,111,56,Bethalto village,planned
ilabp,6.0,17071973400,071,Small_DG,2027-11-21,94,47,,planned
ilabp,8.0,17019010902,019,Small_DG,2027-11-21,101,51,,planned
ilabp,10.093,17179021500,179,Small_DG,2027-11-21,87,44,,planned
ilabp,14.965,17179021500,179,Small_DG,2027-11-21,87,44,,planned
ilabp,11.5,17097865801,097,Small_DG,2027-11-07,58,29,Highland Park city,planned
ilabp,11.5,17121951600,121,Small_DG,2027-11-29,110,55,,planned
ilabp,11.5,17019010701,019,Small_DG,2027-11-29,102,51,St. Joseph village,planned
ilabp,11.5,17179021802,179,Small_DG,2027-11-29,93,47,,planned
ilabp,11.5,17093890602,093,Small_DG,2027-11-29,75,38,,planned
ilabp,11.5,17073031100,073,Small_DG,2027-11-29,93,47,Galva city,planned
ilabp,11.5,17037002100,037,Small_DG,2027-11-29,75,38,,planned
ilabp,11.5,17125956800,125,Small_DG,2027-11-29,94,47,,planned
ilabp,23.0,17119403702,119,Small_DG,2028-01-16,109,55,,planned
ilabp,11.5,17115002902,115,Small_DG,2027-11-29,88,44,,planned
ilabp,11.5,17073031000,073,Small_DG,2027-11-29,93,47,,planned
ilabp,8.0,17119403001,119,Small_DG,2027-11-21,112,56,Edwardsville city,planned
ilabp,11.5,17183010800,183,Small_DG,2027-11-29,104,52,,planned
ilabp,23.0,17183010400,183,Small_DG,2027-11-29,104,52,,planned
ilabp,8.2,17201003904,201,Small_DG,2027-11-21,90,45,Roscoe village,planned
ilabp,12.07,17043845506,043,Small_DG,2027-11-21,81,41,Westmont village,planned
ilabp,23.0,17115002500,115,Small_DG,2027-11-07,107,54,,planned
ilabp,9.57,17197880323,197,Small_DG,2027-11-21,84,42,Naperville city,planned
ilabp,11.5,17183010400,183,Small_DG,2027-11-29,104,52,,planned
ilabp,11.5,17197880701,197,Small_DG,2027-11-29,85,43,Lockport city,planned
ilabp,11.5,17073031100,073,Small_DG,2027-11-29,93,47,Galva city,planned
ilabp,11.5,17097863201,097,Small_DG,2027-11-29,60,30,North Chicago city,planned
ilabp,11.5,17175951500,175,Small_DG,2027-11-29,93,47,,planned
ilabp,11.5,17201000514,201,Small_DG,2027-11-29,68,34,Cherry Valley village,planned
ilabp,11.5,17073031100,073,Small_DG,2027-11-29,93,47,Galva city,planned
ilabp,5.7,17019010901,019,Small_DG,2027-10-23,101,51,,planned
ilabp,15.2,17117956300,117,Small_DG,2027-10-23,108,54,,planned
ilabp,11.5,17053962000,053,Small_DG,2027-11-29,106,53,Gibson City city,planned
ilabp,11.5,17197880701,197,Small_DG,2027-11-29,85,43,Lockport city,planned
ilabp,11.5,17031826201,031,Small_DG,2027-11-29,29,15,,planned
ilabp,3320.0,17075950700,075,Large_DG,2028-05-29,106,53,,planned
ilabp,11.5,17019001203,019,Small_DG,2027-11-29,104,52,Champaign city,planned
ilabp,11.5,17019005402,019,Small_DG,2027-11-29,104,52,,planned
ilabp,11.5,17183010800,183,Small_DG,2027-11-29,104,52,,planned
ilabp,15.2,17143004000,143,Small_DG,2027-10-23,93,47,,planned
ilabp,5.51,17043842703,043,Small_DG,2027-11-21,47,24,Wheaton city,planned
ilabp,10.0,17011965500,011,Small_DG,2028-01-16,73,37,,planned
ilabp,18.15,17123961400,123,Small_DG,2027-11-07,105,53,,planned
ilabp,11.5,17203030200,203,Small_DG,2027-11-29,105,53,,planned
ilabp,11.5,17037000500,037,Small_DG,2027-11-29,89,45,,planned
ilabp,3.8,17097862501,097,Small_DG,2027-11-21,60,30,Waukegan city,planned
ilabp,6.96,17035972600,035,Small_DG,2027-11-21,102,51,,planned
ilabp,10.0,17031806502,031,Small_DG,2027-11-29,55,28,Des Plaines city,planned
ilabp,5.76,17031804509,031,Small_DG,2027-11-29,44,22,Streamwood village,planned
ilabp,11.52,17031819400,031,Small_DG,2027-11-29,21,11,Brookfield village,planned
ilabp,10.0,17031802610,031,Small_DG,2028-01-16,57,29,Mount Prospect village,planned
ilabp,10.0,17037001500,037,Small_DG,2027-11-29,76,38,,planned
ilabp,10.0,17031825802,031,Small_DG,2027-11-29,29,15,Calumet City city,planned
ilabp,10.0,17031823803,031,Small_DG,2027-11-29,36,18,Palos Hills city,planned
ilabp,5.76,17111871111,111,Small_DG,2027-11-29,70,35,Algonquin village,planned
ilabp,23.0,17031828505,031,Small_DG,2028-01-16,34,17,,planned
ilabp,5.76,17111871207,111,Small_DG,2027-11-29,66,33,Lake in the Hills village,planned
ilabp,11.5,17031830003,031,Small_DG,2027-11-29,38,19,Matteson village,planned
ilabp,7.6,17043846311,043,Small_DG,2027-11-29,85,43,Woodridge village,planned
ilabp,23.0,17197880317,197,Small_DG,2027-11-29,97,49,Bolingbrook village,planned
ilabp,5.76,17093890301,093,Small_DG,2027-11-29,83,42,,planned
ilabp,5.76,17031500100,031,Small_DG,2027-11-29,34,17,Chicago city,planned
ilabp,11.5,17197880124,197,Small_DG,2027-11-29,98,49,Bolingbrook village,planned
ilabp,11.5,17043841401,043,Small_DG,2027-11-29,49,25,,planned
ilabp,11.5,17173959300,173,Small_DG,2027-11-29,107,54,Shelbyville city,planned
ilabp,11.5,17197880432,197,Small_DG,2028-01-16,97,49,Joliet city,planned
ilabp,11.5,17143003800,143,Small_DG,2027-11-29,93,47,,planned
ilabp,11.5,17115001200,115,Small_DG,2027-11-29,96,48,Decatur city,planned
ilabp,23.0,17019001301,019,Small_DG,2027-11-29,103,52,Champaign city,planned
ilabp,23.0,17197880317,197,Small_DG,2027-11-21,97,49,Bolingbrook village,planned
ilabp,7.98,17197883902,197,Small_DG,2027-11-21,29,15,Beecher village,planned
ilabp,10.0,17031222200,031,Small_DG,2027-11-21,10,5,Chicago city,planned
ilabp,1800.0,17165955100,165,Large_DG,2028-05-29,117,59,Eldorado city,planned
ilabp,8.0,17115002200,115,Small_DG,2027-11-21,88,44,,planned
ilabp,16.0,17183010800,183,Small_DG,2027-11-21,104,52,,planned
ilabp,5.7,17179022400,179,Small_DG,2027-11-21,91,46,,planned
ilabp,11.5,17043842100,043,Small_DG,2027-11-21,42,21,Glen Ellyn village,planned
ilabp,10.0,17021958100,021,Small_DG,2027-11-21,96,48,,planned
ilabp,11.5,17097864409,097,Small_DG,2027-11-07,51,26,Lake Zurich village,planned
ilabp,3.8,17111871311,111,Small_DG,2027-11-07,63,32,Lake in the Hills village,planned
ilabp,5.76,17043841209,043,Small_DG,2027-11-29,46,23,Carol Stream village,planned
ilabp,15.2,17057952900,057,Small_DG,2027-11-21,94,47,,planned
ilabp,4482.0,17089852403,089,Large_DG,2028-05-29,70,35,,planned
ilabp,11.5,17031826500,031,Small_DG,2027-11-29,30,15,Dolton village,planned
ilabp,11.5,17143004901,143,Small_DG,2027-11-29,93,47,,planned
ilabp,11.5,17031825803,031,Small_DG,2027-11-29,29,15,Calumet City city,planned
ilabp,11.5,17089852408,089,Small_DG,2027-11-29,65,33,Campton Hills village,planned
ilabp,11.5,17037000401,037,Small_DG,2027-11-29,70,35,,planned
ilabp,12.92,17199020201,199,Small_DG,2027-11-21,118,59,Carterville city,planned
ilabp,10.0,17021958500,021,Small_DG,2027-11-21,107,54,Taylorville city,planned
ilabp,10.0,17043840304,043,Small_DG,2027-11-07,46,23,Addison village,planned
ilabp,10.0,17183010300,183,Small_DG,2027-11-21,101,51,,planned
ilabp,10.0,17031808301,031,Small_DG,2027-11-29,15,8,Morton Grove village,planned
ilabp,23.0,17031804607,031,Small_DG,2027-11-29,48,24,Elk Grove Village village,planned
ilabp,10.0,17031823803,031,Small_DG,2028-01-16,36,18,Palos Hills city,planned
ilabp,3.8,17063000103,063,Small_DG,2028-01-16,106,53,Channahon village,planned
ilabp,7.6,17031822000,031,Small_DG,2028-01-16,31,16,Hometown city,planned
ilabp,3.8,17043841205,043,Small_DG,2028-01-16,47,24,Carol Stream village,planned
ilabp,5.76,17113001200,113,Small_DG,2028-01-16,91,46,Bloomington city,planned
ilabp,10.0,17201003805,201,Small_DG,2027-11-29,90,45,Machesney Park village,planned
ilabp,15.76,17111871502,111,Small_DG,2028-01-16,63,32,,planned
ilabp,10.0,17031823101,031,Small_DG,2028-01-16,36,18,Worth village,planned
ilabp,10.0,17031828801,031,Small_DG,2028-01-16,30,15,Flossmoor village,planned
ilabp,10.0,17031825505,031,Small_DG,2028-01-16,38,19,Country Club Hills city,planned
ilabp,7.6,17201004200,201,Small_DG,2027-11-29,89,45,,planned
ilabp,5.76,17031822301,031,Small_DG,2028-01-16,31,16,Oak Lawn village,planned
ilabp,10.0,17031670900,031,Small_DG,2028-01-16,6,3,Chicago city,planned
ilabp,5.76,17197881113,197,Small_DG,2027-11-29,80,40,,planned
ilabp,11.5,17031830201,031,Small_DG,2027-11-29,80,40,Richton Park village,planned
ilabp,11.5,17029000300,029,Small_DG,2027-11-29,101,51,,planned
ilabp,3.8,17031831600,031,Small_DG,2027-11-29,3,2,Chicago city,planned
ilabp,11.5,17037000600,037,Small_DG,2027-11-29,70,35,Sycamore city,planned
ilabp,11.5,17019010902,019,Small_DG,2027-11-29,101,51,,planned
ilabp,11.5,17113000301,113,Small_DG,2027-11-29,91,46,Normal town,planned
ilabp,16.0,17107952900,107,Small_DG,2027-11-07,87,44,,planned
ilabp,11.5,17093890404,093,Small_DG,2027-10-23,83,42,Montgomery village,planned
ilabp,11.5,17203030100,203,Small_DG,2027-11-07,105,53,,planned
ilabp,5.76,17115002402,115,Small_DG,2028-01-16,88,44,,planned
ilabp,5.85,17005951400,005,Small_DG,2027-11-21,109,55,,planned
ilabp,2.32,17031802900,031,Small_DG,2027-11-21,54,27,Arlington Heights village,planned
ilabp,10.0,17031804506,031,Small_DG,2028-01-16,49,25,Bartlett village,planned
ilabp,8.12,17031829800,031,Small_DG,2027-10-23,30,15,Flossmoor village,planned
ilabp,9.57,17055040800,055,Small_DG,2028-03-03,117,59,,planned
ilabp,11.5,17053961800,053,Small_DG,2027-10-23,106,53,Paxton city,planned
ilabp,7.6,17031803702,031,Small_DG,2027-10-23,51,26,Palatine village,planned
ilabp,11.5,17019001204,019,Small_DG,2027-10-23,104,52,Champaign city,planned
ilabp,13.92,17179021802,179,Small_DG,2027-11-07,93,47,,planned
ilabp,15.0,17097860811,097,Small_DG,2027-11-29,61,31,,planned
ilabp,5.7,17103000400,103,Small_DG,2027-10-23,74,37,,planned
ilabp,10.0,17037000401,037,Small_DG,2028-01-16,70,35,,planned
ilabp,5.51,17097863601,097,Small_DG,2027-11-07,62,31,Waukegan city,planned
ilabp,8.99,17097864512,097,Small_DG,2027-11-07,51,26,Long Grove village,planned
ilabp,5.7,17201000514,201,Small_DG,2027-10-23,68,34,Cherry Valley village,planned
ilabp,13.36,17089852101,089,Small_DG,2028-01-16,65,33,,planned
ilabp,10.0,17027900602,027,Small_DG,2027-10-23,109,55,,planned
ilabp,5.76,17043840901,043,Small_DG,2028-01-16,48,24,,planned
ilabp,4.35,17031241200,031,Small_DG,2027-10-23,4,2,Chicago city,planned
ilabp,11.5,17043844901,043,Small_DG,2027-10-23,81,41,Downers Grove village,planned
ilabp,5000.0,17111870906,111,Large_DG,2028-05-21,63,32,,planned
ilabp,10.0,17019000902,019,Small_DG,2027-11-21,104,52,,planned
ilabp,23.0,17097863904,097,Small_DG,2027-10-23,59,30,Vernon Hills village,planned
ilabp,5.76,17175951400,175,Small_DG,2027-11-29,93,47,,planned
ilabp,10.0,17031821402,031,Small_DG,2028-01-16,28,14,Calumet Park village,planned
ilabp,11.5,17115001802,115,Small_DG,2027-11-29,88,44,Decatur city,planned
ilabp,10.0,17019001400,019,Small_DG,2027-11-07,104,52,,planned
ilabp,11.5,17033880600,033,Small_DG,2027-11-29,102,51,,planned
ilabp,3.48,17099962400,099,Small_DG,2027-11-29,75,38,,planned
ilabp,10.0,17119403502,119,Small_DG,2027-11-21,109,55,,planned
ilabp,11.5,17031828507,031,Small_DG,2027-11-29,33,17,Lansing village,planned
ilabp,11.5,17031730600,031,Small_DG,2027-11-29,27,14,Chicago city,planned
ilabp,5.76,17031480400,031,Small_DG,2028-01-16,33,17,Chicago city,planned
ilabp,23.0,17019010601,019,Small_DG,2027-11-29,101,51,,planned
ilabp,23.0,17091010400,091,Small_DG,2027-10-23,79,40,,planned
ilabp,3.8,17031827804,031,Small_DG,2028-01-16,29,15,South Holland village,planned
ilabp,11.5,17197881113,197,Small_DG,2027-10-23,80,40,,planned
ilabp,8.99,17111870809,111,Small_DG,2027-10-23,63,32,Prairie Grove village,planned
ilabp,6.09,17043842100,043,Small_DG,2027-11-21,42,21,Glen Ellyn village,planned
ilabp,11.5,17197880204,197,Small_DG,2028-01-16,85,43,Romeoville village,planned
ilabp,7.6,17031806004,031,Small_DG,2028-01-16,15,8,Niles village,planned
ilabp,6.0,17201000510,201,Small_DG,2028-01-16,68,34,Rockford city,planned
ilabp,11.4,17083010402,083,Small_DG,2027-11-07,100,50,,planned
ilabp,6.0,17031520300,031,Small_DG,2027-11-29,25,13,Chicago city,planned
ilabp,6.08,17031050200,031,Small_DG,2027-11-07,11,6,Chicago city,planned
ilabp,10.0,17115002402,115,Small_DG,2027-11-07,88,44,,planned
ilabp,10.0,17019005602,019,Small_DG,2027-11-07,104,52,,planned
ilabp,10.0,17019001100,019,Small_DG,2027-11-07,103,52,Champaign city,planned
ilabp,4.06,17097863902,097,Small_DG,2027-11-07,59,30,Vernon Hills village,planned
ilabp,10.0,17143003404,143,Small_DG,2028-01-16,73,37,Peoria city,planned
ilabp,12.39,17085020101,085,Small_DG,2027-11-07,89,45,,planned
ilabp,8.448,17095001300,095,Small_DG,2027-11-07,71,36,Knoxville city,planned
ilabp,11.5,17197880125,197,Small_DG,2027-11-07,98,49,Bolingbrook village,planned
ilabp,11.5,17201000515,201,Small_DG,2028-01-16,68,34,Rockford city,planned
ilabp,10.0,17043841315,043,Small_DG,2028-01-16,56,28,Hanover Park village,planned
ilabp,10.0,17027900500,027,Small_DG,2027-11-29,110,55,,planned
ilabp,10.0,17093890105,093,Small_DG,2028-01-16,97,49,,planned
ilabp,11.5,17031010503,031,Small_DG,2027-11-29,14,7,Chicago city,planned
ilabp,10.0,17093890404,093,Small_DG,2028-01-16,83,42,Montgomery village,planned
ilabp,10.0,17111871114,111,Small_DG,2027-11-07,69,35,Huntley village,planned
ilabp,200.0,17067954300,067,Large_DG,2027-11-07,94,47,,planned
ilabp,13.36,17093890401,093,Small_DG,2028-01-16,75,38,,planned
ilabp,11.4,17139976900,139,Small_DG,2027-11-21,107,54,,planned
ilabp,11.5,17041952100,041,Small_DG,2027-11-29,101,51,,planned
ilabp,10.0,17091010203,091,Small_DG,2028-01-30,29,15,,planned
ilabp,23.0,17091010900,091,Small_DG,2028-01-16,34,17,,planned
ilabp,10.0,17031824800,031,Small_DG,2028-01-16,30,15,Posen village,planned
ilabp,11.5,17113005501,113,Small_DG,2027-11-29,88,44,,planned
ilabp,11.5,17031811800,031,Small_DG,2028-01-16,77,39,Northlake city,planned
ilabp,10.0,17031830400,031,Small_DG,2028-01-16,79,40,Park Forest village,planned
ilabp,11.4,17177000900,177,Small_DG,2028-02-19,90,45,Freeport city,planned
ilabp,23.0,17075950500,075,Small_DG,2027-11-29,106,53,,planned
ilabp,10.0,17117956600,117,Small_DG,2027-11-29,100,50,,planned
ilabp,36.0,17105960400,105,Large_DG,2027-11-21,105,53,,planned
ilabp,11.5,17097864407,097,Small_DG,2028-01-16,51,26,,planned
ilabp,10.0,17097865801,097,Small_DG,2028-01-16,58,29,Highland Park city,planned
ilabp,5.8,17197881116,197,Small_DG,2027-11-29,37,19,New Lenox village,planned
ilabp,11.5,17197883218,197,Small_DG,2027-11-29,97,49,,planned
ilabp,11.5,17203030700,203,Small_DG,2027-11-29,105,53,,planned
ilabp,10.0,17197883603,197,Small_DG,2028-01-16,79,40,University Park village,planned
ilabp,12.215,17157950700,157,Small_DG,2027-11-07,115,58,,planned
ilabp,11.5,17031827804,031,Small_DG,2027-11-29,29,15,South Holland village,planned
ilabp,11.5,17197880414,197,Small_DG,2028-01-16,98,49,,planned
ilabp,11.5,17031825803,031,Small_DG,2027-11-29,29,15,Calumet City city,planned
ilabp,7.6,17031828801,031,Small_DG,2028-01-16,30,15,Flossmoor village,planned
ilabp,11.5,17019010500,019,Small_DG,2027-11-29,101,51,Fisher village,planned
ilabp,11.5,17029001000,029,Small_DG,2027-11-29,101,51,,planned
ilabp,7.6,17089851907,089,Small_DG,2028-01-16,65,33,South Elgin village,planned
ilabp,23.0,17203030100,203,Small_DG,2027-11-29,105,53,,planned
ilabp,11.5,17107952900,107,Small_DG,2027-11-29,87,44,,planned
ilabp,17.1,17051950500,051,Small_DG,2027-11-29,110,55,,planned
ilabp,11.5,17175951500,175,Small_DG,2027-11-29,93,47,,planned
ilabp,11.5,17175951400,175,Small_DG,2027-11-29,93,47,,planned
ilabp,11.5,17197880314,197,Small_DG,2027-11-29,97,49,,planned
ilabp,11.5,17099964100,099,Small_DG,2028-01-16,106,53,,planned
ilabp,11.5,17089851912,089,Small_DG,2027-11-29,65,33,,planned
ilabp,11.5,17037000401,037,Small_DG,2027-11-29,70,35,,planned
ilabp,11.5,17143004500,143,Small_DG,2027-11-29,93,47,,planned
ilabp,20.0,17143004000,143,Small_DG,2028-01-16,93,47,,planned
ilabp,23.0,17073031000,073,Small_DG,2027-11-29,93,47,,planned
ilabp,23.0,17113006000,113,Small_DG,2027-11-29,87,44,,planned
ilabp,10.0,17019005701,019,Small_DG,2027-11-21,103,52,Urbana city,planned
ilabp,10.0,17019010701,019,Small_DG,2027-11-21,102,51,St. Joseph village,planned
ilabp,6.38,17031824119,031,Small_DG,2028-01-30,37,19,Orland Park village,planned
ilabp,10.0,17019010901,019,Small_DG,2027-11-21,101,51,,planned
ilabp,6.96,17147954700,147,Small_DG,2027-11-21,88,44,,planned
ilabp,7.6,17197882300,197,Small_DG,2028-01-16,86,43,Ingalls Park CDP,planned
ilabp,5.76,17183010600,183,Small_DG,2028-01-16,104,52,,planned
ilabp,3.8,17197880602,197,Small_DG,2028-01-16,85,43,Lockport city,planned
ilabp,11.4,17019010603,019,Small_DG,2028-01-16,101,51,Mahomet village,planned
ilabp,23.0,17031827200,031,Small_DG,2028-01-16,30,15,Phoenix village,planned
ilabp,5.76,17019000902,019,Small_DG,2028-01-30,104,52,,planned
ilabp,10.0,17111870403,111,Small_DG,2028-01-16,69,35,,planned
ilabp,7.6,17197881112,197,Small_DG,2028-01-16,80,40,New Lenox village,planned
ilabp,11.5,17163503404,163,Small_DG,2027-11-29,112,56,,planned
ilabp,15.2,17037000401,037,Small_DG,2028-01-16,70,35,,planned
ilabp,10.0,17095000400,095,Small_DG,2028-01-16,71,36,Galesburg city,planned
ilabp,23.0,17089850105,089,Small_DG,2027-11-29,66,33,,planned
ilabp,11.5,17123961300,123,Small_DG,2027-11-29,105,53,,planned
ilabp,3.141,17199020300,199,Small_DG,2027-11-21,118,59,,planned
ilabp,23.0,17203030700,203,Small_DG,2027-11-29,105,53,,planned
ilabp,11.5,17133600102,133,Small_DG,2027-11-07,115,58,,planned
ilabp,11.5,17197880602,197,Small_DG,2027-11-29,85,43,Lockport city,planned
ilabp,11.5,17191955000,191,Small_DG,2027-11-29,116,58,,planned
ilabp,51.9,17201000514,201,Large_DG,2027-11-21,68,34,Cherry Valley village,planned
ilabp,23.0,17179022000,179,Small_DG,2027-11-29,87,44,,planned
ilabp,7.6,17111870501,111,Small_DG,2027-11-29,64,32,Wonder Lake village,planned
ilabp,10.0,17019010603,019,Small_DG,2027-11-07,101,51,Mahomet village,planned
ilabp,23.0,17089852101,089,Small_DG,2028-01-16,65,33,,planned
ilabp,7.6,17041952300,041,Small_DG,2027-11-29,101,51,,planned
ilabp,10.0,17031827805,031,Small_DG,2028-01-16,29,15,South Holland village,planned
ilabp,10.0,17031829401,031,Small_DG,2028-01-16,80,40,Chicago Heights city,planned
ilabp,875.0,17031770601,031,Large_DG,2028-01-16,56,28,Des Plaines city,planned
ilabp,10.0,17089850711,089,Small_DG,2028-01-16,65,33,,planned
ilabp,11.5,17055040200,055,Small_DG,2027-11-29,116,58,North City village,planned
ilabp,23.0,17073030500,073,Small_DG,2027-11-29,93,47,,planned
ilabp,11.5,17197880701,197,Small_DG,2027-11-29,85,43,Lockport city,planned
ilabp,11.5,17089853007,089,Small_DG,2028-01-16,50,25,Aurora city,planned
ilabp,11.5,17183010200,183,Small_DG,2027-11-29,101,51,Hoopeston city,planned
ilabp,5.7,17089851911,089,Small_DG,2028-01-16,66,33,Elgin city,planned
ilabp,10.0,17119403532,119,Small_DG,2027-11-21,109,55,,planned
ilabp,10.0,17111871109,111,Small_DG,2028-01-16,69,35,Lake in the Hills village,planned
ilabp,10.0,17019000902,019,Small_DG,2027-11-07,104,52,,planned
ilabp,10.0,17197883606,197,Small_DG,2028-01-16,79,40,University Park village,planned
ilabp,10.0,17031817200,031,Small_DG,2028-01-16,7,4,Maywood village,planned
ilabp,7.6,17093890502,093,Small_DG,2028-01-16,75,38,,planned
ilabp,7.6,17089850101,089,Small_DG,2028-01-16,52,26,Barrington Hills village,planned
ilabp,10.0,17031830004,031,Small_DG,2028-01-16,38,19,Matteson village,planned
ilabp,10.0,17043840600,043,Small_DG,2028-01-16,45,23,Elmhurst city,planned
ilabp,7.6,17043843301,043,Small_DG,2028-01-16,46,23,Lombard village,planned
ilabp,7.6,17091012400,091,Small_DG,2028-01-16,79,40,Kankakee city,planned
ilabp,10.0,17183010100,183,Small_DG,2028-01-16,101,51,,planned
ilabp,11.5,17179022000,179,Small_DG,2027-11-29,87,44,,planned
ilabp,11.5,17089851911,089,Small_DG,2028-01-16,66,33,Elgin city,planned
ilabp,10.15,17199021200,199,Small_DG,2027-11-29,118,59,Marion city,planned
ilabp,8.93,17089851904,089,Small_DG,2027-11-21,66,33,,planned
ilabp,11.5,17031130300,031,Small_DG,2027-11-29,15,8,Chicago city,planned
ilabp,18.5,17141961302,141,Small_DG,2027-11-21,89,45,,planned
ilabp,5.7,17201003400,201,Small_DG,2028-01-16,67,34,Rockford city,planned
ilabp,11.5,17031826100,031,Small_DG,2028-01-16,33,17,Calumet City city,planned
ilabp,5.7,17009970500,009,Small_DG,2027-10-23,99,50,Mount Sterling city,planned
ilabp,11.5,17197880414,197,Small_DG,2027-11-29,98,49,,planned
ilabp,10.0,17043841206,043,Small_DG,2027-11-07,47,24,Carol Stream village,planned
ilabp,9.5,17043846311,043,Small_DG,2027-11-07,85,43,Woodridge village,planned
ilabp,7.98,17097865200,097,Small_DG,2027-11-21,58,29,Highwood city,planned
ilabp,7.6,17043842603,043,Small_DG,2027-11-21,47,24,Wheaton city,planned
ilabp,11.78,17097861010,097,Small_DG,2027-11-21,64,32,Lake Villa village,planned
ilabp,7.6,17115002500,115,Small_DG,2028-01-16,107,54,,planned
ilabp,11.5,17031828702,031,Small_DG,2027-11-29,29,15,Glenwood village,planned
ilabp,11.5,17197880324,197,Small_DG,2028-01-16,84,42,Aurora city,planned
ilabp,10.0,17113005602,113,Small_DG,2028-01-16,88,44,,planned
ilabp,11.5,17031825803,031,Small_DG,2027-11-29,29,15,Calumet City city,planned
ilabp,23.0,17143004600,143,Small_DG,2028-01-16,91,46,Bartonville village,planned
ilabp,4.35,17119403801,119,Small_DG,2027-11-07,109,55,,planned
ilabp,11.5,17095001300,095,Small_DG,2027-11-29,71,36,Knoxville city,planned
ilabp,23.0,17093890702,093,Small_DG,2028-01-16,75,38,,planned
ilabp,11.5,17183010800,183,Small_DG,2028-01-16,104,52,,planned
ilabp,7.6,17179020302,179,Small_DG,2028-01-16,87,44,East Peoria city,planned
ilabp,11.5,17197883208,197,Small_DG,2027-11-29,98,49,Joliet city,planned
ilabp,11.5,17099964000,099,Small_DG,2028-01-16,76,38,,planned
ilabp,11.5,17107953100,107,Small_DG,2027-11-29,87,44,,planned
ilabp,11.5,17031817200,031,Small_DG,2028-01-16,7,4,Maywood village,planned
ilabp,5.76,17111871109,111,Small_DG,2028-01-16,69,35,Lake in the Hills village,planned
ilabp,10.0,17197880317,197,Small_DG,2028-01-16,97,49,Bolingbrook village,planned
ilabp,11.5,17119400802,119,Small_DG,2027-11-29,111,56,Granite City city,planned
ilabp,13.36,17031825503,031,Small_DG,2028-01-16,38,19,Hazel Crest village,planned
ilabp,13.8,17197880319,197,Small_DG,2027-11-29,97,49,Plainfield village,planned
ilabp,11.52,17201000513,201,Small_DG,2028-01-16,68,34,Rockford city,planned
ilabp,11.52,17093890501,093,Small_DG,2028-01-16,75,38,Plano city,planned
ilabp,5.85,17067953700,067,Small_DG,2028-01-30,94,47,,planned
ilabp,10.0,17031827802,031,Small_DG,2028-01-16,29,15,South Holland village,planned
ilabp,11.5,17115001500,115,Small_DG,2027-11-29,96,48,,planned
ilabp,11.5,17089850709,089,Small_DG,2027-11-29,65,33,,planned
ilabp,11.5,17197880314,197,Small_DG,2028-01-16,97,49,,planned
ilabp,11.5,17031830008,031,Small_DG,2028-01-16,38,19,Richton Park village,planned
ilabp,11.5,17113005202,113,Small_DG,2027-11-29,87,44,,planned
ilabp,11.5,17019001000,019,Small_DG,2028-01-16,103,52,Champaign city,planned
ilabp,5.7,17173959600,173,Small_DG,2027-10-23,107,54,,planned
ilabp,4.35,17031804404,031,Small_DG,2028-01-30,43,22,Elgin city,planned
ilabp,11.5,17117957100,117,Small_DG,2027-11-29,108,54,,planned
ilabp,4.93,17031840200,031,Small_DG,2027-11-07,24,12,Chicago city,planned
ilabp,23.0,17107953400,107,Small_DG,2027-11-29,87,44,Lincoln city,planned
ilabp,11.5,17039971700,039,Small_DG,2027-11-29,87,44,Clinton city,planned
ilabp,3.19,17099962600,099,Small_DG,2027-11-29,76,38,Ottawa city,planned
ilabp,11.5,17031827300,031,Small_DG,2027-11-29,30,15,Harvey city,planned
ilabp,11.5,17075950600,075,Small_DG,2027-11-29,106,53,,planned
ilabp,11.5,17093890403,093,Small_DG,2027-11-29,83,42,Oswego village,planned
ilabp,11.5,17093890703,093,Small_DG,2027-11-29,75,38,,planned
ilabp,23.0,17107952900,107,Small_DG,2027-11-29,87,44,,planned
ilabp,11.5,17197881601,197,Small_DG,2027-11-29,86,43,Joliet city,planned
ilabp,11.5,17107952900,107,Small_DG,2027-11-29,87,44,,planned
ilabp,11.5,17165955900,165,Small_DG,2027-11-29,117,59,Harrisburg city,planned
ilabp,11.5,17051950500,051,Small_DG,2027-11-29,110,55,,planned
ilabp,11.5,17191955000,191,Small_DG,2027-11-29,116,58,,planned
ilabp,11.5,17131040300,131,Small_DG,2027-11-29,94,47,Aledo city,planned
ilabp,11.5,17001000500,001,Small_DG,2027-11-29,99,50,Quincy city,planned
ilabp,23.0,17163504358,163,Small_DG,2027-11-29,114,57,,planned
ilabp,10.0,17097862502,097,Small_DG,2027-11-29,60,30,Waukegan city,planned
ilabp,11.5,17107953500,107,Small_DG,2027-11-29,87,44,,planned
ilabp,10.0,17073030900,073,Small_DG,2027-11-29,93,47,Kewanee city,planned
ilabp,11.5,17029000400,029,Small_DG,2027-11-29,101,51,,planned
ilabp,2.9,17031803017,031,Small_DG,2027-11-21,54,27,Arlington Heights village,planned
ilabp,6.67,17031620100,031,Small_DG,2027-11-07,22,11,Chicago city,planned
ilabp,4.64,17197880105,197,Small_DG,2027-10-23,98,49,Bolingbrook village,planned
ilabp,12.16,17195000100,195,Small_DG,2027-11-07,74,37,,planned
ilabp,10.44,17119403122,119,Small_DG,2027-10-23,112,56,,planned
ilabp,5000.0,17045070300,045,Large_DG,2029-07-30,102,51,Paris city,planned
ilabp,11.5,17021959000,021,Small_DG,2027-11-29,108,54,,planned
ilabp,10.0,17031824126,031,Small_DG,2028-01-16,,,Tinley Park village,planned
ilabp,11.5,17031804312,031,Small_DG,2027-11-29,43,22,,planned
ilabp,11.4,17097864520,097,Small_DG,2028-01-16,59,30,Buffalo Grove village,planned
ilabp,11.5,17197880428,197,Small_DG,2027-11-29,98,49,Joliet city,planned
ilabp,11.5,17183010200,183,Small_DG,2027-11-29,101,51,Hoopeston city,planned
ilabp,11.5,17183011100,183,Small_DG,2027-11-29,102,51,,planned
ilabp,7.6,17031816300,031,Small_DG,2027-11-29,77,39,Melrose Park village,planned
ilabp,9.56,17183000300,183,Small_DG,2027-11-29,104,52,Danville city,planned
ilabp,11.5,17197881604,197,Small_DG,2027-11-29,98,49,Joliet city,planned
ilabp,15.2,17113005900,113,Small_DG,2027-11-29,91,46,Bloomington city,planned
ilabp,11.5,17119404100,119,Small_DG,2027-11-29,111,56,Madison city,planned
ilabp,6.4,17037001400,037,Small_DG,2027-11-21,74,37,,planned
ilabp,11.5,17107953500,107,Small_DG,2027-11-29,87,44,,planned
ilabp,11.5,17031804803,031,Small_DG,2028-01-16,48,24,,planned
ilabp,13.3,17019010702,019,Small_DG,2028-01-16,104,52,,planned
ilabp,10.0,17043841316,043,Small_DG,2028-01-16,49,25,Bartlett village,planned
ilabp,11.5,17163502800,163,Small_DG,2027-11-29,114,57,Centreville city,planned
ilabp,5.7,17019010603,019,Small_DG,2027-11-21,101,51,Mahomet village,planned
ilabp,10.0,17031806005,031,Small_DG,2028-01-16,55,28,,planned
ilabp,23.0,17019005402,019,Small_DG,2027-11-29,104,52,,planned
ilabp,23.0,17097864512,097,Small_DG,2028-01-16,51,26,Long Grove village,planned
ilabp,7.6,17043846408,043,Small_DG,2027-11-21,50,25,Aurora city,planned
ilabp,11.5,17149952400,149,Small_DG,2027-11-29,100,50,,planned
ilabp,11.5,17031828802,031,Small_DG,2027-11-29,80,40,Chicago Heights city,planned
ilabp,7.6,17089851400,089,Small_DG,2027-11-29,43,22,Elgin city,planned
ilabp,10.0,17031825505,031,Small_DG,2028-01-16,38,19,Country Club Hills city,planned
ilabp,10.0,17197880105,197,Small_DG,2028-01-16,98,49,Bolingbrook village,planned
ilabp,11.5,17121951800,121,Small_DG,2028-01-16,110,55,,planned
ilabp,10.0,17031842400,031,Small_DG,2028-01-16,34,17,Chicago city,planned
ilabp,11.5,17031828900,031,Small_DG,2028-01-16,80,40,Chicago Heights city,planned
ilabp,11.5,17143003700,143,Small_DG,2027-11-29,73,37,,planned
ilabp,5.76,17043845703,043,Small_DG,2028-01-16,81,41,Downers Grove village,planned
ilabp,23.0,17159978300,159,Small_DG,2027-11-29,110,55,,planned
ilabp,5.76,17031807200,031,Small_DG,2027-11-29,17,9,Skokie village,planned
ilabp,10.0,17097860811,097,Small_DG,2028-01-16,61,31,,planned
ilabp,10.0,17031710400,031,Small_DG,2027-11-29,31,16,Chicago city,planned
ilabp,23.0,17117957200,117,Small_DG,2027-11-29,108,54,Staunton city,planned
ilabp,10.0,17057953800,057,Small_DG,2027-11-21,94,47,Lewistown city,planned
ilabp,7.6,17099963200,099,Small_DG,2027-11-29,76,38,,planned
ilabp,10.0,17031825503,031,Small_DG,2028-01-16,38,19,Hazel Crest village,planned
ilabp,23.0,17081050100,081,Small_DG,2027-11-29,116,58,,planned
ilabp,22.04,17055040700,055,Small_DG,2027-11-29,116,58,,planned
ilabp,23.0,17097865300,097,Small_DG,2027-11-29,58,29,Highland Park city,planned
ilabp,5.76,17043844202,043,Small_DG,2028-01-16,42,21,Lombard village,planned
ilabp,11.5,17035972600,035,Small_DG,2027-11-29,102,51,,planned
ilabp,11.5,17119401905,119,Small_DG,2028-01-16,111,56,South Roxana village,planned
ilabp,13.23,17103000700,103,Small_DG,2028-02-19,74,37,,planned
ilabp,11.5,17001010200,001,Small_DG,2028-01-30,94,47,,planned
ilabp,3.8,17031720200,031,Small_DG,2027-11-29,35,18,Chicago city,planned
ilabp,7.6,17107953100,107,Small_DG,2027-11-29,87,44,,planned
ilabp,11.5,17031805201,031,Small_DG,2027-11-29,55,28,,planned
ilabp,11.5,17031826402,031,Small_DG,2027-11-29,29,15,Dolton village,planned
ilabp,11.5,17183010400,183,Small_DG,2028-01-16,104,52,,planned
ilabp,11.5,17197881604,197,Small_DG,2027-11-29,98,49,Joliet city,planned
ilabp,23.0,17115001300,115,Small_DG,2027-11-29,88,44,Decatur city,planned
ilabp,11.5,17201000104,201,Small_DG,2027-11-29,67,34,Loves Park city,planned
ilabp,11.5,17107953000,107,Small_DG,2027-11-29,87,44,,planned
ilabp,10.15,17167003000,167,Small_DG,2027-11-21,95,48,,planned
ilabp,6.0,17201003711,201,Small_DG,2027-11-29,67,34,,planned
ilabp,13.85,17089854507,089,Small_DG,2027-11-07,70,35,Elburn village,planned
ilabp,11.5,17163503332,163,Small_DG,2027-11-29,113,57,,planned
ilabp,11.5,17113001200,113,Small_DG,2028-01-16,91,46,Bloomington city,planned
ilabp,11.5,17031825503,031,Small_DG,2027-11-29,38,19,Hazel Crest village,planned
ilabp,11.5,17019005300,019,Small_DG,2028-01-16,103,52,Urbana city,planned
ilabp,5.7,17031830003,031,Small_DG,2027-11-29,38,19,Matteson village,planned
ilabp,10.0,17031160900,031,Small_DG,2027-11-21,19,10,Chicago city,planned
ilabp,22.8,17067954300,067,Small_DG,2027-11-29,94,47,,planned
ilabp,7.6,17089850710,089,Small_DG,2027-11-29,70,35,,planned
ilabp,10.0,17019010500,019,Small_DG,2028-01-16,101,51,Fisher village,planned
ilabp,5.7,17031806001,031,Small_DG,2027-11-29,55,28,,planned
ilabp,7.6,17099963700,099,Small_DG,2028-01-16,106,53,,planned
ilabp,7.6,17031827100,031,Small_DG,2027-11-29,30,15,Harvey city,planned
ilabp,23.0,17093890601,093,Small_DG,2028-01-16,75,38,,planned
ilabp,3.8,17043843500,043,Small_DG,2028-01-16,42,21,Lombard village,planned
ilabp,11.5,17041952400,041,Small_DG,2027-11-29,101,51,,planned
ilabp,11.5,17011964900,011,Small_DG,2028-01-16,73,37,,planned
ilabp,11.4,17031803012,031,Small_DG,2027-11-29,54,27,Arlington Heights village,planned
ilabp,3.8,17031711100,031,Small_DG,2027-11-29,31,16,Chicago city,planned
ilabp,11.4,17031550100,031,Small_DG,2027-11-29,33,17,Chicago city,planned
ilabp,11.5,17143003200,143,Small_DG,2027-11-29,73,37,Peoria city,planned
ilabp,11.4,17131040300,131,Small_DG,2027-11-29,94,47,Aledo city,planned
ilabp,11.5,17143003900,143,Small_DG,2027-11-29,93,47,,planned
ilabp,15.0,17093890104,093,Small_DG,2027-11-21,84,42,,planned
ilabp,11.5,17057952900,057,Small_DG,2028-01-16,94,47,,planned
ilabp,5.7,17179020700,179,Small_DG,2027-11-29,93,47,Pekin city,planned
ilabp,11.5,17043841606,043,Small_DG,2027-11-29,47,24,Warrenville city,planned
ilabp,15.2,17123961400,123,Small_DG,2027-11-29,105,53,,planned
ilabp,11.4,17163503412,163,Small_DG,2027-11-29,112,56,Caseyville village,planned
ilabp,7.6,17097864409,097,Small_DG,2027-11-29,51,26,Lake Zurich village,planned
ilabp,11.5,17197880124,197,Small_DG,2027-11-29,98,49,Bolingbrook village,planned
ilabp,7.6,17031829903,031,Small_DG,2027-11-29,38,19,Country Club Hills city,planned
ilabp,11.5,17147954500,147,Small_DG,2027-11-29,88,44,,planned
ilabp,5.7,17031825501,031,Small_DG,2027-11-29,38,19,Country Club Hills city,planned
ilabp,5.24,17075950600,075,Small_DG,2027-11-21,106,53,,planned
ilabp,10.0,17183010500,183,Small_DG,2027-11-29,104,52,,planned
ilabp,11.5,17031828508,031,Small_DG,2027-11-29,34,17,,planned
ilabp,3.8,17197880106,197,Small_DG,2027-11-29,85,43,Bolingbrook village,planned
ilabp,11.5,17031828504,031,Small_DG,2027-11-29,34,17,Sauk Village village,planned
ilabp,5.7,17143002600,143,Small_DG,2027-11-29,92,46,Peoria city,planned
ilabp,8.12,17019005500,019,Small_DG,2027-11-29,104,52,Urbana city,planned
ilabp,11.5,17179021702,179,Small_DG,2027-11-29,87,44,,planned
ilabp,11.5,17019010902,019,Small_DG,2027-11-29,101,51,,planned
ilabp,10.0,17041952300,041,Small_DG,2027-11-29,101,51,,planned
ilabp,23.0,17041952200,041,Small_DG,2027-11-29,101,51,Tuscola city,planned
ilabp,3.8,17119400600,119,Small_DG,2027-11-29,113,57,Madison city,planned
ilabp,11.4,17019010701,019,Small_DG,2027-11-21,102,51,St. Joseph village,planned
ilabp,7.6,17043845703,043,Small_DG,2027-11-29,81,41,Downers Grove village,planned
ilabp,5.7,17031829302,031,Small_DG,2027-11-29,80,40,Chicago Heights city,planned
ilabp,23.0,17081050200,081,Small_DG,2027-11-29,116,58,,planned
ilabp,22.8,17167003902,167,Small_DG,2027-11-29,96,48,,planned
ilabp,11.5,17031829302,031,Small_DG,2027-11-29,80,40,Chicago Heights city,planned
ilabp,7.6,17031381200,031,Small_DG,2027-11-29,26,13,Chicago city,planned
ilabp,11.4,17019010901,019,Small_DG,2028-01-16,101,51,,planned
ilabp,11.5,17031822500,031,Small_DG,2027-11-29,36,18,Oak Lawn village,planned
ilabp,23.0,17031827200,031,Small_DG,2027-11-29,30,15,Phoenix village,planned
ilabp,7.6,17031825505,031,Small_DG,2027-11-29,38,19,Country Club Hills city,planned
ilabp,10.0,17021958900,021,Small_DG,2027-11-29,107,54,Pana city,planned
ilabp,5.76,17031827600,031,Small_DG,2028-01-16,30,15,Markham city,planned
ilabp,11.5,17031830005,031,Small_DG,2028-01-16,38,19,Olympia Fields village,planned
ilabp,3.77,17119403802,119,Small_DG,2027-11-21,109,55,,planned
ilabp,11.87,17021958600,021,Small_DG,2027-11-07,107,54,,planned
ilabp,4.93,17195001102,195,Small_DG,2027-11-29,74,37,Sterling city,planned
ilabp,3.48,17049950600,049,Small_DG,2028-01-30,107,54,,planned
ilabp,10.0,17031817101,031,Small_DG,2028-01-16,7,4,Bellwood village,planned
ilabp,11.5,17143002702,143,Small_DG,2028-01-16,92,46,Peoria city,planned
ilabp,10.0,17167003602,167,Small_DG,2028-01-16,95,48,Springfield city,planned
ilabp,5.8,17045070500,045,Small_DG,2027-11-21,102,51,,planned
ilabp,11.5,17019000902,019,Small_DG,2028-01-16,104,52,,planned
ilabp,5.76,17179021000,179,Small_DG,2028-01-16,93,47,Pekin city,planned
ilabp,4.19,17163503301,163,Small_DG,2027-11-21,113,57,Swansea village,planned
ilabp,11.5,17197884003,197,Small_DG,2027-11-29,86,43,Braidwood city,planned
ilabp,12.16,17043842708,043,Small_DG,2027-11-21,42,21,Glen Ellyn village,planned
ilabp,11.5,17031650400,031,Small_DG,2028-01-16,22,11,Chicago city,planned
ilabp,10.0,17061973800,061,Small_DG,2027-11-21,100,50,,planned
ilabp,10.0,17201001600,201,Small_DG,2027-11-29,68,34,Rockford city,planned
ilabp,3.2,17197880424,197,Small_DG,2027-11-21,97,49,,planned
ilabp,7.6,17031823704,031,Small_DG,2028-01-16,82,41,Hickory Hills city,planned
ilabp,13.36,17097864106,097,Small_DG,2028-01-16,52,26,Mundelein village,planned
ilabp,3.42,17031750300,031,Small_DG,2027-11-07,35,18,Chicago city,planned
ilabp,23.0,17111870105,111,Small_DG,2027-11-21,64,32,,planned
ilabp,7.98,17063000600,063,Small_DG,2027-11-29,106,53,,planned
ilabp,10.0,17031830003,031,Small_DG,2028-01-16,38,19,Matteson village,planned
ilabp,3.8,17063000600,063,Small_DG,2027-11-29,106,53,,planned
ilabp,5.76,17031820902,031,Small_DG,2028-01-16,22,11,Burbank city,planned
ilabp,10.0,17197883602,197,Small_DG,2028-01-16,79,40,Monee village,planned
ilabp,4000.0,17033880200,033,Large_DG,2028-05-21,102,51,,planned
ilabp,5.22,17001000100,001,Small_DG,2027-11-07,99,50,Quincy city,planned
ilabp,10.0,17089850600,089,Small_DG,2028-01-16,66,33,Sleepy Hollow village,planned
ilabp,7.6,17031804804,031,Small_DG,2028-01-16,56,28,Schaumburg village,planned
ilabp,11.5,17007010400,007,Small_DG,2027-11-29,89,45,,planned
ilabp,7.54,17183011100,183,Small_DG,2027-11-21,102,51,,planned
ilabp,10.0,17089850706,089,Small_DG,2028-01-16,70,35,,planned
ilabp,3.8,17019010601,019,Small_DG,2027-11-07,101,51,,planned
ilabp,23.0,17043840103,043,Small_DG,2028-01-16,48,24,,planned
ilabp,22.91,17091010900,091,Small_DG,2027-11-21,34,17,,planned
ilabp,5.7,17147954600,147,Small_DG,2027-11-29,88,44,Monticello city,planned
ilabp,4.64,17075950600,075,Small_DG,2027-11-21,106,53,,planned
ilabp,4.48,17031150502,031,Small_DG,2027-11-21,19,10,Chicago city,planned
ilabp,10.0,17043840910,043,Small_DG,2028-01-16,46,23,,planned
ilabp,10.0,17043843200,043,Small_DG,2028-01-16,46,23,Villa Park village,planned
ilabp,7.6,17089850706,089,Small_DG,2028-01-16,70,35,,planned
ilabp,7.6,17029000300,029,Small_DG,2027-11-21,101,51,,planned
ilabp,11.4,17043841104,043,Small_DG,2028-01-16,48,24,Roselle village,planned
ilabp,23.0,17043841112,043,Small_DG,2028-01-16,48,24,,planned
ilabp,10.0,17197880314,197,Small_DG,2028-01-16,97,49,,planned
ilabp,10.0,17031822701,031,Small_DG,2028-01-16,36,18,Oak Lawn village,planned
ilabp,10.0,17031819300,031,Small_DG,2028-01-16,2,1,Brookfield village,planned
ilabp,10.0,17197881108,197,Small_DG,2028-01-16,37,19,New Lenox village,planned
ilabp,11.5,17031822701,031,Small_DG,2028-01-16,36,18,Oak Lawn village,planned
ilabp,10.0,17031803603,031,Small_DG,2028-01-16,51,26,Inverness village,planned
ilabp,10.0,17197880202,197,Small_DG,2027-11-29,85,43,Romeoville village,planned
ilabp,5000.0,17165956100,165,Large_DG,2029-09-10,117,59,,planned
ilabp,11.5,17019010601,019,Small_DG,2027-11-29,101,51,,planned
ilabp,11.5,17031828602,031,Small_DG,2027-11-29,29,15,Homewood village,planned
ilabp,7.6,17031805105,031,Small_DG,2027-11-29,53,27,Rolling Meadows city,planned
ilabp,60.0,17023060300,023,Large_DG,2027-11-21,102,51,,planned
ilabp,25.0,17163503903,163,Small_DG,2027-11-21,114,57,,planned
ilabp,12.0,17197880202,197,Small_DG,2027-11-21,85,43,Romeoville village,planned
ilabp,10.0,17043846603,043,Small_DG,2028-01-16,77,39,Addison village,planned
ilabp,23.0,17191955100,191,Small_DG,2027-11-21,116,58,,planned
ilabp,13.36,17201004005,201,Small_DG,2028-01-16,90,45,Roscoe village,planned
ilabp,10.0,17031804804,031,Small_DG,2028-01-16,56,28,Schaumburg village,planned
ilabp,23.0,17089850708,089,Small_DG,2028-01-16,70,35,Gilberts village,planned
ilabp,8.12,17107953300,107,Small_DG,2027-11-07,87,44,,planned
ilabp,23.0,17111870403,111,Small_DG,2028-01-16,69,35,,planned
ilabp,11.5,17031807400,031,Small_DG,2028-01-16,16,8,Skokie village,planned
ilabp,11.5,17201003705,201,Small_DG,2027-11-29,67,34,,planned
ilabp,7.6,17119400802,119,Small_DG,2027-11-29,111,56,Granite City city,planned
ilabp,10.0,17031460500,031,Small_DG,2028-01-16,33,17,Chicago city,planned
ilabp,11.5,17183000800,183,Small_DG,2028-01-16,104,52,,planned
ilabp,11.5,17031829903,031,Small_DG,2027-11-29,38,19,Country Club Hills city,planned
ilabp,11.5,17031828508,031,Small_DG,2027-11-29,34,17,,planned
ilabp,5.7,17173959200,173,Small_DG,2027-11-29,107,54,,planned
ilabp,11.5,17179020600,179,Small_DG,2027-11-29,93,47,Pekin city,planned
ilabp,23.0,17203030400,203,Small_DG,2027-11-29,105,53,Metamora village,planned
ilabp,5.7,17031829302,031,Small_DG,2027-11-29,80,40,Chicago Heights city,planned
ilabp,10.0,17201003810,201,Small_DG,2028-01-16,68,34,Loves Park city,planned
ilabp,10.0,17031830201,031,Small_DG,2027-11-29,80,40,Richton Park village,planned
ilabp,10.0,17197881005,197,Small_DG,2028-01-16,37,19,Homer Glen village,planned
ilabp,11.5,17183000800,183,Small_DG,2027-11-29,104,52,,planned
ilabp,11.4,17197883603,197,Small_DG,2027-11-29,79,40,University Park village,planned
ilabp,11.5,17143003200,143,Small_DG,2027-11-29,73,37,Peoria city,planned
ilabp,11.5,17031812302,031,Small_DG,2028-01-16,78,39,Oak Park village,planned
ilabp,7.6,17031805201,031,Small_DG,2028-01-16,55,28,,planned
ilabp,11.5,17041952000,041,Small_DG,2027-11-29,101,51,,planned
ilabp,8.8,17163503203,163,Small_DG,2027-11-21,114,57,,planned
ilabp,11.5,17011965600,011,Small_DG,2027-11-29,73,37,,planned
ilabp,7.6,17019001201,019,Small_DG,2027-11-29,103,52,Champaign city,planned
ilabp,11.5,17183010702,183,Small_DG,2027-11-29,102,51,,planned
ilabp,11.4,17043842708,043,Small_DG,2028-01-16,42,21,Glen Ellyn village,planned
ilabp,11.5,17191955000,191,Small_DG,2027-11-29,116,58,,planned
ilabp,11.5,17089851907,089,Small_DG,2028-01-16,65,33,South Elgin village,planned
ilabp,8.0,17031800700,031,Small_DG,2027-11-07,18,9,Wilmette village,planned
ilabp,5.66,17031590600,031,Small_DG,2027-11-29,24,12,Chicago city,planned
ilabp,11.5,17197880422,197,Small_DG,2028-01-16,97,49,Plainfield village,planned
ilabp,23.0,17093890602,093,Small_DG,2028-01-16,75,38,,planned
ilabp,5.7,17031826600,031,Small_DG,2028-01-16,28,14,Riverdale village,planned
ilabp,11.52,17197881105,197,Small_DG,2028-01-16,37,19,,planned
ilabp,11.5,17031824800,031,Small_DG,2028-01-16,30,15,Posen village,planned
ilabp,10.0,17031829700,031,Small_DG,2028-01-16,29,15,,planned
ilabp,11.5,17197880325,197,Small_DG,2027-11-29,84,42,Aurora city,planned
ilabp,4990.0,17199020900,199,Large_DG,2028-05-21,117,59,,planned
ilabp,11.5,17031828507,031,Small_DG,2027-11-29,33,17,Lansing village,planned
ilabp,7.6,17119403702,119,Small_DG,2028-03-03,109,55,,planned
ilabp,5.7,17031828100,031,Small_DG,2028-01-16,33,17,Lansing village,planned
ilabp,10.0,17119400802,119,Small_DG,2027-11-29,111,56,Granite City city,planned
ilabp,7.6,17043844202,043,Small_DG,2028-01-16,42,21,Lombard village,planned
ilabp,11.5,17031823803,031,Small_DG,2027-11-29,36,18,Palos Hills city,planned
ilabp,7.6,17031805108,031,Small_DG,2028-01-16,53,27,Mount Prospect village,planned
ilabp,23.0,17179021702,179,Small_DG,2027-11-29,87,44,,planned
ilabp,11.5,17031816200,031,Small_DG,2028-01-16,78,39,Melrose Park village,planned
ilabp,11.5,17057953500,057,Small_DG,2027-11-29,94,47,,planned
ilabp,11.5,17019010901,019,Small_DG,2027-11-29,101,51,,planned
ilabp,10.0,17197880901,197,Small_DG,2028-01-16,98,49,Crest Hill city,planned
ilabp,11.5,17183011000,183,Small_DG,2027-11-29,102,51,,planned
ilabp,5.76,17113005601,113,Small_DG,2027-11-07,88,44,,planned
ilabp,10.0,17063000200,063,Small_DG,2028-01-16,75,38,,planned
ilabp,10.0,17141960900,141,Small_DG,2028-01-16,89,45,,planned
ilabp,11.5,17011964700,011,Small_DG,2027-11-29,73,37,,planned
ilabp,23.0,17031808302,031,Small_DG,2028-01-16,15,8,Morton Grove village,planned
ilabp,11.5,17031830100,031,Small_DG,2027-11-29,80,40,Park Forest village,planned
ilabp,3.8,17031804607,031,Small_DG,2027-11-29,48,24,Elk Grove Village village,planned
ilabp,8.36,17049950400,049,Small_DG,2028-01-16,110,55,,planned
ilabp,10.0,17031817102,031,Small_DG,2028-01-16,7,4,Bellwood village,planned
ilabp,6.09,17199021100,199,Small_DG,2027-11-29,118,59,Marion city,planned
ilabp,10.0,17031826000,031,Small_DG,2028-01-16,33,17,Calumet City city,planned
ilabp,11.5,17115000200,115,Small_DG,2027-11-29,96,48,Decatur city,planned
ilabp,11.5,17039971700,039,Small_DG,2027-11-29,87,44,Clinton city,planned
ilabp,10.0,17097864407,097,Small_DG,2027-11-29,51,26,,planned
ilabp,11.5,17183010500,183,Small_DG,2027-11-29,104,52,,planned
ilabp,11.5,17165955900,165,Small_DG,2027-11-29,117,59,Harrisburg city,planned
ilabp,10.0,17031830005,031,Small_DG,2027-11-07,38,19,Olympia Fields village,planned
ilabp,7.6,17097862700,097,Small_DG,2027-11-29,60,30,Waukegan city,planned
ilabp,11.5,17031828000,031,Small_DG,2027-11-29,33,17,Lansing village,planned
ilabp,10.0,17031828801,031,Small_DG,2028-01-16,30,15,Flossmoor village,planned
ilabp,15.2,17185957200,185,Small_DG,2027-11-29,116,58,,planned
ilabp,5.76,17043841210,043,Small_DG,2028-01-16,46,23,Carol Stream village,planned
ilabp,7.6,17031825501,031,Small_DG,2027-11-29,38,19,Country Club Hills city,planned
ilabp,7.6,17031803902,031,Small_DG,2028-01-16,53,27,Rolling Meadows city,planned
ilabp,11.5,17031828507,031,Small_DG,2027-11-29,33,17,Lansing village,planned
ilabp,10.0,17031805401,031,Small_DG,2028-01-16,15,8,,planned
ilabp,11.5,17033880600,033,Small_DG,2027-11-29,102,51,,planned
ilabp,5.76,17031818000,031,Small_DG,2028-01-16,7,4,Broadview village,planned
ilabp,11.5,17033880600,033,Small_DG,2027-11-29,102,51,,planned
ilabp,11.5,17001001001,001,Small_DG,2027-11-29,99,50,Quincy city,planned
ilabp,11.5,17031825200,031,Small_DG,2027-11-29,30,15,,planned
ilabp,15.2,17143004200,143,Small_DG,2027-11-29,92,46,Peoria Heights village,planned
ilabp,9.5,17119403532,119,Small_DG,2027-11-07,109,55,,planned
ilabp,11.5,17031828505,031,Small_DG,2027-11-29,34,17,,planned
ilabp,12.35,17201000511,201,Small_DG,2027-11-29,69,35,Rockford city,planned
ilabp,11.5,17031828602,031,Small_DG,2027-11-29,29,15,Homewood village,planned
ilabp,23.0,17183010600,183,Small_DG,2027-11-29,104,52,,planned
ilabp,7.25,17163503404,163,Small_DG,2028-01-16,112,56,,planned
ilabp,22.8,17111870302,111,Small_DG,2027-11-07,69,35,Harvard city,planned
ilabp,11.5,17201003805,201,Small_DG,2027-11-29,90,45,Machesney Park village,planned
ilabp,11.5,17019010500,019,Small_DG,2027-11-29,101,51,Fisher village,planned
ilabp,10.0,17039971700,039,Small_DG,2027-11-07,87,44,Clinton city,planned
ilabp,11.5,17031829800,031,Small_DG,2027-11-29,30,15,Flossmoor village,planned
ilabp,23.0,17031829800,031,Small_DG,2027-11-29,30,15,Flossmoor village,planned
ilabp,5.7,17031805201,031,Small_DG,2027-11-29,55,28,,planned
ilabp,11.5,17011964700,011,Small_DG,2027-11-29,73,37,,planned
ilabp,7.6,17099964100,099,Small_DG,2027-11-07,106,53,,planned
ilabp,11.5,17019010901,019,Small_DG,2027-11-29,101,51,,planned
ilabp,11.5,17031825503,031,Small_DG,2028-01-16,38,19,Hazel Crest village,planned
ilabp,4.06,17119401905,119,Small_DG,2027-11-07,111,56,South Roxana village,planned
ilabp,7.54,17183010800,183,Small_DG,2027-11-21,104,52,,planned
ilabp,5.7,17031805105,031,Small_DG,2027-11-29,53,27,Rolling Meadows city,planned
ilabp,23.0,17057953800,057,Small_DG,2028-01-16,94,47,Lewistown city,planned
ilabp,11.5,17039971700,039,Small_DG,2027-11-29,87,44,Clinton city,planned
ilabp,11.5,17023060200,023,Small_DG,2027-11-29,102,51,,planned
ilabp,11.5,17001010100,001,Small_DG,2027-11-29,94,47,,planned
ilabp,11.5,17197884003,197,Small_DG,2027-11-29,86,43,Braidwood city,planned
ilabp,7.6,17019000902,019,Small_DG,2028-01-16,104,52,,planned
ilabp,11.5,17165955100,165,Small_DG,2027-11-29,117,59,Eldorado city,planned
ilabp,11.5,17179020700,179,Small_DG,2028-01-16,93,47,Pekin city,planned
ilabp,11.5,17001010600,001,Small_DG,2027-11-29,99,50,,planned
ilabp,5.76,17115000300,115,Small_DG,2028-01-16,96,48,Decatur city,planned
ilabp,23.0,17031827902,031,Small_DG,2028-01-16,34,17,Lansing village,planned
ilabp,11.5,17123961400,123,Small_DG,2028-01-16,105,53,,planned
ilabp,5.12,17031807100,031,Small_DG,2027-11-07,17,9,Skokie village,planned
ilabp,11.5,17157950900,157,Small_DG,2027-11-29,115,58,,planned
ilabp,10.0,17019010800,019,Small_DG,2027-11-21,101,51,,planned
ilabp,11.5,17197883211,197,Small_DG,2028-01-16,86,43,Joliet city,planned
ilabp,5.76,17057953500,057,Small_DG,2028-01-16,94,47,,planned
ilabp,7.6,17167000600,167,Small_DG,2028-01-16,95,48,,planned
ilabp,10.0,17019005601,019,Small_DG,2028-01-16,103,52,Urbana city,planned
ilabp,10.0,17099962100,099,Small_DG,2028-01-16,74,37,,planned
ilabp,11.5,17103000200,103,Small_DG,2028-01-16,74,37,,planned
ilabp,7.04,17031807100,031,Small_DG,2027-11-07,17,9,Skokie village,planned
ilabp,11.5,17097862700,097,Small_DG,2028-01-16,60,30,Waukegan city,planned
ilabp,11.5,17031828507,031,Small_DG,2027-11-29,33,17,Lansing village,planned
ilabp,23.0,17031750500,031,Small_DG,2028-01-16,27,14,Chicago city,planned
ilabp,11.5,17019010601,019,Small_DG,2027-11-29,101,51,,planned
ilabp,11.4,17031828505,031,Small_DG,2028-01-16,34,17,,planned
ilabp,10.0,17019005601,019,Small_DG,2028-01-16,103,52,Urbana city,planned
ilabp,11.5,17097862700,097,Small_DG,2027-11-29,60,30,Waukegan city,planned
ilabp,11.5,17105961000,105,Small_DG,2028-01-16,106,53,,planned
ilabp,10.0,17031829000,031,Small_DG,2028-01-16,80,40,Chicago Heights city,planned
ilabp,8.725,17157950700,157,Small_DG,2027-11-29,115,58,,planned
ilabp,10.0,17031830003,031,Small_DG,2028-01-16,38,19,Matteson village,planned
ilabp,10.0,17031828402,031,Small_DG,2028-01-16,30,15,Homewood village,planned
ilabp,3.839,17157950700,157,Small_DG,2027-11-29,115,58,,planned
ilabp,11.5,17031828701,031,Small_DG,2027-11-29,29,15,Glenwood village,planned
ilabp,10.0,17089850707,089,Small_DG,2028-01-16,70,35,,planned
ilabp,11.5,17031829301,031,Small_DG,2027-11-29,80,40,Chicago Heights city,planned
ilabp,17.69,17097865801,097,Small_DG,2027-11-21,58,29,Highland Park city,planned
ilabp,11.5,17031820902,031,Small_DG,2027-11-29,22,11,Burbank city,planned
ilabp,23.0,17031802004,031,Small_DG,2028-01-16,55,28,,planned
ilabp,11.5,17001000600,001,Small_DG,2027-11-29,99,50,Quincy city,planned
ilabp,11.5,17053961900,053,Small_DG,2027-11-29,106,53,,planned
ilabp,5.76,17113001402,113,Small_DG,2028-01-16,88,44,,planned
ilabp,5.7,17031830006,031,Small_DG,2028-01-16,38,19,Matteson village,planned
ilabp,23.0,17113005700,113,Small_DG,2027-11-29,88,44,,planned
ilabp,8.99,17097864520,097,Small_DG,2027-11-21,59,30,Buffalo Grove village,planned
ilabp,23.0,17089850705,089,Small_DG,2028-01-16,70,35,Hampshire village,planned
ilabp,5.76,17043845508,043,Small_DG,2028-01-16,45,23,Darien city,planned
ilabp,372.0,17167001300,167,Large_DG,2027-11-07,96,48,Springfield city,planned
ilabp,13.68,17111871113,111,Small_DG,2027-11-21,69,35,,planned
ilabp,13.36,17031804806,031,Small_DG,2028-01-16,44,22,Hanover Park village,planned
ilabp,23.0,17099961900,099,Small_DG,2028-01-16,74,37,,planned
ilabp,10.0,17115002200,115,Small_DG,2028-01-16,88,44,,planned
ilabp,10.0,17095000400,095,Small_DG,2028-01-16,71,36,Galesburg city,planned
ilabp,10.0,17115001400,115,Small_DG,2028-01-16,88,44,Decatur city,planned
ilabp,13.36,17095000400,095,Small_DG,2028-01-16,71,36,Galesburg city,planned
ilabp,23.0,17143004500,143,Small_DG,2028-01-16,93,47,,planned
ilabp,11.5,17031824800,031,Small_DG,2028-01-16,30,15,Posen village,planned
ilabp,10.0,17031810400,031,Small_DG,2028-01-16,55,28,Park Ridge city,planned
ilabp,11.5,17031806005,031,Small_DG,2028-01-16,55,28,,planned
ilabp,11.5,17031801500,031,Small_DG,2028-01-16,57,29,Northbrook village,planned
ilabp,10.0,17031700501,031,Small_DG,2028-01-16,31,16,Chicago city,planned
ilabp,11.5,17201000502,201,Small_DG,2028-01-16,68,34,Rockford city,planned
ilabp,10.0,17031814800,031,Small_DG,2027-11-07,21,11,Berwyn city,planned
ilabp,10.0,17019005500,019,Small_DG,2027-11-21,104,52,Urbana city,planned
ilabp,10.0,17097865801,097,Small_DG,2027-11-07,58,29,Highland Park city,planned
ilabp,3.42,17031812900,031,Small_DG,2027-11-21,78,39,Oak Park village,planned
ilabp,11.5,17143003402,143,Small_DG,2027-11-29,73,37,Mossville CDP,planned
ilabp,11.5,17031828507,031,Small_DG,2027-11-29,33,17,Lansing village,planned
ilabp,11.5,17199020900,199,Small_DG,2027-11-29,117,59,,planned
ilabp,10.0,17113000109,113,Small_DG,2028-01-16,91,46,Normal town,planned
ilabp,8.725,17167003201,167,Small_DG,2027-11-21,95,48,,planned
ilabp,11.5,17197881006,197,Small_DG,2028-01-16,82,41,Homer Glen village,planned
ilabp,13.8,17179022300,179,Small_DG,2027-11-29,105,53,Washington city,planned
ilabp,22.8,17163503903,163,Small_DG,2027-11-21,114,57,,planned
ilabp,7.6,17201000103,201,Small_DG,2028-01-16,90,45,Machesney Park village,planned
ilabp,11.5,17101881100,101,Small_DG,2027-11-29,102,51,,planned
ilabp,15.2,17159978300,159,Small_DG,2027-11-29,110,55,,planned
ilabp,23.0,17179020302,179,Small_DG,2027-11-29,87,44,East Peoria city,planned
ilabp,11.5,17031530503,031,Small_DG,2028-01-16,28,14,Chicago city,planned
ilabp,23.0,17173959400,173,Small_DG,2027-11-29,107,54,,planned
ilabp,4.18,17021958400,021,Small_DG,2027-11-21,107,54,Taylorville city,planned
ilabp,5.51,17031010202,031,Small_DG,2027-11-21,14,7,Chicago city,planned
ilabp,7.83,17043845702,043,Small_DG,2027-11-21,81,41,Downers Grove village,planned
ilabp,10.0,17115002902,115,Small_DG,2028-01-16,88,44,,planned
ilabp,3984.0,17143003800,143,Large_DG,2028-05-29,93,47,,planned
ilabp,9.28,17109011000,109,Small_DG,2027-11-21,94,47,,planned
ilabp,11.5,17019001201,019,Small_DG,2027-11-21,103,52,Champaign city,planned
ilabp,8.376,17197883212,197,Small_DG,2027-11-21,86,43,Shorewood village,planned
ilabp,10.0,17089854402,089,Small_DG,2028-01-16,84,42,Aurora city,planned
ilabp,11.4,17197883212,197,Small_DG,2028-01-16,86,43,Shorewood village,planned
ilabp,23.0,17113001402,113,Small_DG,2028-01-16,88,44,,planned
ilabp,11.5,17099963500,099,Small_DG,2027-11-29,76,38,,planned
ilabp,10.0,17031826100,031,Small_DG,2028-01-16,33,17,Calumet City city,planned
ilabp,25.0,17195000100,195,Small_DG,2027-11-07,74,37,,planned
ilabp,11.5,17031825503,031,Small_DG,2027-11-29,38,19,Hazel Crest village,planned
ilabp,5.76,17143003101,143,Small_DG,2028-01-16,92,46,,planned
ilabp,125.0,17167003603,167,Large_DG,2027-11-21,95,48,Curran village,planned
ilabp,11.5,17031828701,031,Small_DG,2027-11-29,29,15,Glenwood village,planned
ilabp,11.5,17031830008,031,Small_DG,2028-01-16,38,19,Richton Park village,planned
ilabp,23.0,17201003604,201,Small_DG,2028-01-16,67,34,Rockford city,planned
ilabp,11.4,17105960800,105,Small_DG,2028-01-16,106,53,,planned
ilabp,10.0,17197881700,197,Small_DG,2028-01-16,98,49,Joliet city,planned
ilabp,10.0,17019001201,019,Small_DG,2028-01-16,103,52,Champaign city,planned
ilabp,5.76,17031814800,031,Small_DG,2028-01-16,21,11,Berwyn city,planned
ilabp,11.5,17201000501,201,Small_DG,2027-11-29,68,34,,planned
ilabp,24.94,17057953200,057,Small_DG,2027-11-21,94,47,,planned
ilabp,5.7,17187870300,187,Small_DG,2027-11-21,71,36,,planned
ilabp,10.0,17031829903,031,Small_DG,2028-01-16,38,19,Country Club Hills city,planned
ilabp,7.6,17031809700,031,Small_DG,2028-01-16,18,9,Evanston city,planned
ilabp,5.76,17037000700,037,Small_DG,2028-01-16,70,35,Sycamore city,planned
ilabp,11.5,17203030602,203,Small_DG,2027-11-29,91,46,,planned
ilabp,11.5,17051951000,051,Small_DG,2027-11-29,110,55,,planned
ilabp,3.8,17143003000,143,Small_DG,2028-01-16,92,46,Peoria city,planned
ilabp,6.46,17045070400,045,Small_DG,2027-11-21,102,51,Paris city,planned
ilabp,11.5,17073030500,073,Small_DG,2028-01-16,93,47,,planned
ilabp,11.5,17173959300,173,Small_DG,2027-11-29,107,54,Shelbyville city,planned
ilabp,20.0,17021958400,021,Small_DG,2027-11-07,107,54,Taylorville city,planned
ilabp,10.0,17031824800,031,Small_DG,2028-01-16,30,15,Posen village,planned
ilabp,10.0,17197880425,197,Small_DG,2028-01-16,98,49,,planned
ilabp,10.0,17031711000,031,Small_DG,2028-01-16,27,14,Chicago city,planned
ilabp,2.88,17089854403,089,Small_DG,2027-11-21,84,42,Aurora city,planned
ilabp,10.0,17031825803,031,Small_DG,2028-01-16,29,15,Calumet City city,planned
ilabp,15.2,17051951000,051,Small_DG,2027-11-29,110,55,,planned
ilabp,20.0,17115002200,115,Small_DG,2027-11-07,88,44,,planned
ilabp,15.0,17119400802,119,Small_DG,2027-11-07,111,56,Granite City city,planned
ilabp,20.0,17167003603,167,Small_DG,2027-11-07,95,48,Curran village,planned
ilabp,7.54,17203030700,203,Small_DG,2027-11-21,105,53,,planned
ilabp,20.0,17019001204,019,Small_DG,2027-11-21,104,52,Champaign city,planned
ilabp,12.5,17099961900,099,Small_DG,2028-01-16,74,37,,planned
ilabp,7.7,17201003901,201,Small_DG,2027-11-07,90,45,,planned
ilabp,16.72,17057953300,057,Small_DG,2027-11-21,94,47,Canton city,planned
ilabp,10.0,17103000100,103,Small_DG,2027-11-21,74,37,,planned
ilabp,7.6,17111870605,111,Small_DG,2027-11-21,63,32,McHenry city,planned
ilabp,6.0,17201000516,201,Small_DG,2027-11-07,68,34,Rockford city,planned
ilabp,10.0,17055040800,055,Small_DG,2027-11-21,117,59,,planned
ilabp,3.2,17097860808,097,Small_DG,2027-11-07,64,32,,planned
ilabp,10.0,17001010100,001,Small_DG,2027-11-07,94,47,,planned
ilabp,20.0,17019001205,019,Small_DG,2027-11-07,104,52,Champaign city,planned
ilabp,10.0,17167003300,167,Small_DG,2027-11-21,108,54,,planned
ilabp,10.0,17119403532,119,Small_DG,2027-11-21,109,55,,planned
ilabp,15.7,17055040300,055,Small_DG,2027-11-21,116,58,Christopher city,planned
ilabp,11.5,17011964900,011,Small_DG,2028-01-16,73,37,,planned
ilabp,10.0,17085020401,085,Small_DG,2027-11-07,89,45,,planned
ilabp,9.28,17097864901,097,Small_DG,2027-11-07,58,29,Deerfield village,planned
ilabp,11.5,17201003705,201,Small_DG,2027-11-29,67,34,,planned
ilabp,375.0,17097860105,097,Large_DG,2027-11-21,61,31,Zion city,planned
ilabp,4.06,17119400200,119,Small_DG,2027-11-21,111,56,Granite City city,planned
ilabp,11.5,17113001106,113,Small_DG,2027-11-29,91,46,Bloomington city,planned
ilabp,10.0,17143002900,143,Small_DG,2028-01-16,92,46,Peoria city,planned
ilabp,7.6,17131040300,131,Small_DG,2027-11-21,94,47,Aledo city,planned
ilabp,11.5,17031830202,031,Small_DG,2027-11-29,80,40,Park Forest village,planned
ilabp,10.0,17179021203,179,Small_DG,2027-11-29,91,46,East Peoria city,planned
ilabp,10.64,17019010400,019,Small_DG,2027-11-21,101,51,,planned
ilabp,11.5,17031828701,031,Small_DG,2028-01-16,29,15,Glenwood village,planned
ilabp,11.5,17183000800,183,Small_DG,2028-01-16,104,52,,planned
ilabp,17.6,17031803800,031,Small_DG,2027-11-07,51,26,Palatine village,planned
ilabp,11.5,17183000800,183,Small_DG,2028-01-16,104,52,,planned
ilabp,10.0,17143004500,143,Small_DG,2027-11-29,93,47,,planned
ilabp,11.5,17043844401,043,Small_DG,2027-11-29,42,21,Downers Grove village,planned
ilabp,11.5,17031829902,031,Small_DG,2027-11-29,38,19,,planned
ilabp,11.5,17031828507,031,Small_DG,2027-11-29,33,17,Lansing village,planned
ilabp,11.5,17179021604,179,Small_DG,2028-01-16,87,44,Morton village,planned
ilabp,10.0,17115002001,115,Small_DG,2028-01-16,96,48,Decatur city,planned
ilabp,11.5,17001000900,001,Small_DG,2027-11-29,99,50,Quincy city,planned
ilabp,23.0,17001000900,001,Small_DG,2027-11-29,99,50,Quincy city,planned
ilabp,11.5,17179021101,179,Small_DG,2028-01-16,93,47,Pekin city,planned
ilabp,10.0,17031827100,031,Small_DG,2028-01-16,30,15,Harvey city,planned
ilabp,11.5,17031828505,031,Small_DG,2027-11-29,34,17,,planned
ilabp,23.0,17143004000,143,Small_DG,2028-01-16,93,47,,planned
ilabp,6.38,17081050600,081,Small_DG,2027-11-21,116,58,Mount Vernon city,planned
ilabp,10.0,17081050600,081,Small_DG,2027-11-21,116,58,Mount Vernon city,planned
ilabp,11.6,17173959400,173,Small_DG,2027-11-21,107,54,,planned
ilabp,11.5,17057953200,057,Small_DG,2028-01-16,94,47,,planned
ilabp,11.5,17031710500,031,Small_DG,2027-11-29,31,16,Chicago city,planned
ilabp,6.38,17163503202,163,Small_DG,2027-11-21,114,57,,planned
ilabp,23.0,17203030100,203,Small_DG,2027-11-29,105,53,,planned
ilabp,7.6,17011965600,011,Small_DG,2027-11-29,73,37,,planned
ilabp,11.5,17201000515,201,Small_DG,2027-11-29,68,34,Rockford city,planned
ilabp,10.0,17201000507,201,Small_DG,2027-11-07,68,34,Rockford city,planned
ilabp,11.5,17031829902,031,Small_DG,2027-11-29,38,19,,planned
ilabp,11.5,17031828701,031,Small_DG,2027-11-29,29,15,Glenwood village,planned
ilabp,11.5,17001000100,001,Small_DG,2027-11-29,99,50,Quincy city,planned
ilabp,23.0,17081050300,081,Small_DG,2028-01-16,116,58,,planned
ilabp,11.5,17115002500,115,Small_DG,2027-11-29,107,54,,planned
ilabp,11.5,17179021101,179,Small_DG,2027-11-29,93,47,Pekin city,planned
ilabp,11.5,17163503404,163,Small_DG,2027-11-29,112,56,,planned
ilabp,3.8,17031828508,031,Small_DG,2027-11-29,34,17,,planned
ilabp,8.74,17165955600,165,Small_DG,2027-11-29,117,59,,planned
ilabp,5.7,17031825503,031,Small_DG,2027-11-29,38,19,Hazel Crest village,planned
ilabp,11.5,17099961900,099,Small_DG,2027-11-29,74,37,,planned
ilabp,11.5,17011964900,011,Small_DG,2028-01-16,73,37,,planned
ilabp,7.6,17115002200,115,Small_DG,2028-01-16,88,44,,planned
ilabp,23.0,17049950500,049,Small_DG,2028-01-16,102,51,,planned
ilabp,16.25,17195000100,195,Small_DG,2028-01-16,74,37,,planned
ilabp,11.5,17001001100,001,Small_DG,2027-11-29,99,50,Quincy city,planned
ilabp,11.5,17155954600,155,Small_DG,2027-11-29,105,53,,planned
ilabp,23.0,17203030100,203,Small_DG,2028-01-16,105,53,,planned
ilabp,5.7,17195001101,195,Small_DG,2028-01-16,74,37,Sterling city,planned
ilabp,11.5,17081050600,081,Small_DG,2027-11-29,116,58,Mount Vernon city,planned
ilabp,11.5,17189950100,189,Small_DG,2027-11-29,109,55,,planned
ilabp,6.0,17007010200,007,Small_DG,2027-11-21,68,34,Belvidere city,planned
ilabp,11.5,17001000201,001,Small_DG,2028-01-16,99,50,Quincy city,planned
ilabp,11.5,17031828508,031,Small_DG,2027-11-29,34,17,,planned
ilabp,23.0,17167003802,167,Small_DG,2027-11-29,108,54,,planned
ilabp,11.5,17001000100,001,Small_DG,2027-11-29,99,50,Quincy city,planned
ilabp,23.0,17179021500,179,Small_DG,2028-01-16,87,44,,planned
ilabp,10.066,17011965400,011,Small_DG,2027-11-21,73,37,Princeton city,planned
ilabp,5.7,17197883218,197,Small_DG,2028-01-16,97,49,,planned
ilabp,10.0,17203030100,203,Small_DG,2027-11-29,105,53,,planned
ilabp,10.0,17167002001,167,Small_DG,2027-11-21,95,48,Springfield city,planned
ilabp,10.0,17113001107,113,Small_DG,2027-11-29,88,44,Bloomington city,planned
ilabp,13.3,17127970100,127,Small_DG,2027-11-21,117,59,,planned
ilabp,10.0,17137951400,137,Small_DG,2027-11-21,99,50,,planned
ilabp,5.7,17031828801,031,Small_DG,2027-11-21,30,15,Flossmoor village,planned
ilabp,20.0,17189950400,189,Small_DG,2027-11-21,115,58,,planned
ilabp,7.6,17183010600,183,Small_DG,2027-11-21,104,52,,planned
ilabp,5.7,17131040400,131,Small_DG,2027-11-21,94,47,,planned
ilabp,7.54,17101880900,101,Small_DG,2027-11-21,102,51,Bridgeport city,planned
ilabp,7.6,17005951300,005,Small_DG,2027-11-21,109,55,Greenville city,planned
ilabp,7.6,17031804803,031,Small_DG,2027-11-21,48,24,,planned
ilabp,13.36,17143004801,143,Small_DG,2028-01-16,93,47,,planned
ilabp,11.5,17155954600,155,Small_DG,2027-11-29,105,53,,planned
ilabp,5000.0,17113001402,113,Large_DG,2029-08-06,88,44,,planned
ilabp,11.31,17119401905,119,Small_DG,2027-11-29,111,56,South Roxana village,planned
ilabp,11.5,17097864207,097,Small_DG,2027-11-29,52,26,,planned
ilabp,7.6,17123961400,123,Small_DG,2028-01-16,105,53,,planned
ilabp,11.4,17115002500,115,Small_DG,2027-11-21,107,54,,planned
ilabp,11.5,17203030502,203,Small_DG,2028-01-16,73,37,Bay View Gardens village,planned
ilabp,3.8,17195001101,195,Small_DG,2028-01-16,74,37,Sterling city,planned
ilabp,20.0,17031031900,031,Small_DG,2027-11-21,13,7,Chicago city,planned
ilabp,17.6,17001010100,001,Small_DG,2027-11-21,94,47,,planned
ilabp,7.68,17027900500,027,Small_DG,2027-11-21,110,55,,planned
ilabp,23.76,17105960200,105,Small_DG,2028-01-16,106,53,,planned
ilabp,7.66,17199021100,199,Small_DG,2028-03-10,118,59,Marion city,planned
ilabp,7.6,17067954100,067,Small_DG,2027-11-21,94,47,Hamilton city,planned
ilabp,3.8,17195000400,195,Small_DG,2028-01-16,73,37,,planned
ilabp,9.5,17199020500,199,Small_DG,2027-11-21,118,59,Herrin city,planned
ilabp,7.6,17167003300,167,Small_DG,2028-01-16,108,54,,planned
ilabp,15.0,17141960800,141,Small_DG,2027-11-21,89,45,,planned
ilabp,10.0,17175951400,175,Small_DG,2027-11-21,93,47,,planned
ilabp,3250.0,17137951500,137,Large_DG,2029-07-30,99,50,,planned
ilabp,20.0,17199020300,199,Small_DG,2027-11-21,118,59,,planned
ilabp,11.5,17197880432,197,Small_DG,2027-11-29,97,49,Joliet city,planned
ilabp,7.6,17183010800,183,Small_DG,2027-11-21,104,52,,planned
ilabp,5.7,17067953800,067,Small_DG,2027-11-21,94,47,Carthage city,planned
ilabp,15.0,17103000800,103,Small_DG,2027-11-21,73,37,,planned
ilabp,7.25,17097861608,097,Small_DG,2027-11-21,61,31,Gages Lake CDP,planned
ilabp,15.2,17167003901,167,Small_DG,2027-11-29,95,48,,planned
ilabp,24.43,17165955900,165,Small_DG,2027-11-29,117,59,Harrisburg city,planned
ilabp,11.5,17107953200,107,Small_DG,2027-11-29,87,44,Lincoln city,planned
ilabp,13.96,17119403801,119,Small_DG,2027-11-29,109,55,,planned
ilabp,8.12,17163503324,163,Small_DG,2028-02-06,113,57,Shiloh village,planned
ilabp,11.17,17119402400,119,Small_DG,2027-11-21,111,56,Alton city,planned
ilabp,7.6,17025971900,025,Small_DG,2027-11-29,110,55,,planned
ilabp,10.0,17031842400,031,Small_DG,2028-01-16,34,17,Chicago city,planned
ilabp,6.631,17081050600,081,Small_DG,2027-11-21,116,58,Mount Vernon city,planned
ilabp,11.4,17199020600,199,Small_DG,2028-01-16,118,59,Herrin city,planned
ilabp,11.5,17031830202,031,Small_DG,2028-01-16,80,40,Park Forest village,planned
ilabp,5.7,17043845507,043,Small_DG,2027-11-29,82,41,Darien city,planned
ilabp,5.76,17031809200,031,Small_DG,2028-01-16,18,9,Evanston city,planned
ilabp,10.0,17021959000,021,Small_DG,2027-11-21,108,54,,planned
ilabp,11.4,17011965500,011,Small_DG,2027-11-21,73,37,,planned
ilabp,7.6,17107953200,107,Small_DG,2027-11-21,87,44,Lincoln city,planned
ilabp,23.0,17053961900,053,Small_DG,2028-01-16,106,53,,planned
ilabp,11.5,17031828507,031,Small_DG,2027-11-29,33,17,Lansing village,planned
ilabp,7.6,17031040300,031,Small_DG,2028-01-16,15,8,Chicago city,planned
ilabp,23.0,17179021802,179,Small_DG,2027-11-29,93,47,,planned
ilabp,7.6,17197880418,197,Small_DG,2028-01-16,97,49,Joliet city,planned
ilabp,13.96,17167003902,167,Small_DG,2027-11-29,96,48,,planned
ilabp,11.5,17179021102,179,Small_DG,2028-01-16,93,47,Pekin city,planned
ilabp,11.5,17115002500,115,Small_DG,2027-11-29,107,54,,planned
ilabp,23.0,17129010100,129,Small_DG,2027-11-29,108,54,,planned
ilabp,11.5,17035972600,035,Small_DG,2027-11-29,102,51,,planned
ilabp,11.5,17031828507,031,Small_DG,2027-11-29,33,17,Lansing village,planned
ilabp,11.5,17115002901,115,Small_DG,2027-11-29,88,44,Forsyth village,planned
ilabp,7.6,17089850105,089,Small_DG,2028-01-16,66,33,,planned
ilabp,11.5,17031806502,031,Small_DG,2027-11-29,55,28,Des Plaines city,planned
ilabp,3.8,17031825803,031,Small_DG,2028-01-16,29,15,Calumet City city,planned
ilabp,10.0,17031200100,031,Small_DG,2027-11-21,39,20,Chicago city,planned
ilabp,10.0,17089850707,089,Small_DG,2028-01-16,70,35,,planned
ilabp,10.0,17043840304,043,Small_DG,2028-01-16,46,23,Addison village,planned
ilabp,7.6,17017960300,017,Small_DG,2027-11-21,99,50,,planned
ilabp,10.0,17031817900,031,Small_DG,2028-01-16,7,4,Broadview village,planned
ilabp,10.0,17093890702,093,Small_DG,2028-01-16,75,38,,planned
ilabp,10.0,17031431200,031,Small_DG,2028-01-16,33,17,Chicago city,planned
ilabp,10.0,17031805401,031,Small_DG,2028-01-16,15,8,,planned
ilabp,7.6,17041952200,041,Small_DG,2027-11-21,101,51,Tuscola city,planned
ilabp,5.7,17135957900,135,Small_DG,2027-11-21,108,54,,planned
ilabp,11.5,17197880203,197,Small_DG,2028-01-30,85,43,Romeoville village,planned
ilabp,10.0,17089853300,089,Small_DG,2028-01-16,50,25,Aurora city,planned
ilabp,10.0,17031491100,031,Small_DG,2028-01-16,27,14,Chicago city,planned
ilabp,10.0,17031190300,031,Small_DG,2028-01-16,39,20,Chicago city,planned
ilabp,10.0,17201000401,201,Small_DG,2028-01-16,68,34,Rockford city,planned
ilabp,23.0,17031823801,031,Small_DG,2028-01-16,36,18,,planned
ilabp,6.175,17089851910,089,Small_DG,2027-11-21,66,33,Elgin city,planned
ilabp,7.6,17195000700,195,Small_DG,2027-11-21,73,37,,planned
ilabp,5.51,17031826800,031,Small_DG,2027-11-29,30,15,Dixmoor village,planned
ilabp,19.14,17135957300,135,Small_DG,2027-11-21,107,54,,planned
ilabp,5.7,17119401101,119,Small_DG,2027-11-21,111,56,Wood River city,planned
ilabp,9.57,17031190602,031,Small_DG,2027-11-21,3,2,Chicago city,planned
ilabp,7.6,17095001500,095,Small_DG,2027-11-21,94,47,,planned
ilabp,11.5,17031804611,031,Small_DG,2027-11-21,56,28,Schaumburg village,planned
ilabp,5.22,17041952000,041,Small_DG,2027-11-21,101,51,,planned
ilabp,3.8,17117956400,117,Small_DG,2027-11-21,108,54,Carlinville city,planned
ilabp,13.36,17097864410,097,Small_DG,2028-01-16,51,26,Lake Zurich village,planned
ilabp,5.76,17031700200,031,Small_DG,2028-01-16,32,16,Chicago city,planned
ilabp,11.517,17165955100,165,Small_DG,2027-11-29,117,59,Eldorado city,planned
ilabp,15.2,17107953000,107,Small_DG,2027-11-29,87,44,,planned
ilabp,7.6,17031810400,031,Small_DG,2028-01-16,55,28,Park Ridge city,planned
ilabp,11.5,17031828505,031,Small_DG,2027-11-29,34,17,,planned
ilabp,11.5,17165955800,165,Small_DG,2027-11-29,117,59,Harrisburg city,planned
ilabp,23.0,17179020400,179,Small_DG,2027-11-29,87,44,Creve Coeur village,planned
ilabp,10.0,17197880408,197,Small_DG,2028-01-16,98,49,,planned
ilabp,11.5,17031827802,031,Small_DG,2027-11-29,29,15,South Holland village,planned
ilabp,7.6,17031661000,031,Small_DG,2027-11-21,32,16,Chicago city,planned
ilabp,3.8,17117956500,117,Small_DG,2027-11-21,100,50,,planned
ilabp,5.76,17031730202,031,Small_DG,2028-01-16,27,14,Chicago city,planned
ilabp,5.7,17091011800,091,Small_DG,2027-11-29,79,40,Bradley village,planned
ilabp,10.0,17089853006,089,Small_DG,2028-01-16,50,25,Aurora city,planned
ilabp,11.5,17031829800,031,Small_DG,2028-01-16,30,15,Flossmoor village,planned
ilabp,10.0,17131040400,131,Small_DG,2027-11-21,94,47,,planned
ilabp,10.0,17007010200,007,Small_DG,2027-11-21,68,34,Belvidere city,planned
ilabp,5.76,17031834200,031,Small_DG,2027-11-21,33,17,Chicago city,planned
ilabp,7.6,17031830008,031,Small_DG,2027-11-29,38,19,Richton Park village,planned
ilabp,15.2,17201000516,201,Small_DG,2028-01-16,68,34,Rockford city,planned
ilabp,11.5,17055040100,055,Small_DG,2027-11-29,116,58,,planned
ilabp,23.0,17031820902,031,Small_DG,2027-11-29,22,11,Burbank city,planned
ilabp,23.0,17031803013,031,Small_DG,2028-01-30,54,27,Buffalo Grove village,planned
ilabp,10.0,17031825802,031,Small_DG,2028-01-16,29,15,Calumet City city,planned
ilabp,7.6,17031827100,031,Small_DG,2028-01-16,30,15,Harvey city,planned
ilabp,12.18,17195000400,195,Small_DG,2027-11-21,73,37,,planned
ilabp,11.5,17067953700,067,Small_DG,2027-11-29,94,47,,planned
ilabp,11.5,17043842708,043,Small_DG,2028-01-16,42,21,Glen Ellyn village,planned
ilabp,11.5,17201000101,201,Small_DG,2028-01-16,90,45,Machesney Park village,planned
ilabp,23.0,17073030202,073,Small_DG,2028-01-16,93,47,,planned
ilabp,7.6,17199020300,199,Small_DG,2027-11-29,118,59,,planned
ilabp,8.99,17119402900,119,Small_DG,2027-11-21,112,56,Edwardsville city,planned
ilabp,11.5,17031828505,031,Small_DG,2028-01-16,34,17,,planned
ilabp,13.36,17043845502,043,Small_DG,2028-01-16,45,23,Willowbrook village,planned
ilabp,8.7,17077010602,077,Small_DG,2027-11-21,115,58,Murphysboro city,planned
ilabp,11.5,17075950500,075,Small_DG,2028-01-16,106,53,,planned
ilabp,10.0,17031150700,031,Small_DG,2028-01-16,19,10,Chicago city,planned
ilabp,23.0,17031824124,031,Small_DG,2028-01-16,37,19,Orland Hills village,planned
ilabp,9.57,17119403121,119,Small_DG,2027-11-21,112,56,Glen Carbon village,planned
ilabp,11.5,17179021500,179,Small_DG,2027-11-29,87,44,,planned
ilabp,11.5,17201003808,201,Small_DG,2028-01-16,90,45,Machesney Park village,planned
ilabp,23.0,17031807900,031,Small_DG,2028-01-16,16,8,Lincolnwood village,planned
ilabp,15.2,17071973400,071,Small_DG,2027-11-21,94,47,,planned
ilabp,11.5,17019010901,019,Small_DG,2028-01-16,101,51,,planned
ilabp,10.0,17145030500,145,Small_DG,2027-11-21,115,58,,planned
ilabp,11.5,17019010603,019,Small_DG,2027-11-29,101,51,Mahomet village,planned
ilabp,11.5,17019010500,019,Small_DG,2027-11-29,101,51,Fisher village,planned
ilabp,11.5,17031804714,031,Small_DG,2027-11-29,44,22,Hoffman Estates village,planned
ilabp,10.0,17097860301,097,Small_DG,2027-11-21,61,31,Zion city,planned
ilabp,23.0,17031050600,031,Small_DG,2027-11-29,11,6,Chicago city,planned
ilabp,11.5,17031828508,031,Small_DG,2027-11-29,34,17,,planned
ilabp,11.5,17029000701,029,Small_DG,2027-11-29,101,51,,planned
ilabp,11.5,17199020700,199,Small_DG,2027-11-29,117,59,,planned
ilabp,11.5,17019010500,019,Small_DG,2027-11-29,101,51,Fisher village,planned
ilabp,5.76,17031740300,031,Small_DG,2028-01-16,35,18,Chicago city,planned
ilabp,7.6,17103000100,103,Small_DG,2027-11-29,74,37,,planned
ilabp,11.5,17179020600,179,Small_DG,2027-11-29,93,47,Pekin city,planned
ilabp,11.5,17165955100,165,Small_DG,2027-11-29,117,59,Eldorado city,planned
ilabp,11.5,17097860500,097,Small_DG,2027-11-29,61,31,Zion city,planned
ilabp,11.5,17173959200,173,Small_DG,2027-11-29,107,54,,planned
ilabp,11.5,17101880800,101,Small_DG,2027-11-29,102,51,,planned
ilabp,11.5,17143004101,143,Small_DG,2027-11-29,93,47,,planned
ilabp,10.0,17175951500,175,Small_DG,2027-11-21,93,47,,planned
ilabp,11.5,17121951600,121,Small_DG,2027-11-29,110,55,,planned
ilabp,5.7,17119400802,119,Small_DG,2027-11-29,111,56,Granite City city,planned
ilabp,11.5,17113001200,113,Small_DG,2027-11-29,91,46,Bloomington city,planned
ilabp,3.8,17143004802,143,Small_DG,2027-11-29,92,46,Bartonville village,planned
ilabp,11.5,17099963200,099,Small_DG,2027-11-29,76,38,,planned
ilabp,11.5,17201000105,201,Small_DG,2027-11-29,90,45,Machesney Park village,planned
ilabp,11.5,17019010500,019,Small_DG,2027-11-29,101,51,Fisher village,planned
ilabp,13.34,17037000300,037,Small_DG,2028-01-16,74,37,,planned
ilabp,10.0,17187870200,187,Small_DG,2027-11-21,71,36,,planned
ilabp,5.7,17023060100,023,Small_DG,2027-11-21,102,51,,planned
ilabp,5.7,17057953300,057,Small_DG,2027-11-21,94,47,Canton city,planned
ilabp,10.0,17027900602,027,Small_DG,2027-11-21,109,55,,planned
ilabp,5.7,17021958200,021,Small_DG,2027-11-21,95,48,Kincaid village,planned
ilabp,10.0,17167003902,167,Small_DG,2027-11-21,96,48,,planned
ilabp,5.7,17189950400,189,Small_DG,2027-11-21,115,58,,planned
ilabp,10.0,17119403532,119,Small_DG,2027-11-21,109,55,,planned
ilabp,10.0,17119403401,119,Small_DG,2027-11-21,112,56,Collinsville city,planned
ilabp,10.0,17143004902,143,Small_DG,2027-11-21,93,47,,planned
ilabp,5.7,17165955800,165,Small_DG,2027-11-21,117,59,Harrisburg city,planned
ilabp,10.0,17147954800,147,Small_DG,2027-11-21,88,44,,planned
ilabp,22.04,17179021900,179,Small_DG,2027-11-21,87,44,,planned
ilabp,10.0,17051950700,051,Small_DG,2027-11-21,110,55,,planned
ilabp,10.0,17011965500,011,Small_DG,2027-11-21,73,37,,planned
ilabp,7.6,17163504352,163,Small_DG,2027-11-21,114,57,O'Fallon city,planned
ilabp,15.66,17163503324,163,Small_DG,2027-11-21,113,57,Shiloh village,planned
ilabp,10.0,17183011100,183,Small_DG,2027-11-21,102,51,,planned
ilabp,5.7,17125956800,125,Small_DG,2027-11-21,94,47,,planned
ilabp,5.76,17119403531,119,Small_DG,2027-11-21,109,55,,planned
ilabp,3.8,17057953200,057,Small_DG,2028-02-06,94,47,,planned
ilabp,5.7,17051950500,051,Small_DG,2027-11-21,110,55,,planned
ilabp,11.4,17189950200,189,Small_DG,2027-11-21,109,55,,planned
ilabp,6.09,17099962200,099,Small_DG,2027-11-21,74,37,,planned
ilabp,7.6,17145030200,145,Small_DG,2027-11-29,115,58,,planned
ilabp,7.25,17137951900,137,Small_DG,2027-11-21,99,50,Jacksonville city,planned
ilabp,11.4,17089850706,089,Small_DG,2027-11-29,70,35,,planned
ilabp,5.76,17117956200,117,Small_DG,2027-11-29,100,50,,planned
ilabp,10.0,17043841501,043,Small_DG,2027-11-21,49,25,West Chicago city,planned
ilabp,20.0,17183011100,183,Small_DG,2027-11-21,102,51,,planned
ilabp,10.73,17055041100,055,Small_DG,2027-11-29,117,59,,planned
ilabp,23.0,17191955000,191,Small_DG,2028-01-16,116,58,,planned
ilabp,11.5,17045070300,045,Small_DG,2028-01-16,102,51,Paris city,planned
ilabp,7.6,17011965500,011,Small_DG,2028-01-16,73,37,,planned
ilabp,7.6,17143002800,143,Small_DG,2028-01-16,92,46,Peoria city,planned
ilabp,7.6,17119401400,119,Small_DG,2027-11-21,111,56,Alton city,planned
ilabp,11.5,17031827801,031,Small_DG,2028-01-16,29,15,South Holland village,planned
ilabp,11.5,17191955000,191,Small_DG,2028-01-16,116,58,,planned
ilabp,17.48,17199020300,199,Small_DG,2028-01-16,118,59,,planned
ilabp,11.5,17055041200,055,Small_DG,2028-01-16,117,59,,planned
ilabp,11.4,17173959600,173,Small_DG,2027-11-21,107,54,,planned
ilabp,22.8,17059972700,059,Small_DG,2028-01-16,117,59,,planned
ilabp,10.0,17029000100,029,Small_DG,2027-11-21,101,51,,planned
ilabp,10.0,17031823801,031,Small_DG,2028-01-16,36,18,,planned
ilabp,11.4,17089854301,089,Small_DG,2028-01-16,50,25,Aurora city,planned
ilabp,14.08,17163504353,163,Small_DG,2027-11-21,109,55,,planned
ilabp,11.5,17067954200,067,Small_DG,2028-01-16,94,47,,planned
ilabp,9.6,17163503323,163,Small_DG,2027-11-21,113,57,Swansea village,planned
ilabp,5.76,17113001403,113,Small_DG,2028-01-16,91,46,Bloomington city,planned
ilabp,11.5,17191955000,191,Small_DG,2028-01-16,116,58,,planned
ilabp,6.67,17031470100,031,Small_DG,2028-01-16,33,17,Chicago city,planned
ilabp,17.4,17183010600,183,Small_DG,2027-11-21,104,52,,planned
ilabp,11.5,17031720500,031,Small_DG,2028-01-16,35,18,Chicago city,planned
ilabp,19.2,17163503412,163,Small_DG,2027-11-21,112,56,Caseyville village,planned
ilabp,7.6,17043844701,043,Small_DG,2028-01-16,45,23,Westmont village,planned
ilabp,5.76,17031829600,031,Small_DG,2028-01-16,80,40,Steger village,planned
ilabp,11.5,17019001302,019,Small_DG,2028-01-16,104,52,Savoy village,planned
ilabp,11.5,17031829800,031,Small_DG,2028-01-16,30,15,Flossmoor village,planned
ilabp,11.5,17145030200,145,Small_DG,2028-01-16,115,58,,planned
ilabp,7.6,17109010600,109,Small_DG,2027-11-21,71,36,,planned
ilabp,5.22,17119402200,119,Small_DG,2028-01-16,111,56,Alton city,planned
ilabp,11.5,17043842603,043,Small_DG,2028-01-16,47,24,Wheaton city,planned
ilabp,23.0,17197883504,197,Small_DG,2028-01-16,38,19,Frankfort village,planned
ilabp,11.5,17045070100,045,Small_DG,2028-01-16,102,51,,planned
ilabp,5.8,17195000200,195,Small_DG,2027-11-21,74,37,,planned
ilabp,10.0,17113001402,113,Small_DG,2028-01-16,88,44,,planned
ilabp,7.6,17141960700,141,Small_DG,2027-11-21,89,45,,planned
ilabp,8.12,17201000501,201,Small_DG,2028-01-16,68,34,,planned
ilabp,11.5,17179021101,179,Small_DG,2028-01-16,93,47,Pekin city,planned
ilabp,10.0,17043846518,043,Small_DG,2028-01-16,84,42,Aurora city,planned
ilabp,11.5,17011965000,011,Small_DG,2028-01-16,76,38,,planned
ilabp,11.5,17073031200,073,Small_DG,2028-01-16,93,47,,planned
ilabp,3.8,17113005700,113,Small_DG,2027-11-21,88,44,,planned
ilabp,23.0,17113005501,113,Small_DG,2027-11-21,88,44,,planned
ilabp,11.5,17089851801,089,Small_DG,2028-01-16,49,25,South Elgin village,planned
ilabp,5.7,17097861202,097,Small_DG,2028-01-16,62,31,Round Lake Beach village,planned
ilabp,5.7,17105960100,105,Small_DG,2027-11-29,106,53,Dwight village,planned
ilabp,3.48,17031818300,031,Small_DG,2028-01-30,7,4,Hillside village,planned
ilabp,11.31,17031813100,031,Small_DG,2027-11-21,78,39,Oak Park village,planned
ilabp,9.57,17199020100,199,Small_DG,2027-11-21,118,59,,planned
ilabp,22.8,17063000600,063,Small_DG,2027-11-21,106,53,,planned
ilabp,10.0,17097864520,097,Small_DG,2027-11-29,59,30,Buffalo Grove village,planned
ilabp,11.5,17067954200,067,Small_DG,2028-01-16,94,47,,planned
ilabp,5.7,17115002800,115,Small_DG,2027-11-21,87,44,,planned
ilabp,11.5,17049950700,049,Small_DG,2028-01-16,107,54,,planned
ilabp,10.0,17097861106,097,Small_DG,2028-01-16,62,31,Grayslake village,planned
ilabp,7.54,17043841325,043,Small_DG,2027-11-21,48,24,Carol Stream village,planned
ilabp,14.82,17193958300,193,Small_DG,2028-01-16,116,58,,planned
ilabp,11.5,17031830004,031,Small_DG,2028-01-16,38,19,Matteson village,planned
ilabp,14.79,17031802505,031,Small_DG,2027-11-21,57,29,Wheeling village,planned
ilabp,11.5,17155954600,155,Small_DG,2028-01-16,105,53,,planned
ilabp,6.09,17111871202,111,Small_DG,2027-11-21,66,33,Crystal Lake city,planned
ilabp,6.96,17031810900,031,Small_DG,2027-11-29,78,39,Elmwood Park village,planned
ilabp,11.5,17179021900,179,Small_DG,2028-01-16,87,44,,planned
ilabp,10.0,17031620300,031,Small_DG,2028-01-16,22,11,Chicago city,planned
ilabp,11.5,17097860301,097,Small_DG,2028-01-16,61,31,Zion city,planned
ilabp,7.98,17095000500,095,Small_DG,2027-11-21,71,36,,planned
ilabp,10.0,17031804611,031,Small_DG,2028-01-16,56,28,Schaumburg village,planned
ilabp,11.5,17109011100,109,Small_DG,2028-01-16,94,47,,planned
ilabp,5.76,17031825803,031,Small_DG,2028-01-16,29,15,Calumet City city,planned
ilabp,23.0,17103000900,103,Small_DG,2028-01-16,74,37,,planned
ilabp,13.8,17095000400,095,Small_DG,2028-01-30,71,36,Galesburg city,planned
ilabp,11.5,17031803015,031,Small_DG,2027-11-21,54,27,Arlington Heights village,planned
ilabp,23.0,17179020700,179,Small_DG,2028-01-16,93,47,Pekin city,planned
ilabp,11.5,17115002500,115,Small_DG,2028-01-16,107,54,,planned
ilabp,11.5,17131040300,131,Small_DG,2028-01-16,94,47,Aledo city,planned
ilabp,10.0,17141961301,141,Small_DG,2027-11-21,74,37,,planned
ilabp,5.76,17031824107,031,Small_DG,2027-11-21,27,14,Orland Park village,planned
ilabp,11.5,17031824126,031,Small_DG,2028-01-16,,,Tinley Park village,planned
ilabp,11.5,17143004801,143,Small_DG,2028-01-16,93,47,,planned
ilabp,11.5,17031827801,031,Small_DG,2028-01-16,29,15,South Holland village,planned
ilabp,11.5,17183011100,183,Small_DG,2028-01-16,102,51,,planned
ilabp,23.0,17183010600,183,Small_DG,2028-01-16,104,52,,planned
ilabp,11.4,17143003900,143,Small_DG,2028-01-16,93,47,,planned
ilabp,11.5,17075950200,075,Small_DG,2028-01-16,106,53,,planned
ilabp,7.6,17057953200,057,Small_DG,2027-11-21,94,47,,planned
ilabp,7.6,17031826100,031,Small_DG,2028-01-16,33,17,Calumet City city,planned
ilabp,11.5,17031828505,031,Small_DG,2028-01-16,34,17,,planned
ilabp,10.0,17113000502,113,Small_DG,2028-01-16,91,46,Normal town,planned
ilabp,11.5,17053961800,053,Small_DG,2028-01-16,106,53,Paxton city,planned
ilabp,11.5,17201003605,201,Small_DG,2028-01-16,90,45,Rockford city,planned
ilabp,11.5,17201000103,201,Small_DG,2028-01-16,90,45,Machesney Park village,planned
ilabp,11.5,17099962200,099,Small_DG,2028-01-16,74,37,,planned
ilabp,10.0,17063000700,063,Small_DG,2028-01-16,106,53,,planned
ilabp,11.5,17031825803,031,Small_DG,2028-01-16,29,15,Calumet City city,planned
ilabp,22.33,17199021200,199,Small_DG,2028-01-16,118,59,Marion city,planned
ilabp,11.4,17031530501,031,Small_DG,2028-01-16,28,14,Chicago city,planned
ilabp,10.0,17031824800,031,Small_DG,2027-11-21,30,15,Posen village,planned
ilabp,5.76,17201003604,201,Small_DG,2027-11-21,67,34,Rockford city,planned
ilabp,10.0,17031804406,031,Small_DG,2028-01-16,49,25,Elgin city,planned
ilabp,7.6,17197883602,197,Small_DG,2028-01-16,79,40,Monee village,planned
ilabp,3.8,17031828201,031,Small_DG,2027-11-21,34,17,,planned
ilabp,5.76,17031690400,031,Small_DG,2028-01-16,32,16,Chicago city,planned
ilabp,10.0,17097861013,097,Small_DG,2027-11-21,64,32,Lake Villa village,planned
ilabp,5.76,17031825700,031,Small_DG,2027-11-21,34,17,Burnham village,planned
ilabp,10.0,17031825802,031,Small_DG,2028-01-16,29,15,Calumet City city,planned
ilabp,7.6,17097864512,097,Small_DG,2027-11-21,51,26,Long Grove village,planned
ilabp,10.0,17097860906,097,Small_DG,2027-11-21,64,32,,planned
ilabp,11.5,17043844305,043,Small_DG,2028-01-16,42,21,,planned
ilabp,10.0,17031170400,031,Small_DG,2028-01-16,20,10,Chicago city,planned
ilabp,5.76,17031500100,031,Small_DG,2028-01-16,34,17,Chicago city,planned
ilabp,5.76,17201003808,201,Small_DG,2028-01-16,90,45,Machesney Park village,planned
ilabp,5.76,17031750600,031,Small_DG,2027-11-21,27,14,Chicago city,planned
ilabp,5.76,17197880105,197,Small_DG,2028-01-16,98,49,Bolingbrook village,planned
ilabp,5.76,17031700100,031,Small_DG,2027-11-21,32,16,Chicago city,planned
ilabp,10.0,17031700302,031,Small_DG,2027-11-21,32,16,Chicago city,planned
ilabp,10.0,17031821800,031,Small_DG,2028-01-16,36,18,Evergreen Park village,planned
ilabp,7.6,17197880325,197,Small_DG,2028-01-16,84,42,Aurora city,planned
ilabp,3.8,17031730202,031,Small_DG,2028-01-16,27,14,Chicago city,planned
ilabp,11.5,17031821002,031,Small_DG,2028-01-16,22,11,Burbank city,planned
ilabp,5.7,17119402722,119,Small_DG,2027-11-21,100,50,Godfrey village,planned
ilabp,11.5,17053962000,053,Small_DG,2028-01-16,106,53,Gibson City city,planned
ilabp,4.64,17119403121,119,Small_DG,2027-11-29,112,56,Glen Carbon village,planned
ilabp,11.5,17173959300,173,Small_DG,2028-01-16,107,54,Shelbyville city,planned
ilabp,10.0,17143004500,143,Small_DG,2027-11-21,93,47,,planned
ilabp,11.5,17067954200,067,Small_DG,2028-01-16,94,47,,planned
ilabp,11.5,17011965000,011,Small_DG,2028-01-16,76,38,,planned
ilabp,6.09,17043846513,043,Small_DG,2028-01-30,84,42,Aurora city,planned
ilabp,11.5,17167003701,167,Small_DG,2028-01-16,108,54,,planned
ilabp,10.0,17143003900,143,Small_DG,2028-01-16,93,47,,planned
ilabp,11.5,17197883603,197,Small_DG,2028-01-16,79,40,University Park village,planned
ilabp,11.5,17063000900,063,Small_DG,2028-01-16,79,40,,planned
ilabp,11.5,17031825803,031,Small_DG,2028-01-16,29,15,Calumet City city,planned
ilabp,11.5,17031825501,031,Small_DG,2028-01-16,38,19,Country Club Hills city,planned
ilabp,11.5,17067954000,067,Small_DG,2028-01-16,94,47,,planned
ilabp,11.5,17099962100,099,Small_DG,2028-01-16,74,37,,planned
ilabp,6.96,17057952800,057,Small_DG,2027-11-21,94,47,Farmington city,planned
ilabp,11.5,17073030500,073,Small_DG,2028-01-16,93,47,,planned
ilabp,13.96,17027900602,027,Small_DG,2027-11-29,109,55,,planned
ilabp,11.5,17019001000,019,Small_DG,2028-01-16,103,52,Champaign city,planned
ilabp,13.36,17115002904,115,Small_DG,2028-01-16,88,44,,planned
ilabp,5.0,17201003810,201,Small_DG,2027-11-21,68,34,Loves Park city,planned
ilabp,23.0,17179021000,179,Small_DG,2027-11-21,93,47,Pekin city,planned
ilabp,7.6,17067954000,067,Small_DG,2027-11-29,94,47,,planned
ilabp,7.6,17031770400,031,Small_DG,2028-01-16,56,28,Elk Grove Village village,planned
ilabp,20.0,17117956900,117,Small_DG,2027-11-21,108,54,,planned
ilabp,5.76,17031804305,031,Small_DG,2028-01-16,44,22,Streamwood village,planned
ilabp,10.0,17037001004,037,Small_DG,2027-11-21,76,38,,planned
ilabp,6.67,17043846514,043,Small_DG,2027-11-21,84,42,Aurora city,planned
ilabp,10.0,17019000902,019,Small_DG,2028-01-16,104,52,,planned
ilabp,4.16,17043841607,043,Small_DG,2027-11-21,41,21,Warrenville city,planned
ilabp,11.5,17123961200,123,Small_DG,2028-01-16,105,53,Henry city,planned
ilabp,5.76,17019010901,019,Small_DG,2028-01-16,101,51,,planned
ilabp,11.5,17031828000,031,Small_DG,2028-01-16,33,17,Lansing village,planned
ilabp,15.2,17173959600,173,Small_DG,2027-11-21,107,54,,planned
ilabp,7.54,17163502602,163,Small_DG,2027-11-21,114,57,Cahokia village,planned
ilabp,11.5,17197881108,197,Small_DG,2028-01-16,37,19,New Lenox village,planned
ilabp,3.8,17113001403,113,Small_DG,2028-01-16,91,46,Bloomington city,planned
ilabp,11.5,17197883509,197,Small_DG,2028-01-16,80,40,,planned
ilabp,10.0,17197881115,197,Small_DG,2027-11-21,37,19,New Lenox village,planned
ilabp,11.5,17031801605,031,Small_DG,2028-01-16,57,29,Northbrook village,planned
ilabp,23.0,17031818402,031,Small_DG,2028-01-16,7,4,Westchester village,planned
ilabp,4.93,17097862501,097,Small_DG,2027-11-29,60,30,Waukegan city,planned
ilabp,11.5,17203030501,203,Small_DG,2028-01-16,73,37,Germantown Hills village,planned
ilabp,5.7,17031826402,031,Small_DG,2028-01-16,29,15,Dolton village,planned
ilabp,10.0,17031814800,031,Small_DG,2028-01-16,21,11,Berwyn city,planned
ilabp,11.5,17029000300,029,Small_DG,2028-01-16,101,51,,planned
ilabp,9.28,17031130200,031,Small_DG,2027-11-21,15,8,Chicago city,planned
ilabp,23.0,17123961400,123,Small_DG,2028-01-16,105,53,,planned
ilabp,11.5,17073030400,073,Small_DG,2028-01-16,73,37,,planned
ilabp,11.5,17123961200,123,Small_DG,2028-01-16,105,53,Henry city,planned
ilabp,11.5,17049950700,049,Small_DG,2028-01-16,107,54,,planned
ilabp,5.7,17011964700,011,Small_DG,2028-01-16,73,37,,planned
ilabp,11.5,17001000100,001,Small_DG,2028-01-16,99,50,Quincy city,planned
ilabp,11.5,17109011000,109,Small_DG,2028-01-16,94,47,,planned
ilabp,11.5,17001000900,001,Small_DG,2028-01-16,99,50,Quincy city,planned
ilabp,10.73,17143003000,143,Small_DG,2028-01-16,92,46,Peoria city,planned
ilabp,13.92,17167003901,167,Small_DG,2027-11-21,95,48,,planned
ilabp,11.5,17073031200,073,Small_DG,2028-01-16,93,47,,planned
ilabp,21.66,17157950500,157,Small_DG,2028-01-16,115,58,,planned
ilabp,10.0,17097866200,097,Small_DG,2027-11-21,58,29,Mettawa village,planned
ilabp,11.5,17031827901,031,Small_DG,2028-01-16,29,15,South Holland village,planned
ilabp,7.6,17097861603,097,Small_DG,2028-01-16,62,31,Gurnee village,planned
ilabp,11.5,17073030500,073,Small_DG,2028-01-16,93,47,,planned
ilabp,11.5,17031811401,031,Small_DG,2028-01-16,77,39,Franklin Park village,planned
ilabp,10.0,17031815200,031,Small_DG,2028-01-16,2,1,Berwyn city,planned
ilabp,11.5,17139977000,139,Small_DG,2028-01-16,107,54,,planned
ilabp,11.5,17031806006,031,Small_DG,2028-02-06,55,28,,planned
ilabp,13.68,17011965500,011,Small_DG,2028-01-16,73,37,,planned
ilabp,11.5,17031640700,031,Small_DG,2028-01-16,22,11,Chicago city,planned
ilabp,10.0,17031808400,031,Small_DG,2027-11-21,15,8,Morton Grove village,planned
ilabp,3.8,17131040400,131,Small_DG,2027-11-21,94,47,,planned
ilabp,10.0,17031819700,031,Small_DG,2027-11-21,8,4,La Grange village,planned
ilabp,11.5,17179020400,179,Small_DG,2028-01-16,87,44,Creve Coeur village,planned
ilabp,10.0,17197880511,197,Small_DG,2027-11-21,98,49,Romeoville village,planned
ilabp,3.8,17031730202,031,Small_DG,2027-11-21,27,14,Chicago city,planned
ilabp,10.0,17147954800,147,Small_DG,2027-11-21,88,44,,planned
ilabp,4.93,17043845809,043,Small_DG,2027-11-29,81,41,Woodridge village,planned
ilabp,13.36,17043845805,043,Small_DG,2027-11-21,82,41,Darien city,planned
ilabp,9.92,17031120300,031,Small_DG,2027-11-21,15,8,Chicago city,planned
ilabp,10.47,17027900300,027,Small_DG,2027-11-29,109,55,,planned
ilabp,5.76,17107953100,107,Small_DG,2027-11-29,87,44,,planned
ilabp,11.5,17197880314,197,Small_DG,2027-11-21,97,49,,planned
ilabp,11.5,17131040200,131,Small_DG,2028-01-16,94,47,,planned
ilabp,11.5,17081050700,081,Small_DG,2028-01-16,116,58,,planned
ilabp,11.5,17163503906,163,Small_DG,2028-01-16,114,57,,planned
ilabp,11.4,17089850705,089,Small_DG,2028-01-16,70,35,Hampshire village,planned
ilabp,11.5,17031822500,031,Small_DG,2027-11-29,36,18,Oak Lawn village,planned
ilabp,11.5,17121952000,121,Small_DG,2028-01-16,110,55,,planned
ilabp,11.5,17109010600,109,Small_DG,2028-01-16,71,36,,planned
ilabp,11.5,17067954200,067,Small_DG,2028-01-16,94,47,,planned
ilabp,23.0,17199020600,199,Small_DG,2028-01-16,118,59,Herrin city,planned
ilabp,11.5,17201000103,201,Small_DG,2028-01-16,90,45,Machesney Park village,planned
ilabp,11.5,17163501605,163,Small_DG,2028-01-16,113,57,Belleville city,planned
ilabp,4.64,17143002702,143,Small_DG,2027-11-21,92,46,Peoria city,planned
ilabp,11.5,17197880106,197,Small_DG,2028-01-16,85,43,Bolingbrook village,planned
ilabp,11.5,17049950400,049,Small_DG,2028-01-16,110,55,,planned
ilabp,11.5,17201003805,201,Small_DG,2028-01-16,90,45,Machesney Park village,planned
ilabp,11.5,17061973900,061,Small_DG,2028-01-16,100,50,White Hall city,planned
ilabp,11.4,17179021801,179,Small_DG,2028-01-16,93,47,,planned
ilabp,19.0,17097861507,097,Small_DG,2028-01-16,60,30,Waukegan city,planned
ilabp,23.0,17043840202,043,Small_DG,2028-01-30,48,24,Addison village,planned
ilabp,11.5,17095001000,095,Small_DG,2028-01-16,71,36,Galesburg city,planned
ilabp,11.5,17197883505,197,Small_DG,2028-01-16,38,19,Frankfort village,planned
ilabp,5.7,17061973900,061,Small_DG,2027-11-21,100,50,White Hall city,planned
ilabp,16.0,17089854507,089,Small_DG,2027-11-29,70,35,Elburn village,planned
ilabp,10.0,17031821700,031,Small_DG,2028-01-16,36,18,Evergreen Park village,planned
ilabp,5.7,17031171000,031,Small_DG,2028-01-16,19,10,Chicago city,planned
ilabp,11.5,17053962000,053,Small_DG,2028-01-16,106,53,Gibson City city,planned
ilabp,10.0,17201003810,201,Small_DG,2028-01-16,68,34,Loves Park city,planned
ilabp,11.5,17111871113,111,Small_DG,2028-01-16,69,35,,planned
ilabp,11.5,17031823901,031,Small_DG,2028-01-16,36,18,Palos Park village,planned
ilabp,11.5,17031830202,031,Small_DG,2028-01-16,80,40,Park Forest village,planned
ilabp,11.5,17031660900,031,Small_DG,2028-01-16,32,16,Chicago city,planned
ilabp,11.5,17089851801,089,Small_DG,2028-01-16,49,25,South Elgin village,planned
ilabp,11.5,17001000202,001,Small_DG,2028-01-16,99,50,Quincy city,planned
ilabp,11.5,17201003805,201,Small_DG,2028-01-16,90,45,Machesney Park village,planned
ilabp,10.0,17201000105,201,Small_DG,2027-11-21,90,45,Machesney Park village,planned
ilabp,11.5,17049950700,049,Small_DG,2028-01-16,107,54,,planned
ilabp,11.5,17031824509,031,Small_DG,2028-01-16,28,14,Oak Forest city,planned
ilabp,11.5,17113002101,113,Small_DG,2028-01-16,88,44,Bloomington city,planned
ilabp,15.2,17197880317,197,Small_DG,2028-01-30,97,49,Bolingbrook village,planned
ilabp,11.5,17199021001,199,Small_DG,2028-01-16,118,59,Marion city,planned
ilabp,11.5,17053961800,053,Small_DG,2028-01-16,106,53,Paxton city,planned
ilabp,10.0,17089851911,089,Small_DG,2027-11-21,66,33,Elgin city,planned
ilabp,3.8,17057953700,057,Small_DG,2027-11-29,94,47,,planned
ilabp,10.0,17197880432,197,Small_DG,2027-11-21,97,49,Joliet city,planned
ilabp,11.5,17097860106,097,Small_DG,2028-01-16,61,31,Zion city,planned
ilabp,10.0,17031630800,031,Small_DG,2028-01-16,1,1,Chicago city,planned
ilabp,5.76,17031806005,031,Small_DG,2028-01-16,55,28,,planned
ilabp,7.6,17031825801,031,Small_DG,2028-01-16,29,15,Calumet City city,planned
ilabp,10.0,17043842709,043,Small_DG,2028-01-16,42,21,,planned
ilabp,10.0,17031818600,031,Small_DG,2027-11-21,21,11,La Grange Park village,planned
ilabp,7.6,17097864511,097,Small_DG,2028-01-16,51,26,Vernon Hills village,planned
ilabp,10.0,17043846518,043,Small_DG,2028-01-16,84,42,Aurora city,planned
ilabp,11.4,17031804312,031,Small_DG,2028-01-16,43,22,,planned
ilabp,10.0,17093890401,093,Small_DG,2028-01-16,75,38,,planned
ilabp,10.0,17031804105,031,Small_DG,2027-11-21,51,26,,planned
ilabp,5.76,17031826202,031,Small_DG,2028-01-16,33,17,Calumet City city,planned
ilabp,10.0,17031770400,031,Small_DG,2028-01-16,56,28,Elk Grove Village village,planned
ilabp,10.0,17089852806,089,Small_DG,2028-01-16,50,25,,planned
ilabp,10.0,17089850301,089,Small_DG,2028-01-16,43,22,,planned
ilabp,5.76,17097864105,097,Small_DG,2028-01-16,52,26,Mundelein village,planned
ilabp,10.0,17031830003,031,Small_DG,2028-01-16,38,19,Matteson village,planned
ilabp,5.76,17197881201,197,Small_DG,2028-01-16,86,43,Joliet city,planned
ilabp,10.0,17031190601,031,Small_DG,2028-01-16,3,2,Chicago city,planned
ilabp,10.0,17043846409,043,Small_DG,2028-01-16,50,25,Aurora city,planned
ilabp,11.5,17031822400,031,Small_DG,2027-11-29,31,16,Oak Lawn village,planned
ilabp,7.6,17031750100,031,Small_DG,2028-01-16,27,14,Chicago city,planned
ilabp,5.76,17031510300,031,Small_DG,2028-01-16,33,17,Chicago city,planned
ilabp,5.76,17031700100,031,Small_DG,2028-01-16,32,16,Chicago city,planned
ilabp,3.8,17031750600,031,Small_DG,2028-01-16,27,14,Chicago city,planned
ilabp,10.0,17043844901,043,Small_DG,2028-01-16,81,41,Downers Grove village,planned
ilabp,10.0,17031828802,031,Small_DG,2028-01-16,80,40,Chicago Heights city,planned
ilabp,23.0,17097861304,097,Small_DG,2028-01-16,62,31,Round Lake Beach village,planned
ilabp,11.5,17197880122,197,Small_DG,2028-01-16,98,49,Bolingbrook village,planned
ilabp,23.0,17043846202,043,Small_DG,2028-01-16,81,41,Lisle village,planned
ilabp,10.0,17197880111,197,Small_DG,2028-01-16,85,43,Bolingbrook village,planned
ilabp,15.2,17111871110,111,Small_DG,2028-01-16,69,35,Huntley village,planned
ilabp,11.5,17197883606,197,Small_DG,2028-01-16,79,40,University Park village,planned
ilabp,23.0,17031804506,031,Small_DG,2028-01-16,49,25,Bartlett village,planned
ilabp,7.6,17031560300,031,Small_DG,2028-01-16,1,1,Chicago city,planned
ilabp,23.0,17063000200,063,Small_DG,2028-01-16,75,38,,planned
ilabp,10.0,17197883505,197,Small_DG,2028-01-16,38,19,Frankfort village,planned
ilabp,11.4,17073031000,073,Small_DG,2027-11-21,93,47,,planned
ilabp,11.5,17089850301,089,Small_DG,2028-01-16,43,22,,planned
ilabp,11.4,17097864514,097,Small_DG,2028-01-16,59,30,,planned
ilabp,10.0,17031660600,031,Small_DG,2028-01-16,6,3,Chicago city,planned
ilabp,11.5,17143004400,143,Small_DG,2028-01-16,92,46,West Peoria city,planned
ilabp,7.6,17063000200,063,Small_DG,2028-01-16,75,38,,planned
ilabp,11.5,17183001200,183,Small_DG,2028-01-16,104,52,,planned
ilabp,23.0,17107953600,107,Small_DG,2028-01-16,87,44,,planned
ilabp,2.88,17031251200,031,Small_DG,2027-11-21,8,4,Chicago city,planned
ilabp,5.7,17019010701,019,Small_DG,2027-11-21,102,51,St. Joseph village,planned
ilabp,11.5,17183001300,183,Small_DG,2028-01-16,104,52,,planned
ilabp,23.0,17029000100,029,Small_DG,2028-01-16,101,51,,planned
ilabp,7.6,17091012100,091,Small_DG,2028-01-16,79,40,Kankakee city,planned
ilabp,5.76,17031804102,031,Small_DG,2028-01-16,51,26,Palatine village,planned
ilabp,7.6,17031720700,031,Small_DG,2028-01-16,35,18,Chicago city,planned
ilabp,22.8,17197880202,197,Small_DG,2028-01-16,85,43,Romeoville village,planned
ilabp,5.76,17031825803,031,Small_DG,2028-01-16,29,15,Calumet City city,planned
ilabp,10.0,17093890402,093,Small_DG,2028-01-16,75,38,Yorkville city,planned
ilabp,11.5,17031830004,031,Small_DG,2028-01-16,38,19,Matteson village,planned
ilabp,10.0,17031800200,031,Small_DG,2027-11-07,57,29,Glencoe village,planned
ilabp,12.92,17031801607,031,Small_DG,2027-11-07,17,9,Glenview village,planned
ilabp,23.0,17037000600,037,Small_DG,2027-11-07,70,35,Sycamore city,planned
ilabp,10.0,17089854507,089,Small_DG,2027-11-07,70,35,Elburn village,planned
ilabp,11.4,17197882701,197,Small_DG,2027-11-07,86,43,Joliet city,planned
ilabp,6.46,17031803013,031,Small_DG,2027-11-07,54,27,Buffalo Grove village,planned
ilabp,11.5,17031828602,031,Small_DG,2028-01-16,29,15,Homewood village,planned
ilabp,10.0,17031825802,031,Small_DG,2028-01-16,29,15,Calumet City city,planned
ilabp,23.0,17097861402,097,Small_DG,2027-11-21,62,31,Round Lake village,planned
ilabp,11.4,17031830201,031,Small_DG,2028-01-16,80,40,Richton Park village,planned
ilabp,5.7,17043845701,043,Small_DG,2028-01-16,81,41,,planned
ilabp,5.7,17045070300,045,Small_DG,2027-11-21,102,51,Paris city,planned
ilabp,7.6,17031825302,031,Small_DG,2028-01-16,30,15,,planned
ilabp,5.7,17029000300,029,Small_DG,2027-11-21,101,51,,planned
ilabp,11.5,17183011000,183,Small_DG,2028-01-16,102,51,,planned
ilabp,5.7,17031828507,031,Small_DG,2028-01-16,33,17,Lansing village,planned
ilabp,11.5,17031825200,031,Small_DG,2028-01-16,30,15,,planned
ilabp,11.5,17201000101,201,Small_DG,2028-01-16,90,45,Machesney Park village,planned
ilabp,5.7,17067953800,067,Small_DG,2027-11-29,94,47,Carthage city,planned
ilabp,11.5,17053962000,053,Small_DG,2028-01-16,106,53,Gibson City city,planned
ilabp,11.5,17031510200,031,Small_DG,2028-01-16,33,17,Chicago city,planned
ilabp,10.0,17031520400,031,Small_DG,2028-01-16,25,13,Chicago city,planned
ilabp,6.08,17043841314,043,Small_DG,2027-11-07,49,25,Bartlett village,planned
ilabp,6.63,17163503404,163,Small_DG,2027-11-29,112,56,,planned
ilabp,7.6,17031829500,031,Small_DG,2028-01-16,80,40,South Chicago Heights village,planned
ilabp,11.5,17157951300,157,Small_DG,2028-01-16,115,58,,planned
ilabp,9.12,17031090200,031,Small_DG,2027-11-07,20,10,Chicago city,planned
ilabp,11.5,17179022400,179,Small_DG,2028-01-16,91,46,,planned
ilabp,3.8,17089854402,089,Small_DG,2028-01-16,84,42,Aurora city,planned
ilabp,10.0,17097860903,097,Small_DG,2027-11-21,64,32,Fox Lake village,planned
ilabp,7.6,17051950600,051,Small_DG,2027-11-21,110,55,,planned
ilabp,11.5,17031828000,031,Small_DG,2028-01-16,33,17,Lansing village,planned
ilabp,11.5,17197880511,197,Small_DG,2028-01-16,98,49,Romeoville village,planned
ilabp,3.8,17021958900,021,Small_DG,2027-11-29,107,54,Pana city,planned
ilabp,11.5,17031824124,031,Small_DG,2028-01-16,37,19,Orland Hills village,planned
ilabp,9.88,17089851911,089,Small_DG,2027-11-07,66,33,Elgin city,planned
ilabp,11.4,17179020500,179,Small_DG,2027-11-29,93,47,Marquette Heights city,planned
ilabp,10.0,17031520600,031,Small_DG,2028-01-16,25,13,Chicago city,planned
ilabp,11.5,17201000101,201,Small_DG,2028-01-16,90,45,Machesney Park village,planned
ilabp,10.0,17157950500,157,Small_DG,2027-11-29,115,58,,planned
ilabp,6.08,17197881111,197,Small_DG,2027-11-07,80,40,New Lenox village,planned
ilabp,11.5,17073030500,073,Small_DG,2028-01-16,93,47,,planned
ilabp,16.34,17059972700,059,Small_DG,2028-01-16,117,59,,planned
ilabp,3.8,17031822101,031,Small_DG,2028-01-16,36,18,Oak Lawn village,planned
ilabp,11.5,17197880430,197,Small_DG,2028-01-16,97,49,Joliet city,planned
ilabp,6.46,17031813100,031,Small_DG,2027-11-07,78,39,Oak Park village,planned
ilabp,5.7,17201004200,201,Small_DG,2027-11-21,89,45,,planned
ilabp,11.5,17199020600,199,Small_DG,2028-01-16,118,59,Herrin city,planned
ilabp,7.6,17197880325,197,Small_DG,2028-01-16,84,42,Aurora city,planned
ilabp,7.6,17105960800,105,Small_DG,2028-01-16,106,53,,planned
ilabp,4.18,17111871402,111,Small_DG,2028-01-30,52,26,Barrington Hills village,planned
ilabp,12.76,17097865700,097,Small_DG,2027-11-21,58,29,Highland Park city,planned
ilabp,1070.0,17113000108,113,Large_DG,2027-11-21,91,46,,planned
ilabp,7.6,17031560200,031,Small_DG,2028-01-16,1,1,Chicago city,planned
ilabp,10.0,17019010400,019,Small_DG,2028-01-16,101,51,,planned
ilabp,11.5,17075950600,075,Small_DG,2028-01-16,106,53,,planned
ilabp,11.5,17043844701,043,Small_DG,2028-01-16,45,23,Westmont village,planned
ilabp,10.0,17031811301,031,Small_DG,2028-01-16,77,39,Northlake city,planned
ilabp,11.5,17031825501,031,Small_DG,2028-01-16,38,19,Country Club Hills city,planned
ilabp,10.0,17031440700,031,Small_DG,2028-01-16,34,17,Chicago city,planned
ilabp,10.0,17031816100,031,Small_DG,2028-01-16,8,4,Forest Park village,planned
ilabp,10.0,17031810301,031,Small_DG,2028-01-16,18,9,Evanston city,planned
ilabp,11.5,17031827600,031,Small_DG,2028-01-16,30,15,Markham city,planned
ilabp,7.6,17031650400,031,Small_DG,2028-01-16,22,11,Chicago city,planned
ilabp,5.7,17031808001,031,Small_DG,2028-01-16,16,8,Lincolnwood village,planned
ilabp,10.0,17073031000,073,Small_DG,2028-01-16,93,47,,planned
ilabp,11.5,17167004000,167,Small_DG,2028-01-16,87,44,,planned
ilabp,11.5,17031825505,031,Small_DG,2028-01-16,38,19,Country Club Hills city,planned
ilabp,5.7,17159978100,159,Small_DG,2027-11-21,110,55,Olney city,planned
ilabp,11.5,17067953700,067,Small_DG,2028-01-16,94,47,,planned
ilabp,11.5,17123961300,123,Small_DG,2028-01-16,105,53,,planned
ilabp,10.24,17119402722,119,Small_DG,2027-11-29,100,50,Godfrey village,planned
ilabp,11.5,17031826303,031,Small_DG,2028-01-16,29,15,Dolton village,planned
ilabp,10.0,17119401721,119,Small_DG,2028-01-16,111,56,Bethalto village,planned
ilabp,10.0,17031827100,031,Small_DG,2028-01-16,30,15,Harvey city,planned
ilabp,11.5,17097860809,097,Small_DG,2028-01-16,64,32,,planned
ilabp,11.5,17073031000,073,Small_DG,2028-01-16,93,47,,planned
ilabp,11.5,17197883603,197,Small_DG,2028-01-16,79,40,University Park village,planned
ilabp,11.5,17197883401,197,Small_DG,2028-01-16,80,40,Wilmington city,planned
ilabp,10.0,17031817200,031,Small_DG,2028-01-16,7,4,Maywood village,planned
ilabp,11.5,17101880800,101,Small_DG,2028-01-16,102,51,,planned
ilabp,10.0,17093890105,093,Small_DG,2028-01-16,97,49,,planned
ilabp,23.0,17067954200,067,Small_DG,2028-01-16,94,47,,planned
ilabp,11.5,17029000300,029,Small_DG,2028-01-16,101,51,,planned
ilabp,10.0,17031770400,031,Small_DG,2028-01-16,56,28,Elk Grove Village village,planned
ilabp,5.7,17019010702,019,Small_DG,2027-11-21,104,52,,planned
ilabp,7.6,17119402721,119,Small_DG,2027-11-29,100,50,Godfrey village,planned
ilabp,11.5,17097863603,097,Small_DG,2027-11-21,52,26,Libertyville village,planned
ilabp,8.32,17031824127,031,Small_DG,2027-11-21,37,19,Tinley Park village,planned
ilabp,11.5,17089854002,089,Small_DG,2028-01-16,83,42,Montgomery village,planned
ilabp,7.6,17031821002,031,Small_DG,2028-01-30,22,11,Burbank city,planned
ilabp,14.08,17163503903,163,Small_DG,2028-01-16,114,57,,planned
ilabp,23.0,17089852101,089,Small_DG,2028-01-16,65,33,,planned
ilabp,5.7,17137952000,137,Small_DG,2027-11-29,99,50,Jacksonville city,planned
ilabp,11.5,17031822301,031,Small_DG,2028-01-16,31,16,Oak Lawn village,planned
ilabp,8.7,17077010200,077,Small_DG,2027-11-21,118,59,,planned
ilabp,10.0,17093890702,093,Small_DG,2028-01-16,75,38,,planned
ilabp,7.6,17201003801,201,Small_DG,2028-01-16,90,45,,planned
ilabp,11.4,17031815100,031,Small_DG,2028-01-16,21,11,Berwyn city,planned
ilabp,11.5,17031823102,031,Small_DG,2028-01-16,35,18,Worth village,planned
ilabp,5.76,17111871107,111,Small_DG,2028-01-16,70,35,Algonquin village,planned
ilabp,11.5,17031830202,031,Small_DG,2028-01-16,80,40,Park Forest village,planned
ilabp,7.6,17201000516,201,Small_DG,2028-01-16,68,34,Rockford city,planned
ilabp,5.76,17097860105,097,Small_DG,2028-01-16,61,31,Zion city,planned
ilabp,3.8,17037001300,037,Small_DG,2028-01-16,76,38,DeKalb city,planned
ilabp,10.0,17031804809,031,Small_DG,2028-01-16,56,28,Schaumburg village,planned
ilabp,7.6,17097864517,097,Small_DG,2028-01-16,51,26,Long Grove village,planned
ilabp,11.4,17037000900,037,Small_DG,2028-01-16,76,38,DeKalb city,planned
ilabp,7.6,17063000102,063,Small_DG,2028-01-16,75,38,Channahon village,planned
ilabp,3.8,17111871502,111,Small_DG,2028-01-16,63,32,,planned
ilabp,10.0,17031804603,031,Small_DG,2028-01-30,56,28,Schaumburg village,planned
ilabp,7.6,17031804809,031,Small_DG,2028-01-30,56,28,Schaumburg village,planned
ilabp,10.0,17031700501,031,Small_DG,2028-01-16,31,16,Chicago city,planned
ilabp,5.76,17063000600,063,Small_DG,2028-01-16,106,53,,planned
ilabp,5.76,17031630400,031,Small_DG,2028-01-16,1,1,Chicago city,planned
ilabp,13.36,17197880123,197,Small_DG,2028-01-16,85,43,Bolingbrook village,planned
ilabp,10.0,17197880424,197,Small_DG,2028-01-16,97,49,,planned
ilabp,7.6,17197881202,197,Small_DG,2028-01-16,86,43,Joliet city,planned
ilabp,5.76,17031490600,031,Small_DG,2028-01-16,27,14,Chicago city,planned
ilabp,10.0,17043843302,043,Small_DG,2028-01-16,42,21,Lombard village,planned
ilabp,10.0,17031500100,031,Small_DG,2028-01-16,34,17,Chicago city,planned
ilabp,10.0,17197883804,197,Small_DG,2028-01-16,79,40,,planned
ilabp,10.0,17031825700,031,Small_DG,2028-01-16,34,17,Burnham village,planned
ilabp,5.76,17031171000,031,Small_DG,2028-01-16,19,10,Chicago city,planned
ilabp,10.0,17093890107,093,Small_DG,2028-01-16,75,38,Oswego village,planned
ilabp,11.02,17119400101,119,Small_DG,2027-11-21,111,56,Granite City city,planned
ilabp,21.0,17019010603,019,Small_DG,2027-11-29,101,51,Mahomet village,planned
ilabp,3.48,17121952000,121,Small_DG,2027-11-29,110,55,,planned
ilabp,4.06,17163503413,163,Small_DG,2028-02-06,112,56,Fairview Heights city,planned
ilabp,3.48,17115001802,115,Small_DG,2027-11-29,88,44,Decatur city,planned
ilabp,23.0,17071973300,071,Small_DG,2028-01-16,94,47,,planned
ilabp,9.57,17067954200,067,Small_DG,2028-01-16,94,47,,planned
ilabp,10.0,17143004101,143,Small_DG,2028-01-16,93,47,,planned
ilabp,10.0,17179020400,179,Small_DG,2028-01-16,87,44,Creve Coeur village,planned
ilabp,9.28,17163504002,163,Small_DG,2027-11-21,114,57,,planned
ilabp,11.5,17175951500,175,Small_DG,2028-01-16,93,47,,planned
ilabp,8.12,17029000300,029,Small_DG,2027-11-21,101,51,,planned
ilabp,5.8,17043841002,043,Small_DG,2027-11-21,48,24,,planned
ilabp,10.0,17051951100,051,Small_DG,2028-01-16,110,55,,planned
ilabp,10.0,17197882602,197,Small_DG,2028-01-16,86,43,Joliet city,planned
ilabp,11.5,17115002402,115,Small_DG,2028-01-16,88,44,,planned
ilabp,10.0,17019005601,019,Small_DG,2028-01-16,103,52,Urbana city,planned
ilabp,23.0,17107952900,107,Small_DG,2028-01-16,87,44,,planned
ilabp,10.0,17019010901,019,Small_DG,2028-01-16,101,51,,planned
ilabp,7.678,17043842602,043,Small_DG,2027-11-21,47,24,,planned
ilabp,5.7,17201000516,201,Small_DG,2028-01-16,68,34,Rockford city,planned
ilabp,11.5,17099963500,099,Small_DG,2028-01-16,76,38,,planned
ilabp,10.0,17019000902,019,Small_DG,2028-01-16,104,52,,planned
ilabp,10.0,17043840101,043,Small_DG,2028-01-16,48,24,Wood Dale city,planned
ilabp,10.0,17115001801,115,Small_DG,2028-01-16,88,44,Decatur city,planned
ilabp,7.6,17197880314,197,Small_DG,2028-01-16,97,49,,planned
ilabp,3.8,17011964700,011,Small_DG,2027-11-29,73,37,,planned
ilabp,23.0,17179021605,179,Small_DG,2028-01-16,87,44,Morton village,planned
ilabp,11.5,17031828601,031,Small_DG,2028-01-16,30,15,Homewood village,planned
ilabp,23.0,17147954500,147,Small_DG,2028-01-16,88,44,,planned
ilabp,16.75,17197880326,197,Small_DG,2027-11-21,84,42,,planned
ilabp,4.94,17113001200,113,Small_DG,2028-01-16,91,46,Bloomington city,planned
ilabp,11.4,17031824126,031,Small_DG,2028-01-16,,,Tinley Park village,planned
ilabp,10.0,17019005601,019,Small_DG,2028-01-16,103,52,Urbana city,planned
ilabp,17.6,17005951200,005,Small_DG,2027-11-29,110,55,,planned
ilabp,11.5,17097864203,097,Small_DG,2028-01-16,52,26,,planned
ilabp,11.4,17025972200,025,Small_DG,2028-01-16,110,55,,planned
ilabp,10.0,17019000902,019,Small_DG,2028-01-16,104,52,,planned
ilabp,10.0,17143003601,143,Small_DG,2028-01-16,73,37,Rome CDP,planned
ilabp,10.0,17113001500,113,Small_DG,2028-01-16,91,46,Bloomington city,planned
ilabp,5.76,17179020500,179,Small_DG,2028-01-16,93,47,Marquette Heights city,planned
ilabp,11.87,17197883603,197,Small_DG,2027-11-21,79,40,University Park village,planned
ilabp,10.0,17143003104,143,Small_DG,2028-01-16,92,46,Peoria city,planned
ilabp,5.7,17095001600,095,Small_DG,2027-11-21,93,47,,planned
ilabp,23.0,17113000302,113,Small_DG,2028-01-16,91,46,,planned
ilabp,11.5,17115001500,115,Small_DG,2028-01-16,96,48,,planned
ilabp,10.0,17111871109,111,Small_DG,2028-01-16,69,35,Lake in the Hills village,planned
ilabp,23.0,17183001300,183,Small_DG,2028-01-16,104,52,,planned
ilabp,5.76,17019010901,019,Small_DG,2028-01-16,101,51,,planned
ilabp,10.0,17143003104,143,Small_DG,2028-01-16,92,46,Peoria city,planned
ilabp,10.0,17031800900,031,Small_DG,2028-01-16,17,9,Wilmette village,planned
ilabp,10.0,17135957700,135,Small_DG,2028-01-16,108,54,,planned
ilabp,13.68,17199020300,199,Small_DG,2027-11-21,118,59,,planned
ilabp,23.0,17143003900,143,Small_DG,2028-01-16,93,47,,planned
ilabp,3.8,17143002701,143,Small_DG,2028-01-16,92,46,Peoria city,planned
ilabp,10.0,17167003802,167,Small_DG,2028-01-16,108,54,,planned
ilabp,9.57,17091010702,091,Small_DG,2027-11-21,29,15,,planned
ilabp,10.0,17019005701,019,Small_DG,2028-01-16,103,52,Urbana city,planned
ilabp,10.0,17107952900,107,Small_DG,2028-01-16,87,44,,planned
ilabp,4.35,17043842604,043,Small_DG,2027-11-21,47,24,Wheaton city,planned
ilabp,20.0,17167003901,167,Small_DG,2027-11-21,95,48,,planned
ilabp,7.25,17043844002,043,Small_DG,2027-11-21,45,23,Elmhurst city,planned
ilabp,11.52,17011965600,011,Small_DG,2028-01-16,73,37,,planned
ilabp,11.5,17099962200,099,Small_DG,2028-01-16,74,37,,planned
ilabp,10.0,17197880107,197,Small_DG,2028-01-16,85,43,Bolingbrook village,planned
ilabp,11.5,17043844402,043,Small_DG,2028-01-16,45,23,Oak Brook village,planned
ilabp,7.6,17115002200,115,Small_DG,2028-01-16,88,44,,planned
ilabp,10.0,17037000401,037,Small_DG,2028-01-16,70,35,,planned
ilabp,23.0,17123961300,123,Small_DG,2028-01-16,105,53,,planned
ilabp,10.0,17031700200,031,Small_DG,2028-01-16,32,16,Chicago city,planned
ilabp,10.0,17031691100,031,Small_DG,2028-01-16,32,16,Chicago city,planned
ilabp,11.5,17141961002,141,Small_DG,2028-01-16,89,45,,planned
ilabp,7.6,17115002500,115,Small_DG,2028-01-16,107,54,,planned
ilabp,30.0,17073030400,073,Large_DG,2027-11-21,73,37,,planned
ilabp,15.2,17113005402,113,Small_DG,2028-01-16,88,44,,planned
ilabp,23.0,17031830003,031,Small_DG,2028-01-16,38,19,Matteson village,planned
ilabp,23.0,17031550200,031,Small_DG,2028-01-16,34,17,Chicago city,planned
ilabp,23.0,17179021603,179,Small_DG,2028-01-16,91,46,,planned
ilabp,10.0,17043841103,043,Small_DG,2028-01-16,48,24,Roselle village,planned
ilabp,8.99,17197883505,197,Small_DG,2027-11-21,38,19,Frankfort village,planned
ilabp,10.0,17183000300,183,Small_DG,2028-01-16,104,52,Danville city,planned
ilabp,23.0,17141961700,141,Small_DG,2028-01-16,89,45,,planned
ilabp,23.0,17179021500,179,Small_DG,2028-01-16,87,44,,planned
ilabp,16.05,17055040100,055,Small_DG,2027-11-29,116,58,,planned
ilabp,11.5,17019005602,019,Small_DG,2028-01-16,104,52,,planned
ilabp,10.0,17197880702,197,Small_DG,2028-01-16,85,43,Fairmont CDP,planned
ilabp,9.28,17031170400,031,Small_DG,2027-11-29,20,10,Chicago city,planned
ilabp,23.0,17031812900,031,Small_DG,2028-01-16,78,39,Oak Park village,planned
ilabp,10.0,17115001100,115,Small_DG,2028-01-16,96,48,Decatur city,planned
ilabp,39.0,17107953600,107,Large_DG,2027-11-21,87,44,,planned
ilabp,10.0,17115002500,115,Small_DG,2028-01-16,107,54,,planned
ilabp,5.933,17119401500,119,Small_DG,2027-11-29,111,56,Alton city,planned
ilabp,10.0,17043841308,043,Small_DG,2028-01-16,49,25,,planned
ilabp,10.0,17143004101,143,Small_DG,2028-01-16,93,47,,planned
ilabp,4.06,17111870501,111,Small_DG,2027-11-21,64,32,Wonder Lake village,planned
ilabp,7.6,17055040400,055,Small_DG,2027-11-29,117,59,,planned
ilabp,10.0,17203030601,203,Small_DG,2028-01-16,91,46,,planned
ilabp,10.0,17201004005,201,Small_DG,2028-01-16,90,45,Roscoe village,planned
ilabp,10.0,17011965200,011,Small_DG,2028-01-16,76,38,Spring Valley city,planned
ilabp,9.0,17043841209,043,Small_DG,2028-01-16,46,23,Carol Stream village,planned
ilabp,5.76,17015960500,015,Small_DG,2027-11-29,89,45,,planned
ilabp,10.0,17031805902,031,Small_DG,2028-01-16,55,28,Park Ridge city,planned
ilabp,10.0,17113002101,113,Small_DG,2028-01-16,88,44,Bloomington city,planned
ilabp,23.0,17179021701,179,Small_DG,2028-01-16,87,44,,planned
ilabp,10.0,17019010601,019,Small_DG,2028-01-16,101,51,,planned
ilabp,10.0,17179021606,179,Small_DG,2028-01-16,87,44,,planned
ilabp,4.886,17119401500,119,Small_DG,2027-11-29,111,56,Alton city,planned
ilabp,10.0,17031804108,031,Small_DG,2028-01-30,53,27,Schaumburg village,planned
ilabp,20.0,17183010900,183,Small_DG,2027-11-07,102,51,,planned
ilabp,14.06,17197880323,197,Small_DG,2027-11-21,84,42,Naperville city,planned
ilabp,10.0,17031826100,031,Small_DG,2028-01-16,33,17,Calumet City city,planned
ilabp,23.0,17019010901,019,Small_DG,2028-01-16,101,51,,planned
ilabp,7.6,17057953300,057,Small_DG,2028-01-16,94,47,Canton city,planned
ilabp,8.99,17127970100,127,Small_DG,2027-11-29,117,59,,planned
ilabp,11.5,17121951900,121,Small_DG,2028-01-16,110,55,,planned
ilabp,10.0,17143004300,143,Small_DG,2028-01-16,92,46,Peoria Heights village,planned
ilabp,10.0,17203030601,203,Small_DG,2028-01-16,91,46,,planned
ilabp,11.5,17119400951,119,Small_DG,2028-01-16,111,56,Granite City city,planned
ilabp,3.8,17031824300,031,Small_DG,2028-01-16,28,14,Robbins village,planned
ilabp,10.0,17201000511,201,Small_DG,2028-01-16,69,35,Rockford city,planned
ilabp,10.0,17143004801,143,Small_DG,2028-01-16,93,47,,planned
ilabp,5.7,17147954700,147,Small_DG,2027-11-21,88,44,,planned
ilabp,9.772,17151971200,151,Small_DG,2027-11-29,117,59,,planned
ilabp,10.0,17179021801,179,Small_DG,2028-01-16,93,47,,planned
ilabp,10.0,17091010800,091,Small_DG,2028-01-16,34,17,,planned
ilabp,11.5,17031825505,031,Small_DG,2028-01-16,38,19,Country Club Hills city,planned
ilabp,11.5,17097861702,097,Small_DG,2028-01-16,60,30,Waukegan city,planned
ilabp,5000.0,17137952000,137,Large_DG,2029-09-10,99,50,Jacksonville city,planned
ilabp,10.0,17031828503,031,Small_DG,2028-01-16,34,17,Sauk Village village,planned
ilabp,15.0,17089850600,089,Small_DG,2027-11-21,66,33,Sleepy Hollow village,planned
ilabp,10.0,17031813100,031,Small_DG,2028-01-16,78,39,Oak Park village,planned
ilabp,5.933,17061973800,061,Small_DG,2027-11-29,100,50,,planned
ilabp,11.5,17089852406,089,Small_DG,2028-01-16,65,33,Campton Hills village,planned
ilabp,20.0,17167003601,167,Small_DG,2027-11-07,108,54,,planned
ilabp,5.7,17031830007,031,Small_DG,2028-01-16,38,19,Richton Park village,planned
ilabp,11.5,17107952900,107,Small_DG,2028-01-16,87,44,,planned
ilabp,8.376,17119400802,119,Small_DG,2028-01-16,111,56,Granite City city,planned
ilabp,23.0,17043844401,043,Small_DG,2028-01-16,42,21,Downers Grove village,planned
ilabp,11.5,17031806400,031,Small_DG,2028-01-16,55,28,Des Plaines city,planned
ilabp,3.8,17183011000,183,Small_DG,2028-01-16,102,51,,planned
ilabp,5.76,17097863201,097,Small_DG,2028-01-16,60,30,North Chicago city,planned
ilabp,16.0,17107952900,107,Small_DG,2027-11-21,87,44,,planned
ilabp,23.0,17143003101,143,Small_DG,2028-01-16,92,46,,planned
ilabp,10.0,17111871502,111,Small_DG,2028-01-16,63,32,,planned
ilabp,24.32,17167003603,167,Small_DG,2027-11-21,95,48,Curran village,planned
ilabp,11.4,17123961300,123,Small_DG,2028-01-16,105,53,,planned
ilabp,11.5,17097861012,097,Small_DG,2028-03-10,64,32,,planned
ilabp,14.08,17043841501,043,Small_DG,2028-01-16,49,25,West Chicago city,planned
ilabp,23.0,17043841324,043,Small_DG,2028-01-16,47,24,Carol Stream village,planned
ilabp,11.5,17031827804,031,Small_DG,2028-01-16,29,15,South Holland village,planned
ilabp,23.0,17199020700,199,Small_DG,2028-01-16,117,59,,planned
ilabp,7.6,17055040200,055,Small_DG,2028-01-16,116,58,North City village,planned
ilabp,23.0,17031816800,031,Small_DG,2028-01-16,7,4,Berkeley village,planned
ilabp,7.6,17077010400,077,Small_DG,2028-01-16,115,58,,planned
ilabp,11.5,17031100300,031,Small_DG,2028-01-16,20,10,Chicago city,planned
ilabp,10.0,17111871114,111,Small_DG,2028-01-16,69,35,Huntley village,planned
ilabp,10.0,17031821401,031,Small_DG,2028-01-16,28,14,Calumet Park village,planned
ilabp,11.5,17121952000,121,Small_DG,2028-01-16,110,55,,planned
ilabp,23.0,17031822400,031,Small_DG,2028-01-16,31,16,Oak Lawn village,planned
ilabp,10.0,17031814400,031,Small_DG,2028-01-16,2,1,Cicero town,planned
ilabp,10.0,17093890502,093,Small_DG,2028-01-16,75,38,,planned
ilabp,11.5,17031730500,031,Small_DG,2028-01-16,27,14,Chicago city,planned
ilabp,11.5,17093890702,093,Small_DG,2028-01-16,75,38,,planned
ilabp,10.0,17031829902,031,Small_DG,2028-01-16,38,19,,planned
ilabp,11.5,17001001001,001,Small_DG,2028-01-16,99,50,Quincy city,planned
ilabp,11.5,17097860907,097,Small_DG,2028-01-16,64,32,,planned
ilabp,23.0,17183010300,183,Small_DG,2028-01-16,101,51,,planned
ilabp,7.6,17043843301,043,Small_DG,2028-01-16,46,23,Lombard village,planned
ilabp,10.0,17031530300,031,Small_DG,2028-01-16,27,14,Chicago city,planned
ilabp,10.0,17197880428,197,Small_DG,2028-01-16,98,49,Joliet city,planned
ilabp,7.6,17031821102,031,Small_DG,2028-01-16,32,16,Burbank city,planned
ilabp,11.5,17179020500,179,Small_DG,2028-01-16,93,47,Marquette Heights city,planned
ilabp,11.5,17067954300,067,Small_DG,2028-01-16,94,47,,planned
ilabp,19.0,17021958700,021,Small_DG,2027-11-07,107,54,,planned
ilabp,11.5,17031804805,031,Small_DG,2028-01-16,44,22,Schaumburg village,planned
ilabp,11.5,17197880422,197,Small_DG,2028-01-16,97,49,Plainfield village,planned
ilabp,11.5,17001010100,001,Small_DG,2028-01-16,94,47,,planned
ilabp,20.0,17199020300,199,Small_DG,2028-01-16,118,59,,planned
ilabp,11.5,17179021201,179,Small_DG,2028-01-16,105,53,,planned
ilabp,11.5,17007010604,007,Small_DG,2028-01-16,69,35,Candlewick Lake CDP,planned
ilabp,23.0,17073031000,073,Small_DG,2028-01-16,93,47,,planned
ilabp,20.0,17147954500,147,Small_DG,2027-11-21,88,44,,planned
ilabp,11.5,17199021100,199,Small_DG,2028-01-16,118,59,Marion city,planned
ilabp,11.5,17097863601,097,Small_DG,2028-01-16,62,31,Waukegan city,planned
ilabp,10.0,17089850105,089,Small_DG,2028-01-16,66,33,,planned
ilabp,5.7,17195001200,195,Small_DG,2028-01-16,74,37,Sterling city,planned
ilabp,11.5,17097860301,097,Small_DG,2028-01-16,61,31,Zion city,planned
ilabp,10.0,17031804105,031,Small_DG,2028-01-16,51,26,,planned
ilabp,10.0,17097864515,097,Small_DG,2028-01-16,51,26,Long Grove village,planned
ilabp,7.6,17031730400,031,Small_DG,2028-01-16,27,14,Chicago city,planned
ilabp,11.5,17119400102,119,Small_DG,2028-01-16,112,56,Granite City city,planned
ilabp,10.0,17113005602,113,Small_DG,2028-01-16,88,44,,planned
ilabp,11.5,17163504352,163,Small_DG,2028-01-16,114,57,O'Fallon city,planned
ilabp,23.0,17197883504,197,Small_DG,2028-01-16,38,19,Frankfort village,planned
ilabp,7.6,17089851913,089,Small_DG,2028-01-16,66,33,Elgin city,planned
ilabp,11.5,17115002904,115,Small_DG,2028-01-16,88,44,,planned
ilabp,10.0,17097864107,097,Small_DG,2028-01-30,52,26,,planned
ilabp,11.5,17197883514,197,Small_DG,2028-01-16,37,19,Mokena village,planned
ilabp,5.76,17097864109,097,Small_DG,2028-01-16,52,26,,planned
ilabp,8.36,17159977900,159,Small_DG,2028-01-16,110,55,,planned
ilabp,11.4,17031808301,031,Small_DG,2028-01-16,15,8,Morton Grove village,planned
ilabp,33.8,17073030400,073,Large_DG,2027-11-21,73,37,,planned
ilabp,5.22,17051950500,051,Small_DG,2027-11-29,110,55,,planned
ilabp,10.0,17111870502,111,Small_DG,2027-11-29,64,32,Wonder Lake village,planned
ilabp,10.0,17111871113,111,Small_DG,2028-01-16,69,35,,planned
ilabp,23.0,17093890107,093,Small_DG,2028-01-16,75,38,Oswego village,planned
ilabp,23.0,17097864518,097,Small_DG,2028-01-16,59,30,Buffalo Grove village,planned
ilabp,7.6,17037001800,037,Small_DG,2028-01-16,74,37,,planned
ilabp,10.0,17097864511,097,Small_DG,2028-01-16,51,26,Vernon Hills village,planned
ilabp,10.0,17043846511,043,Small_DG,2028-01-16,84,42,Aurora city,planned
ilabp,10.0,17097864001,097,Small_DG,2028-01-16,52,26,Mundelein village,planned
ilabp,11.5,17099962200,099,Small_DG,2028-01-16,74,37,,planned
ilabp,23.0,17123961300,123,Small_DG,2028-01-16,105,53,,planned
ilabp,11.5,17163502300,163,Small_DG,2028-01-16,114,57,Cahokia village,planned
ilabp,7.6,17145030200,145,Small_DG,2027-11-21,115,58,,planned
ilabp,23.0,17019010604,019,Small_DG,2028-01-16,101,51,,planned
ilabp,11.5,17181950400,181,Small_DG,2028-01-16,118,59,Anna city,planned
ilabp,11.5,17197884003,197,Small_DG,2028-01-16,86,43,Braidwood city,planned
ilabp,10.0,17111871114,111,Small_DG,2027-11-29,69,35,Huntley village,planned
ilabp,23.0,17201003708,201,Small_DG,2027-11-29,68,34,Rockford city,planned
ilabp,23.0,17197883505,197,Small_DG,2028-01-16,38,19,Frankfort village,planned
ilabp,23.0,17125956300,125,Small_DG,2028-01-16,94,47,,planned
ilabp,11.5,17111870812,111,Small_DG,2028-01-16,63,32,Island Lake village,planned
ilabp,7.6,17111871312,111,Small_DG,2028-01-16,63,32,Cary village,planned
ilabp,10.0,17091010204,091,Small_DG,2028-01-16,29,15,,planned
ilabp,19.544,17197883304,197,Small_DG,2027-11-29,80,40,,planned
ilabp,10.0,17113001404,113,Small_DG,2028-01-16,91,46,,planned
ilabp,10.0,17031440900,031,Small_DG,2028-01-16,34,17,Chicago city,planned
ilabp,11.4,17201001600,201,Small_DG,2028-01-30,68,34,Rockford city,planned
ilabp,10.0,17179022400,179,Small_DG,2028-01-16,91,46,,planned
ilabp,23.0,17097860806,097,Small_DG,2028-01-16,64,32,Antioch village,planned
ilabp,8.41,17043844201,043,Small_DG,2027-11-29,42,21,Lombard village,planned
ilabp,16.0,17167003500,167,Small_DG,2027-11-21,108,54,,planned
ilabp,10.0,17093890302,093,Small_DG,2028-01-16,83,42,Boulder Hill CDP,planned
ilabp,11.5,17031826600,031,Small_DG,2028-01-16,28,14,Riverdale village,planned
ilabp,7.6,17201002302,201,Small_DG,2028-01-16,67,34,,planned
ilabp,16.0,17019010603,019,Small_DG,2027-11-21,101,51,Mahomet village,planned
ilabp,10.0,17031806004,031,Small_DG,2027-11-29,15,8,Niles village,planned
ilabp,7.68,17163503404,163,Small_DG,2027-11-29,112,56,,planned
ilabp,18.148,17181950500,181,Small_DG,2027-11-29,118,59,,planned
ilabp,16.0,17021958700,021,Small_DG,2027-11-21,107,54,,planned
ilabp,11.5,17031825505,031,Small_DG,2028-01-16,38,19,Country Club Hills city,planned
ilabp,23.0,17197883211,197,Small_DG,2027-11-29,86,43,Joliet city,planned
ilabp,23.0,17197880428,197,Small_DG,2027-11-29,98,49,Joliet city,planned
ilabp,10.0,17117956300,117,Small_DG,2027-11-29,108,54,,planned
ilabp,12.76,17099964200,099,Small_DG,2027-11-29,106,53,Streator city,planned
ilabp,16.0,17133600104,133,Small_DG,2027-11-21,115,58,Columbia city,planned
ilabp,11.5,17133600104,133,Small_DG,2027-11-29,115,58,Columbia city,planned
ilabp,19.1,17101881100,101,Small_DG,2027-11-29,102,51,,planned
ilabp,23.0,17201000101,201,Small_DG,2028-01-16,90,45,Machesney Park village,planned
ilabp,15.0,17119403601,119,Small_DG,2028-01-30,109,55,,planned
ilabp,4.93,17095001000,095,Small_DG,2027-11-29,71,36,Galesburg city,planned
ilabp,16.0,17147954700,147,Small_DG,2027-11-21,88,44,,planned
ilabp,11.5,17119403200,119,Small_DG,2028-01-16,112,56,Collinsville city,planned
ilabp,11.5,17163503404,163,Small_DG,2027-11-29,112,56,,planned
ilabp,11.84,17043842000,043,Small_DG,2028-02-06,42,21,Glen Ellyn village,planned
ilabp,5.7,17197883206,197,Small_DG,2028-01-16,86,43,Joliet city,planned
ilabp,10.0,17197880602,197,Small_DG,2028-01-16,85,43,Lockport city,planned
ilabp,10.0,17043841704,043,Small_DG,2028-01-16,47,24,Carol Stream village,planned
ilabp,10.0,17093890702,093,Small_DG,2028-01-16,75,38,,planned
ilabp,13.63,17055040500,055,Small_DG,2028-01-16,116,58,,planned
ilabp,5.32,17163504358,163,Small_DG,2028-02-06,114,57,,planned
ilabp,15.356,17077011002,077,Small_DG,2027-11-29,118,59,Carbondale city,planned
ilabp,10.0,17031822500,031,Small_DG,2028-01-16,36,18,Oak Lawn village,planned
ilabp,10.0,17031829301,031,Small_DG,2028-01-16,80,40,Chicago Heights city,planned
ilabp,10.0,17031825802,031,Small_DG,2027-11-29,29,15,Calumet City city,planned
ilabp,7.6,17155954600,155,Small_DG,2028-01-16,105,53,,planned
ilabp,9.772,17163503907,163,Small_DG,2027-11-29,113,57,Shiloh village,planned
ilabp,10.0,17019001206,019,Small_DG,2027-11-21,104,52,,planned
ilabp,11.6,17055040100,055,Small_DG,2027-11-29,116,58,,planned
ilabp,7.6,17091012500,091,Small_DG,2027-11-29,79,40,Kankakee city,planned
ilabp,11.5,17001001100,001,Small_DG,2028-01-16,99,50,Quincy city,planned
ilabp,23.0,17031802004,031,Small_DG,2028-01-30,55,28,,planned
ilabp,18.846,17067954300,067,Small_DG,2027-11-21,94,47,,planned
ilabp,10.0,17107953600,107,Small_DG,2027-11-21,87,44,,planned
ilabp,11.4,17147954600,147,Small_DG,2028-01-16,88,44,Monticello city,planned
ilabp,10.0,17197880324,197,Small_DG,2028-01-16,84,42,Aurora city,planned
ilabp,12.76,17119403701,119,Small_DG,2027-11-29,109,55,,planned
ilabp,11.5,17031827804,031,Small_DG,2028-01-16,29,15,South Holland village,planned
ilabp,10.0,17019010902,019,Small_DG,2027-11-07,101,51,,planned
ilabp,11.5,17115001500,115,Small_DG,2028-01-16,96,48,,planned
ilabp,11.5,17031804509,031,Small_DG,2028-01-16,44,22,Streamwood village,planned
ilabp,7.98,17001000400,001,Small_DG,2028-01-16,99,50,Quincy city,planned
ilabp,13.36,17055041000,055,Small_DG,2027-11-21,117,59,West Frankfort city,planned
ilabp,11.168,17183000800,183,Small_DG,2027-11-29,104,52,,planned
ilabp,10.0,17037000200,037,Small_DG,2028-01-16,89,45,,planned
ilabp,9.12,17043842500,043,Small_DG,2027-11-07,47,24,Wheaton city,planned
ilabp,3.8,17201003711,201,Small_DG,2028-02-06,67,34,,planned
ilabp,23.0,17155954500,155,Small_DG,2028-01-16,105,53,Granville village,planned
ilabp,10.0,17179022400,179,Small_DG,2027-11-29,91,46,,planned
ilabp,23.0,17157951202,157,Small_DG,2028-01-16,115,58,,planned
ilabp,11.5,17137951900,137,Small_DG,2028-02-06,99,50,Jacksonville city,planned
ilabp,10.0,17133600104,133,Small_DG,2027-11-21,115,58,Columbia city,planned
ilabp,13.36,17089852408,089,Small_DG,2028-01-16,65,33,Campton Hills village,planned
ilabp,6.98,17163503323,163,Small_DG,2028-01-16,113,57,Swansea village,planned
ilabp,8.376,17199021100,199,Small_DG,2027-11-29,118,59,Marion city,planned
ilabp,23.0,17175951400,175,Small_DG,2028-01-16,93,47,,planned
ilabp,8.027,17199021200,199,Small_DG,2027-11-29,118,59,Marion city,planned
ilabp,10.0,17115002601,115,Small_DG,2027-11-21,88,44,,planned
ilabp,11.5,17001000900,001,Small_DG,2028-01-16,99,50,Quincy city,planned
ilabp,8.027,17163503322,163,Small_DG,2027-11-29,113,57,Swansea village,planned
ilabp,10.0,17019010400,019,Small_DG,2028-01-16,101,51,,planned
ilabp,11.5,17035972600,035,Small_DG,2028-01-16,102,51,,planned
ilabp,10.0,17031830004,031,Small_DG,2027-11-29,38,19,Matteson village,planned
ilabp,7.83,17121951800,121,Small_DG,2028-01-16,110,55,,planned
ilabp,16.0,17053961800,053,Small_DG,2027-11-21,106,53,Paxton city,planned
ilabp,23.0,17179020500,179,Small_DG,2028-01-16,93,47,Marquette Heights city,planned
ilabp,10.0,17019001201,019,Small_DG,2028-01-16,103,52,Champaign city,planned
ilabp,11.5,17117956800,117,Small_DG,2028-01-16,108,54,,planned
ilabp,23.0,17043846604,043,Small_DG,2028-01-16,46,23,Addison village,planned
ilabp,10.0,17045070200,045,Small_DG,2027-11-29,102,51,,planned
ilabp,7.6,17119403121,119,Small_DG,2027-11-21,112,56,Glen Carbon village,planned
ilabp,11.5,17011964900,011,Small_DG,2028-01-16,73,37,,planned
ilabp,3.6,17043844309,043,Small_DG,2027-11-29,42,21,,planned
ilabp,23.0,17115002402,115,Small_DG,2028-01-16,88,44,,planned
ilabp,6.84,17191955000,191,Small_DG,2028-01-16,116,58,,planned
ilabp,10.0,17115002500,115,Small_DG,2028-01-16,107,54,,planned
ilabp,10.0,17031823400,031,Small_DG,2028-01-16,27,14,Alsip village,planned
ilabp,23.0,17019001302,019,Small_DG,2028-01-16,104,52,Savoy village,planned
ilabp,5.7,17073031000,073,Small_DG,2027-11-21,93,47,,planned
ilabp,7.6,17093890105,093,Small_DG,2028-01-16,97,49,,planned
ilabp,12.55,17097860809,097,Small_DG,2028-02-06,64,32,,planned
ilabp,23.0,17147954800,147,Small_DG,2028-01-16,88,44,,planned
ilabp,12.47,17077010400,077,Small_DG,2027-11-21,115,58,,planned
ilabp,5.7,17031710400,031,Small_DG,2028-01-16,31,16,Chicago city,planned
ilabp,23.0,17041952400,041,Small_DG,2028-01-16,101,51,,planned
ilabp,11.5,17031750600,031,Small_DG,2028-01-16,27,14,Chicago city,planned
ilabp,5.7,17031825802,031,Small_DG,2028-01-16,29,15,Calumet City city,planned
ilabp,5.76,17031819200,031,Small_DG,2028-01-16,2,1,Lyons village,planned
ilabp,16.0,17129010100,129,Small_DG,2027-11-21,108,54,,planned
ilabp,5.235,17163502602,163,Small_DG,2028-01-30,114,57,Cahokia village,planned
ilabp,7.6,17131040400,131,Small_DG,2027-11-21,94,47,,planned
ilabp,11.5,17199021100,199,Small_DG,2028-01-16,118,59,Marion city,planned
ilabp,23.0,17031801601,031,Small_DG,2027-11-29,58,29,Northbrook village,planned
ilabp,5.7,17097861603,097,Small_DG,2027-11-07,62,31,Gurnee village,planned
ilabp,5.584,17119404100,119,Small_DG,2027-11-29,111,56,Madison city,planned
ilabp,10.0,17111871502,111,Small_DG,2027-11-29,63,32,,planned
ilabp,8.36,17031802504,031,Small_DG,2027-11-29,57,29,Wheeling village,planned
ilabp,23.0,17183010500,183,Small_DG,2028-01-16,104,52,,planned
ilabp,7.6,17031803007,031,Small_DG,2028-01-16,54,27,Arlington Heights village,planned
ilabp,18.846,17199020400,199,Small_DG,2027-11-29,118,59,Herrin city,planned
ilabp,11.5,17089854504,089,Small_DG,2028-01-16,70,35,,planned
ilabp,19.544,17077011001,077,Small_DG,2028-02-19,118,59,,planned
ilabp,11.5,17063000103,063,Small_DG,2028-01-16,106,53,Channahon village,planned
ilabp,7.98,17093890104,093,Small_DG,2027-11-21,84,42,,planned
ilabp,3.8,17201001400,201,Small_DG,2028-01-16,68,34,Rockford city,planned
ilabp,11.5,17155954600,155,Small_DG,2028-01-16,105,53,,planned
ilabp,11.5,17197880324,197,Small_DG,2028-02-06,84,42,Aurora city,planned
ilabp,11.5,17075950900,075,Small_DG,2028-01-16,106,53,,planned
ilabp,11.5,17045070300,045,Small_DG,2028-01-16,102,51,Paris city,planned
ilabp,6.84,17197880418,197,Small_DG,2027-11-29,97,49,Joliet city,planned
ilabp,5.235,17121952100,121,Small_DG,2027-11-29,110,55,,planned
ilabp,20.0,17115002800,115,Small_DG,2027-11-21,87,44,,planned
ilabp,6.631,17163501801,163,Small_DG,2027-11-29,113,57,Belleville city,planned
ilabp,11.5,17031825802,031,Small_DG,2028-01-16,29,15,Calumet City city,planned
ilabp,11.5,17145030600,145,Small_DG,2027-11-29,115,58,Du Quoin city,planned
ilabp,8.376,17021958400,021,Small_DG,2027-11-29,107,54,Taylorville city,planned
ilabp,23.0,17179021702,179,Small_DG,2028-01-16,87,44,,planned
ilabp,5.235,17163500500,163,Small_DG,2027-11-29,114,57,East St. Louis city,planned
ilabp,10.0,17011965600,011,Small_DG,2028-01-16,73,37,,planned
ilabp,11.5,17121951700,121,Small_DG,2028-01-30,110,55,,planned
ilabp,23.0,17183010100,183,Small_DG,2028-01-16,101,51,,planned
ilabp,10.0,17031804716,031,Small_DG,2028-01-16,44,22,Hoffman Estates village,planned
ilabp,11.5,17197880317,197,Small_DG,2028-01-16,97,49,Bolingbrook village,planned
ilabp,10.47,17115001500,115,Small_DG,2028-01-16,96,48,,planned
ilabp,10.0,17031825803,031,Small_DG,2028-01-16,29,15,Calumet City city,planned
ilabp,10.0,17197881006,197,Small_DG,2028-01-16,82,41,Homer Glen village,planned
ilabp,23.0,17121951900,121,Small_DG,2028-01-16,110,55,,planned
ilabp,11.5,17133600104,133,Small_DG,2028-01-16,115,58,Columbia city,planned
ilabp,11.5,17031825501,031,Small_DG,2028-01-16,38,19,Country Club Hills city,planned
ilabp,13.76,17031812000,031,Small_DG,2028-01-16,78,39,River Forest village,planned
ilabp,8.7,17111870103,111,Small_DG,2028-01-16,69,35,,planned
ilabp,10.0,17097861013,097,Small_DG,2028-01-16,64,32,Lake Villa village,planned
ilabp,5.7,17097860200,097,Small_DG,2028-01-16,61,31,Zion city,planned
ilabp,10.0,17197880124,197,Small_DG,2028-01-16,98,49,Bolingbrook village,planned
ilabp,11.5,17029000500,029,Small_DG,2028-01-16,101,51,,planned
ilabp,5.76,17031804902,031,Small_DG,2028-01-16,53,27,Des Plaines city,planned
ilabp,23.0,17183010300,183,Small_DG,2028-01-16,101,51,,planned
ilabp,11.5,17031804714,031,Small_DG,2028-01-16,44,22,Hoffman Estates village,planned
ilabp,11.5,17031804509,031,Small_DG,2028-01-16,44,22,Streamwood village,planned
ilabp,10.0,17037001400,037,Small_DG,2028-03-03,74,37,,planned
ilabp,10.0,17119403802,119,Small_DG,2028-01-16,109,55,,planned
ilabp,20.0,17115002800,115,Small_DG,2027-11-21,87,44,,planned
ilabp,5.76,17197880509,197,Small_DG,2028-01-16,85,43,Romeoville village,planned
ilabp,23.0,17031821600,031,Small_DG,2028-01-16,36,18,Evergreen Park village,planned
ilabp,11.5,17201003801,201,Small_DG,2028-01-16,90,45,,planned
ilabp,11.5,17121952400,121,Small_DG,2028-01-16,110,55,,planned
ilabp,11.5,17031827802,031,Small_DG,2028-01-16,29,15,South Holland village,planned
ilabp,11.5,17121951600,121,Small_DG,2028-01-16,110,55,,planned
ilabp,11.5,17203030200,203,Small_DG,2028-01-16,105,53,,planned
ilabp,7.6,17031830007,031,Small_DG,2028-01-16,38,19,Richton Park village,planned
ilabp,15.96,17097861603,097,Small_DG,2028-01-16,62,31,Gurnee village,planned
ilabp,11.5,17107952900,107,Small_DG,2028-01-16,87,44,,planned
ilabp,11.5,17031827804,031,Small_DG,2028-01-16,29,15,South Holland village,planned
ilabp,11.5,17031828507,031,Small_DG,2028-01-16,33,17,Lansing village,planned
ilabp,11.5,17191955000,191,Small_DG,2028-01-16,116,58,,planned
ilabp,11.5,17121952200,121,Small_DG,2028-01-16,110,55,,planned
ilabp,7.6,17097861902,097,Small_DG,2028-01-16,60,30,Waukegan city,planned
ilabp,10.0,17115002300,115,Small_DG,2027-11-21,88,44,,planned
ilabp,11.5,17073030203,073,Small_DG,2028-02-06,93,47,,planned
ilabp,8.12,17099962600,099,Small_DG,2028-01-16,76,38,Ottawa city,planned
ilabp,7.6,17027900602,027,Small_DG,2028-01-16,109,55,,planned
ilabp,10.0,17093890601,093,Small_DG,2028-01-16,75,38,,planned
ilabp,23.0,17125956700,125,Small_DG,2028-01-16,94,47,,planned
ilabp,11.5,17031828505,031,Small_DG,2028-01-16,34,17,,planned
ilabp,11.5,17019010702,019,Small_DG,2028-01-16,104,52,,planned
ilabp,10.0,17043844402,043,Small_DG,2028-01-16,45,23,Oak Brook village,planned
ilabp,11.5,17031827804,031,Small_DG,2028-01-16,29,15,South Holland village,planned
ilabp,10.0,17089854900,089,Small_DG,2028-01-16,49,25,Elgin city,planned
ilabp,11.5,17053961700,053,Small_DG,2028-01-16,106,53,,planned
ilabp,10.0,17031804509,031,Small_DG,2028-01-16,44,22,Streamwood village,planned
ilabp,10.0,17183010900,183,Small_DG,2027-11-21,102,51,,planned
ilabp,11.5,17031827805,031,Small_DG,2028-01-16,29,15,South Holland village,planned
ilabp,10.0,17043845809,043,Small_DG,2028-01-16,81,41,Woodridge village,planned
ilabp,11.5,17031821200,031,Small_DG,2028-01-16,28,14,Blue Island city,planned
ilabp,10.0,17031808002,031,Small_DG,2028-01-16,16,8,Lincolnwood village,planned
ilabp,23.0,17019001205,019,Small_DG,2028-01-16,104,52,Champaign city,planned
ilabp,11.5,17143002300,143,Small_DG,2028-01-16,92,46,Peoria city,planned
ilabp,10.0,17031750100,031,Small_DG,2028-01-16,27,14,Chicago city,planned
ilabp,7.6,17031804804,031,Small_DG,2028-03-03,56,28,Schaumburg village,planned
ilabp,11.5,17043846517,043,Small_DG,2028-01-16,84,42,Aurora city,planned
ilabp,13.36,17031818000,031,Small_DG,2028-01-16,7,4,Broadview village,planned
ilabp,5.76,17197883521,197,Small_DG,2028-01-16,37,19,Mokena village,planned
ilabp,11.5,17031827801,031,Small_DG,2028-01-16,29,15,South Holland village,planned
ilabp,23.0,17197880326,197,Small_DG,2028-01-16,84,42,,planned
ilabp,11.5,17043841401,043,Small_DG,2028-01-16,49,25,,planned
ilabp,10.0,17031826600,031,Small_DG,2028-01-16,28,14,Riverdale village,planned
ilabp,7.6,17101880700,101,Small_DG,2027-11-21,102,51,,planned
ilabp,5.7,17067954100,067,Small_DG,2027-11-29,94,47,Hamilton city,planned
ilabp,7.54,17029000200,029,Small_DG,2027-11-29,101,51,,planned
ilabp,5.7,17011964800,011,Small_DG,2028-02-19,73,37,,planned
ilabp,4.8,17097861303,097,Small_DG,2028-02-19,62,31,Round Lake Beach village,planned
ilabp,10.0,17141960900,141,Small_DG,2028-01-16,89,45,,planned
ilabp,23.0,17089850500,089,Small_DG,2028-01-16,66,33,,planned
ilabp,10.0,17031817101,031,Small_DG,2028-01-16,7,4,Bellwood village,planned
ilabp,5.76,17031700401,031,Small_DG,2028-01-16,32,16,Chicago city,planned
ilabp,10.0,17197883804,197,Small_DG,2028-01-16,79,40,,planned
ilabp,13.8,17177000500,177,Small_DG,2028-01-16,89,45,,planned
ilabp,5.8,17117956400,117,Small_DG,2028-01-16,108,54,Carlinville city,planned
ilabp,11.5,17031812100,031,Small_DG,2028-01-16,78,39,Oak Park village,planned
ilabp,10.0,17097865801,097,Small_DG,2028-01-16,58,29,Highland Park city,planned
ilabp,7.6,17031808200,031,Small_DG,2028-01-16,15,8,Niles village,planned
ilabp,7.6,17031825302,031,Small_DG,2028-01-16,30,15,,planned
ilabp,5.76,17103000400,103,Small_DG,2028-01-16,74,37,,planned
ilabp,10.0,17097860105,097,Small_DG,2028-01-16,61,31,Zion city,planned
ilabp,11.5,17197880511,197,Small_DG,2028-01-16,98,49,Romeoville village,planned
ilabp,10.0,17201003805,201,Small_DG,2028-02-06,90,45,Machesney Park village,planned
ilabp,23.0,17031020200,031,Small_DG,2028-01-16,16,8,Chicago city,planned
ilabp,7.6,17099964100,099,Small_DG,2028-02-06,106,53,,planned
ilabp,7.54,17019010800,019,Small_DG,2028-02-06,101,51,,planned
ilabp,8.99,17015960500,015,Small_DG,2028-01-16,89,45,,planned
ilabp,2.9,17119403101,119,Small_DG,2028-01-16,112,56,Edwardsville city,planned
ilabp,10.0,17113006000,113,Small_DG,2028-01-16,87,44,,planned
ilabp,7.25,17121951600,121,Small_DG,2028-01-16,110,55,,planned
ilabp,10.24,17119403002,119,Small_DG,2028-01-16,112,56,Edwardsville city,planned
ilabp,5.7,17083010401,083,Small_DG,2028-01-16,100,50,,planned
ilabp,10.0,17183010300,183,Small_DG,2027-11-29,101,51,,planned
ilabp,12.025,17195000600,195,Small_DG,2028-01-16,73,37,,planned
ilabp,6.72,17031040700,031,Small_DG,2028-01-16,13,7,Chicago city,planned
ilabp,7.68,17197883214,197,Small_DG,2028-01-16,97,49,,planned
ilabp,5.7,17025972200,025,Small_DG,2028-01-16,110,55,,planned
ilabp,11.5,17097864903,097,Small_DG,2028-01-16,58,29,Deerfield village,planned
ilabp,11.5,17031826402,031,Small_DG,2028-01-16,29,15,Dolton village,planned
ilabp,14.72,17163503416,163,Small_DG,2028-01-16,112,56,Fairview Heights city,planned
ilabp,11.5,17031804711,031,Small_DG,2028-01-16,44,22,Streamwood village,planned
ilabp,23.0,17203030400,203,Small_DG,2028-01-16,105,53,Metamora village,planned
ilabp,7.6,17119401722,119,Small_DG,2028-01-16,111,56,Bethalto village,planned
ilabp,7.83,17053961600,053,Small_DG,2028-01-16,106,53,,planned
ilabp,10.0,17097860400,097,Small_DG,2028-01-16,61,31,Beach Park village,planned
ilabp,4.64,17043841403,043,Small_DG,2028-01-16,47,24,Winfield village,planned
ilabp,11.5,17201003705,201,Small_DG,2028-03-03,67,34,,planned
ilabp,10.0,17111870605,111,Small_DG,2027-11-29,63,32,McHenry city,planned
ilabp,5.76,17111871311,111,Small_DG,2028-01-16,63,32,Lake in the Hills village,planned
ilabp,5.76,17099964300,099,Small_DG,2028-01-16,106,53,Streator city,planned
ilabp,11.5,17183011000,183,Small_DG,2028-01-16,102,51,,planned
ilabp,10.15,17183001300,183,Small_DG,2028-01-16,104,52,,planned
ilabp,10.0,17043842100,043,Small_DG,2028-01-16,42,21,Glen Ellyn village,planned
ilabp,10.0,17041952000,041,Small_DG,2028-01-16,101,51,,planned
ilabp,10.0,17043841704,043,Small_DG,2028-01-16,47,24,Carol Stream village,planned
ilabp,5.22,17111870702,111,Small_DG,2028-01-16,64,32,Lakemoor village,planned
ilabp,15.2,17093890402,093,Small_DG,2027-11-29,75,38,Yorkville city,planned
ilabp,23.0,17179022000,179,Small_DG,2028-01-16,87,44,,planned
ilabp,11.5,17031826402,031,Small_DG,2028-01-16,29,15,Dolton village,planned
ilabp,10.0,17043841113,043,Small_DG,2028-01-16,48,24,Bloomingdale village,planned
ilabp,10.0,17031805112,031,Small_DG,2027-11-29,56,28,Des Plaines city,planned
ilabp,5.51,17071973300,071,Small_DG,2028-01-16,94,47,,planned
ilabp,7.6,17043841204,043,Small_DG,2027-11-29,46,23,Glendale Heights village,planned
ilabp,11.5,17053961600,053,Small_DG,2028-01-16,106,53,,planned
ilabp,3.77,17031730100,031,Small_DG,2028-01-16,27,14,Chicago city,planned
ilabp,6.96,17019005300,019,Small_DG,2027-11-29,103,52,Urbana city,planned
ilabp,7.6,17031804308,031,Small_DG,2027-11-29,44,22,Schaumburg village,planned
ilabp,7.6,17031822102,031,Small_DG,2027-11-29,36,18,Oak Lawn village,planned
ilabp,23.0,17179021702,179,Small_DG,2027-11-29,87,44,,planned
ilabp,10.0,17111871109,111,Small_DG,2027-11-29,69,35,Lake in the Hills village,planned
ilabp,23.0,17073030500,073,Small_DG,2028-01-16,93,47,,planned
ilabp,10.0,17057953600,057,Small_DG,2027-11-29,94,47,Canton city,planned
ilabp,11.5,17031824509,031,Small_DG,2028-01-16,28,14,Oak Forest city,planned
ilabp,7.6,17031830003,031,Small_DG,2027-11-29,38,19,Matteson village,planned
ilabp,10.0,17043840802,043,Small_DG,2027-11-29,77,39,Bensenville village,planned
ilabp,7.6,17031830201,031,Small_DG,2028-01-16,80,40,Richton Park village,planned
ilabp,10.0,17089850706,089,Small_DG,2027-11-29,70,35,,planned
ilabp,10.0,17031815400,031,Small_DG,2028-01-16,2,1,Berwyn city,planned
ilabp,11.5,17089854301,089,Small_DG,2028-03-03,50,25,Aurora city,planned
ilabp,10.0,17031561000,031,Small_DG,2027-11-29,22,11,Chicago city,planned
ilabp,10.0,17037001400,037,Small_DG,2027-11-29,74,37,,planned
ilabp,10.0,17031821800,031,Small_DG,2027-11-29,36,18,Evergreen Park village,planned
ilabp,11.5,17201000101,201,Small_DG,2028-01-16,90,45,Machesney Park village,planned
ilabp,10.0,17031823302,031,Small_DG,2027-11-29,27,14,Alsip village,planned
ilabp,10.0,17115001802,115,Small_DG,2027-11-07,88,44,Decatur city,planned
ilabp,10.0,17031804709,031,Small_DG,2028-01-16,44,22,Hoffman Estates village,planned
ilabp,5.76,17031825801,031,Small_DG,2028-03-03,29,15,Calumet City city,planned
ilabp,23.0,17031817600,031,Small_DG,2027-11-29,7,4,Maywood village,planned
ilabp,10.0,17183010800,183,Small_DG,2027-11-07,104,52,,planned
ilabp,10.0,17031711200,031,Small_DG,2028-01-16,31,16,Chicago city,planned
ilabp,10.0,17167003500,167,Small_DG,2027-11-07,108,54,,planned
ilabp,10.0,17019001204,019,Small_DG,2027-11-07,104,52,Champaign city,planned
ilabp,10.0,17183010800,183,Small_DG,2027-11-21,104,52,,planned
ilabp,9.6,17113000506,113,Small_DG,2027-11-21,105,53,Bloomington city,planned
ilabp,7.54,17135957800,135,Small_DG,2028-01-16,108,54,Litchfield city,planned
ilabp,5.7,17097860806,097,Small_DG,2028-01-16,64,32,Antioch village,planned
ilabp,5.7,17195001300,195,Small_DG,2028-01-16,74,37,Sterling city,planned
ilabp,5.7,17071973300,071,Small_DG,2028-01-16,94,47,,planned
ilabp,4.48,17163504354,163,Small_DG,2028-01-16,113,57,O'Fallon city,planned
ilabp,20.0,17051950700,051,Small_DG,2028-01-16,110,55,,planned
ilabp,10.0,17117956000,117,Small_DG,2028-01-16,108,54,Virden city,planned
ilabp,17.4,17145030300,145,Small_DG,2028-01-16,115,58,,planned
ilabp,3.8,17179022400,179,Small_DG,2028-01-16,91,46,,planned
ilabp,10.0,17167003902,167,Small_DG,2027-11-21,96,48,,planned
ilabp,22.8,17163503322,163,Small_DG,2028-03-03,113,57,Swansea village,planned
ilabp,5.7,17081050200,081,Small_DG,2028-01-16,116,58,,planned
ilabp,10.73,17031170200,031,Small_DG,2028-01-16,19,10,Chicago city,planned
ilabp,7.54,17043846701,043,Small_DG,2028-01-16,45,23,Addison village,planned
ilabp,10.0,17019010901,019,Small_DG,2027-11-21,101,51,,planned
ilabp,19.0,17183001300,183,Small_DG,2028-01-16,104,52,,planned
ilabp,7.6,17067953800,067,Small_DG,2028-01-16,94,47,Carthage city,planned
ilabp,3.8,17183001200,183,Small_DG,2028-01-16,104,52,,planned
ilabp,5.76,17097860813,097,Small_DG,2028-01-16,64,32,Antioch village,planned
ilabp,7.6,17119400952,119,Small_DG,2028-01-16,111,56,Granite City city,planned
ilabp,10.0,17041952100,041,Small_DG,2028-01-16,101,51,,planned
ilabp,10.15,17019005402,019,Small_DG,2028-01-16,104,52,,planned
ilabp,5.12,17163503412,163,Small_DG,2028-01-16,112,56,Caseyville village,planned
ilabp,10.0,17041952100,041,Small_DG,2027-11-21,101,51,,planned
ilabp,4.06,17163504358,163,Small_DG,2028-01-16,114,57,,planned
ilabp,5.8,17097860106,097,Small_DG,2028-01-16,61,31,Zion city,planned
ilabp,10.0,17115002800,115,Small_DG,2027-11-21,87,44,,planned
ilabp,6.96,17089850800,089,Small_DG,2028-02-06,43,22,Elgin city,planned
ilabp,10.0,17115002200,115,Small_DG,2027-11-21,88,44,,planned
ilabp,10.0,17163503322,163,Small_DG,2027-11-21,113,57,Swansea village,planned
ilabp,7.6,17067954000,067,Small_DG,2028-02-06,94,47,,planned
ilabp,10.0,17019001206,019,Small_DG,2027-11-21,104,52,,planned
ilabp,25.0,17201003601,201,Small_DG,2028-01-16,67,34,Rockford city,planned
ilabp,5.7,17057953600,057,Small_DG,2028-01-16,94,47,Canton city,planned
ilabp,5.76,17011964800,011,Small_DG,2028-01-16,73,37,,planned
ilabp,5.0,17137952100,137,Small_DG,2028-01-16,99,50,,planned
ilabp,5.76,17141961500,141,Small_DG,2028-01-16,74,37,,planned
ilabp,5.76,17119400802,119,Small_DG,2028-01-16,111,56,Granite City city,planned
ilabp,7.6,17119401721,119,Small_DG,2028-01-16,111,56,Bethalto village,planned
ilabp,5.8,17031804513,031,Small_DG,2028-01-16,49,25,Bartlett village,planned
ilabp,5.51,17031805701,031,Small_DG,2028-01-16,55,28,Park Ridge city,planned
ilabp,10.44,17165956100,165,Small_DG,2028-01-16,117,59,,planned
ilabp,5.7,17031830004,031,Small_DG,2028-01-16,38,19,Matteson village,planned
ilabp,5.7,17137951400,137,Small_DG,2028-01-16,99,50,,planned
ilabp,5.8,17163503332,163,Small_DG,2028-01-16,113,57,,planned
ilabp,10.0,17087977600,087,Small_DG,2028-01-16,117,59,,planned
ilabp,4.64,17199020600,199,Small_DG,2028-01-16,118,59,Herrin city,planned
ilabp,7.475,17197880414,197,Small_DG,2028-01-16,98,49,,planned
ilabp,5.76,17195000200,195,Small_DG,2028-01-16,74,37,,planned
ilabp,3.8,17097860806,097,Small_DG,2028-01-16,64,32,Antioch village,planned
ilabp,5.7,17187870300,187,Small_DG,2028-01-16,71,36,,planned
ilabp,13.34,17091011800,091,Small_DG,2028-01-16,79,40,Bradley village,planned
ilabp,6.38,17163503202,163,Small_DG,2028-01-16,114,57,,planned
ilabp,5.76,17195000200,195,Small_DG,2028-01-16,74,37,,planned
ilabp,5.76,17113005601,113,Small_DG,2028-01-16,88,44,,planned
ilabp,5.76,17063000400,063,Small_DG,2028-01-16,75,38,Morris city,planned
ilabp,6.09,17041952200,041,Small_DG,2028-01-16,101,51,Tuscola city,planned
ilabp,10.0,17019005602,019,Small_DG,2027-11-21,104,52,,planned
ilabp,17.55,17195000100,195,Small_DG,2028-01-16,74,37,,planned
ilabp,12.48,17163504351,163,Small_DG,2028-01-16,114,57,O'Fallon city,planned
ilabp,10.0,17115002500,115,Small_DG,2027-11-21,107,54,,planned
ilabp,13.92,17111871201,111,Small_DG,2028-01-16,66,33,Crystal Lake city,planned
ilabp,10.44,17043840102,043,Small_DG,2028-01-16,48,24,Wood Dale city,planned
ilabp,10.0,17119403534,119,Small_DG,2027-11-21,112,56,Pontoon Beach village,planned
ilabp,3.77,17183010701,183,Small_DG,2028-01-16,102,51,,planned
ilabp,3.48,17163503411,163,Small_DG,2028-01-16,112,56,Caseyville village,planned
ilabp,10.0,17021959000,021,Small_DG,2027-11-21,108,54,,planned
ilabp,5.22,17031834300,031,Small_DG,2028-01-16,33,17,Chicago city,planned
ilabp,10.0,17119403702,119,Small_DG,2027-11-21,109,55,,planned
ilabp,7.475,17041952200,041,Small_DG,2028-01-16,101,51,Tuscola city,planned
ilabp,10.0,17183010100,183,Small_DG,2028-01-16,101,51,,planned
ilabp,10.0,17167003500,167,Small_DG,2027-11-21,108,54,,planned
ilabp,15.2,17055040500,055,Small_DG,2028-01-16,116,58,,planned
ilabp,6.09,17031691500,031,Small_DG,2028-01-16,32,16,Chicago city,planned
ilabp,12.18,17163504002,163,Small_DG,2028-01-16,114,57,,planned
ilabp,10.0,17019000500,019,Small_DG,2027-11-21,103,52,Champaign city,planned
ilabp,10.0,17183010800,183,Small_DG,2027-11-21,104,52,,planned
ilabp,10.0,17019010702,019,Small_DG,2027-11-21,104,52,,planned
ilabp,10.0,17019010400,019,Small_DG,2027-11-21,101,51,,planned
ilabp,10.0,17019005402,019,Small_DG,2027-11-21,104,52,,planned
ilabp,10.0,17147954500,147,Small_DG,2027-11-21,88,44,,planned
ilabp,10.0,17163503907,163,Small_DG,2027-11-21,113,57,Shiloh village,planned
ilabp,5.12,17133600402,133,Small_DG,2028-01-16,115,58,,planned
ilabp,10.0,17167003602,167,Small_DG,2027-11-21,95,48,Springfield city,planned
ilabp,10.0,17129010100,129,Small_DG,2027-11-21,108,54,,planned
ilabp,20.0,17067953800,067,Small_DG,2028-01-16,94,47,Carthage city,planned
ilabp,10.0,17019010603,019,Small_DG,2027-11-21,101,51,Mahomet village,planned
ilabp,14.21,17031822801,031,Small_DG,2028-01-16,36,18,Oak Lawn village,planned
ilabp,10.0,17107953600,107,Small_DG,2027-11-21,87,44,,planned
ilabp,12.5,17177000300,177,Small_DG,2028-02-06,89,45,,planned
ilabp,10.0,17029000100,029,Small_DG,2027-11-21,101,51,,planned
ilabp,4.596,17043845808,043,Small_DG,2028-02-06,81,41,Woodridge village,planned
ilabp,10.0,17019010601,019,Small_DG,2027-11-21,101,51,,planned
ilabp,9.6,17063000200,063,Small_DG,2028-01-16,75,38,,planned
ilabp,9.6,17089854506,089,Small_DG,2028-01-16,70,35,,planned
ilabp,10.0,17017960200,017,Small_DG,2027-11-21,99,50,,planned
ilabp,10.0,17115001500,115,Small_DG,2027-11-21,96,48,,planned
ilabp,3.8,17031491200,031,Small_DG,2027-11-29,27,14,Chicago city,planned
ilabp,5.76,17197882701,197,Small_DG,2027-11-29,86,43,Joliet city,planned
ilabp,7.6,17097861011,097,Small_DG,2028-01-16,64,32,Lake Villa village,planned
ilabp,23.0,17031830003,031,Small_DG,2027-11-29,38,19,Matteson village,planned
ilabp,15.6,17113005202,113,Small_DG,2028-01-16,87,44,,planned
ilabp,11.4,17117956500,117,Small_DG,2028-01-16,100,50,,planned
ilabp,5.7,17021958700,021,Small_DG,2028-01-16,107,54,,planned
ilabp,8.12,17163503404,163,Small_DG,2028-01-16,112,56,,planned
ilabp,12.48,17031805402,031,Small_DG,2028-01-16,15,8,Niles village,planned
ilabp,7.6,17163503323,163,Small_DG,2028-01-16,113,57,Swansea village,planned
ilabp,10.15,17081050600,081,Small_DG,2028-01-16,116,58,Mount Vernon city,planned
ilabp,15.12,17203030601,203,Small_DG,2028-01-16,91,46,,planned
ilabp,5.7,17175951400,175,Small_DG,2028-01-16,93,47,,planned
ilabp,8.96,17031801606,031,Small_DG,2028-01-16,57,29,,planned
ilabp,10.0,17167003500,167,Small_DG,2027-11-21,108,54,,planned
ilabp,12.215,17149952500,149,Small_DG,2028-01-16,100,50,,planned
ilabp,9.772,17163503322,163,Small_DG,2028-01-30,113,57,Swansea village,planned
ilabp,9.772,17159978100,159,Small_DG,2027-11-29,110,55,Olney city,planned
ilabp,11.31,17197880124,197,Small_DG,2028-02-06,98,49,Bolingbrook village,planned
ilabp,10.0,17167003701,167,Small_DG,2027-11-21,108,54,,planned
ilabp,6.38,17065973300,065,Small_DG,2028-01-16,116,58,,planned
ilabp,11.5,17147954700,147,Small_DG,2028-01-30,88,44,,planned
ilabp,15.2,17045070100,045,Small_DG,2028-02-19,102,51,,planned
ilabp,14.309,17189950400,189,Small_DG,2028-01-16,115,58,,planned
ilabp,13.262,17189950300,189,Small_DG,2027-11-29,109,55,,planned
ilabp,9.77,17027900500,027,Small_DG,2027-11-29,110,55,,planned
ilabp,10.0,17117957200,117,Small_DG,2027-11-29,108,54,Staunton city,planned
ilabp,5.933,17191955300,191,Small_DG,2028-01-16,116,58,,planned
ilabp,11.31,17119400903,119,Small_DG,2028-01-16,112,56,Pontoon Beach village,planned
ilabp,5.51,17199020400,199,Small_DG,2028-01-16,118,59,Herrin city,planned
ilabp,10.0,17119403701,119,Small_DG,2027-11-21,109,55,,planned
ilabp,5.51,17147954600,147,Small_DG,2028-01-30,88,44,Monticello city,planned
ilabp,10.15,17043846511,043,Small_DG,2028-02-19,84,42,Aurora city,planned
ilabp,10.0,17021958500,021,Small_DG,2027-11-21,107,54,Taylorville city,planned
ilabp,7.6,17115002200,115,Small_DG,2028-01-16,88,44,,planned
ilabp,10.73,17119403122,119,Small_DG,2028-03-03,112,56,,planned
ilabp,13.34,17163503903,163,Small_DG,2028-01-16,114,57,,planned
ilabp,11.5,17095001500,095,Small_DG,2028-01-16,94,47,,planned
ilabp,8.0,17163503412,163,Small_DG,2028-01-16,112,56,Caseyville village,planned
ilabp,7.6,17163502602,163,Small_DG,2027-11-29,114,57,Cahokia village,planned
ilabp,10.0,17119403502,119,Small_DG,2028-02-19,109,55,,planned
ilabp,3.8,17031802504,031,Small_DG,2028-01-16,57,29,Wheeling village,planned
ilabp,9.86,17163504359,163,Small_DG,2028-01-30,114,57,,planned
ilabp,4.93,17031811100,031,Small_DG,2028-02-19,77,39,River Grove village,planned
ilabp,7.68,17019005402,019,Small_DG,2027-11-29,104,52,,planned
ilabp,11.5,17031828701,031,Small_DG,2028-01-16,29,15,Glenwood village,planned
ilabp,10.0,17031824800,031,Small_DG,2028-01-16,30,15,Posen village,planned
ilabp,7.6,17095000600,095,Small_DG,2028-01-16,71,36,Galesburg city,planned
ilabp,7.6,17197884101,197,Small_DG,2028-01-16,85,43,Romeoville village,planned
ilabp,12.18,17115002500,115,Small_DG,2028-01-30,107,54,,planned
ilabp,10.0,17031250500,031,Small_DG,2028-01-16,78,39,Chicago city,planned
ilabp,11.5,17089850706,089,Small_DG,2028-01-16,70,35,,planned
ilabp,10.0,17167002100,167,Small_DG,2027-11-21,96,48,Leland Grove city,planned
ilabp,7.6,17143003800,143,Small_DG,2028-01-16,93,47,,planned
ilabp,7.6,17031826402,031,Small_DG,2028-01-16,29,15,Dolton village,planned
ilabp,7.6,17097864517,097,Small_DG,2027-11-29,51,26,Long Grove village,planned
ilabp,7.6,17119402805,119,Small_DG,2028-02-19,100,50,,planned
ilabp,10.0,17031805301,031,Small_DG,2027-11-29,15,8,Morton Grove village,planned
ilabp,8.64,17019010400,019,Small_DG,2027-11-21,101,51,,planned
ilabp,10.0,17111871108,111,Small_DG,2027-11-29,70,35,Crystal Lake city,planned
ilabp,5.7,17061973800,061,Small_DG,2028-01-16,100,50,,planned
ilabp,10.0,17019000902,019,Small_DG,2027-11-29,104,52,,planned
ilabp,10.0,17043841114,043,Small_DG,2027-11-29,48,24,Bloomingdale village,planned
ilabp,4.48,17097860905,097,Small_DG,2028-01-16,64,32,,planned
ilabp,5.8,17163503416,163,Small_DG,2028-01-16,112,56,Fairview Heights city,planned
ilabp,10.0,17037000100,037,Small_DG,2027-11-29,89,45,,planned
ilabp,11.89,17183010200,183,Small_DG,2028-01-16,101,51,Hoopeston city,planned
ilabp,7.6,17119402805,119,Small_DG,2028-01-16,100,50,,planned
ilabp,11.5,17043843800,043,Small_DG,2027-11-29,46,23,Villa Park village,planned
ilabp,23.0,17031827805,031,Small_DG,2028-01-16,29,15,South Holland village,planned
ilabp,8.12,17031830007,031,Small_DG,2028-01-16,38,19,Richton Park village,planned
ilabp,12.56,17167001600,167,Small_DG,2027-11-29,96,48,Springfield city,planned
ilabp,7.6,17093890401,093,Small_DG,2028-01-16,75,38,,planned
ilabp,15.0,17119403531,119,Small_DG,2027-11-21,109,55,,planned
ilabp,10.0,17031827801,031,Small_DG,2027-11-29,29,15,South Holland village,planned
ilabp,4.64,17185957200,185,Small_DG,2028-02-19,116,58,,planned
ilabp,7.6,17031830004,031,Small_DG,2027-11-29,38,19,Matteson village,planned
ilabp,20.88,17041952000,041,Small_DG,2028-01-30,101,51,,planned
ilabp,15.46,17089850703,089,Small_DG,2028-02-06,70,35,,planned
ilabp,7.59,17167003604,167,Small_DG,2027-11-29,95,48,Springfield city,planned
ilabp,7.6,17111871311,111,Small_DG,2027-11-29,63,32,Lake in the Hills village,planned
ilabp,5.76,17067954300,067,Small_DG,2028-01-30,94,47,,planned
ilabp,2.32,17031826000,031,Small_DG,2028-01-16,33,17,Calumet City city,planned
ilabp,10.0,17031824113,031,Small_DG,2027-11-29,27,14,Orland Park village,planned
ilabp,7.475,17031700100,031,Small_DG,2028-01-16,32,16,Chicago city,planned
ilabp,4.35,17179022200,179,Small_DG,2028-01-16,91,46,,planned
ilabp,10.0,17019010603,019,Small_DG,2027-11-21,101,51,Mahomet village,planned
ilabp,10.0,17011964700,011,Small_DG,2028-01-16,73,37,,planned
ilabp,3.2,17031828503,031,Small_DG,2028-01-16,34,17,Sauk Village village,planned
ilabp,5.7,17149952400,149,Small_DG,2028-01-16,100,50,,planned
ilabp,10.0,17111871501,111,Small_DG,2027-11-29,69,35,,planned
ilabp,8.12,17113005900,113,Small_DG,2028-01-16,91,46,Bloomington city,planned
ilabp,10.0,17115002200,115,Small_DG,2027-11-21,88,44,,planned
ilabp,11.4,17157950900,157,Small_DG,2028-01-16,115,58,,planned
ilabp,8.505,17197884103,197,Small_DG,2028-01-16,85,43,Crest Hill city,planned
ilabp,23.0,17113006000,113,Small_DG,2028-01-16,87,44,,planned
ilabp,10.0,17173959400,173,Small_DG,2027-11-21,107,54,,planned
ilabp,8.41,17029000200,029,Small_DG,2028-01-16,101,51,,planned
ilabp,7.6,17031827901,031,Small_DG,2028-01-16,29,15,South Holland village,planned
ilabp,10.0,17053961600,053,Small_DG,2027-11-21,106,53,,planned
ilabp,13.8,17111870703,111,Small_DG,2028-01-16,64,32,,planned
ilabp,11.5,17051951100,051,Small_DG,2028-01-16,110,55,,planned
ilabp,10.0,17197880317,197,Small_DG,2027-11-29,97,49,Bolingbrook village,planned
ilabp,11.5,17147954700,147,Small_DG,2028-01-16,88,44,,planned
ilabp,9.86,17163502602,163,Small_DG,2028-01-30,114,57,Cahokia village,planned
ilabp,9.6,17147954500,147,Small_DG,2028-02-06,88,44,,planned
ilabp,5.76,17097862800,097,Small_DG,2028-01-16,60,30,North Chicago city,planned
ilabp,5.76,17089852805,089,Small_DG,2027-11-29,50,25,North Aurora village,planned
ilabp,7.6,17031803400,031,Small_DG,2028-01-16,53,27,Arlington Heights village,planned
ilabp,3.8,17031530300,031,Small_DG,2028-01-16,27,14,Chicago city,planned
ilabp,12.18,17163504001,163,Small_DG,2028-03-03,114,57,,planned
ilabp,7.6,17113005102,113,Small_DG,2028-01-16,105,53,,planned
ilabp,14.3,17043844501,043,Small_DG,2028-01-16,45,23,Oakbrook Terrace city,planned
ilabp,11.5,17031830202,031,Small_DG,2028-01-16,80,40,Park Forest village,planned
ilabp,4.35,17099963900,099,Small_DG,2028-02-19,106,53,,planned
ilabp,10.0,17031810600,031,Small_DG,2028-01-16,19,10,,planned
ilabp,11.5,17031827804,031,Small_DG,2028-01-16,29,15,South Holland village,planned
ilabp,5.22,17091010602,091,Small_DG,2028-01-16,79,40,,planned
ilabp,5.76,17031805402,031,Small_DG,2027-11-29,15,8,Niles village,planned
ilabp,7.36,17197883521,197,Small_DG,2028-01-16,37,19,Mokena village,planned
ilabp,10.0,17029000500,029,Small_DG,2027-11-21,101,51,,planned
ilabp,7.6,17183011000,183,Small_DG,2028-01-16,102,51,,planned
ilabp,10.0,17031711100,031,Small_DG,2028-01-16,31,16,Chicago city,planned
ilabp,7.83,17143003101,143,Small_DG,2028-01-30,92,46,,planned
ilabp,10.0,17043846305,043,Small_DG,2027-11-29,81,41,Woodridge village,planned
ilabp,11.5,17031825200,031,Small_DG,2028-01-16,30,15,,planned
ilabp,11.5,17179021500,179,Small_DG,2028-01-16,87,44,,planned
ilabp,11.5,17053962000,053,Small_DG,2028-01-16,106,53,Gibson City city,planned
ilabp,10.0,17197883507,197,Small_DG,2027-11-29,80,40,,planned
ilabp,11.5,17113006000,113,Small_DG,2028-01-16,87,44,,planned
ilabp,10.0,17183010300,183,Small_DG,2027-11-21,101,51,,planned
ilabp,11.5,17055041100,055,Small_DG,2028-01-16,117,59,,planned
ilabp,11.89,17199021100,199,Small_DG,2028-01-16,118,59,Marion city,planned
ilabp,11.5,17011965000,011,Small_DG,2028-01-16,76,38,,planned
ilabp,7.6,17091010602,091,Small_DG,2027-11-21,79,40,,planned
ilabp,7.54,17135957900,135,Small_DG,2028-01-30,108,54,,planned
ilabp,10.0,17093890403,093,Small_DG,2027-11-29,83,42,Oswego village,planned
ilabp,11.5,17031816800,031,Small_DG,2028-01-16,7,4,Berkeley village,planned
ilabp,5.7,17111870606,111,Small_DG,2028-01-16,63,32,McHenry city,planned
ilabp,11.5,17107953400,107,Small_DG,2028-01-16,87,44,Lincoln city,planned
ilabp,8.0,17183011100,183,Small_DG,2027-11-21,102,51,,planned
ilabp,8.36,17191955000,191,Small_DG,2028-01-16,116,58,,planned
ilabp,11.31,17179021701,179,Small_DG,2028-01-16,87,44,,planned
ilabp,11.5,17031801607,031,Small_DG,2028-01-16,17,9,Glenview village,planned
ilabp,23.0,17113000504,113,Small_DG,2028-01-16,91,46,Normal town,planned
ilabp,5.51,17007010400,007,Small_DG,2028-01-16,89,45,,planned
ilabp,3.48,17117956600,117,Small_DG,2028-01-30,100,50,,planned
ilabp,11.5,17099962900,099,Small_DG,2028-01-16,76,38,LaSalle city,planned
ilabp,10.0,17019001205,019,Small_DG,2027-11-21,104,52,Champaign city,planned
ilabp,11.4,17179021900,179,Small_DG,2028-01-16,87,44,,planned
ilabp,3.77,17089850711,089,Small_DG,2028-01-16,65,33,,planned
ilabp,15.2,17001010500,001,Small_DG,2028-01-16,99,50,,planned
ilabp,9.75,17017960200,017,Small_DG,2028-03-03,99,50,,planned
ilabp,10.0,17111871201,111,Small_DG,2027-11-29,66,33,Crystal Lake city,planned
ilabp,10.0,17115002902,115,Small_DG,2027-11-21,88,44,,planned
ilabp,10.0,17019005401,019,Small_DG,2028-01-16,103,52,,planned
ilabp,23.0,17197883218,197,Small_DG,2028-01-16,97,49,,planned
ilabp,17.28,17203030700,203,Small_DG,2028-01-16,105,53,,planned
ilabp,7.6,17143004802,143,Small_DG,2028-01-16,92,46,Bartonville village,planned
ilabp,5.76,17019001302,019,Small_DG,2028-02-19,104,52,Savoy village,planned
ilabp,8.0,17019005702,019,Small_DG,2027-11-21,104,52,,planned
ilabp,7.6,17031829902,031,Small_DG,2027-11-29,38,19,,planned
ilabp,11.5,17031823702,031,Small_DG,2028-01-16,31,16,Hickory Hills city,planned
ilabp,3.8,17197880901,197,Small_DG,2028-03-03,98,49,Crest Hill city,planned
ilabp,10.0,17167002900,167,Small_DG,2027-11-29,95,48,Springfield city,planned
ilabp,5.76,17031830400,031,Small_DG,2028-01-30,79,40,Park Forest village,planned
ilabp,6.38,17019010902,019,Small_DG,2028-01-30,101,51,,planned
ilabp,11.4,17093890702,093,Small_DG,2028-01-16,75,38,,planned
ilabp,11.5,17137951700,137,Small_DG,2028-01-16,99,50,Jacksonville city,planned
ilabp,10.0,17115002800,115,Small_DG,2027-11-29,87,44,,planned
ilabp,11.5,17195000800,195,Small_DG,2028-01-16,73,37,,planned
ilabp,11.5,17031804513,031,Small_DG,2028-01-16,49,25,Bartlett village,planned
ilabp,22.8,17031804106,031,Small_DG,2027-11-29,53,27,Rolling Meadows city,planned
ilabp,7.6,17145030100,145,Small_DG,2028-01-16,115,58,,planned
ilabp,11.5,17091011500,091,Small_DG,2028-01-16,79,40,Kankakee city,planned
ilabp,7.6,17201000403,201,Small_DG,2028-01-16,68,34,Rockford city,planned
ilabp,10.0,17019005300,019,Small_DG,2027-11-21,103,52,Urbana city,planned
ilabp,7.6,17177000500,177,Small_DG,2028-01-30,89,45,,planned
ilabp,7.6,17097861509,097,Small_DG,2027-11-29,60,30,,planned
ilabp,23.0,17197880309,197,Small_DG,2028-01-16,41,21,Naperville city,planned
ilabp,11.5,17179021603,179,Small_DG,2028-01-16,91,46,,planned
ilabp,5.7,17177001100,177,Small_DG,2028-01-30,90,45,Freeport city,planned
ilabp,8.0,17029000200,029,Small_DG,2027-11-29,101,51,,planned
ilabp,11.5,17143003800,143,Small_DG,2028-01-16,93,47,,planned
ilabp,5.76,17031834300,031,Small_DG,2028-01-16,33,17,Chicago city,planned
ilabp,5.12,17043843200,043,Small_DG,2028-01-30,46,23,Villa Park village,planned
ilabp,5.76,17197883216,197,Small_DG,2028-01-30,97,49,Shorewood village,planned
ilabp,11.5,17115001802,115,Small_DG,2028-01-16,88,44,Decatur city,planned
ilabp,8.0,17019001301,019,Small_DG,2027-11-21,103,52,Champaign city,planned
ilabp,5.76,17043845808,043,Small_DG,2028-01-16,81,41,Woodridge village,planned
ilabp,15.2,17063000700,063,Small_DG,2027-11-29,106,53,,planned
ilabp,10.73,17173959400,173,Small_DG,2028-01-30,107,54,,planned
ilabp,11.5,17197880320,197,Small_DG,2027-11-29,97,49,,planned
ilabp,11.5,17183010200,183,Small_DG,2028-01-16,101,51,Hoopeston city,planned
ilabp,5.12,17167002600,167,Small_DG,2027-11-29,96,48,Springfield city,planned
ilabp,10.0,17031820902,031,Small_DG,2028-01-16,22,11,Burbank city,planned
ilabp,11.5,17145030600,145,Small_DG,2028-01-16,115,58,Du Quoin city,planned
ilabp,15.2,17145030600,145,Small_DG,2028-01-30,115,58,Du Quoin city,planned
ilabp,5.76,17031822702,031,Small_DG,2028-01-16,36,18,Oak Lawn village,planned
ilabp,10.0,17019001204,019,Small_DG,2027-11-21,104,52,Champaign city,planned
ilabp,11.5,17183010300,183,Small_DG,2028-01-16,101,51,,planned
ilabp,10.0,17031815500,031,Small_DG,2028-01-16,2,1,Berwyn city,planned
ilabp,23.0,17145030200,145,Small_DG,2028-01-16,115,58,,planned
ilabp,11.4,17031700502,031,Small_DG,2028-01-16,36,18,Chicago city,planned
ilabp,7.6,17097864516,097,Small_DG,2028-01-16,59,30,Buffalo Grove village,planned
ilabp,8.0,17167003603,167,Small_DG,2027-11-21,95,48,Curran village,planned
ilabp,23.0,17031829904,031,Small_DG,2027-11-29,38,19,,planned
ilabp,11.5,17125956500,125,Small_DG,2028-01-16,94,47,Havana city,planned
ilabp,10.0,17031828504,031,Small_DG,2027-11-29,34,17,Sauk Village village,planned
ilabp,5.51,17119403532,119,Small_DG,2028-01-30,109,55,,planned
ilabp,11.5,17099962900,099,Small_DG,2028-01-16,76,38,LaSalle city,planned
ilabp,5.76,17031818300,031,Small_DG,2028-01-16,7,4,Hillside village,planned
ilabp,23.0,17043844309,043,Small_DG,2027-11-29,42,21,,planned
ilabp,10.0,17031829800,031,Small_DG,2027-11-29,30,15,Flossmoor village,planned
ilabp,5.76,17167002001,167,Small_DG,2027-11-21,95,48,Springfield city,planned
ilabp,11.5,17031560300,031,Small_DG,2028-01-16,1,1,Chicago city,planned
ilabp,11.5,17145030100,145,Small_DG,2028-01-16,115,58,,planned
ilabp,11.5,17041952100,041,Small_DG,2028-01-16,101,51,,planned
ilabp,23.0,17031820606,031,Small_DG,2027-11-29,82,41,,planned
ilabp,23.0,17099963700,099,Small_DG,2028-01-16,106,53,,planned
ilabp,7.6,17167003500,167,Small_DG,2027-11-21,108,54,,planned
ilabp,7.6,17201002600,201,Small_DG,2028-01-16,67,34,Rockford city,planned
ilabp,23.0,17107953100,107,Small_DG,2028-01-16,87,44,,planned
ilabp,7.6,17099963800,099,Small_DG,2028-01-16,106,53,Streator city,planned
ilabp,11.5,17143003602,143,Small_DG,2028-01-16,73,37,Chillicothe city,planned
ilabp,11.5,17105960500,105,Small_DG,2028-01-16,105,53,,planned
ilabp,11.5,17089850705,089,Small_DG,2028-01-16,70,35,Hampshire village,planned
ilabp,5.76,17031804306,031,Small_DG,2027-11-29,44,22,Streamwood village,planned
ilabp,8.7,17089852406,089,Small_DG,2028-02-06,65,33,Campton Hills village,planned
ilabp,23.0,17055040400,055,Small_DG,2028-01-16,117,59,,planned
ilabp,11.5,17197883513,197,Small_DG,2027-11-29,38,19,Tinley Park village,planned
ilabp,8.0,17019005800,019,Small_DG,2027-11-21,103,52,Urbana city,planned
ilabp,11.5,17097860809,097,Small_DG,2028-01-16,64,32,,planned
ilabp,11.5,17183000300,183,Small_DG,2028-01-16,104,52,Danville city,planned
ilabp,11.5,17183010701,183,Small_DG,2028-01-16,102,51,,planned
ilabp,12.35,17183010300,183,Small_DG,2028-01-16,101,51,,planned
ilabp,11.5,17199021200,199,Small_DG,2028-01-16,118,59,Marion city,planned
ilabp,7.6,17201000512,201,Small_DG,2027-11-29,69,35,Rockford city,planned
ilabp,11.5,17091010800,091,Small_DG,2028-01-16,34,17,,planned
ilabp,11.5,17155954600,155,Small_DG,2028-01-16,105,53,,planned
ilabp,5.44,17043845808,043,Small_DG,2028-02-06,81,41,Woodridge village,planned
ilabp,11.5,17043845811,043,Small_DG,2028-01-16,82,41,Willowbrook village,planned
ilabp,11.5,17045070400,045,Small_DG,2028-01-16,102,51,Paris city,planned
ilabp,11.5,17029000900,029,Small_DG,2028-01-16,101,51,Charleston city,planned
ilabp,11.4,17095000400,095,Small_DG,2028-02-06,71,36,Galesburg city,planned
ilabp,11.5,17093890602,093,Small_DG,2027-11-29,75,38,,planned
ilabp,11.5,17167003701,167,Small_DG,2028-01-16,108,54,,planned
ilabp,11.5,17073030202,073,Small_DG,2028-01-16,93,47,,planned
ilabp,11.5,17111871107,111,Small_DG,2028-01-16,70,35,Algonquin village,planned
ilabp,10.0,17031826500,031,Small_DG,2027-11-29,30,15,Dolton village,planned
ilabp,7.36,17197880316,197,Small_DG,2028-02-06,41,21,Naperville city,planned
ilabp,11.5,17203030300,203,Small_DG,2028-01-16,105,53,,planned
ilabp,11.5,17089851302,089,Small_DG,2028-01-16,43,22,Elgin city,planned
ilabp,23.0,17031170700,031,Small_DG,2028-01-16,20,10,Chicago city,planned
ilabp,10.0,17031804710,031,Small_DG,2027-11-29,44,22,Schaumburg village,planned
ilabp,23.0,17019010604,019,Small_DG,2028-01-16,101,51,,planned
ilabp,11.5,17067954200,067,Small_DG,2028-01-16,94,47,,planned
ilabp,5.584,17097860905,097,Small_DG,2028-02-06,64,32,,planned
ilabp,11.5,17031160800,031,Small_DG,2028-01-16,40,20,Chicago city,planned
ilabp,11.5,17163503322,163,Small_DG,2028-01-16,113,57,Swansea village,planned
ilabp,11.5,17203030300,203,Small_DG,2028-01-16,105,53,,planned
ilabp,11.5,17031817600,031,Small_DG,2028-01-16,7,4,Maywood village,planned
ilabp,11.5,17163503324,163,Small_DG,2028-01-16,113,57,Shiloh village,planned
ilabp,11.5,17031827801,031,Small_DG,2028-01-16,29,15,South Holland village,planned
ilabp,10.0,17031818800,031,Small_DG,2028-01-16,2,1,Brookfield village,planned
ilabp,11.5,17183010100,183,Small_DG,2028-01-16,101,51,,planned
ilabp,10.0,17093890702,093,Small_DG,2027-11-29,75,38,,planned
ilabp,11.5,17097864409,097,Small_DG,2028-01-16,51,26,Lake Zurich village,planned
ilabp,14.25,17183010702,183,Small_DG,2028-01-16,102,51,,planned
ilabp,7.6,17007010601,007,Small_DG,2028-02-06,69,35,,planned
ilabp,7.6,17195000100,195,Small_DG,2028-02-06,74,37,,planned
ilabp,11.5,17137952200,137,Small_DG,2028-02-06,100,50,,planned
ilabp,23.0,17167003901,167,Small_DG,2028-01-16,95,48,,planned
ilabp,11.5,17031824900,031,Small_DG,2028-01-16,30,15,Markham city,planned
ilabp,7.83,17119400903,119,Small_DG,2028-01-30,112,56,Pontoon Beach village,planned
ilabp,11.5,17115001100,115,Small_DG,2028-01-30,96,48,Decatur city,planned
ilabp,11.5,17031826800,031,Small_DG,2028-01-30,30,15,Dixmoor village,planned
ilabp,11.5,17143003700,143,Small_DG,2028-01-16,73,37,,planned
ilabp,11.5,17197880324,197,Small_DG,2028-01-16,84,42,Aurora city,planned
ilabp,11.5,17175951500,175,Small_DG,2028-01-16,93,47,,planned
ilabp,11.5,17031823101,031,Small_DG,2028-01-16,36,18,Worth village,planned
ilabp,11.5,17173959200,173,Small_DG,2028-01-16,107,54,,planned
ilabp,11.5,17201000600,201,Small_DG,2028-01-16,68,34,Rockford city,planned
ilabp,11.5,17031823605,031,Small_DG,2028-01-16,35,18,Palos Heights city,planned
ilabp,11.5,17197880324,197,Small_DG,2028-01-30,84,42,Aurora city,planned
ilabp,11.5,17031520300,031,Small_DG,2028-01-16,25,13,Chicago city,planned
ilabp,11.5,17183010100,183,Small_DG,2028-01-16,101,51,,planned
ilabp,15.2,17031829904,031,Small_DG,2027-11-29,38,19,,planned
ilabp,17.3,17063000102,063,Small_DG,2028-03-10,75,38,Channahon village,planned
ilabp,17.3,17063000103,063,Small_DG,2028-01-16,106,53,Channahon village,planned
ilabp,5.7,17035972500,035,Small_DG,2028-01-30,102,51,,planned
ilabp,5.7,17057953600,057,Small_DG,2028-01-30,94,47,Canton city,planned
ilabp,10.0,17097860809,097,Small_DG,2028-01-16,64,32,,planned
ilabp,13.23,17195000200,195,Small_DG,2028-01-30,74,37,,planned
ilabp,7.83,17201004200,201,Small_DG,2028-01-30,89,45,,planned
ilabp,5.76,17097864409,097,Small_DG,2028-01-16,51,26,Lake Zurich village,planned
ilabp,10.0,17119403121,119,Small_DG,2027-11-21,112,56,Glen Carbon village,planned
ilabp,7.6,17031842400,031,Small_DG,2028-01-16,34,17,Chicago city,planned
ilabp,2.9,17115002402,115,Small_DG,2028-01-30,88,44,,planned
ilabp,4.93,17117956900,117,Small_DG,2028-01-30,108,54,,planned
ilabp,8.0,17113000302,113,Small_DG,2027-11-21,91,46,,planned
ilabp,8.0,17167003100,167,Small_DG,2027-11-29,95,48,Springfield city,planned
ilabp,5.76,17031480500,031,Small_DG,2028-01-16,25,13,Chicago city,planned
ilabp,5.76,17111870702,111,Small_DG,2027-11-29,64,32,Lakemoor village,planned
ilabp,4.8,17167003603,167,Small_DG,2027-11-21,95,48,Curran village,planned
ilabp,11.5,17143004802,143,Small_DG,2028-01-16,92,46,Bartonville village,planned
ilabp,11.5,17115001400,115,Small_DG,2028-01-16,88,44,Decatur city,planned
ilabp,10.0,17019001100,019,Small_DG,2027-11-21,103,52,Champaign city,planned
ilabp,11.5,17077010800,077,Small_DG,2028-01-16,118,59,,planned
ilabp,5.933,17081050700,081,Small_DG,2028-01-16,116,58,,planned
ilabp,7.6,17091010500,091,Small_DG,2028-01-16,79,40,,planned
ilabp,10.0,17115001400,115,Small_DG,2027-11-21,88,44,Decatur city,planned
ilabp,11.5,17077010602,077,Small_DG,2028-01-16,115,58,Murphysboro city,planned
ilabp,10.0,17179022000,179,Small_DG,2028-01-16,87,44,,planned
ilabp,5.76,17031805301,031,Small_DG,2028-01-16,15,8,Morton Grove village,planned
ilabp,11.5,17031828504,031,Small_DG,2028-01-16,34,17,Sauk Village village,planned
ilabp,10.0,17031816900,031,Small_DG,2027-11-29,7,4,Bellwood village,planned
ilabp,20.94,17077010300,077,Small_DG,2027-11-29,115,58,,planned
ilabp,11.5,17109010200,109,Small_DG,2028-01-16,94,47,,planned
ilabp,11.5,17203030100,203,Small_DG,2028-01-16,105,53,,planned
ilabp,8.0,17041952400,041,Small_DG,2027-11-21,101,51,,planned
ilabp,11.5,17029000600,029,Small_DG,2028-01-16,102,51,,planned
ilabp,10.0,17093890601,093,Small_DG,2028-01-16,75,38,,planned
ilabp,10.0,17093890402,093,Small_DG,2028-01-16,75,38,Yorkville city,planned
ilabp,11.5,17031828503,031,Small_DG,2028-01-16,34,17,Sauk Village village,planned
ilabp,10.0,17113005602,113,Small_DG,2027-11-21,88,44,,planned
ilabp,6.2,17119403533,119,Small_DG,2028-01-16,112,56,Maryville village,planned
ilabp,23.0,17119401102,119,Small_DG,2028-01-16,111,56,Wood River city,planned
ilabp,14.44,17119404100,119,Small_DG,2028-01-30,111,56,Madison city,planned
ilabp,7.6,17031440300,031,Small_DG,2028-01-16,34,17,Chicago city,planned
ilabp,6.72,17031480200,031,Small_DG,2028-02-06,33,17,Chicago city,planned
ilabp,11.5,17031151100,031,Small_DG,2028-01-16,39,20,Chicago city,planned
ilabp,23.0,17123961200,123,Small_DG,2028-01-16,105,53,Henry city,planned
ilabp,11.31,17119400801,119,Small_DG,2028-01-30,111,56,Granite City city,planned
ilabp,3.8,17099963900,099,Small_DG,2028-02-06,106,53,,planned
ilabp,11.5,17113001700,113,Small_DG,2028-01-16,91,46,Bloomington city,planned
ilabp,10.0,17117956600,117,Small_DG,2027-11-21,100,50,,planned
ilabp,23.0,17019010902,019,Small_DG,2028-01-16,101,51,,planned
ilabp,11.5,17179021500,179,Small_DG,2028-01-16,87,44,,planned
ilabp,9.6,17163504353,163,Small_DG,2028-02-06,109,55,,planned
ilabp,11.5,17019010800,019,Small_DG,2028-01-16,101,51,,planned
ilabp,11.5,17093890702,093,Small_DG,2028-01-16,75,38,,planned
ilabp,5.76,17031700200,031,Small_DG,2028-01-16,32,16,Chicago city,planned
ilabp,10.0,17031828202,031,Small_DG,2028-01-16,34,17,Lansing village,planned
ilabp,23.76,17105960900,105,Small_DG,2028-01-16,106,53,,planned
ilabp,11.5,17143003000,143,Small_DG,2028-01-16,92,46,Peoria city,planned
ilabp,8.99,17055040500,055,Small_DG,2028-01-30,116,58,,planned
ilabp,11.5,17057953100,057,Small_DG,2028-01-16,94,47,,planned
ilabp,6.96,17031826304,031,Small_DG,2028-02-19,29,15,Dolton village,planned
ilabp,10.0,17031818200,031,Small_DG,2027-11-29,7,4,Westchester village,planned
ilabp,11.5,17183011100,183,Small_DG,2028-01-16,102,51,,planned
ilabp,9.57,17091010400,091,Small_DG,2028-01-30,79,40,,planned
ilabp,11.5,17201003710,201,Small_DG,2028-01-16,67,34,,planned
ilabp,4.485,17031431302,031,Small_DG,2028-01-16,25,13,Chicago city,planned
ilabp,23.0,17057953100,057,Small_DG,2028-01-16,94,47,,planned
ilabp,8.0,17169970300,169,Small_DG,2027-11-21,99,50,,planned
ilabp,11.5,17183010300,183,Small_DG,2028-01-16,101,51,,planned
ilabp,6.96,17031801701,031,Small_DG,2028-01-30,57,29,Northbrook village,planned
ilabp,11.4,17143003404,143,Small_DG,2028-01-16,73,37,Peoria city,planned
ilabp,7.6,17119401722,119,Small_DG,2028-01-16,111,56,Bethalto village,planned
ilabp,11.5,17183010900,183,Small_DG,2028-01-16,102,51,,planned
ilabp,8.0,17083010100,083,Small_DG,2027-11-29,100,50,,planned
ilabp,10.0,17031460500,031,Small_DG,2028-01-16,33,17,Chicago city,planned
ilabp,11.5,17031827801,031,Small_DG,2028-01-16,29,15,South Holland village,planned
ilabp,23.0,17103000400,103,Small_DG,2028-01-16,74,37,,planned
ilabp,11.5,17099962200,099,Small_DG,2028-01-16,74,37,,planned
ilabp,5.76,17031803013,031,Small_DG,2027-11-29,54,27,Buffalo Grove village,planned
ilabp,10.0,17031803005,031,Small_DG,2028-01-16,54,27,Arlington Heights village,planned
ilabp,10.0,17043844602,043,Small_DG,2028-01-16,7,4,Oak Brook village,planned
ilabp,23.0,17197883902,197,Small_DG,2028-01-16,29,15,Beecher village,planned
ilabp,11.5,17113005602,113,Small_DG,2028-01-16,88,44,,planned
ilabp,5.76,17135957500,135,Small_DG,2028-01-30,108,54,,planned
ilabp,11.5,17031490901,031,Small_DG,2028-01-16,28,14,Chicago city,planned
ilabp,11.5,17179020301,179,Small_DG,2028-01-16,87,44,,planned
ilabp,10.0,17043846515,043,Small_DG,2028-01-16,84,42,Aurora city,planned
ilabp,10.0,17135957300,135,Small_DG,2027-11-21,107,54,,planned
ilabp,11.4,17197880423,197,Small_DG,2027-11-29,97,49,Plainfield village,planned
ilabp,10.0,17031431400,031,Small_DG,2028-01-16,,,,planned
ilabp,11.5,17031827200,031,Small_DG,2028-01-16,30,15,Phoenix village,planned
ilabp,10.0,17043840801,043,Small_DG,2027-11-29,77,39,Bensenville village,planned
ilabp,15.2,17107953600,107,Small_DG,2028-03-03,87,44,,planned
ilabp,2.93,17115001801,115,Small_DG,2027-11-29,88,44,Decatur city,planned
ilabp,11.5,17099963800,099,Small_DG,2028-01-16,106,53,Streator city,planned
ilabp,3.8,17043846511,043,Small_DG,2028-01-16,84,42,Aurora city,planned
ilabp,7.6,17031805401,031,Small_DG,2027-11-29,15,8,,planned
ilabp,11.5,17095001600,095,Small_DG,2028-01-16,93,47,,planned
ilabp,3.8,17031730600,031,Small_DG,2028-01-16,27,14,Chicago city,planned
ilabp,11.5,17097860105,097,Small_DG,2028-01-16,61,31,Zion city,planned
ilabp,20.0,17197880202,197,Small_DG,2027-11-29,85,43,Romeoville village,planned
ilabp,7.6,17043841208,043,Small_DG,2027-11-29,46,23,Glendale Heights village,planned
ilabp,23.0,17129010100,129,Small_DG,2028-01-16,108,54,,planned
ilabp,10.0,17031834300,031,Small_DG,2028-01-16,33,17,Chicago city,planned
ilabp,5.76,17201003808,201,Small_DG,2028-01-16,90,45,Machesney Park village,planned
ilabp,11.5,17111871105,111,Small_DG,2028-01-16,66,33,Crystal Lake city,planned
ilabp,23.0,17193958300,193,Small_DG,2028-01-16,116,58,,planned
ilabp,10.0,17031720700,031,Small_DG,2027-11-29,35,18,Chicago city,planned
ilabp,11.5,17197880412,197,Small_DG,2028-01-16,98,49,Joliet city,planned
ilabp,7.54,17019010601,019,Small_DG,2028-01-30,101,51,,planned
ilabp,11.5,17031821401,031,Small_DG,2028-01-16,28,14,Calumet Park village,planned
ilabp,7.6,17201003400,201,Small_DG,2028-01-16,67,34,Rockford city,planned
ilabp,8.03,17107953600,107,Small_DG,2028-01-16,87,44,,planned
ilabp,5.76,17031819400,031,Small_DG,2027-11-29,21,11,Brookfield village,planned
ilabp,11.5,17031817101,031,Small_DG,2028-01-16,7,4,Bellwood village,planned
ilabp,3.8,17031490902,031,Small_DG,2028-01-16,34,17,Chicago city,planned
ilabp,5.76,17201000101,201,Small_DG,2028-01-16,90,45,Machesney Park village,planned
ilabp,11.5,17203030501,203,Small_DG,2028-01-16,73,37,Germantown Hills village,planned
ilabp,11.5,17133600502,133,Small_DG,2028-01-16,115,58,,planned
ilabp,10.0,17089853500,089,Small_DG,2028-01-16,50,25,Aurora city,planned
ilabp,11.5,17197883307,197,Small_DG,2028-01-16,86,43,,planned
ilabp,10.0,17031730600,031,Small_DG,2028-01-16,27,14,Chicago city,planned
ilabp,5.76,17031824006,031,Small_DG,2028-01-16,82,41,,planned
ilabp,5.76,17031171100,031,Small_DG,2027-11-29,3,2,Chicago city,planned
ilabp,13.92,17145030100,145,Small_DG,2028-01-30,115,58,,planned
ilabp,11.5,17055040400,055,Small_DG,2028-01-16,117,59,,planned
ilabp,11.5,17031809700,031,Small_DG,2028-01-16,18,9,Evanston city,planned
ilabp,7.6,17051951100,051,Small_DG,2028-01-30,110,55,,planned
ilabp,11.5,17095000400,095,Small_DG,2028-01-16,71,36,Galesburg city,planned
ilabp,10.0,17201003805,201,Small_DG,2028-01-16,90,45,Machesney Park village,planned
ilabp,10.0,17031804316,031,Small_DG,2028-01-16,43,22,Streamwood village,planned
ilabp,11.5,17119402805,119,Small_DG,2028-01-16,100,50,,planned
ilabp,23.0,17107953300,107,Small_DG,2028-01-30,87,44,,planned
ilabp,7.68,17121952000,121,Small_DG,2028-01-30,110,55,,planned
ilabp,10.0,17195001000,195,Small_DG,2027-11-29,74,37,Sterling city,planned
ilabp,11.5,17197880412,197,Small_DG,2028-01-16,98,49,Joliet city,planned
ilabp,5.76,17067954200,067,Small_DG,2028-01-30,94,47,,planned
ilabp,11.5,17097861008,097,Small_DG,2028-01-16,61,31,Lindenhurst village,planned
ilabp,11.5,17107952900,107,Small_DG,2028-01-16,87,44,,planned
ilabp,23.0,17201003801,201,Small_DG,2027-11-29,90,45,,planned
ilabp,11.5,17119403531,119,Small_DG,2028-01-16,109,55,,planned
ilabp,11.5,17031804510,031,Small_DG,2028-01-30,44,22,Hanover Park village,planned
ilabp,3.8,17175951500,175,Small_DG,2028-01-30,93,47,,planned
ilabp,11.5,17039971600,039,Small_DG,2028-01-30,87,44,,planned
ilabp,12.76,17031826500,031,Small_DG,2028-03-03,30,15,Dolton village,planned
ilabp,13.92,17145030400,145,Small_DG,2028-02-06,115,58,,planned
ilabp,11.5,17031806001,031,Small_DG,2028-01-16,55,28,,planned
ilabp,23.0,17051950700,051,Small_DG,2028-01-16,110,55,,planned
ilabp,8.36,17119404000,119,Small_DG,2028-01-30,112,56,Granite City city,planned
ilabp,500.0,17111871201,111,Large_DG,2028-02-19,66,33,Crystal Lake city,planned
ilabp,11.5,17099962400,099,Small_DG,2028-01-16,75,38,,planned
ilabp,7.6,17075950300,075,Small_DG,2028-01-30,106,53,,planned
ilabp,11.6,17051950700,051,Small_DG,2028-03-03,110,55,,planned
ilabp,11.5,17143003402,143,Small_DG,2028-01-16,73,37,Mossville CDP,planned
ilabp,11.5,17113005602,113,Small_DG,2028-01-16,88,44,,planned
ilabp,11.5,17031804902,031,Small_DG,2028-01-16,53,27,Des Plaines city,planned
ilabp,13.63,17107953200,107,Small_DG,2028-01-16,87,44,Lincoln city,planned
ilabp,5.76,17113005501,113,Small_DG,2028-01-30,88,44,,planned
ilabp,11.5,17119401722,119,Small_DG,2028-01-16,111,56,Bethalto village,planned
ilabp,11.5,17157950500,157,Small_DG,2028-01-16,115,58,,planned
ilabp,11.5,17031831000,031,Small_DG,2028-01-16,10,5,Chicago city,planned
ilabp,11.5,17031100600,031,Small_DG,2028-01-16,20,10,Chicago city,planned
ilabp,5.76,17015960500,015,Small_DG,2028-01-30,89,45,,planned
ilabp,3.8,17031800700,031,Small_DG,2028-02-06,18,9,Wilmette village,planned
ilabp,11.5,17197880123,197,Small_DG,2028-01-16,85,43,Bolingbrook village,planned
ilabp,24.944,17063000500,063,Small_DG,2028-01-16,106,53,,planned
ilabp,9.77,17135957900,135,Small_DG,2027-11-29,108,54,,planned
ilabp,9.1,17021958100,021,Small_DG,2027-11-29,96,48,,planned
ilabp,11.5,17031804312,031,Small_DG,2028-02-06,43,22,,planned
ilabp,11.5,17197880117,197,Small_DG,2028-01-16,85,43,Bolingbrook village,planned
ilabp,11.78,17121952700,121,Small_DG,2028-01-30,110,55,Centralia city,planned
ilabp,11.4,17011965500,011,Small_DG,2028-01-16,73,37,,planned
ilabp,11.5,17099961900,099,Small_DG,2028-01-16,74,37,,planned
ilabp,11.5,17183010200,183,Small_DG,2028-01-16,101,51,Hoopeston city,planned
ilabp,11.5,17011964900,011,Small_DG,2028-01-16,73,37,,planned
ilabp,11.5,17097865801,097,Small_DG,2028-01-16,58,29,Highland Park city,planned
ilabp,7.36,17119401400,119,Small_DG,2028-02-06,111,56,Alton city,planned
ilabp,120.0,17111871301,111,Large_DG,2028-02-19,66,33,Crystal Lake city,planned
ilabp,11.5,17091012600,091,Small_DG,2028-01-16,79,40,,planned
ilabp,3.8,17095001500,095,Small_DG,2028-01-16,94,47,,planned
ilabp,11.5,17111870403,111,Small_DG,2028-01-16,69,35,,planned
ilabp,300.0,17111871305,111,Large_DG,2028-03-03,63,32,Cary village,planned
ilabp,11.5,17057953900,057,Small_DG,2028-01-16,94,47,,planned
ilabp,23.0,17199020300,199,Small_DG,2028-01-16,118,59,,planned
ilabp,100.0,17111871307,111,Large_DG,2028-02-19,63,32,,planned
ilabp,4.93,17199021200,199,Small_DG,2028-01-30,118,59,Marion city,planned
ilabp,120.0,17111871600,111,Large_DG,2028-02-19,52,26,,planned
ilabp,500.0,17111871305,111,Large_DG,2028-02-19,63,32,Cary village,planned
ilabp,11.5,17115001500,115,Small_DG,2028-01-16,96,48,,planned
ilabp,23.0,17183010300,183,Small_DG,2028-01-30,101,51,,planned
ilabp,8.74,17163502602,163,Small_DG,2028-01-30,114,57,Cahokia village,planned
ilabp,11.5,17031231200,031,Small_DG,2028-01-16,4,2,Chicago city,planned
ilabp,23.0,17183010400,183,Small_DG,2028-01-16,104,52,,planned
ilabp,2.9,17031830004,031,Small_DG,2028-01-30,38,19,Matteson village,planned
ilabp,7.04,17197880431,197,Small_DG,2028-01-30,97,49,Joliet city,planned
ilabp,11.5,17031710700,031,Small_DG,2028-01-16,31,16,Chicago city,planned
ilabp,23.0,17165955100,165,Small_DG,2028-01-16,117,59,Eldorado city,planned
ilabp,11.5,17095000100,095,Small_DG,2028-01-16,93,47,,planned
ilabp,11.5,17143004200,143,Small_DG,2028-01-16,92,46,Peoria Heights village,planned
ilabp,11.5,17031710700,031,Small_DG,2028-01-16,31,16,Chicago city,planned
ilabp,3.8,17143003900,143,Small_DG,2028-01-30,93,47,,planned
ilabp,11.5,17199020201,199,Small_DG,2028-01-16,118,59,Carterville city,planned
ilabp,11.5,17179021000,179,Small_DG,2028-01-16,93,47,Pekin city,planned
ilabp,7.25,17029000200,029,Small_DG,2028-01-30,101,51,,planned
ilabp,11.5,17179021801,179,Small_DG,2028-01-16,93,47,,planned
ilabp,11.5,17031824129,031,Small_DG,2028-01-16,27,14,Orland Park village,planned
ilabp,11.5,17031520300,031,Small_DG,2028-01-16,25,13,Chicago city,planned
ilabp,5.76,17097861902,097,Small_DG,2028-01-16,60,30,Waukegan city,planned
ilabp,11.5,17199020700,199,Small_DG,2028-01-16,117,59,,planned
ilabp,11.5,17057952900,057,Small_DG,2028-01-16,94,47,,planned
ilabp,10.0,17043841113,043,Small_DG,2028-01-16,48,24,Bloomingdale village,planned
ilabp,11.5,17179020500,179,Small_DG,2028-01-16,93,47,Marquette Heights city,planned
ilabp,11.5,17143004300,143,Small_DG,2028-01-16,92,46,Peoria Heights village,planned
ilabp,11.5,17025972200,025,Small_DG,2028-01-16,110,55,,planned
ilabp,11.5,17031050500,031,Small_DG,2028-01-16,11,6,Chicago city,planned
ilabp,5.76,17031750500,031,Small_DG,2028-01-16,27,14,Chicago city,planned
ilabp,11.5,17029000400,029,Small_DG,2028-01-30,101,51,,planned
ilabp,11.5,17125956500,125,Small_DG,2028-01-16,94,47,Havana city,planned
ilabp,11.5,17113006000,113,Small_DG,2028-01-16,87,44,,planned
ilabp,11.5,17031828202,031,Small_DG,2028-01-16,34,17,Lansing village,planned
ilabp,11.5,17167003701,167,Small_DG,2028-01-16,108,54,,planned
ilabp,10.0,17043841704,043,Small_DG,2027-11-29,47,24,Carol Stream village,planned
ilabp,11.5,17143000600,143,Small_DG,2028-01-16,92,46,Peoria city,planned
ilabp,5.76,17197880701,197,Small_DG,2028-01-16,85,43,Lockport city,planned
ilabp,11.5,17093890104,093,Small_DG,2028-01-16,84,42,,planned
ilabp,5.22,17119401000,119,Small_DG,2028-01-30,111,56,Roxana village,planned
ilabp,11.5,17115001801,115,Small_DG,2028-01-16,88,44,Decatur city,planned
ilabp,11.4,17197881002,197,Small_DG,2028-01-16,37,19,Homer Glen village,planned
ilabp,23.0,17055040700,055,Small_DG,2028-01-30,116,58,,planned
ilabp,10.0,17105960800,105,Small_DG,2028-01-30,106,53,,planned
ilabp,3.8,17031711200,031,Small_DG,2028-01-16,31,16,Chicago city,planned
ilabp,7.6,17031826600,031,Small_DG,2028-01-16,28,14,Riverdale village,planned
ilabp,10.0,17031250200,031,Small_DG,2028-01-16,8,4,Chicago city,planned
ilabp,10.0,17089854402,089,Small_DG,2027-11-29,84,42,Aurora city,planned
ilabp,6.67,17093890103,093,Small_DG,2028-01-30,84,42,Oswego village,planned
ilabp,10.0,17197880325,197,Small_DG,2028-01-16,84,42,Aurora city,planned
ilabp,7.6,17197881108,197,Small_DG,2028-01-16,37,19,New Lenox village,planned
ilabp,10.0,17031823803,031,Small_DG,2028-01-16,36,18,Palos Hills city,planned
ilabp,10.0,17197882602,197,Small_DG,2028-01-16,86,43,Joliet city,planned
ilabp,11.5,17203030200,203,Small_DG,2028-01-16,105,53,,planned
ilabp,23.0,17197880414,197,Small_DG,2028-01-16,98,49,,planned
ilabp,10.0,17089854301,089,Small_DG,2028-01-16,50,25,Aurora city,planned
ilabp,11.5,17031510300,031,Small_DG,2028-01-16,33,17,Chicago city,planned
ilabp,11.5,17029001000,029,Small_DG,2028-01-16,101,51,,planned
ilabp,11.5,17081050600,081,Small_DG,2028-01-16,116,58,Mount Vernon city,planned
ilabp,11.5,17155954500,155,Small_DG,2028-01-16,105,53,Granville village,planned
ilabp,11.5,17031829600,031,Small_DG,2028-01-16,80,40,Steger village,planned
ilabp,11.5,17031825501,031,Small_DG,2028-01-16,38,19,Country Club Hills city,planned
ilabp,11.5,17057953500,057,Small_DG,2028-01-16,94,47,,planned
ilabp,11.5,17197880414,197,Small_DG,2028-01-16,98,49,,planned
ilabp,15.2,17043846518,043,Small_DG,2028-01-16,84,42,Aurora city,planned
ilabp,23.0,17111870200,111,Small_DG,2028-01-16,69,35,,planned
ilabp,10.0,17167003601,167,Small_DG,2027-11-21,108,54,,planned
ilabp,11.5,17073030600,073,Small_DG,2028-01-16,93,47,,planned
ilabp,5.2,17167002100,167,Small_DG,2027-11-29,96,48,Leland Grove city,planned
ilabp,10.0,17119401722,119,Small_DG,2028-03-03,111,56,Bethalto village,planned
ilabp,11.5,17029000400,029,Small_DG,2028-01-16,101,51,,planned
ilabp,11.5,17197880124,197,Small_DG,2028-01-16,98,49,Bolingbrook village,planned
ilabp,23.0,17143004500,143,Small_DG,2028-01-16,93,47,,planned
ilabp,9.28,17031829302,031,Small_DG,2028-01-30,80,40,Chicago Heights city,planned
ilabp,23.0,17157950500,157,Small_DG,2028-01-16,115,58,,planned
ilabp,11.5,17163503324,163,Small_DG,2028-01-16,113,57,Shiloh village,planned
ilabp,11.5,17197883211,197,Small_DG,2028-01-16,86,43,Joliet city,planned
ilabp,5.8,17097864515,097,Small_DG,2028-01-30,51,26,Long Grove village,planned
ilabp,11.5,17031480400,031,Small_DG,2028-01-16,33,17,Chicago city,planned
ilabp,7.6,17039971600,039,Small_DG,2028-01-30,87,44,,planned
ilabp,6.84,17141960800,141,Small_DG,2028-01-30,89,45,,planned
ilabp,11.5,17031825803,031,Small_DG,2028-01-16,29,15,Calumet City city,planned
ilabp,11.52,17043844202,043,Small_DG,2028-01-16,42,21,Lombard village,planned
ilabp,13.36,17031802702,031,Small_DG,2028-01-16,57,29,Des Plaines city,planned
ilabp,11.5,17031120300,031,Small_DG,2028-01-16,15,8,Chicago city,planned
ilabp,10.0,17201001900,201,Small_DG,2028-01-16,67,34,Rockford city,planned
ilabp,11.5,17111871312,111,Small_DG,2028-01-16,63,32,Cary village,planned
ilabp,5.22,17163503416,163,Small_DG,2028-01-30,112,56,Fairview Heights city,planned
ilabp,10.0,17031826402,031,Small_DG,2028-01-16,29,15,Dolton village,planned
ilabp,11.5,17113005102,113,Small_DG,2028-01-16,105,53,,planned
ilabp,10.0,17031740400,031,Small_DG,2028-01-16,35,18,Chicago city,planned
ilabp,11.5,17119400951,119,Small_DG,2028-01-16,111,56,Granite City city,planned
ilabp,10.0,17201000105,201,Small_DG,2028-01-16,90,45,Machesney Park village,planned
ilabp,10.0,17111871113,111,Small_DG,2028-01-16,69,35,,planned
ilabp,11.5,17147954600,147,Small_DG,2028-01-16,88,44,Monticello city,planned
ilabp,10.0,17107953000,107,Small_DG,2028-01-16,87,44,,planned
ilabp,11.5,17159978000,159,Small_DG,2028-01-16,110,55,Olney city,planned
ilabp,11.5,17201000402,201,Small_DG,2028-01-16,68,34,,planned
ilabp,3.8,17107952900,107,Small_DG,2028-01-30,87,44,,planned
ilabp,7.6,17023060100,023,Small_DG,2028-01-30,102,51,,planned
ilabp,10.0,17113005102,113,Small_DG,2028-01-16,105,53,,planned
ilabp,11.5,17183011100,183,Small_DG,2028-01-16,102,51,,planned
ilabp,11.5,17041952100,041,Small_DG,2028-01-16,101,51,,planned
ilabp,10.0,17007010300,007,Small_DG,2028-01-16,68,34,Belvidere city,planned
ilabp,10.0,17197884003,197,Small_DG,2028-02-19,86,43,Braidwood city,planned
ilabp,10.0,17031650500,031,Small_DG,2028-01-16,22,11,Chicago city,planned
ilabp,11.5,17119403403,119,Small_DG,2028-01-16,112,56,Collinsville city,planned
ilabp,11.5,17197883208,197,Small_DG,2028-01-16,98,49,Joliet city,planned
ilabp,10.0,17113005402,113,Small_DG,2027-11-29,88,44,,planned
ilabp,5.76,17119400951,119,Small_DG,2028-01-30,111,56,Granite City city,planned
ilabp,4.35,17119403122,119,Small_DG,2028-01-30,112,56,,planned
ilabp,11.5,17031824107,031,Small_DG,2028-01-16,27,14,Orland Park village,planned
ilabp,11.5,17143003402,143,Small_DG,2028-01-16,73,37,Mossville CDP,planned
ilabp,3.8,17029000100,029,Small_DG,2028-03-03,101,51,,planned
ilabp,23.0,17185957300,185,Small_DG,2028-01-16,116,58,,planned
ilabp,11.5,17031825503,031,Small_DG,2028-01-16,38,19,Hazel Crest village,planned
ilabp,11.5,17031828900,031,Small_DG,2028-01-16,80,40,Chicago Heights city,planned
ilabp,6.72,17089854509,089,Small_DG,2028-01-30,83,42,Sugar Grove village,planned
ilabp,6.38,17163503323,163,Small_DG,2028-01-30,113,57,Swansea village,planned
ilabp,23.0,17055040800,055,Small_DG,2028-01-16,117,59,,planned
ilabp,11.5,17043840303,043,Small_DG,2028-01-16,46,23,Addison village,planned
ilabp,11.5,17197881700,197,Small_DG,2028-01-16,98,49,Joliet city,planned
ilabp,11.5,17031824122,031,Small_DG,2028-01-16,28,14,Tinley Park village,planned
ilabp,11.5,17031830004,031,Small_DG,2028-01-16,38,19,Matteson village,planned
ilabp,23.0,17097866000,097,Small_DG,2028-01-16,61,31,Wadsworth village,planned
ilabp,7.6,17097861505,097,Small_DG,2028-02-06,61,31,Gurnee village,planned
ilabp,10.0,17177000600,177,Small_DG,2028-02-06,90,45,,planned
ilabp,6.09,17089853005,089,Small_DG,2028-01-30,83,42,Aurora city,planned
ilabp,11.5,17031804000,031,Small_DG,2028-01-16,53,27,Rolling Meadows city,planned
ilabp,23.0,17183011100,183,Small_DG,2028-01-16,102,51,,planned
ilabp,20.0,17163503412,163,Small_DG,2028-03-03,112,56,Caseyville village,planned
ilabp,9.28,17195000400,195,Small_DG,2028-01-30,73,37,,planned
ilabp,11.5,17179021900,179,Small_DG,2028-01-16,87,44,,planned
ilabp,11.5,17109010200,109,Small_DG,2028-01-16,94,47,,planned
ilabp,11.4,17031824800,031,Small_DG,2028-01-16,30,15,Posen village,planned
ilabp,11.5,17027900601,027,Small_DG,2028-01-16,109,55,,planned
ilabp,7.6,17095001300,095,Small_DG,2028-01-16,71,36,Knoxville city,planned
ilabp,11.4,17089854100,089,Small_DG,2028-01-16,50,25,Aurora city,planned
ilabp,13.97,17137951400,137,Small_DG,2027-11-21,99,50,,planned
ilabp,23.0,17143003200,143,Small_DG,2028-01-16,73,37,Peoria city,planned
ilabp,14.08,17119403121,119,Small_DG,2028-01-30,112,56,Glen Carbon village,planned
ilabp,10.0,17031830004,031,Small_DG,2028-01-16,38,19,Matteson village,planned
ilabp,11.5,17097860400,097,Small_DG,2028-01-16,61,31,Beach Park village,planned
ilabp,3.49,17119401300,119,Small_DG,2028-01-30,111,56,East Alton village,planned
ilabp,11.5,17111871313,111,Small_DG,2028-02-06,63,32,Crystal Lake city,planned
ilabp,4.64,17019001201,019,Small_DG,2028-01-30,103,52,Champaign city,planned
ilabp,11.5,17031823803,031,Small_DG,2028-01-16,36,18,Palos Hills city,planned
ilabp,23.0,17053962000,053,Small_DG,2028-01-16,106,53,Gibson City city,planned
ilabp,5.76,17031700302,031,Small_DG,2028-01-16,32,16,Chicago city,planned
ilabp,7.6,17197880511,197,Small_DG,2028-01-16,98,49,Romeoville village,planned
ilabp,11.5,17055040300,055,Small_DG,2028-01-16,116,58,Christopher city,planned
ilabp,6.38,17163503301,163,Small_DG,2028-01-30,113,57,Swansea village,planned
ilabp,11.5,17043841316,043,Small_DG,2028-01-16,49,25,Bartlett village,planned
ilabp,5.76,17031810302,031,Small_DG,2028-01-16,18,9,Evanston city,planned
ilabp,11.5,17107953200,107,Small_DG,2028-01-16,87,44,Lincoln city,planned
ilabp,7.6,17037001400,037,Small_DG,2028-01-16,74,37,,planned
ilabp,10.0,17203030200,203,Small_DG,2028-01-16,105,53,,planned
ilabp,5.76,17089852807,089,Small_DG,2028-01-16,83,42,,planned
ilabp,7.6,17043841204,043,Small_DG,2028-01-16,46,23,Glendale Heights village,planned
ilabp,10.0,17031823400,031,Small_DG,2028-01-16,27,14,Alsip village,planned
ilabp,5.22,17031750600,031,Small_DG,2028-01-16,27,14,Chicago city,planned
ilabp,10.0,17031824800,031,Small_DG,2028-01-30,30,15,Posen village,planned
ilabp,11.5,17019010702,019,Small_DG,2028-01-16,104,52,,planned
ilabp,11.5,17125956800,125,Small_DG,2028-01-16,94,47,,planned
ilabp,10.0,17031805108,031,Small_DG,2028-01-16,53,27,Mount Prospect village,planned
ilabp,5.76,17031520300,031,Small_DG,2028-01-16,25,13,Chicago city,planned
ilabp,11.5,17179020400,179,Small_DG,2028-01-16,87,44,Creve Coeur village,planned
ilabp,7.47,17019001302,019,Small_DG,2027-11-21,104,52,Savoy village,planned
ilabp,11.5,17107952900,107,Small_DG,2028-01-16,87,44,,planned
ilabp,23.0,17199021400,199,Small_DG,2028-01-16,118,59,,planned
ilabp,10.0,17143003602,143,Small_DG,2028-01-16,73,37,Chillicothe city,planned
ilabp,10.0,17031804105,031,Small_DG,2028-01-16,51,26,,planned
ilabp,23.0,17115002402,115,Small_DG,2028-01-16,88,44,,planned
ilabp,11.5,17123961500,123,Small_DG,2028-01-16,105,53,,planned
ilabp,7.6,17089851801,089,Small_DG,2028-01-16,49,25,South Elgin village,planned
ilabp,5.76,17197880325,197,Small_DG,2028-01-16,84,42,Aurora city,planned
ilabp,10.0,17197881112,197,Small_DG,2028-01-16,80,40,New Lenox village,planned
ilabp,11.5,17201000103,201,Small_DG,2028-01-16,90,45,Machesney Park village,planned
ilabp,15.2,17169970300,169,Small_DG,2028-03-03,99,50,,planned
ilabp,15.2,17199021300,199,Small_DG,2028-01-30,117,59,,planned
ilabp,11.5,17099964300,099,Small_DG,2028-01-16,106,53,Streator city,planned
ilabp,4.35,17031820901,031,Small_DG,2028-01-30,22,11,Bedford Park village,planned
ilabp,10.0,17031816900,031,Small_DG,2028-01-16,7,4,Bellwood village,planned
ilabp,11.5,17031825802,031,Small_DG,2028-01-16,29,15,Calumet City city,planned
ilabp,10.0,17137951500,137,Small_DG,2027-11-21,99,50,,planned
ilabp,7.6,17121951600,121,Small_DG,2028-01-30,110,55,,planned
ilabp,11.5,17197880427,197,Small_DG,2028-01-16,98,49,Joliet city,planned
ilabp,11.5,17031820000,031,Small_DG,2028-01-16,82,41,Hinsdale village,planned
ilabp,10.0,17031491100,031,Small_DG,2028-01-16,27,14,Chicago city,planned
ilabp,11.5,17179022000,179,Small_DG,2028-01-16,87,44,,planned
ilabp,11.4,17177000600,177,Small_DG,2028-01-30,90,45,,planned
ilabp,5.12,17203030602,203,Small_DG,2027-11-21,91,46,,planned
ilabp,10.0,17031681200,031,Small_DG,2028-01-16,32,16,Chicago city,planned
ilabp,23.0,17095001400,095,Small_DG,2028-01-16,94,47,,planned
ilabp,3.19,17031711400,031,Small_DG,2028-02-19,27,14,Chicago city,planned
ilabp,5.235,17031804716,031,Small_DG,2028-02-06,44,22,Hoffman Estates village,planned
ilabp,11.5,17201000403,201,Small_DG,2028-01-16,68,34,Rockford city,planned
ilabp,10.0,17119400600,119,Small_DG,2028-01-16,113,57,Madison city,planned
ilabp,10.0,17031804306,031,Small_DG,2028-01-16,44,22,Streamwood village,planned
ilabp,23.0,17041952200,041,Small_DG,2028-01-16,101,51,Tuscola city,planned
ilabp,11.5,17031801500,031,Small_DG,2028-01-16,57,29,Northbrook village,planned
ilabp,11.5,17097864512,097,Small_DG,2028-01-16,51,26,Long Grove village,planned
ilabp,10.0,17197883211,197,Small_DG,2028-01-16,86,43,Joliet city,planned
ilabp,10.0,17145030200,145,Small_DG,2028-01-30,115,58,,planned
ilabp,12.16,17115000300,115,Small_DG,2028-01-30,96,48,Decatur city,planned
ilabp,11.5,17019010500,019,Small_DG,2028-01-16,101,51,Fisher village,planned
ilabp,11.5,17031824105,031,Small_DG,2028-03-03,35,18,Orland Park village,planned
ilabp,7.6,17031824122,031,Small_DG,2028-01-16,28,14,Tinley Park village,planned
ilabp,23.0,17197884003,197,Small_DG,2028-01-16,86,43,Braidwood city,planned
ilabp,6.46,17031803605,031,Small_DG,2028-01-30,51,26,Palatine village,planned
ilabp,10.0,17119401905,119,Small_DG,2028-01-16,111,56,South Roxana village,planned
ilabp,11.4,17031808400,031,Small_DG,2028-01-16,15,8,Morton Grove village,planned
ilabp,5.51,17119403531,119,Small_DG,2028-02-19,109,55,,planned
ilabp,7.83,17031823302,031,Small_DG,2028-01-30,27,14,Alsip village,planned
ilabp,10.0,17179021900,179,Small_DG,2028-01-16,87,44,,planned
ilabp,3.8,17097865200,097,Small_DG,2028-01-16,58,29,Highwood city,planned
ilabp,11.5,17197881401,197,Small_DG,2028-01-16,86,43,Joliet city,planned
ilabp,3.8,17027900500,027,Small_DG,2028-01-30,110,55,,planned
ilabp,10.88,17097864002,097,Small_DG,2028-02-19,59,30,Mundelein village,planned
ilabp,11.5,17195000600,195,Small_DG,2028-01-16,73,37,,planned
ilabp,11.5,17089854509,089,Small_DG,2028-01-16,83,42,Sugar Grove village,planned
ilabp,15.2,17179022000,179,Small_DG,2028-01-16,87,44,,planned
ilabp,11.5,17113001200,113,Small_DG,2028-01-16,91,46,Bloomington city,planned
ilabp,15.2,17033880500,033,Small_DG,2028-01-30,102,51,,planned
ilabp,11.5,17031828100,031,Small_DG,2028-01-16,33,17,Lansing village,planned
ilabp,11.5,17031801500,031,Small_DG,2028-01-16,57,29,Northbrook village,planned
ilabp,11.5,17063000800,063,Small_DG,2028-01-16,106,53,,planned
ilabp,11.5,17197883219,197,Small_DG,2028-01-16,97,49,Shorewood village,planned
ilabp,11.5,17019010901,019,Small_DG,2028-01-16,101,51,,planned
ilabp,23.0,17113002102,113,Small_DG,2028-01-16,88,44,,planned
ilabp,11.5,17201003805,201,Small_DG,2028-01-16,90,45,Machesney Park village,planned
ilabp,7.6,17089853401,089,Small_DG,2028-01-16,50,25,Aurora city,planned
ilabp,23.0,17179021801,179,Small_DG,2028-01-16,93,47,,planned
ilabp,23.0,17113005401,113,Small_DG,2028-01-16,88,44,,planned
ilabp,11.5,17075950700,075,Small_DG,2028-01-16,106,53,,planned
ilabp,8.96,17201000502,201,Small_DG,2028-03-03,68,34,Rockford city,planned
ilabp,11.5,17155954600,155,Small_DG,2028-01-16,105,53,,planned
ilabp,9.57,17163503202,163,Small_DG,2028-01-30,114,57,,planned
ilabp,11.5,17031825503,031,Small_DG,2028-01-16,38,19,Hazel Crest village,planned
ilabp,11.5,17055040200,055,Small_DG,2028-01-16,116,58,North City village,planned
ilabp,11.5,17179020301,179,Small_DG,2028-01-16,87,44,,planned
ilabp,11.5,17163503324,163,Small_DG,2028-01-16,113,57,Shiloh village,planned
ilabp,3.8,17043843200,043,Small_DG,2028-01-16,46,23,Villa Park village,planned
ilabp,11.5,17199020100,199,Small_DG,2028-01-16,118,59,,planned
ilabp,11.5,17031802801,031,Small_DG,2028-01-16,54,27,Arlington Heights village,planned
ilabp,11.5,17031828000,031,Small_DG,2028-01-16,33,17,Lansing village,planned
ilabp,23.0,17037001800,037,Small_DG,2028-01-16,74,37,,planned
ilabp,11.5,17143003200,143,Small_DG,2028-01-16,73,37,Peoria city,planned
ilabp,11.5,17031828202,031,Small_DG,2028-01-16,34,17,Lansing village,planned
ilabp,11.5,17031829903,031,Small_DG,2028-01-16,38,19,Country Club Hills city,planned
ilabp,11.4,17031804713,031,Small_DG,2028-01-16,44,22,Hoffman Estates village,planned
ilabp,11.5,17053962000,053,Small_DG,2028-01-16,106,53,Gibson City city,planned
ilabp,11.5,17093890702,093,Small_DG,2028-01-16,75,38,,planned
ilabp,11.5,17197883809,197,Small_DG,2028-01-16,29,15,Crete village,planned
ilabp,11.5,17197883504,197,Small_DG,2028-01-16,38,19,Frankfort village,planned
ilabp,11.5,17197883217,197,Small_DG,2028-01-16,97,49,Joliet city,planned
ilabp,5.76,17163501602,163,Small_DG,2028-01-16,113,57,Belleville city,planned
ilabp,11.5,17101880800,101,Small_DG,2028-01-30,102,51,,planned
ilabp,23.0,17191955000,191,Small_DG,2028-01-16,116,58,,planned
ilabp,23.0,17163503202,163,Small_DG,2028-01-16,114,57,,planned
ilabp,11.5,17031828505,031,Small_DG,2028-01-16,34,17,,planned
ilabp,3.8,17119400802,119,Small_DG,2028-01-16,111,56,Granite City city,planned
ilabp,11.5,17055040900,055,Small_DG,2028-01-16,117,59,West Frankfort city,planned
ilabp,11.5,17089853001,089,Small_DG,2028-01-16,83,42,North Aurora village,planned
ilabp,10.0,17031823903,031,Small_DG,2028-01-16,35,18,Palos Park village,planned
ilabp,5.8,17115002904,115,Small_DG,2028-01-30,88,44,,planned
ilabp,10.0,17089850711,089,Small_DG,2028-01-16,65,33,,planned
ilabp,10.0,17113005402,113,Small_DG,2028-01-30,88,44,,planned
ilabp,11.5,17005951500,005,Small_DG,2028-01-16,109,55,,planned
ilabp,10.0,17097861404,097,Small_DG,2028-01-16,62,31,Round Lake Park village,planned
ilabp,11.5,17031818300,031,Small_DG,2028-01-16,7,4,Hillside village,planned
ilabp,23.0,17031120200,031,Small_DG,2028-01-16,15,8,Chicago city,planned
ilabp,11.5,17111871502,111,Small_DG,2028-01-16,63,32,,planned
ilabp,13.36,17043844501,043,Small_DG,2028-01-16,45,23,Oakbrook Terrace city,planned
ilabp,5.8,17089850202,089,Small_DG,2028-03-03,43,22,Carpentersville village,planned
ilabp,11.5,17043846518,043,Small_DG,2028-01-16,84,42,Aurora city,planned
ilabp,11.5,17163501502,163,Small_DG,2028-01-16,113,57,,planned
ilabp,10.0,17031460500,031,Small_DG,2028-01-16,33,17,Chicago city,planned
ilabp,7.6,17199020802,199,Small_DG,2028-01-30,117,59,,planned
ilabp,23.0,17197883808,197,Small_DG,2028-01-16,29,15,,planned
ilabp,11.5,17197880204,197,Small_DG,2028-01-16,85,43,Romeoville village,planned
ilabp,3.8,17041952300,041,Small_DG,2028-01-30,101,51,,planned
ilabp,5.76,17031803012,031,Small_DG,2028-01-16,54,27,Arlington Heights village,planned
ilabp,11.5,17203030601,203,Small_DG,2028-01-16,91,46,,planned
ilabp,10.0,17097864203,097,Small_DG,2028-01-16,52,26,,planned
ilabp,11.5,17157950600,157,Small_DG,2028-01-16,115,58,Sparta city,planned
ilabp,11.5,17179021202,179,Small_DG,2028-01-16,91,46,East Peoria city,planned
ilabp,10.0,17031824105,031,Small_DG,2028-01-16,35,18,Orland Park village,planned
ilabp,11.5,17031825503,031,Small_DG,2028-01-16,38,19,Hazel Crest village,planned
ilabp,11.5,17019010601,019,Small_DG,2028-01-16,101,51,,planned
ilabp,11.5,17179021102,179,Small_DG,2028-01-16,93,47,Pekin city,planned
ilabp,11.5,17113001106,113,Small_DG,2028-01-30,91,46,Bloomington city,planned
ilabp,11.5,17199020201,199,Small_DG,2028-01-16,118,59,Carterville city,planned
ilabp,7.6,17137951900,137,Small_DG,2028-01-30,99,50,Jacksonville city,planned
ilabp,23.0,17129010100,129,Small_DG,2028-01-30,108,54,,planned
ilabp,7.54,17197880114,197,Small_DG,2028-01-30,85,43,Bolingbrook village,planned
ilabp,3.8,17177000300,177,Small_DG,2028-01-30,89,45,,planned
ilabp,23.0,17197883513,197,Small_DG,2028-01-30,38,19,Tinley Park village,planned
ilabp,11.5,17077010100,077,Small_DG,2028-01-16,115,58,,planned
ilabp,4.93,17089854100,089,Small_DG,2028-01-30,50,25,Aurora city,planned
ilabp,11.5,17067953900,067,Small_DG,2028-01-30,94,47,,planned
ilabp,11.5,17201000103,201,Small_DG,2028-01-30,90,45,Machesney Park village,planned
ilabp,11.5,17021958100,021,Small_DG,2028-01-30,96,48,,planned
ilabp,11.5,17131040400,131,Small_DG,2028-01-30,94,47,,planned
ilabp,11.5,17189950100,189,Small_DG,2028-03-03,109,55,,planned
ilabp,3.19,17097864002,097,Small_DG,2028-02-06,59,30,Mundelein village,planned
ilabp,7.6,17027900500,027,Small_DG,2028-02-06,110,55,,planned
ilabp,17.69,17085020102,085,Small_DG,2028-02-06,89,45,,planned
ilabp,7.25,17097860400,097,Small_DG,2028-02-06,61,31,Beach Park village,planned
ilabp,7.6,17119404000,119,Small_DG,2028-02-06,112,56,Granite City city,planned
ilabp,6.67,17201003602,201,Small_DG,2028-02-06,67,34,Rockford city,planned
ilabp,23.0,17197880431,197,Small_DG,2028-01-16,97,49,Joliet city,planned
ilabp,18.62,17167004000,167,Small_DG,2028-02-06,87,44,,planned
ilabp,7.6,17077010200,077,Small_DG,2028-02-06,118,59,,planned
ilabp,10.0,17197880314,197,Small_DG,2028-01-16,97,49,,planned
ilabp,7.6,17031561000,031,Small_DG,2028-01-16,22,11,Chicago city,planned
ilabp,11.5,17199020202,199,Small_DG,2028-01-16,118,59,,planned
ilabp,7.6,17031480400,031,Small_DG,2028-01-16,33,17,Chicago city,planned
ilabp,23.0,17043846315,043,Small_DG,2028-01-16,81,41,,planned
ilabp,17.4,17183011000,183,Small_DG,2028-02-06,102,51,,planned
ilabp,5.22,17163503102,163,Small_DG,2028-02-06,114,57,,planned
ilabp,3.8,17119401300,119,Small_DG,2028-03-03,111,56,East Alton village,planned
ilabp,5.76,17031730400,031,Small_DG,2028-01-16,27,14,Chicago city,planned
ilabp,6.72,17031823704,031,Small_DG,2028-01-30,82,41,Hickory Hills city,planned
ilabp,10.0,17031822301,031,Small_DG,2028-01-16,31,16,Oak Lawn village,planned
ilabp,11.5,17183011100,183,Small_DG,2028-01-16,102,51,,planned
ilabp,12.18,17083010200,083,Small_DG,2028-01-30,100,50,,planned
ilabp,10.0,17031817101,031,Small_DG,2028-01-16,7,4,Bellwood village,planned
ilabp,23.0,17121951700,121,Small_DG,2028-01-16,110,55,,planned
ilabp,7.6,17189950200,189,Small_DG,2028-01-30,109,55,,planned
ilabp,7.6,17031825802,031,Small_DG,2028-01-16,29,15,Calumet City city,planned
ilabp,5.0,17119401102,119,Small_DG,2028-02-06,111,56,Wood River city,planned
ilabp,10.0,17175951400,175,Small_DG,2028-01-30,93,47,,planned
ilabp,9.74,17035972600,035,Small_DG,2027-11-29,102,51,,planned
ilabp,11.4,17031824126,031,Small_DG,2028-01-16,,,Tinley Park village,planned
ilabp,15.2,17023060100,023,Small_DG,2028-03-03,102,51,,planned
ilabp,23.0,17097860400,097,Small_DG,2028-01-16,61,31,Beach Park village,planned
ilabp,11.5,17155954600,155,Small_DG,2028-01-16,105,53,,planned
ilabp,10.0,17201003801,201,Small_DG,2028-01-16,90,45,,planned
ilabp,23.0,17179021701,179,Small_DG,2028-01-16,87,44,,planned
ilabp,5.8,17119404100,119,Small_DG,2028-01-30,111,56,Madison city,planned
ilabp,11.5,17031826303,031,Small_DG,2028-01-16,29,15,Dolton village,planned
ilabp,11.4,17043842702,043,Small_DG,2028-01-16,47,24,Wheaton city,planned
ilabp,23.0,17197883216,197,Small_DG,2028-01-16,97,49,Shorewood village,planned
ilabp,11.5,17111871310,111,Small_DG,2028-01-16,52,26,,planned
ilabp,7.6,17091010400,091,Small_DG,2028-01-30,79,40,,planned
ilabp,11.5,17183001200,183,Small_DG,2028-01-16,104,52,,planned
ilabp,5.51,17031808200,031,Small_DG,2028-01-30,15,8,Niles village,planned
ilabp,23.0,17115002602,115,Small_DG,2028-01-16,107,54,,planned
ilabp,11.5,17163501605,163,Small_DG,2028-01-16,113,57,Belleville city,planned
ilabp,10.0,17201003806,201,Small_DG,2028-01-16,90,45,Roscoe village,planned
ilabp,12.18,17179022000,179,Small_DG,2028-01-16,87,44,,planned
ilabp,3.48,17031710200,031,Small_DG,2028-01-30,31,16,Chicago city,planned
ilabp,7.6,17179021101,179,Small_DG,2028-01-16,93,47,Pekin city,planned
ilabp,3.48,17163502300,163,Small_DG,2028-01-30,114,57,Cahokia village,planned
ilabp,11.5,17113005401,113,Small_DG,2028-01-16,88,44,,planned
ilabp,11.5,17031826100,031,Small_DG,2028-01-16,33,17,Calumet City city,planned
ilabp,8.12,17197882200,197,Small_DG,2028-01-30,86,43,Joliet city,planned
ilabp,11.5,17183010701,183,Small_DG,2028-01-16,102,51,,planned
ilabp,7.6,17111871003,111,Small_DG,2028-01-30,69,35,,planned
ilabp,10.0,17031806004,031,Small_DG,2028-01-16,15,8,Niles village,planned
ilabp,8.12,17011964700,011,Small_DG,2028-01-30,73,37,,planned
ilabp,10.0,17111871311,111,Small_DG,2028-01-16,63,32,Lake in the Hills village,planned
ilabp,5.76,17175951500,175,Small_DG,2028-01-30,93,47,,planned
ilabp,10.0,17031828602,031,Small_DG,2028-01-16,29,15,Homewood village,planned
ilabp,11.5,17197880412,197,Small_DG,2028-01-16,98,49,Joliet city,planned
ilabp,11.5,17057953100,057,Small_DG,2028-01-16,94,47,,planned
ilabp,11.5,17031803603,031,Small_DG,2028-01-16,51,26,Inverness village,planned
ilabp,9.425,17119400952,119,Small_DG,2028-01-30,111,56,Granite City city,planned
ilabp,11.5,17089850800,089,Small_DG,2028-01-16,43,22,Elgin city,planned
ilabp,5.76,17031491400,031,Small_DG,2028-01-16,28,14,Chicago city,planned
ilabp,11.5,17031491100,031,Small_DG,2028-01-16,27,14,Chicago city,planned
ilabp,11.5,17183000700,183,Small_DG,2028-01-16,104,52,,planned
ilabp,8.41,17197882100,197,Small_DG,2028-01-30,86,43,Joliet city,planned
ilabp,8.7,17015960500,015,Small_DG,2028-03-03,89,45,,planned
ilabp,3.8,17043841205,043,Small_DG,2028-01-16,47,24,Carol Stream village,planned
ilabp,10.0,17041952100,041,Small_DG,2028-02-06,101,51,,planned
ilabp,7.6,17031640700,031,Small_DG,2028-01-16,22,11,Chicago city,planned
ilabp,11.4,17109010600,109,Small_DG,2028-01-30,71,36,,planned
ilabp,7.6,17145030200,145,Small_DG,2028-01-30,115,58,,planned
ilabp,9.75,17115002601,115,Small_DG,2028-01-30,88,44,,planned
ilabp,11.5,17031825501,031,Small_DG,2028-01-16,38,19,Country Club Hills city,planned
ilabp,11.5,17201001500,201,Small_DG,2028-01-16,68,34,Rockford city,planned
ilabp,5.584,17031804202,031,Small_DG,2028-03-03,52,26,South Barrington village,planned
ilabp,4.06,17167003300,167,Small_DG,2028-01-30,108,54,,planned
ilabp,11.5,17009970500,009,Small_DG,2028-01-16,99,50,Mount Sterling city,planned
ilabp,7.6,17103000500,103,Small_DG,2028-02-06,74,37,,planned
ilabp,11.5,17143003404,143,Small_DG,2028-01-16,73,37,Peoria city,planned
ilabp,11.5,17031823803,031,Small_DG,2028-01-16,36,18,Palos Hills city,planned
ilabp,5.76,17083010100,083,Small_DG,2028-01-30,100,50,,planned
ilabp,5.76,17031806300,031,Small_DG,2028-01-16,55,28,Des Plaines city,planned
ilabp,11.168,17089850106,089,Small_DG,2028-02-06,66,33,,planned
ilabp,10.0,17177000200,177,Small_DG,2028-02-06,90,45,,planned
ilabp,10.0,17031430800,031,Small_DG,2028-01-30,26,13,Chicago city,planned
ilabp,14.72,17089850705,089,Small_DG,2028-01-30,70,35,Hampshire village,planned
ilabp,4.48,17097861803,097,Small_DG,2028-03-03,61,31,Waukegan city,planned
ilabp,15.0,17037000200,037,Small_DG,2028-02-06,89,45,,planned
ilabp,50.0,17199021001,199,Large_DG,2027-11-21,118,59,Marion city,planned
ilabp,7.6,17203030200,203,Small_DG,2028-01-16,105,53,,planned
ilabp,4.48,17031801300,031,Small_DG,2028-03-03,18,9,Wilmette village,planned
ilabp,11.5,17197883902,197,Small_DG,2028-01-16,29,15,Beecher village,planned
ilabp,10.0,17091010300,091,Small_DG,2028-02-06,79,40,,planned
ilabp,10.24,17043845402,043,Small_DG,2028-01-30,45,23,,planned
ilabp,10.26,17183000700,183,Small_DG,2028-02-06,104,52,,planned
ilabp,11.5,17037000700,037,Small_DG,2028-01-16,70,35,Sycamore city,planned
ilabp,10.0,17111870812,111,Small_DG,2028-01-16,63,32,Island Lake village,planned
ilabp,11.5,17089853008,089,Small_DG,2028-01-16,50,25,Aurora city,planned
ilabp,5.8,17119401800,119,Small_DG,2028-01-30,111,56,Rosewood Heights CDP,planned
ilabp,23.0,17123961300,123,Small_DG,2028-01-16,105,53,,planned
ilabp,11.5,17131040300,131,Small_DG,2028-01-16,94,47,Aledo city,planned
ilabp,11.5,17183000800,183,Small_DG,2028-01-16,104,52,,planned
ilabp,15.2,17031824128,031,Small_DG,2028-01-30,37,19,,planned
ilabp,10.0,17115002402,115,Small_DG,2028-02-19,88,44,,planned
ilabp,11.5,17031828505,031,Small_DG,2028-01-16,34,17,,planned
ilabp,8.99,17031826100,031,Small_DG,2028-01-30,33,17,Calumet City city,planned
ilabp,1250.0,17089850705,089,Large_DG,2029-08-19,70,35,Hampshire village,planned
ilabp,11.4,17201003904,201,Small_DG,2028-01-16,90,45,Roscoe village,planned
ilabp,5.76,17031460500,031,Small_DG,2028-01-16,33,17,Chicago city,planned
ilabp,6.631,17043841326,043,Small_DG,2028-01-16,47,24,,planned
ilabp,23.0,17163504002,163,Small_DG,2028-01-16,114,57,,planned
ilabp,8.12,17029000200,029,Small_DG,2028-01-30,101,51,,planned
ilabp,11.5,17043840303,043,Small_DG,2028-01-16,46,23,Addison village,planned
ilabp,10.0,17115002402,115,Small_DG,2028-01-30,88,44,,planned
ilabp,5.76,17031827804,031,Small_DG,2028-01-30,29,15,South Holland village,planned
ilabp,7.54,17179021101,179,Small_DG,2028-03-03,93,47,Pekin city,planned
ilabp,10.0,17183010800,183,Small_DG,2028-01-30,104,52,,planned
ilabp,7.6,17031821200,031,Small_DG,2028-01-30,28,14,Blue Island city,planned
ilabp,10.0,17179021500,179,Small_DG,2028-01-16,87,44,,planned
ilabp,15.2,17139976900,139,Small_DG,2028-01-16,107,54,,planned
ilabp,7.83,17119401800,119,Small_DG,2028-01-30,111,56,Rosewood Heights CDP,planned
ilabp,11.5,17051951100,051,Small_DG,2028-01-16,110,55,,planned
ilabp,15.0,17103000600,103,Small_DG,2028-01-16,74,37,Dixon city,planned
ilabp,10.0,17201000511,201,Small_DG,2028-02-06,69,35,Rockford city,planned
ilabp,23.0,17009970500,009,Small_DG,2028-01-16,99,50,Mount Sterling city,planned
ilabp,5000.0,17189950200,189,Large_DG,2028-05-29,109,55,,planned
ilabp,10.0,17031805402,031,Small_DG,2028-01-16,15,8,Niles village,planned
ilabp,11.5,17197880111,197,Small_DG,2028-01-30,85,43,Bolingbrook village,planned
ilabp,10.0,17097861202,097,Small_DG,2028-01-16,62,31,Round Lake Beach village,planned
ilabp,11.5,17119400801,119,Small_DG,2028-01-16,111,56,Granite City city,planned
ilabp,11.5,17045070400,045,Small_DG,2028-01-30,102,51,Paris city,planned
ilabp,10.0,17031490500,031,Small_DG,2028-01-16,34,17,Chicago city,planned
ilabp,11.5,17019010400,019,Small_DG,2028-01-16,101,51,,planned
ilabp,7.6,17031730400,031,Small_DG,2028-01-16,27,14,Chicago city,planned
ilabp,10.0,17089851907,089,Small_DG,2028-01-16,65,33,South Elgin village,planned
ilabp,11.5,17115002402,115,Small_DG,2028-01-16,88,44,,planned
ilabp,15.2,17043846514,043,Small_DG,2028-01-30,84,42,Aurora city,planned
ilabp,5.76,17043842605,043,Small_DG,2028-01-16,47,24,Wheaton city,planned
ilabp,5.0,17173959300,173,Small_DG,2028-01-16,107,54,Shelbyville city,planned
ilabp,11.5,17031813200,031,Small_DG,2028-01-16,78,39,Oak Park village,planned
ilabp,9.28,17199020201,199,Small_DG,2028-03-03,118,59,Carterville city,planned
ilabp,7.6,17117956900,117,Small_DG,2028-01-30,108,54,,planned
ilabp,11.4,17119400951,119,Small_DG,2028-01-16,111,56,Granite City city,planned
ilabp,11.5,17031825900,031,Small_DG,2028-01-16,34,17,Calumet City city,planned
ilabp,5.76,17015960100,015,Small_DG,2028-01-30,89,45,,planned
ilabp,11.5,17059972700,059,Small_DG,2028-01-30,117,59,,planned
ilabp,11.5,17049950600,049,Small_DG,2028-01-16,107,54,,planned
ilabp,11.5,17031829302,031,Small_DG,2028-01-16,80,40,Chicago Heights city,planned
ilabp,23.0,17177000600,177,Small_DG,2028-01-16,90,45,,planned
ilabp,11.5,17031100200,031,Small_DG,2028-01-16,20,10,Chicago city,planned
ilabp,7.6,17149952500,149,Small_DG,2028-02-19,100,50,,planned
ilabp,8.12,17173959300,173,Small_DG,2028-01-30,107,54,Shelbyville city,planned
ilabp,7.6,17015960100,015,Small_DG,2028-01-30,89,45,,planned
ilabp,23.0,17203030501,203,Small_DG,2028-01-16,73,37,Germantown Hills village,planned
ilabp,11.5,17049950700,049,Small_DG,2028-01-16,107,54,,planned
ilabp,5.8,17057953800,057,Small_DG,2028-01-30,94,47,Lewistown city,planned
ilabp,11.5,17119400802,119,Small_DG,2028-01-16,111,56,Granite City city,planned
ilabp,15.04,17197881201,197,Small_DG,2028-01-30,86,43,Joliet city,planned
ilabp,11.5,17179021000,179,Small_DG,2028-01-16,93,47,Pekin city,planned
ilabp,12.92,17075950700,075,Small_DG,2028-02-19,106,53,,planned
ilabp,11.5,17031828508,031,Small_DG,2028-01-16,34,17,,planned
ilabp,11.4,17031827200,031,Small_DG,2028-01-16,30,15,Phoenix village,planned
ilabp,23.0,17031804403,031,Small_DG,2028-01-16,43,22,Hoffman Estates village,planned
ilabp,11.5,17163503906,163,Small_DG,2028-01-16,114,57,,planned
ilabp,23.0,17121952200,121,Small_DG,2028-01-16,110,55,,planned
ilabp,11.5,17029000300,029,Small_DG,2028-01-16,101,51,,planned
ilabp,11.5,17179021500,179,Small_DG,2028-01-16,87,44,,planned
ilabp,11.5,17105960100,105,Small_DG,2028-01-16,106,53,Dwight village,planned
ilabp,7.6,17183010702,183,Small_DG,2028-01-16,102,51,,planned
ilabp,10.0,17031821101,031,Small_DG,2028-01-16,32,16,Burbank city,planned
ilabp,3.8,17031804807,031,Small_DG,2028-01-16,56,28,Schaumburg village,planned
ilabp,5.44,17197880426,197,Small_DG,2028-01-30,98,49,Romeoville village,planned
ilabp,7.04,17091010500,091,Small_DG,2028-01-30,79,40,,planned
ilabp,11.5,17143003602,143,Small_DG,2028-01-16,73,37,Chillicothe city,planned
ilabp,7.6,17143004200,143,Small_DG,2028-01-16,92,46,Peoria Heights village,planned
ilabp,10.15,17135957700,135,Small_DG,2028-01-30,108,54,,planned
ilabp,5.76,17031811401,031,Small_DG,2028-01-30,77,39,Franklin Park village,planned
ilabp,11.5,17113005602,113,Small_DG,2028-01-30,88,44,,planned
ilabp,5.76,17031824509,031,Small_DG,2028-01-30,28,14,Oak Forest city,planned
ilabp,15.2,17155954600,155,Small_DG,2028-01-16,105,53,,planned
ilabp,10.0,17031062900,031,Small_DG,2028-01-16,11,6,Chicago city,planned
ilabp,11.5,17031828508,031,Small_DG,2028-01-16,34,17,,planned
ilabp,11.02,17119402701,119,Small_DG,2028-01-30,100,50,Godfrey village,planned
ilabp,11.5,17113005402,113,Small_DG,2028-01-16,88,44,,planned
ilabp,10.26,17019010500,019,Small_DG,2028-01-30,101,51,Fisher village,planned
ilabp,11.5,17183011000,183,Small_DG,2028-01-30,102,51,,planned
ilabp,23.0,17183010600,183,Small_DG,2028-01-16,104,52,,planned
ilabp,11.5,17031830201,031,Small_DG,2028-01-16,80,40,Richton Park village,planned
ilabp,11.5,17089850707,089,Small_DG,2028-01-16,70,35,,planned
ilabp,11.5,17021958100,021,Small_DG,2028-01-16,96,48,,planned
ilabp,5.76,17163503907,163,Small_DG,2028-02-06,113,57,Shiloh village,planned
ilabp,11.5,17183001200,183,Small_DG,2028-01-16,104,52,,planned
ilabp,11.5,17143000600,143,Small_DG,2028-01-16,92,46,Peoria city,planned
ilabp,10.0,17201003904,201,Small_DG,2028-02-06,90,45,Roscoe village,planned
ilabp,11.5,17051950500,051,Small_DG,2028-01-30,110,55,,planned
ilabp,5.76,17183011000,183,Small_DG,2028-01-30,102,51,,planned
ilabp,10.0,17081050200,081,Small_DG,2028-01-16,116,58,,planned
ilabp,11.49,17043840103,043,Small_DG,2028-02-06,48,24,,planned
ilabp,23.0,17133600102,133,Small_DG,2028-01-16,115,58,,planned
ilabp,7.6,17031250600,031,Small_DG,2028-01-16,78,39,Chicago city,planned
ilabp,15.4,17081050200,081,Small_DG,2028-02-06,116,58,,planned
ilabp,10.0,17197880424,197,Small_DG,2028-01-16,97,49,,planned
ilabp,11.5,17183010701,183,Small_DG,2028-01-16,102,51,,planned
ilabp,8.74,17113000302,113,Small_DG,2028-01-16,91,46,,planned
ilabp,11.5,17031827805,031,Small_DG,2028-01-16,29,15,South Holland village,planned
ilabp,11.5,17031828507,031,Small_DG,2028-01-16,33,17,Lansing village,planned
ilabp,11.4,17119400951,119,Small_DG,2028-01-30,111,56,Granite City city,planned
ilabp,11.4,17203030300,203,Small_DG,2028-01-16,105,53,,planned
ilabp,23.0,17099962100,099,Small_DG,2028-01-16,74,37,,planned
ilabp,5.76,17031828507,031,Small_DG,2028-02-06,33,17,Lansing village,planned
ilabp,7.6,17183010900,183,Small_DG,2028-01-16,102,51,,planned
ilabp,23.0,17101880800,101,Small_DG,2028-01-30,102,51,,planned
ilabp,11.5,17105960400,105,Small_DG,2028-01-16,105,53,,planned
ilabp,11.5,17167004000,167,Small_DG,2028-02-19,87,44,,planned
ilabp,11.5,17031828602,031,Small_DG,2028-01-16,29,15,Homewood village,planned
ilabp,11.5,17197880418,197,Small_DG,2028-01-30,97,49,Joliet city,planned
ilabp,11.5,17113005700,113,Small_DG,2028-01-30,88,44,,planned
ilabp,11.5,17201000103,201,Small_DG,2028-01-30,90,45,Machesney Park village,planned
ilabp,23.0,17077010700,077,Small_DG,2028-01-30,115,58,,planned
ilabp,23.0,17157950900,157,Small_DG,2028-01-16,115,58,,planned
ilabp,11.5,17155954500,155,Small_DG,2028-01-16,105,53,Granville village,planned
ilabp,7.6,17031813200,031,Small_DG,2028-01-16,78,39,Oak Park village,planned
ilabp,5.76,17201000300,201,Small_DG,2028-01-16,67,34,Loves Park city,planned
ilabp,11.5,17201003710,201,Small_DG,2028-01-16,67,34,,planned
ilabp,10.0,17031821600,031,Small_DG,2028-01-16,36,18,Evergreen Park village,planned
ilabp,11.5,17027900500,027,Small_DG,2028-01-30,110,55,,planned
ilabp,10.0,17031810302,031,Small_DG,2028-01-16,18,9,Evanston city,planned
ilabp,11.5,17043840910,043,Small_DG,2028-01-16,46,23,,planned
ilabp,23.0,17055040500,055,Small_DG,2028-01-16,116,58,,planned
ilabp,10.0,17093890403,093,Small_DG,2028-01-16,83,42,Oswego village,planned
ilabp,5.76,17031804316,031,Small_DG,2028-01-16,43,22,Streamwood village,planned
ilabp,10.0,17031827100,031,Small_DG,2028-01-16,30,15,Harvey city,planned
ilabp,5.76,17031828402,031,Small_DG,2028-01-16,30,15,Homewood village,planned
ilabp,3.8,17089852905,089,Small_DG,2028-01-16,50,25,Aurora city,planned
ilabp,10.0,17141961002,141,Small_DG,2028-01-16,89,45,,planned
ilabp,10.0,17031450300,031,Small_DG,2028-01-16,33,17,Chicago city,planned
ilabp,7.6,17031480100,031,Small_DG,2028-01-16,33,17,Chicago city,planned
ilabp,10.0,17093890602,093,Small_DG,2028-01-16,75,38,,planned
ilabp,10.0,17093890104,093,Small_DG,2028-01-16,84,42,,planned
ilabp,10.0,17043841308,043,Small_DG,2028-01-16,49,25,,planned
ilabp,9.6,17097861504,097,Small_DG,2028-01-30,59,30,Waukegan city,planned
ilabp,10.0,17031161300,031,Small_DG,2028-01-16,40,20,Chicago city,planned
ilabp,10.0,17043846314,043,Small_DG,2028-01-16,81,41,Woodridge village,planned
ilabp,11.5,17089854508,089,Small_DG,2028-01-16,83,42,,planned
ilabp,23.0,17031824105,031,Small_DG,2028-01-16,35,18,Orland Park village,planned
ilabp,11.5,17111870906,111,Small_DG,2028-01-16,63,32,,planned
ilabp,23.0,17031804202,031,Small_DG,2028-01-16,52,26,South Barrington village,planned
ilabp,10.0,17043840910,043,Small_DG,2028-01-16,46,23,,planned
ilabp,10.0,17197880430,197,Small_DG,2028-01-16,97,49,Joliet city,planned
ilabp,10.0,17031829903,031,Small_DG,2028-01-16,38,19,Country Club Hills city,planned
ilabp,23.0,17197880508,197,Small_DG,2028-01-16,85,43,,planned
ilabp,10.0,17043841704,043,Small_DG,2028-01-16,47,24,Carol Stream village,planned
ilabp,23.0,17031824503,031,Small_DG,2028-01-16,27,14,,planned
ilabp,11.5,17089851911,089,Small_DG,2028-01-16,66,33,Elgin city,planned
ilabp,10.0,17201000105,201,Small_DG,2028-01-16,90,45,Machesney Park village,planned
ilabp,11.5,17115002200,115,Small_DG,2028-01-16,88,44,,planned
ilabp,12.76,17145030300,145,Small_DG,2028-01-30,115,58,,planned
ilabp,13.36,17155954600,155,Small_DG,2028-01-16,105,53,,planned
ilabp,10.0,17053961800,053,Small_DG,2028-01-16,106,53,Paxton city,planned
ilabp,10.0,17143004801,143,Small_DG,2028-01-16,93,47,,planned
ilabp,7.6,17115001100,115,Small_DG,2028-01-16,96,48,Decatur city,planned
ilabp,11.5,17179021605,179,Small_DG,2028-02-06,87,44,Morton village,planned
ilabp,6.72,17119403401,119,Small_DG,2028-01-30,112,56,Collinsville city,planned
ilabp,5.7,17115001100,115,Small_DG,2028-01-30,96,48,Decatur city,planned
ilabp,10.0,17031711400,031,Small_DG,2028-01-16,27,14,Chicago city,planned
ilabp,10.0,17197880423,197,Small_DG,2028-01-16,97,49,Plainfield village,planned
ilabp,10.0,17113000302,113,Small_DG,2028-01-16,91,46,,planned
ilabp,8.7,17137951900,137,Small_DG,2028-01-30,99,50,Jacksonville city,planned
ilabp,10.0,17179021900,179,Small_DG,2028-01-16,87,44,,planned
ilabp,11.5,17113001403,113,Small_DG,2028-01-16,91,46,Bloomington city,planned
ilabp,10.0,17019001205,019,Small_DG,2028-01-16,104,52,Champaign city,planned
ilabp,17.6,17183000400,183,Small_DG,2028-01-30,104,52,,planned
ilabp,20.0,17115002402,115,Small_DG,2028-01-16,88,44,,planned
ilabp,6.09,17119403200,119,Small_DG,2028-01-30,112,56,Collinsville city,planned
ilabp,10.0,17031561000,031,Small_DG,2028-01-16,22,11,Chicago city,planned
ilabp,23.0,17163503404,163,Small_DG,2028-01-16,112,56,,planned
ilabp,10.0,17093890703,093,Small_DG,2028-01-16,75,38,,planned
ilabp,7.6,17119401722,119,Small_DG,2028-01-30,111,56,Bethalto village,planned
ilabp,23.0,17081050300,081,Small_DG,2028-01-16,116,58,,planned
ilabp,11.5,17067954100,067,Small_DG,2028-01-30,94,47,Hamilton city,planned
ilabp,7.6,17031802802,031,Small_DG,2028-01-30,53,27,Mount Prospect village,planned
ilabp,11.5,17133600104,133,Small_DG,2028-01-30,115,58,Columbia city,planned
ilabp,11.5,17179021801,179,Small_DG,2028-01-16,93,47,,planned
ilabp,8.99,17031650100,031,Small_DG,2028-02-06,22,11,Chicago city,planned
ilabp,9.86,17031817600,031,Small_DG,2028-01-30,7,4,Maywood village,planned
ilabp,4.64,17163503304,163,Small_DG,2028-01-30,113,57,Belleville city,planned
ilabp,4.48,17031824114,031,Small_DG,2028-03-10,27,14,Orland Park village,planned
ilabp,5.76,17117956400,117,Small_DG,2028-01-30,108,54,Carlinville city,planned
ilabp,11.5,17031190702,031,Small_DG,2028-01-16,39,20,Chicago city,planned
ilabp,5.8,17093890602,093,Small_DG,2028-01-30,75,38,,planned
ilabp,11.5,17067954000,067,Small_DG,2028-01-16,94,47,,planned
ilabp,3.8,17197881402,197,Small_DG,2028-01-16,98,49,Joliet city,planned
ilabp,11.5,17179021702,179,Small_DG,2028-01-16,87,44,,planned
ilabp,11.5,17019010800,019,Small_DG,2028-01-16,101,51,,planned
ilabp,6.08,17163503404,163,Small_DG,2028-02-06,112,56,,planned
ilabp,11.5,17201000101,201,Small_DG,2028-01-16,90,45,Machesney Park village,planned
ilabp,11.5,17203030300,203,Small_DG,2028-01-16,105,53,,planned
ilabp,11.5,17025972200,025,Small_DG,2028-01-16,110,55,,planned
ilabp,23.0,17111870106,111,Small_DG,2028-01-16,64,32,Spring Grove village,planned
ilabp,11.5,17203030700,203,Small_DG,2028-01-16,105,53,,planned
ilabp,7.25,17029000701,029,Small_DG,2028-01-30,101,51,,planned
ilabp,11.5,17043845507,043,Small_DG,2028-01-16,82,41,Darien city,planned
ilabp,7.83,17163503324,163,Small_DG,2028-03-03,113,57,Shiloh village,planned
ilabp,4.06,17031828505,031,Small_DG,2028-01-30,34,17,,planned
ilabp,5.76,17089850709,089,Small_DG,2028-02-06,65,33,,planned
ilabp,11.5,17145030300,145,Small_DG,2028-01-16,115,58,,planned
ilabp,10.0,17037000800,037,Small_DG,2028-01-16,70,35,DeKalb city,planned
ilabp,15.76,17063000400,063,Small_DG,2028-01-30,75,38,Morris city,planned
ilabp,5.8,17163503334,163,Small_DG,2028-01-30,113,57,,planned
ilabp,4.64,17031803014,031,Small_DG,2028-01-30,57,29,Wheeling village,planned
ilabp,11.5,17119400951,119,Small_DG,2028-01-30,111,56,Granite City city,planned
ilabp,8.12,17067953700,067,Small_DG,2028-01-30,94,47,,planned
ilabp,6.09,17097862000,097,Small_DG,2028-01-16,60,30,Waukegan city,planned
ilabp,23.0,17159978200,159,Small_DG,2028-01-16,110,55,Olney city,planned
ilabp,22.8,17041952400,041,Small_DG,2028-01-16,101,51,,planned
ilabp,9.44,17073030202,073,Small_DG,2028-02-06,93,47,,planned
ilabp,10.15,17165955700,165,Small_DG,2028-01-30,117,59,,planned
ilabp,23.0,17097864109,097,Small_DG,2028-03-10,52,26,,planned
ilabp,11.5,17129010100,129,Small_DG,2028-01-16,108,54,,planned
ilabp,11.4,17031820605,031,Small_DG,2028-01-30,31,16,Hickory Hills city,planned
ilabp,4.56,17031243100,031,Small_DG,2028-02-06,4,2,Chicago city,planned
ilabp,7.6,17113005202,113,Small_DG,2028-02-06,87,44,,planned
ilabp,7.6,17043843200,043,Small_DG,2028-01-16,46,23,Villa Park village,planned
ilabp,10.0,17031830007,031,Small_DG,2028-01-16,38,19,Richton Park village,planned
ilabp,11.5,17057953600,057,Small_DG,2028-03-03,94,47,Canton city,planned
ilabp,3.8,17007010101,007,Small_DG,2028-01-16,68,34,Belvidere city,planned
ilabp,11.6,17109010700,109,Small_DG,2028-01-30,94,47,,planned
ilabp,3.57,17019010601,019,Small_DG,2027-11-21,101,51,,planned
ilabp,10.0,17183010900,183,Small_DG,2028-01-16,102,51,,planned
ilabp,11.4,17091010400,091,Small_DG,2028-03-03,79,40,,planned
ilabp,11.5,17031828505,031,Small_DG,2028-01-30,34,17,,planned
ilabp,15.2,17071973300,071,Small_DG,2028-01-30,94,47,,planned
ilabp,7.6,17031827500,031,Small_DG,2028-01-16,30,15,Harvey city,planned
ilabp,7.6,17135957500,135,Small_DG,2028-01-30,108,54,,planned
ilabp,10.0,17115003000,115,Small_DG,2028-01-16,88,44,,planned
ilabp,3.8,17031806004,031,Small_DG,2028-01-16,15,8,Niles village,planned
ilabp,7.6,17111870904,111,Small_DG,2028-01-30,63,32,Woodstock city,planned
ilabp,15.2,17143003800,143,Small_DG,2028-01-16,93,47,,planned
ilabp,4.35,17119404100,119,Small_DG,2028-01-30,111,56,Madison city,planned
ilabp,11.5,17147954600,147,Small_DG,2028-01-16,88,44,Monticello city,planned
ilabp,11.5,17019000500,019,Small_DG,2028-01-16,103,52,Champaign city,planned
ilabp,3.8,17031821800,031,Small_DG,2028-01-16,36,18,Evergreen Park village,planned
ilabp,10.0,17197880320,197,Small_DG,2028-01-16,97,49,,planned
ilabp,7.6,17031834300,031,Small_DG,2028-01-30,33,17,Chicago city,planned
ilabp,11.5,17055040600,055,Small_DG,2028-01-16,116,58,West City village,planned
ilabp,10.0,17043841310,043,Small_DG,2028-01-16,65,33,Wayne village,planned
ilabp,5.76,17089850103,089,Small_DG,2028-01-16,66,33,,planned
ilabp,200.0,17167001100,167,Large_DG,2028-02-06,96,48,Springfield city,planned
ilabp,5.76,17031817700,031,Small_DG,2028-01-30,7,4,Maywood village,planned
ilabp,11.517,17075950500,075,Small_DG,2028-01-30,106,53,,planned
ilabp,5.76,17031802504,031,Small_DG,2028-01-30,57,29,Wheeling village,planned
ilabp,10.0,17031827801,031,Small_DG,2028-01-16,29,15,South Holland village,planned
ilabp,22.8,17105960200,105,Small_DG,2028-01-30,106,53,,planned
ilabp,23.0,17031824129,031,Small_DG,2028-01-16,27,14,Orland Park village,planned
ilabp,11.4,17031830004,031,Small_DG,2028-01-16,38,19,Matteson village,planned
ilabp,11.52,17133600402,133,Small_DG,2028-01-30,115,58,,planned
ilabp,23.0,17019005701,019,Small_DG,2028-01-16,103,52,Urbana city,planned
ilabp,23.0,17097864402,097,Small_DG,2028-01-16,51,26,Hawthorn Woods village,planned
ilabp,10.0,17043841313,043,Small_DG,2028-01-30,49,25,,planned
ilabp,10.0,17179020500,179,Small_DG,2028-01-16,93,47,Marquette Heights city,planned
ilabp,7.6,17031821900,031,Small_DG,2028-01-16,36,18,Evergreen Park village,planned
ilabp,5.76,17031811600,031,Small_DG,2028-01-30,20,10,Schiller Park village,planned
ilabp,10.0,17093890701,093,Small_DG,2028-01-16,97,49,Joliet city,planned
ilabp,11.5,17201000515,201,Small_DG,2028-01-16,68,34,Rockford city,planned
ilabp,11.4,17145030300,145,Small_DG,2028-01-30,115,58,,planned
ilabp,23.0,17101880700,101,Small_DG,2028-01-30,102,51,,planned
ilabp,10.0,17019001301,019,Small_DG,2028-01-16,103,52,Champaign city,planned
ilabp,11.5,17089854508,089,Small_DG,2028-01-30,83,42,,planned
ilabp,11.5,17197881112,197,Small_DG,2028-01-16,80,40,New Lenox village,planned
ilabp,23.0,17179021202,179,Small_DG,2028-01-16,91,46,East Peoria city,planned
ilabp,10.0,17031827100,031,Small_DG,2028-01-16,30,15,Harvey city,planned
ilabp,20.0,17097860105,097,Small_DG,2028-01-16,61,31,Zion city,planned
ilabp,23.0,17183010600,183,Small_DG,2028-01-16,104,52,,planned
ilabp,7.6,17031020802,031,Small_DG,2028-01-30,16,8,Chicago city,planned
ilabp,5.76,17133600402,133,Small_DG,2028-01-30,115,58,,planned
ilabp,10.0,17179021900,179,Small_DG,2028-01-16,87,44,,planned
ilabp,7.6,17021958400,021,Small_DG,2028-01-30,107,54,Taylorville city,planned
ilabp,7.6,17031823500,031,Small_DG,2028-01-16,28,14,Blue Island city,planned
ilabp,5.12,17031804309,031,Small_DG,2028-01-30,44,22,Streamwood village,planned
ilabp,15.2,17163503211,163,Small_DG,2028-01-16,113,57,,planned
ilabp,7.6,17203030400,203,Small_DG,2028-01-16,105,53,Metamora village,planned
ilabp,5.7,17177001300,177,Small_DG,2028-01-30,90,45,Freeport city,planned
ilabp,10.0,17095000400,095,Small_DG,2028-01-16,71,36,Galesburg city,planned
ilabp,5.8,17049950600,049,Small_DG,2028-01-30,107,54,,planned
ilabp,13.36,17199020201,199,Small_DG,2028-02-06,118,59,Carterville city,planned
ilabp,23.0,17115002200,115,Small_DG,2028-01-16,88,44,,planned
ilabp,11.5,17029001000,029,Small_DG,2028-01-16,101,51,,planned
ilabp,5.8,17111871304,111,Small_DG,2028-01-30,63,32,,planned
ilabp,7.6,17037000100,037,Small_DG,2028-01-30,89,45,,planned
ilabp,7.36,17131040300,131,Small_DG,2028-01-30,94,47,Aledo city,planned
ilabp,23.0,17081050100,081,Small_DG,2028-01-30,116,58,,planned
ilabp,11.5,17031827100,031,Small_DG,2028-01-16,30,15,Harvey city,planned
ilabp,23.0,17095000700,095,Small_DG,2028-01-16,71,36,Galesburg city,planned
ilabp,20.0,17045070300,045,Small_DG,2028-01-16,102,51,Paris city,planned
ilabp,10.0,17107953000,107,Small_DG,2028-01-16,87,44,,planned
ilabp,10.0,17031110502,031,Small_DG,2028-01-30,19,10,Chicago city,planned
ilabp,9.6,17197880427,197,Small_DG,2028-01-30,98,49,Joliet city,planned
ilabp,10.0,17019000800,019,Small_DG,2028-01-30,103,52,Champaign city,planned
ilabp,23.0,17043846409,043,Small_DG,2028-01-16,50,25,Aurora city,planned
ilabp,12.18,17121951800,121,Small_DG,2028-03-03,110,55,,planned
ilabp,15.2,17183000800,183,Small_DG,2028-02-06,104,52,,planned
ilabp,4.16,17043841308,043,Small_DG,2028-01-30,49,25,,planned
ilabp,23.0,17143003700,143,Small_DG,2028-01-16,73,37,,planned
ilabp,6.08,17031803010,031,Small_DG,2028-03-03,54,27,Buffalo Grove village,planned
ilabp,11.5,17021958500,021,Small_DG,2028-01-30,107,54,Taylorville city,planned
ilabp,13.12,17163503323,163,Small_DG,2028-01-30,113,57,Swansea village,planned
ilabp,10.0,17043844304,043,Small_DG,2028-01-16,42,21,Lombard village,planned
ilabp,11.5,17179020700,179,Small_DG,2028-01-16,93,47,Pekin city,planned
ilabp,5.76,17021958900,021,Small_DG,2028-03-03,107,54,Pana city,planned
ilabp,8.12,17021958300,021,Small_DG,2028-01-30,107,54,Taylorville city,planned
ilabp,11.5,17019010601,019,Small_DG,2028-01-16,101,51,,planned
ilabp,7.6,17197880105,197,Small_DG,2028-01-16,98,49,Bolingbrook village,planned
ilabp,3.8,17123961400,123,Small_DG,2028-01-16,105,53,,planned
ilabp,10.0,17031160800,031,Small_DG,2028-02-06,40,20,Chicago city,planned
ilabp,13.36,17143004801,143,Small_DG,2028-01-16,93,47,,planned
ilabp,10.0,17131040400,131,Small_DG,2028-01-30,94,47,,planned
ilabp,11.4,17115002800,115,Small_DG,2028-02-06,87,44,,planned
ilabp,10.0,17115001200,115,Small_DG,2028-01-16,96,48,Decatur city,planned
ilabp,11.84,17111870606,111,Small_DG,2028-01-30,63,32,McHenry city,planned
ilabp,11.5,17163502800,163,Small_DG,2028-01-30,114,57,Centreville city,planned
ilabp,15.2,17119403403,119,Small_DG,2028-01-16,112,56,Collinsville city,planned
ilabp,5.76,17103000500,103,Small_DG,2028-01-30,74,37,,planned
ilabp,13.36,17163504001,163,Small_DG,2028-01-30,114,57,,planned
ilabp,11.89,17037000600,037,Small_DG,2028-01-30,70,35,Sycamore city,planned
ilabp,15.2,17039971700,039,Small_DG,2028-01-16,87,44,Clinton city,planned
ilabp,3.8,17201004300,201,Small_DG,2028-01-16,89,45,,planned
ilabp,23.0,17107952900,107,Small_DG,2028-01-16,87,44,,planned
ilabp,5.76,17119400802,119,Small_DG,2028-01-30,111,56,Granite City city,planned
ilabp,10.0,17051950800,051,Small_DG,2028-01-30,110,55,Vandalia city,planned
ilabp,5.76,17163503211,163,Small_DG,2028-01-30,113,57,,planned
ilabp,11.5,17031661000,031,Small_DG,2028-01-16,32,16,Chicago city,planned
ilabp,7.6,17195001300,195,Small_DG,2028-02-19,74,37,Sterling city,planned
ilabp,20.0,17103000400,103,Small_DG,2028-02-19,74,37,,planned
ilabp,13.36,17163504358,163,Small_DG,2028-01-30,114,57,,planned
ilabp,23.0,17129010100,129,Small_DG,2028-01-16,108,54,,planned
ilabp,10.0,17173959200,173,Small_DG,2028-01-30,107,54,,planned
ilabp,4.64,17115002200,115,Small_DG,2028-01-30,88,44,,planned
ilabp,5.76,17031530300,031,Small_DG,2028-01-16,27,14,Chicago city,planned
ilabp,11.6,17107953300,107,Small_DG,2028-01-16,87,44,,planned
ilabp,7.6,17115002901,115,Small_DG,2028-01-30,88,44,Forsyth village,planned
ilabp,23.0,17027900500,027,Small_DG,2028-01-30,110,55,,planned
ilabp,15.0,17201004300,201,Small_DG,2028-02-06,89,45,,planned
ilabp,11.5,17031824400,031,Small_DG,2028-02-06,28,14,Crestwood village,planned
ilabp,23.0,17019001203,019,Small_DG,2028-01-16,104,52,Champaign city,planned
ilabp,10.0,17055040100,055,Small_DG,2028-01-16,116,58,,planned
ilabp,11.5,17031831200,031,Small_DG,2028-01-30,4,2,Chicago city,planned
ilabp,10.0,17031826100,031,Small_DG,2028-01-16,33,17,Calumet City city,planned
ilabp,7.6,17031828801,031,Small_DG,2028-01-16,30,15,Flossmoor village,planned
ilabp,9.192,17031824116,031,Small_DG,2028-02-06,35,18,Orland Park village,planned
ilabp,11.52,17097861106,097,Small_DG,2028-01-16,62,31,Grayslake village,planned
ilabp,11.5,17015960500,015,Small_DG,2028-01-30,89,45,,planned
ilabp,11.5,17031830003,031,Small_DG,2028-01-16,38,19,Matteson village,planned
ilabp,4.64,17089851101,089,Small_DG,2028-03-10,43,22,Elgin city,planned
ilabp,5.76,17197880124,197,Small_DG,2028-01-30,98,49,Bolingbrook village,planned
ilabp,11.5,17119403200,119,Small_DG,2028-01-16,112,56,Collinsville city,planned
ilabp,10.0,17031805109,031,Small_DG,2028-01-16,53,27,Arlington Heights village,planned
ilabp,7.6,17089853008,089,Small_DG,2028-01-30,50,25,Aurora city,planned
ilabp,11.5,17159978200,159,Small_DG,2028-01-16,110,55,Olney city,planned
ilabp,10.0,17031802702,031,Small_DG,2028-01-16,57,29,Des Plaines city,planned
ilabp,10.0,17201001300,201,Small_DG,2028-01-30,68,34,Rockford city,planned
ilabp,10.0,17163501605,163,Small_DG,2028-01-16,113,57,Belleville city,planned
ilabp,10.0,17031829500,031,Small_DG,2028-01-16,80,40,South Chicago Heights village,planned
ilabp,10.0,17031815900,031,Small_DG,2028-01-16,78,39,Forest Park village,planned
ilabp,7.6,17201000514,201,Small_DG,2028-01-30,68,34,Cherry Valley village,planned
ilabp,5.76,17031804709,031,Small_DG,2028-01-30,44,22,Hoffman Estates village,planned
ilabp,10.0,17031824113,031,Small_DG,2028-01-16,27,14,Orland Park village,planned
ilabp,7.6,17113001106,113,Small_DG,2028-01-30,91,46,Bloomington city,planned
ilabp,7.6,17031828602,031,Small_DG,2028-01-16,29,15,Homewood village,planned
ilabp,7.6,17097864410,097,Small_DG,2028-02-06,51,26,Lake Zurich village,planned
ilabp,5.76,17031827200,031,Small_DG,2028-01-30,30,15,Phoenix village,planned
ilabp,23.0,17093890402,093,Small_DG,2028-01-16,75,38,Yorkville city,planned
ilabp,5.76,17163503323,163,Small_DG,2028-01-30,113,57,Swansea village,planned
ilabp,7.6,17163504358,163,Small_DG,2028-01-30,114,57,,planned
ilabp,10.0,17031805201,031,Small_DG,2028-01-16,55,28,,planned
ilabp,15.2,17067954300,067,Small_DG,2028-01-30,94,47,,planned
ilabp,5.76,17031828801,031,Small_DG,2028-02-06,30,15,Flossmoor village,planned
ilabp,7.6,17031828801,031,Small_DG,2028-01-16,30,15,Flossmoor village,planned
ilabp,11.5,17157951201,157,Small_DG,2028-01-16,115,58,Chester city,planned
ilabp,10.0,17031816900,031,Small_DG,2028-01-16,7,4,Bellwood village,planned
ilabp,23.0,17119401905,119,Small_DG,2028-02-06,111,56,South Roxana village,planned
ilabp,7.6,17031827100,031,Small_DG,2028-01-16,30,15,Harvey city,planned
ilabp,10.0,17179020700,179,Small_DG,2028-01-30,93,47,Pekin city,planned
ilabp,10.0,17043840600,043,Small_DG,2028-01-30,45,23,Elmhurst city,planned
ilabp,7.6,17123961100,123,Small_DG,2028-02-06,105,53,,planned
ilabp,10.0,17031806600,031,Small_DG,2028-01-16,55,28,Des Plaines city,planned
ilabp,11.5,17099962600,099,Small_DG,2028-01-30,76,38,Ottawa city,planned
ilabp,23.0,17111870811,111,Small_DG,2028-01-16,63,32,,planned
ilabp,23.0,17031430600,031,Small_DG,2028-02-06,26,13,Chicago city,planned
ilabp,3.8,17031827000,031,Small_DG,2028-02-06,30,15,Harvey city,planned
ilabp,15.2,17181950500,181,Small_DG,2028-01-30,118,59,,planned
ilabp,10.0,17133600104,133,Small_DG,2028-01-30,115,58,Columbia city,planned
ilabp,7.6,17031480100,031,Small_DG,2028-02-19,33,17,Chicago city,planned
ilabp,7.6,17031827200,031,Small_DG,2028-01-30,30,15,Phoenix village,planned
ilabp,23.0,17029000300,029,Small_DG,2028-01-30,101,51,,planned
ilabp,10.0,17203030502,203,Small_DG,2028-02-06,73,37,Bay View Gardens village,planned
ilabp,7.6,17043846603,043,Small_DG,2028-01-16,77,39,Addison village,planned
ilabp,3.8,17043846514,043,Small_DG,2028-01-16,84,42,Aurora city,planned
ilabp,7.6,17031817700,031,Small_DG,2028-01-16,7,4,Maywood village,planned
ilabp,15.2,17093890703,093,Small_DG,2028-01-16,75,38,,planned
ilabp,11.5,17197880112,197,Small_DG,2028-01-16,85,43,Bolingbrook village,planned
ilabp,10.0,17179021102,179,Small_DG,2028-01-16,93,47,Pekin city,planned
ilabp,5.76,17143003000,143,Small_DG,2028-01-16,92,46,Peoria city,planned
ilabp,10.0,17143003403,143,Small_DG,2028-01-16,73,37,Peoria city,planned
ilabp,10.0,17019010601,019,Small_DG,2028-01-16,101,51,,planned
ilabp,23.8,17201004100,201,Small_DG,2028-01-30,90,45,,planned
ilabp,10.0,17119401102,119,Small_DG,2028-01-30,111,56,Wood River city,planned
ilabp,10.0,17183011100,183,Small_DG,2028-01-30,102,51,,planned
ilabp,7.6,17031550100,031,Small_DG,2028-01-30,33,17,Chicago city,planned
ilabp,7.6,17031540102,031,Small_DG,2028-01-30,29,15,Chicago city,planned
ilabp,20.0,17133600402,133,Small_DG,2028-01-30,115,58,,planned
ilabp,10.0,17089854700,089,Small_DG,2028-01-30,50,25,Aurora city,planned
ilabp,7.6,17177000600,177,Small_DG,2028-01-30,90,45,,planned
ilabp,11.5,17089851101,089,Small_DG,2028-01-16,43,22,Elgin city,planned
ilabp,5.76,17031828507,031,Small_DG,2028-02-06,33,17,Lansing village,planned
ilabp,5.76,17053961800,053,Small_DG,2028-02-06,106,53,Paxton city,planned
ilabp,7.6,17201001800,201,Small_DG,2028-01-16,67,34,Rockford city,planned
ilabp,10.0,17093890302,093,Small_DG,2028-01-16,83,42,Boulder Hill CDP,planned
ilabp,11.4,17049950600,049,Small_DG,2028-01-30,107,54,,planned
ilabp,5.76,17197882100,197,Small_DG,2028-02-06,86,43,Joliet city,planned
ilabp,3.8,17031830201,031,Small_DG,2028-01-30,80,40,Richton Park village,planned
ilabp,10.0,17201004100,201,Small_DG,2028-01-30,90,45,,planned
ilabp,10.0,17091010602,091,Small_DG,2028-01-16,79,40,,planned
ilabp,10.0,17133600104,133,Small_DG,2028-01-30,115,58,Columbia city,planned
ilabp,11.4,17015960500,015,Small_DG,2028-02-19,89,45,,planned
ilabp,11.5,17163503324,163,Small_DG,2028-01-30,113,57,Shiloh village,planned
ilabp,5.76,17197880114,197,Small_DG,2028-02-06,85,43,Bolingbrook village,planned
ilabp,3.8,17043841322,043,Small_DG,2028-01-16,49,25,Hanover Park village,planned
ilabp,11.4,17197880124,197,Small_DG,2028-01-30,98,49,Bolingbrook village,planned
ilabp,5.76,17141960800,141,Small_DG,2028-01-30,89,45,,planned
ilabp,10.0,17031802004,031,Small_DG,2028-01-30,55,28,,planned
ilabp,5.76,17011964700,011,Small_DG,2028-02-19,73,37,,planned
ilabp,7.6,17179020700,179,Small_DG,2028-01-30,93,47,Pekin city,planned
ilabp,5.76,17197880315,197,Small_DG,2028-02-06,98,49,Bolingbrook village,planned
ilabp,7.6,17197880315,197,Small_DG,2028-01-30,98,49,Bolingbrook village,planned
ilabp,5.7,17197880105,197,Small_DG,2028-01-30,98,49,Bolingbrook village,planned
ilabp,7.6,17071973400,071,Small_DG,2028-01-30,94,47,,planned
ilabp,5.7,17031802504,031,Small_DG,2028-01-30,57,29,Wheeling village,planned
ilabp,10.0,17119400102,119,Small_DG,2028-01-30,112,56,Granite City city,planned
ilabp,11.5,17179021701,179,Small_DG,2028-03-03,87,44,,planned
ilabp,5.76,17197880315,197,Small_DG,2028-03-10,98,49,Bolingbrook village,planned
ilabp,15.2,17163503211,163,Small_DG,2028-03-03,113,57,,planned
ilabp,7.6,17119400802,119,Small_DG,2028-02-06,111,56,Granite City city,planned
ilabp,11.5,17019005601,019,Small_DG,2028-01-30,103,52,Urbana city,planned
ilabp,11.5,17095000700,095,Small_DG,2028-01-30,71,36,Galesburg city,planned
ilabp,7.6,17197880123,197,Small_DG,2028-01-30,85,43,Bolingbrook village,planned
ilabp,7.6,17089853500,089,Small_DG,2028-01-30,50,25,Aurora city,planned
ilabp,7.6,17177000400,177,Small_DG,2028-01-30,89,45,,planned
ilabp,5.76,17073030400,073,Small_DG,2028-02-06,73,37,,planned
ilabp,11.5,17143004902,143,Small_DG,2028-02-06,93,47,,planned
ilabp,15.2,17031822301,031,Small_DG,2028-02-19,31,16,Oak Lawn village,planned
ilabp,7.6,17183010900,183,Small_DG,2028-01-30,102,51,,planned
ilabp,10.0,17179021606,179,Small_DG,2028-01-30,87,44,,planned
ilabp,10.0,17089853300,089,Small_DG,2028-01-30,50,25,Aurora city,planned
ilabp,5.76,17031814800,031,Small_DG,2028-02-06,21,11,Berwyn city,planned
ilabp,10.0,17197880315,197,Small_DG,2028-01-30,98,49,Bolingbrook village,planned
ilabp,7.6,17097860812,097,Small_DG,2028-01-30,64,32,,planned
ilabp,7.6,17197880105,197,Small_DG,2028-01-30,98,49,Bolingbrook village,planned
ilabp,20.0,17199020300,199,Small_DG,2028-01-30,118,59,,planned
ilabp,7.6,17089853100,089,Small_DG,2028-02-06,50,25,Aurora city,planned
ilabp,5.76,17091010702,091,Small_DG,2028-02-06,29,15,,planned
ilabp,11.5,17031804805,031,Small_DG,2028-01-30,44,22,Schaumburg village,planned
ilabp,5.76,17043846003,043,Small_DG,2028-01-30,42,21,Lisle village,planned
ilabp,3.8,17089853005,089,Small_DG,2028-01-30,83,42,Aurora city,planned
ilabp,11.5,17031843900,031,Small_DG,2028-01-30,25,13,Chicago city,planned
ilabp,11.4,17197880204,197,Small_DG,2028-02-06,85,43,Romeoville village,planned
ilabp,20.0,17159978200,159,Small_DG,2028-03-03,110,55,Olney city,planned
ilabp,7.6,17093890302,093,Small_DG,2028-01-30,83,42,Boulder Hill CDP,planned
ilabp,2.9,17163501605,163,Small_DG,2028-02-19,113,57,Belleville city,planned
ilabp,11.4,17093890302,093,Small_DG,2028-01-30,83,42,Boulder Hill CDP,planned
ilabp,7.6,17199020600,199,Small_DG,2028-01-30,118,59,Herrin city,planned
ilabp,11.4,17197880123,197,Small_DG,2028-01-30,85,43,Bolingbrook village,planned
ilabp,7.83,17031640500,031,Small_DG,2028-01-30,22,11,Chicago city,planned
ilabp,7.6,17179020700,179,Small_DG,2028-01-30,93,47,Pekin city,planned
ilabp,5.76,17119400951,119,Small_DG,2028-02-06,111,56,Granite City city,planned
ilabp,11.5,17011964900,011,Small_DG,2028-01-30,73,37,,planned
ilabp,5.76,17119400904,119,Small_DG,2028-02-06,111,56,Granite City city,planned
ilabp,5.76,17029000300,029,Small_DG,2028-02-19,101,51,,planned
ilabp,11.5,17197881113,197,Small_DG,2028-02-06,80,40,,planned
ilabp,7.6,17143004101,143,Small_DG,2028-01-30,93,47,,planned
ilabp,7.6,17089853008,089,Small_DG,2028-01-30,50,25,Aurora city,planned
ilabp,7.6,17027900500,027,Small_DG,2028-02-19,110,55,,planned
ilabp,11.4,17105960200,105,Small_DG,2028-01-30,106,53,,planned
ilabp,10.0,17183010600,183,Small_DG,2028-01-30,104,52,,planned
ilabp,11.5,17115002901,115,Small_DG,2028-01-30,88,44,Forsyth village,planned
ilabp,3.8,17085020102,085,Small_DG,2028-01-30,89,45,,planned
ilabp,11.5,17137952200,137,Small_DG,2028-01-30,100,50,,planned
ilabp,13.44,17031740400,031,Small_DG,2028-02-19,35,18,Chicago city,planned
ilabp,9.28,17157951000,157,Small_DG,2028-02-06,115,58,,planned
ilabp,9.57,17081050800,081,Small_DG,2028-02-06,116,58,Mount Vernon city,planned
ilabp,11.02,17163503907,163,Small_DG,2028-02-06,113,57,Shiloh village,planned
ilabp,5.22,17019010500,019,Small_DG,2028-02-06,101,51,Fisher village,planned
ilabp,7.22,17119400951,119,Small_DG,2028-02-06,111,56,Granite City city,planned
ilabp,7.6,17091010601,091,Small_DG,2028-02-06,79,40,,planned
ilabp,5.8,17073031000,073,Small_DG,2028-02-06,93,47,,planned
ilabp,5.8,17105960800,105,Small_DG,2028-02-06,106,53,,planned
ilabp,5.8,17019010601,019,Small_DG,2028-02-19,101,51,,planned
ilabp,3.8,17095000200,095,Small_DG,2028-02-06,93,47,,planned
ilabp,5.8,17121952400,121,Small_DG,2028-02-06,110,55,,planned
ilabp,5.8,17031282800,031,Small_DG,2028-02-19,9,5,Chicago city,planned
ilabp,5.8,17163501700,163,Small_DG,2028-02-06,113,57,Belleville city,planned
ilabp,24.94,17119402803,119,Small_DG,2028-02-19,111,56,,planned
ilabp,6.09,17119400200,119,Small_DG,2028-02-06,111,56,Granite City city,planned
ilabp,6.09,17109010200,109,Small_DG,2028-02-06,94,47,,planned
ilabp,6.09,17121951800,121,Small_DG,2028-02-06,110,55,,planned
ilabp,7.6,17043844802,043,Small_DG,2028-01-30,42,21,Downers Grove village,planned
ilabp,3.8,17057953800,057,Small_DG,2028-02-06,94,47,Lewistown city,planned
ilabp,8.36,17183011200,183,Small_DG,2028-02-06,104,52,,planned
ilabp,10.0,17089853008,089,Small_DG,2028-01-30,50,25,Aurora city,planned
ilabp,6.72,17119400951,119,Small_DG,2028-02-06,111,56,Granite City city,planned
ilabp,6.38,17119400802,119,Small_DG,2028-02-06,111,56,Granite City city,planned
ilabp,6.38,17165955500,165,Small_DG,2028-02-06,117,59,,planned
ilabp,5.7,17195000700,195,Small_DG,2028-02-06,73,37,,planned
ilabp,3.2,17097861008,097,Small_DG,2028-03-03,61,31,Lindenhurst village,planned
ilabp,5.76,17105960400,105,Small_DG,2028-03-03,105,53,,planned
ilabp,5.76,17145030100,145,Small_DG,2028-02-19,115,58,,planned
ilabp,4.64,17119401000,119,Small_DG,2028-02-06,111,56,Roxana village,planned
ilabp,11.4,17197880123,197,Small_DG,2028-03-03,85,43,Bolingbrook village,planned
ilabp,4.06,17099962100,099,Small_DG,2028-02-06,74,37,,planned
ilabp,5.76,17089854002,089,Small_DG,2028-02-06,83,42,Montgomery village,planned
ilabp,6.38,17115002902,115,Small_DG,2028-02-06,88,44,,planned
ilabp,10.0,17037000200,037,Small_DG,2028-02-06,89,45,,planned
ilabp,11.5,17029000701,029,Small_DG,2028-01-30,101,51,,planned
ilabp,10.44,17195000400,195,Small_DG,2028-02-06,73,37,,planned
ilabp,5.8,17201003801,201,Small_DG,2028-02-06,90,45,,planned
ilabp,7.6,17019001203,019,Small_DG,2028-02-06,104,52,Champaign city,planned
ilabp,12.47,17197881001,197,Small_DG,2028-02-19,37,19,,planned
ilabp,10.0,17197880314,197,Small_DG,2028-01-30,97,49,,planned
ilabp,5.22,17019001301,019,Small_DG,2028-02-06,103,52,Champaign city,planned
ilabp,23.0,17063000500,063,Small_DG,2028-01-30,106,53,,planned
ilabp,20.48,17037001800,037,Small_DG,2028-02-06,74,37,,planned
ilabp,11.52,17163503304,163,Small_DG,2028-02-06,113,57,Belleville city,planned
ilabp,9.12,17195000600,195,Small_DG,2028-02-06,73,37,,planned
ilabp,10.0,17121952200,121,Small_DG,2028-02-19,110,55,,planned
ilabp,10.0,17031827200,031,Small_DG,2028-01-30,30,15,Phoenix village,planned
ilabp,6.38,17119400101,119,Small_DG,2028-02-06,111,56,Granite City city,planned
ilabp,5.7,17131040300,131,Small_DG,2028-02-06,94,47,Aledo city,planned
ilabp,7.33,17119400101,119,Small_DG,2028-02-06,111,56,Granite City city,planned
ilabp,4.64,17119401722,119,Small_DG,2028-02-06,111,56,Bethalto village,planned
ilabp,10.0,17157950800,157,Small_DG,2028-02-19,115,58,,planned
ilabp,5.7,17095000100,095,Small_DG,2028-02-19,93,47,,planned
ilabp,13.36,17147954700,147,Small_DG,2028-02-19,88,44,,planned
ilabp,6.08,17119403121,119,Small_DG,2028-02-06,112,56,Glen Carbon village,planned
ilabp,6.38,17163503334,163,Small_DG,2028-02-06,113,57,,planned
ilabp,3.77,17119400802,119,Small_DG,2028-03-03,111,56,Granite City city,planned
ilabp,7.6,17019010702,019,Small_DG,2028-03-03,104,52,,planned
ilabp,7.54,17035972500,035,Small_DG,2028-03-03,102,51,,planned
ilabp,7.04,17163501605,163,Small_DG,2028-02-06,113,57,Belleville city,planned
ilabp,7.6,17085020101,085,Small_DG,2028-01-30,89,45,,planned
ilabp,13.34,17031824123,031,Small_DG,2028-02-06,28,14,,planned
ilabp,5.22,17075950400,075,Small_DG,2028-02-06,106,53,Watseka city,planned
ilabp,7.6,17099963200,099,Small_DG,2028-01-30,76,38,,planned
ilabp,5.76,17203030501,203,Small_DG,2028-02-06,73,37,Germantown Hills village,planned
ilabp,11.4,17089853006,089,Small_DG,2028-01-30,50,25,Aurora city,planned
ilabp,6.5,17097861303,097,Small_DG,2028-02-06,62,31,Round Lake Beach village,planned
ilabp,11.5,17197880122,197,Small_DG,2028-01-30,98,49,Bolingbrook village,planned
ilabp,10.0,17089853005,089,Small_DG,2028-02-06,83,42,Aurora city,planned
ilabp,10.0,17031804709,031,Small_DG,2028-01-30,44,22,Hoffman Estates village,planned
ilabp,5.51,17137951400,137,Small_DG,2028-02-06,99,50,,planned
ilabp,11.5,17195000600,195,Small_DG,2028-01-30,73,37,,planned
ilabp,7.6,17197880123,197,Small_DG,2028-02-06,85,43,Bolingbrook village,planned
ilabp,10.0,17089852807,089,Small_DG,2028-02-06,83,42,,planned
ilabp,11.4,17089852807,089,Small_DG,2028-01-30,83,42,,planned
ilabp,11.5,17089850704,089,Small_DG,2028-02-06,70,35,Huntley village,planned
ilabp,3.8,17195000800,195,Small_DG,2028-02-06,73,37,,planned
ilabp,5.76,17173959400,173,Small_DG,2028-02-06,107,54,,planned
ilabp,7.6,17183010600,183,Small_DG,2028-02-06,104,52,,planned
ilabp,11.5,17133600502,133,Small_DG,2028-01-30,115,58,,planned
ilabp,5.76,17031822301,031,Small_DG,2028-02-06,31,16,Oak Lawn village,planned
ilabp,5.76,17077011002,077,Small_DG,2028-02-06,118,59,Carbondale city,planned
ilabp,10.0,17197880114,197,Small_DG,2028-01-30,85,43,Bolingbrook village,planned
ilabp,10.0,17055040100,055,Small_DG,2028-02-06,116,58,,planned
ilabp,7.6,17089850202,089,Small_DG,2028-01-30,43,22,Carpentersville village,planned
ilabp,7.6,17045070100,045,Small_DG,2028-01-30,102,51,,planned
ilabp,5.76,17097864516,097,Small_DG,2028-02-06,59,30,Buffalo Grove village,planned
ilabp,10.0,17147954600,147,Small_DG,2028-02-06,88,44,Monticello city,planned
ilabp,23.0,17093890401,093,Small_DG,2028-02-06,75,38,,planned
ilabp,7.6,17197880105,197,Small_DG,2028-02-06,98,49,Bolingbrook village,planned
ilabp,23.0,17009970500,009,Small_DG,2028-02-06,99,50,Mount Sterling city,planned
ilabp,11.4,17055040100,055,Small_DG,2028-02-06,116,58,,planned
ilabp,11.5,17031824106,031,Small_DG,2028-01-30,27,14,Orland Park village,planned
ilabp,11.5,17115001801,115,Small_DG,2028-01-30,88,44,Decatur city,planned
ilabp,5.7,17031826402,031,Small_DG,2028-01-30,29,15,Dolton village,planned
ilabp,5.7,17031825304,031,Small_DG,2028-01-30,28,14,Tinley Park village,planned
ilabp,11.5,17031825802,031,Small_DG,2028-01-30,29,15,Calumet City city,planned
ilabp,3.8,17103000800,103,Small_DG,2028-01-30,73,37,,planned
ilabp,11.4,17015960500,015,Small_DG,2028-01-30,89,45,,planned
ilabp,7.6,17119401800,119,Small_DG,2028-01-30,111,56,Rosewood Heights CDP,planned
ilabp,11.5,17105960700,105,Small_DG,2028-01-30,105,53,Pontiac city,planned
ilabp,5.7,17031828507,031,Small_DG,2028-01-30,33,17,Lansing village,planned
ilabp,5.7,17043845703,043,Small_DG,2028-01-30,81,41,Downers Grove village,planned
ilabp,10.0,17143004901,143,Small_DG,2028-01-30,93,47,,planned
ilabp,7.6,17119400952,119,Small_DG,2028-02-06,111,56,Granite City city,planned
ilabp,5.76,17195000300,195,Small_DG,2028-02-06,73,37,Morrison city,planned
ilabp,10.0,17163503102,163,Small_DG,2028-01-30,114,57,,planned
ilabp,10.0,17107952900,107,Small_DG,2028-01-30,87,44,,planned
ilabp,7.6,17123961500,123,Small_DG,2028-01-30,105,53,,planned
ilabp,7.6,17179021900,179,Small_DG,2028-01-30,87,44,,planned
ilabp,10.0,17197883307,197,Small_DG,2028-01-30,86,43,,planned
ilabp,5.7,17031828702,031,Small_DG,2028-01-30,29,15,Glenwood village,planned
ilabp,11.5,17089854403,089,Small_DG,2028-01-30,84,42,Aurora city,planned
ilabp,22.8,17001001100,001,Small_DG,2028-01-30,99,50,Quincy city,planned
ilabp,11.4,17015960500,015,Small_DG,2028-01-30,89,45,,planned
ilabp,11.5,17089850704,089,Small_DG,2028-01-30,70,35,Huntley village,planned
ilabp,11.5,17183011200,183,Small_DG,2028-01-30,104,52,,planned
ilabp,7.6,17117956900,117,Small_DG,2028-01-30,108,54,,planned
ilabp,11.5,17197882802,197,Small_DG,2028-01-30,86,43,Joliet city,planned
ilabp,11.5,17063000900,063,Small_DG,2028-01-30,79,40,,planned
ilabp,15.2,17019010902,019,Small_DG,2028-01-30,101,51,,planned
ilabp,5.7,17107953600,107,Small_DG,2028-02-06,87,44,,planned
ilabp,7.6,17045070100,045,Small_DG,2028-01-30,102,51,,planned
ilabp,11.5,17111871205,111,Small_DG,2028-01-30,66,33,Lake in the Hills village,planned
ilabp,7.6,17089852905,089,Small_DG,2028-02-06,50,25,Aurora city,planned
ilabp,11.5,17157950800,157,Small_DG,2028-01-30,115,58,,planned
ilabp,15.2,17119401400,119,Small_DG,2028-01-30,111,56,Alton city,planned
ilabp,10.0,17197880202,197,Small_DG,2028-01-30,85,43,Romeoville village,planned
ilabp,11.4,17167003902,167,Small_DG,2028-01-30,96,48,,planned
ilabp,7.6,17119402500,119,Small_DG,2028-01-30,111,56,Alton city,planned
ilabp,3.8,17103000800,103,Small_DG,2028-01-30,73,37,,planned
ilabp,11.4,17195000700,195,Small_DG,2028-01-30,73,37,,planned
ilabp,11.5,17097864207,097,Small_DG,2028-01-30,52,26,,planned
ilabp,10.0,17179021801,179,Small_DG,2028-01-30,93,47,,planned
ilabp,13.8,17197880115,197,Small_DG,2028-01-30,85,43,Bolingbrook village,planned
ilabp,11.5,17063000500,063,Small_DG,2028-01-30,106,53,,planned
ilabp,10.0,17197880421,197,Small_DG,2028-02-06,97,49,Plainfield village,planned
ilabp,10.0,17089852905,089,Small_DG,2028-01-30,50,25,Aurora city,planned
ilabp,11.5,17031804606,031,Small_DG,2028-01-30,56,28,Elk Grove Village village,planned
ilabp,10.0,17089853300,089,Small_DG,2028-01-30,50,25,Aurora city,planned
ilabp,11.5,17203030501,203,Small_DG,2028-01-30,73,37,Germantown Hills village,planned
ilabp,10.0,17183011000,183,Small_DG,2028-01-30,102,51,,planned
ilabp,11.5,17111871115,111,Small_DG,2028-01-30,69,35,Huntley village,planned
ilabp,11.5,17031834300,031,Small_DG,2028-02-06,33,17,Chicago city,planned
ilabp,22.8,17107952900,107,Small_DG,2028-01-30,87,44,,planned
ilabp,7.6,17031813702,031,Small_DG,2028-02-06,23,12,Cicero town,planned
ilabp,12.0,17143003404,143,Small_DG,2028-02-06,73,37,Peoria city,planned
ilabp,10.0,17199020700,199,Small_DG,2028-01-30,117,59,,planned
ilabp,10.0,17119400600,119,Small_DG,2028-01-30,113,57,Madison city,planned
ilabp,11.5,17143003900,143,Small_DG,2028-01-30,93,47,,planned
ilabp,7.6,17089853008,089,Small_DG,2028-02-06,50,25,Aurora city,planned
ilabp,11.4,17057953000,057,Small_DG,2028-02-06,94,47,,planned
ilabp,3.8,17021958400,021,Small_DG,2028-02-19,107,54,Taylorville city,planned
ilabp,5.76,17163504355,163,Small_DG,2028-02-06,114,57,O'Fallon city,planned
ilabp,10.0,17099961800,099,Small_DG,2028-02-06,74,37,,planned
ilabp,6.67,17031805001,031,Small_DG,2028-03-03,53,27,Mount Prospect village,planned
ilabp,7.6,17031821600,031,Small_DG,2028-02-19,36,18,Evergreen Park village,planned
ilabp,3.8,17031710400,031,Small_DG,2028-02-06,31,16,Chicago city,planned
ilabp,5.8,17119401800,119,Small_DG,2028-02-19,111,56,Rosewood Heights CDP,planned
ilabp,5.76,17057953900,057,Small_DG,2028-02-19,94,47,,planned
ilabp,4.64,17019010901,019,Small_DG,2028-02-19,101,51,,planned
ilabp,5.8,17031818800,031,Small_DG,2028-02-06,2,1,Brookfield village,planned
ilabp,5.7,17119400802,119,Small_DG,2028-02-06,111,56,Granite City city,planned
ilabp,7.25,17031822000,031,Small_DG,2028-02-06,31,16,Hometown city,planned
ilabp,9.28,17199020700,199,Small_DG,2028-03-03,117,59,,planned
ilabp,7.6,17103000500,103,Small_DG,2028-03-10,74,37,,planned
ilabp,5.76,17103000500,103,Small_DG,2028-03-10,74,37,,planned
ilabp,15.2,17051951000,051,Small_DG,2028-03-03,110,55,,planned
ilabp,7.6,17197880114,197,Small_DG,2028-01-30,85,43,Bolingbrook village,planned
ilabp,5.76,17019001201,019,Small_DG,2028-02-19,103,52,Champaign city,planned
ilabp,6.08,17111871502,111,Small_DG,2028-02-06,63,32,,planned
ilabp,3.8,17201003806,201,Small_DG,2028-03-10,90,45,Roscoe village,planned
ilabp,10.0,17197880123,197,Small_DG,2028-02-06,85,43,Bolingbrook village,planned
ilabp,3.8,17001010400,001,Small_DG,2028-02-06,99,50,,planned
ilabp,10.0,17177000900,177,Small_DG,2028-03-03,90,45,Freeport city,planned
ilabp,10.0,17179021101,179,Small_DG,2028-01-30,93,47,Pekin city,planned
ilabp,5.76,17195000500,195,Small_DG,2028-02-19,73,37,Fulton city,planned
ilabp,11.52,17197880428,197,Small_DG,2028-02-06,98,49,Joliet city,planned
ilabp,6.08,17031804404,031,Small_DG,2028-02-19,43,22,Elgin city,planned
ilabp,3.8,17143005000,143,Small_DG,2028-02-06,92,46,Peoria city,planned
ilabp,7.6,17015960100,015,Small_DG,2028-01-30,89,45,,planned
ilabp,10.0,17031100700,031,Small_DG,2028-01-30,19,10,Chicago city,planned
ilabp,4.35,17043846409,043,Small_DG,2028-03-03,50,25,Aurora city,planned
ilabp,5.76,17113005700,113,Small_DG,2028-02-06,88,44,,planned
ilabp,11.4,17031820101,031,Small_DG,2028-01-30,82,41,Indian Head Park village,planned
ilabp,10.0,17119401905,119,Small_DG,2028-02-06,111,56,South Roxana village,planned
ilabp,7.6,17147954800,147,Small_DG,2028-01-30,88,44,,planned
ilabp,3.8,17197880701,197,Small_DG,2028-03-10,85,43,Lockport city,planned
ilabp,5.76,17115000200,115,Small_DG,2028-03-03,96,48,Decatur city,planned
ilabp,20.59,17183010500,183,Small_DG,2028-02-06,104,52,,planned
ilabp,11.5,17053962000,053,Small_DG,2028-02-06,106,53,Gibson City city,planned
ilabp,12.91,17143003404,143,Small_DG,2028-01-30,73,37,Peoria city,planned
ilabp,22.8,17201004100,201,Small_DG,2028-01-30,90,45,,planned
ilabp,10.0,17197883513,197,Small_DG,2028-03-10,38,19,Tinley Park village,planned
ilabp,11.5,17031807900,031,Small_DG,2028-03-03,16,8,Lincolnwood village,planned
ilabp,11.5,17119400904,119,Small_DG,2028-01-30,111,56,Granite City city,planned
ilabp,10.0,17043846514,043,Small_DG,2028-03-03,84,42,Aurora city,planned
ilabp,23.0,17113001200,113,Small_DG,2028-03-03,91,46,Bloomington city,planned
ilabp,4.64,17195000400,195,Small_DG,2028-02-06,73,37,,planned
ilabp,10.12,17113001402,113,Small_DG,2028-02-06,88,44,,planned
ilabp,10.0,17089852907,089,Small_DG,2028-01-30,50,25,Aurora city,planned
ilabp,10.0,17031817600,031,Small_DG,2028-01-30,7,4,Maywood village,planned
ilabp,3.2,17197881111,197,Small_DG,2028-02-06,80,40,New Lenox village,planned
ilabp,6.09,17083010300,083,Small_DG,2028-02-19,100,50,,planned
ilabp,11.52,17097860905,097,Small_DG,2028-03-03,64,32,,planned
ilabp,5.0,17179021500,179,Small_DG,2028-03-03,87,44,,planned
ilabp,23.0,17031803010,031,Small_DG,2028-03-03,54,27,Buffalo Grove village,planned
ilabp,2.9,17031811800,031,Small_DG,2028-02-06,77,39,Northlake city,planned
ilabp,7.6,17037001400,037,Small_DG,2028-03-03,74,37,,planned
ilabp,11.5,17097862603,097,Small_DG,2028-03-03,60,30,Waukegan city,planned
ilabp,23.0,17033880600,033,Small_DG,2028-01-30,102,51,,planned
ilabp,11.4,17063000200,063,Small_DG,2028-03-03,75,38,,planned
ilabp,10.44,17017960100,017,Small_DG,2028-02-19,99,50,,planned
ilabp,3.8,17043842711,043,Small_DG,2028-03-03,47,24,,planned
ilabp,11.5,17111871113,111,Small_DG,2028-03-03,69,35,,planned
ilabp,5.22,17119401721,119,Small_DG,2028-02-06,111,56,Bethalto village,planned
ilabp,11.5,17191955000,191,Small_DG,2028-01-30,116,58,,planned
ilabp,11.5,17031829904,031,Small_DG,2028-03-03,38,19,,planned
ilabp,11.5,17197880202,197,Small_DG,2028-03-03,85,43,Romeoville village,planned
ilabp,4.35,17167000504,167,Small_DG,2028-03-03,95,48,Springfield city,planned
ilabp,8.8,17163503404,163,Small_DG,2028-03-03,112,56,,planned
ilabp,10.0,17043841205,043,Small_DG,2028-03-03,47,24,Carol Stream village,planned
ilabp,10.0,17105960100,105,Small_DG,2028-03-03,106,53,Dwight village,planned
ilabp,3.8,17097861611,097,Small_DG,2028-03-03,61,31,Gurnee village,planned
ilabp,5.8,17055040900,055,Small_DG,2028-03-03,117,59,West Frankfort city,planned
ilabp,10.76,17031803010,031,Small_DG,2028-03-03,54,27,Buffalo Grove village,planned
ilabp,10.0,17031711300,031,Small_DG,2028-03-03,35,18,Chicago city,planned
ilabp,11.5,17159978100,159,Small_DG,2028-01-30,110,55,Olney city,planned
ilabp,7.6,17089850710,089,Small_DG,2028-03-03,70,35,,planned
ilabp,5.76,17045070400,045,Small_DG,2028-02-19,102,51,Paris city,planned
ilabp,7.6,17143004101,143,Small_DG,2028-03-03,93,47,,planned
ilabp,23.0,17043844002,043,Small_DG,2028-03-03,45,23,Elmhurst city,planned
ilabp,7.6,17037001400,037,Small_DG,2028-03-03,74,37,,planned
ilabp,11.5,17183010701,183,Small_DG,2028-03-03,102,51,,planned
ilabp,10.0,17007010102,007,Small_DG,2028-01-30,68,34,Belvidere city,planned
ilabp,3.8,17195000500,195,Small_DG,2028-02-06,73,37,Fulton city,planned
ilabp,10.0,17031821900,031,Small_DG,2028-03-10,36,18,Evergreen Park village,planned
ilabp,7.6,17043840910,043,Small_DG,2028-03-03,46,23,,planned
ilabp,11.5,17031818900,031,Small_DG,2028-03-03,21,11,La Grange Park village,planned
ilabp,3.84,17089850706,089,Small_DG,2028-03-03,70,35,,planned
ilabp,11.5,17031720100,031,Small_DG,2028-02-06,36,18,Chicago city,planned
ilabp,10.0,17031800900,031,Small_DG,2028-01-30,17,9,Wilmette village,planned
ilabp,8.7,17001000900,001,Small_DG,2028-03-03,99,50,Quincy city,planned
ilabp,6.0,17197880508,197,Small_DG,2028-03-03,85,43,,planned
ilabp,11.5,17001001002,001,Small_DG,2028-01-30,99,50,Quincy city,planned
ilabp,10.0,17031820700,031,Small_DG,2028-03-03,2,1,Stickney village,planned
ilabp,7.6,17113000502,113,Small_DG,2028-03-03,91,46,Normal town,planned
ilabp,10.0,17089853005,089,Small_DG,2028-01-30,83,42,Aurora city,planned
ilabp,11.4,17031100400,031,Small_DG,2028-03-03,55,28,Chicago city,planned
ilabp,11.02,17121952700,121,Small_DG,2028-03-10,110,55,Centralia city,planned
ilabp,5.0,17031820400,031,Small_DG,2028-03-10,21,11,Summit village,planned
ilabp,10.64,17113001105,113,Small_DG,2028-03-03,88,44,Bloomington city,planned
ilabp,11.5,17039971500,039,Small_DG,2028-02-06,88,44,,planned
ilabp,23.0,17095001300,095,Small_DG,2028-02-06,71,36,Knoxville city,planned
ilabp,5.44,17197880124,197,Small_DG,2028-02-06,98,49,Bolingbrook village,planned
ilabp,5.76,17193958200,193,Small_DG,2028-03-03,116,58,,planned
ilabp,10.0,17031804316,031,Small_DG,2028-03-10,43,22,Streamwood village,planned
ilabp,3.8,17031490902,031,Small_DG,2028-03-03,34,17,Chicago city,planned
ilabp,7.83,17031830300,031,Small_DG,2028-03-03,80,40,Park Forest village,planned
ilabp,11.5,17055040300,055,Small_DG,2028-01-30,116,58,Christopher city,planned
ilabp,11.5,17031804106,031,Small_DG,2028-03-03,53,27,Rolling Meadows city,planned
ilabp,6.894,17031160400,031,Small_DG,2028-03-03,19,10,Chicago city,planned
ilabp,11.6,17097861603,097,Small_DG,2028-02-06,62,31,Gurnee village,planned
ilabp,11.5,17095001000,095,Small_DG,2028-01-30,71,36,Galesburg city,planned
ilabp,20.0,17063000200,063,Small_DG,2028-02-06,75,38,,planned
ilabp,6.38,17197880323,197,Small_DG,2028-03-03,84,42,Naperville city,planned
ilabp,10.0,17197880314,197,Small_DG,2028-03-03,97,49,,planned
ilabp,21.12,17053961600,053,Small_DG,2028-01-30,106,53,,planned
ilabp,23.0,17113006000,113,Small_DG,2028-01-30,87,44,,planned
ilabp,7.36,17043843700,043,Small_DG,2028-03-03,46,23,Villa Park village,planned
ilabp,23.0,17077010100,077,Small_DG,2028-01-30,115,58,,planned
ilabp,10.0,17007010604,007,Small_DG,2028-03-10,69,35,Candlewick Lake CDP,planned
ilabp,10.0,17031812600,031,Small_DG,2028-03-03,78,39,Oak Park village,planned
ilabp,15.2,17167003602,167,Small_DG,2028-03-03,95,48,Springfield city,planned
ilabp,7.6,17157950500,157,Small_DG,2028-02-19,115,58,,planned
ilabp,7.6,17055041000,055,Small_DG,2028-03-03,117,59,West Frankfort city,planned
ilabp,23.0,17089854506,089,Small_DG,2028-03-03,70,35,,planned
ilabp,11.5,17183010500,183,Small_DG,2028-02-19,104,52,,planned
ilabp,11.4,17017960500,017,Small_DG,2028-03-03,99,50,,planned
ilabp,23.0,17031804606,031,Small_DG,2028-03-03,56,28,Elk Grove Village village,planned
ilabp,7.6,17031730600,031,Small_DG,2028-03-03,27,14,Chicago city,planned
ilabp,3.8,17177001300,177,Small_DG,2028-03-03,90,45,Freeport city,planned
ilabp,10.0,17031823702,031,Small_DG,2028-03-03,31,16,Hickory Hills city,planned
ilabp,8.0,17097862200,097,Small_DG,2028-03-03,60,30,Waukegan city,planned
ilabp,2000.0,17107953400,107,Large_DG,2027-11-29,87,44,Lincoln city,planned
ilabp,11.52,17201003904,201,Small_DG,2028-03-03,90,45,Roscoe village,planned
ilabp,11.02,17119401800,119,Small_DG,2028-02-06,111,56,Rosewood Heights CDP,planned
ilabp,11.5,17031491100,031,Small_DG,2028-03-03,27,14,Chicago city,planned
ilabp,23.0,17115003000,115,Small_DG,2028-03-03,88,44,,planned
ilabp,23.0,17157950700,157,Small_DG,2028-03-03,115,58,,planned
ilabp,10.0,17183000700,183,Small_DG,2028-02-06,104,52,,planned
ilabp,23.0,17043846603,043,Small_DG,2028-01-30,77,39,Addison village,planned
ilabp,10.0,17063000200,063,Small_DG,2028-03-03,75,38,,planned
ilabp,11.5,17031750500,031,Small_DG,2028-03-03,27,14,Chicago city,planned
ilabp,10.0,17031817000,031,Small_DG,2028-03-10,7,4,Bellwood village,planned
ilabp,7.6,17015960100,015,Small_DG,2028-02-06,89,45,,planned
ilabp,23.0,17097864407,097,Small_DG,2028-03-10,51,26,,planned
ilabp,23.0,17097864110,097,Small_DG,2028-01-30,62,31,Grayslake village,planned
ilabp,5.76,17031824300,031,Small_DG,2028-01-30,28,14,Robbins village,planned
ilabp,7.6,17093890104,093,Small_DG,2028-01-30,84,42,,planned
ilabp,10.0,17031804106,031,Small_DG,2028-01-30,53,27,Rolling Meadows city,planned
ilabp,12.18,17091012600,091,Small_DG,2028-02-06,79,40,,planned
ilabp,11.5,17197880408,197,Small_DG,2028-03-10,98,49,,planned
ilabp,10.0,17031190300,031,Small_DG,2028-03-10,39,20,Chicago city,planned
ilabp,5.76,17031821402,031,Small_DG,2028-03-10,28,14,Calumet Park village,planned
ilabp,11.5,17011965500,011,Small_DG,2028-03-03,73,37,,planned
ilabp,5.917,17179020100,179,Small_DG,2028-03-03,91,46,East Peoria city,planned
ilabp,11.5,17055040400,055,Small_DG,2028-03-03,117,59,,planned
ilabp,10.0,17031440202,031,Small_DG,2028-01-30,34,17,Chicago city,planned
ilabp,11.4,17197881007,197,Small_DG,2028-01-30,37,19,Homer Glen village,planned
ilabp,10.0,17197881011,197,Small_DG,2028-03-10,27,14,Homer Glen village,planned
ilabp,5.7,17187870400,187,Small_DG,2028-02-19,71,36,Monmouth city,planned
ilabp,11.5,17131040400,131,Small_DG,2028-03-03,94,47,,planned
ilabp,3.8,17183010200,183,Small_DG,2028-03-03,101,51,Hoopeston city,planned
ilabp,23.0,17031180100,031,Small_DG,2028-03-10,3,2,Chicago city,planned
ilabp,7.6,17031700200,031,Small_DG,2028-01-30,32,16,Chicago city,planned
ilabp,10.0,17031830300,031,Small_DG,2028-03-10,80,40,Park Forest village,planned
ilabp,11.5,17183011200,183,Small_DG,2028-03-03,104,52,,planned
ilabp,5.76,17043840000,043,Small_DG,2028-03-10,77,39,Chicago city,planned
ilabp,23.0,17197880422,197,Small_DG,2028-03-10,97,49,Plainfield village,planned
ilabp,10.73,17163503203,163,Small_DG,2028-02-19,114,57,,planned
ilabp,6.46,17043842800,043,Small_DG,2028-03-03,45,23,Elmhurst city,planned
ilabp,12.47,17119402801,119,Small_DG,2028-02-19,100,50,,planned
ilabp,11.5,17131040300,131,Small_DG,2028-03-03,94,47,Aledo city,planned
ilabp,11.5,17031830004,031,Small_DG,2028-03-03,38,19,Matteson village,planned
ilabp,9.88,17143004801,143,Small_DG,2028-03-03,93,47,,planned
ilabp,23.0,17183010600,183,Small_DG,2028-03-10,104,52,,planned
ilabp,11.5,17031828505,031,Small_DG,2028-03-03,34,17,,planned
ilabp,10.64,17143004902,143,Small_DG,2028-03-03,93,47,,planned
ilabp,9.28,17031770300,031,Small_DG,2028-03-03,56,28,Elk Grove Village village,planned
ilabp,4.56,17203030501,203,Small_DG,2028-03-03,73,37,Germantown Hills village,planned
ilabp,5.8,17163504353,163,Small_DG,2028-02-19,109,55,,planned
ilabp,5.76,17093890403,093,Small_DG,2028-03-10,83,42,Oswego village,planned
ilabp,7.6,17031804804,031,Small_DG,2028-03-10,56,28,Schaumburg village,planned
ilabp,7.6,17187870300,187,Small_DG,2028-03-03,71,36,,planned
ilabp,5.76,17043841802,043,Small_DG,2028-03-03,47,24,,planned
ilabp,10.0,17031640600,031,Small_DG,2028-01-30,22,11,Chicago city,planned
ilabp,23.0,17031770602,031,Small_DG,2028-03-03,56,28,Des Plaines city,planned
ilabp,7.6,17163502800,163,Small_DG,2028-03-10,114,57,Centreville city,planned
ilabp,11.5,17031828504,031,Small_DG,2028-03-03,34,17,Sauk Village village,planned
ilabp,5.76,17177000900,177,Small_DG,2028-03-03,90,45,Freeport city,planned
ilabp,7.6,17163501100,163,Small_DG,2028-03-03,114,57,East St. Louis city,planned
ilabp,3.8,17031819500,031,Small_DG,2028-03-03,8,4,La Grange village,planned
ilabp,11.5,17097861011,097,Small_DG,2028-03-03,64,32,Lake Villa village,planned
ilabp,23.0,17179021202,179,Small_DG,2028-02-06,91,46,East Peoria city,planned
ilabp,3.8,17107953400,107,Small_DG,2028-03-10,87,44,Lincoln city,planned
ilabp,6.67,17091010800,091,Small_DG,2028-03-03,34,17,,planned
ilabp,11.5,17019001302,019,Small_DG,2028-02-06,104,52,Savoy village,planned
ilabp,5.76,17031824505,031,Small_DG,2028-02-06,28,14,Oak Forest city,planned
ilabp,5.76,17045070100,045,Small_DG,2028-03-10,102,51,,planned
ilabp,5.7,17117957000,117,Small_DG,2028-03-03,108,54,,planned
ilabp,10.0,17115002901,115,Small_DG,2028-02-06,88,44,Forsyth village,planned
ilabp,10.0,17115002901,115,Small_DG,2028-03-10,88,44,Forsyth village,planned
ilabp,20.0,17183000800,183,Small_DG,2028-03-03,104,52,,planned
ilabp,10.0,17179021201,179,Small_DG,2028-02-19,105,53,,planned
ilabp,11.5,17119400951,119,Small_DG,2028-03-03,111,56,Granite City city,planned
ilabp,3.8,17031817700,031,Small_DG,2028-03-03,7,4,Maywood village,planned
ilabp,7.6,17019000700,019,Small_DG,2028-02-06,103,52,Champaign city,planned
ilabp,20.0,17019000902,019,Small_DG,2028-03-10,104,52,,planned
ilabp,7.6,17201003706,201,Small_DG,2028-03-03,67,34,,planned
ilabp,10.0,17091012300,091,Small_DG,2028-02-06,79,40,Kankakee city,planned
ilabp,23.0,17043845807,043,Small_DG,2028-02-06,82,41,Darien city,planned
ilabp,7.25,17179020500,179,Small_DG,2028-02-19,93,47,Marquette Heights city,planned
ilabp,10.0,17197881500,197,Small_DG,2028-03-03,98,49,Joliet city,planned
ilabp,10.0,17031250500,031,Small_DG,2028-02-06,78,39,Chicago city,planned
ilabp,23.0,17197881002,197,Small_DG,2028-03-03,37,19,Homer Glen village,planned
ilabp,10.0,17031808002,031,Small_DG,2028-02-06,16,8,Lincolnwood village,planned
ilabp,11.5,17031817200,031,Small_DG,2028-03-03,7,4,Maywood village,planned
ilabp,11.5,17197880428,197,Small_DG,2028-03-10,98,49,Joliet city,planned
ilabp,11.5,17201000506,201,Small_DG,2028-03-03,68,34,Rockford city,planned
ilabp,11.5,17179022000,179,Small_DG,2028-03-03,87,44,,planned
ilabp,10.0,17031825802,031,Small_DG,2028-03-10,29,15,Calumet City city,planned
ilabp,10.0,17179020700,179,Small_DG,2028-03-10,93,47,Pekin city,planned
ilabp,11.5,17113001403,113,Small_DG,2028-03-03,91,46,Bloomington city,planned
ilabp,11.5,17119400200,119,Small_DG,2028-03-03,111,56,Granite City city,planned
ilabp,10.0,17043844802,043,Small_DG,2028-03-03,42,21,Downers Grove village,planned
ilabp,11.5,17075950800,075,Small_DG,2028-03-03,106,53,,planned
ilabp,5.7,17119400904,119,Small_DG,2028-03-03,111,56,Granite City city,planned
ilabp,11.4,17163501100,163,Small_DG,2028-03-10,114,57,East St. Louis city,planned
ilabp,7.6,17163502602,163,Small_DG,2028-03-03,114,57,Cahokia village,planned
ilabp,11.52,17031480400,031,Small_DG,2028-03-10,33,17,Chicago city,planned
ilabp,11.5,17011964700,011,Small_DG,2028-03-03,73,37,,planned
ilabp,11.5,17031830400,031,Small_DG,2028-03-03,79,40,Park Forest village,planned
ilabp,11.5,17183011100,183,Small_DG,2028-03-03,102,51,,planned
ilabp,10.0,17031700501,031,Small_DG,2028-03-10,31,16,Chicago city,planned
ilabp,23.0,17031100500,031,Small_DG,2028-03-03,20,10,Chicago city,planned
ilabp,11.5,17143003101,143,Small_DG,2028-03-10,92,46,,planned
ilabp,11.5,17019010701,019,Small_DG,2028-03-03,102,51,St. Joseph village,planned
ilabp,11.5,17201003811,201,Small_DG,2028-03-03,90,45,Loves Park city,planned
ilabp,5.7,17195001300,195,Small_DG,2028-02-06,74,37,Sterling city,planned
ilabp,15.2,17163503413,163,Small_DG,2028-03-03,112,56,Fairview Heights city,planned
ilabp,7.6,17159978100,159,Small_DG,2028-02-06,110,55,Olney city,planned
ilabp,11.5,17089854302,089,Small_DG,2028-03-03,50,25,Aurora city,planned
ilabp,23.0,17203030400,203,Small_DG,2028-03-03,105,53,Metamora village,planned
ilabp,11.5,17057953300,057,Small_DG,2028-03-03,94,47,Canton city,planned
ilabp,7.6,17031460500,031,Small_DG,2028-02-06,33,17,Chicago city,planned
ilabp,5.7,17137951400,137,Small_DG,2028-03-03,99,50,,planned
ilabp,10.0,17031806502,031,Small_DG,2028-03-03,55,28,Des Plaines city,planned
ilabp,15.2,17107953500,107,Small_DG,2028-03-03,87,44,,planned
ilabp,11.4,17163503211,163,Small_DG,2028-03-03,113,57,,planned
ilabp,6.0,17159978100,159,Small_DG,2028-03-03,110,55,Olney city,planned
ilabp,6.0,17119403002,119,Small_DG,2028-02-06,112,56,Edwardsville city,planned
ilabp,3.8,17119400102,119,Small_DG,2028-03-03,112,56,Granite City city,planned
ilabp,10.0,17031830003,031,Small_DG,2028-03-03,38,19,Matteson village,planned
ilabp,23.0,17031818200,031,Small_DG,2028-03-03,7,4,Westchester village,planned
ilabp,10.73,17059972700,059,Small_DG,2028-02-06,117,59,,planned
ilabp,3.77,17031661100,031,Small_DG,2028-02-06,32,16,Chicago city,planned
ilabp,14.72,17197881500,197,Small_DG,2028-02-06,98,49,Joliet city,planned
ilabp,15.6,17099964100,099,Small_DG,2028-02-06,106,53,,planned
ilabp,7.6,17171970700,171,Small_DG,2028-02-06,100,50,,planned
ilabp,3.77,17019010500,019,Small_DG,2028-02-06,101,51,Fisher village,planned
ilabp,6.5,17111871304,111,Small_DG,2028-03-03,63,32,,planned
ilabp,3.84,17197880105,197,Small_DG,2028-02-06,98,49,Bolingbrook village,planned
ilabp,14.44,17019001205,019,Small_DG,2028-02-06,104,52,Champaign city,planned
ilabp,10.0,17189950400,189,Small_DG,2028-02-06,115,58,,planned
ilabp,24.0,17099962400,099,Small_DG,2028-02-06,75,38,,planned
ilabp,4.64,17187870500,187,Small_DG,2028-02-06,71,36,Monmouth city,planned
ilabp,3.19,17051950700,051,Small_DG,2028-02-06,110,55,,planned
ilabp,6.67,17031811000,031,Small_DG,2028-02-06,78,39,Elmwood Park village,planned
ilabp,13.76,17163503304,163,Small_DG,2028-02-06,113,57,Belleville city,planned
ilabp,4.93,17115001200,115,Small_DG,2028-02-06,96,48,Decatur city,planned
ilabp,5.7,17183010900,183,Small_DG,2028-02-06,102,51,,planned
ilabp,6.38,17105960400,105,Small_DG,2028-02-06,105,53,,planned
ilabp,15.6,17195000100,195,Small_DG,2028-02-19,74,37,,planned
ilabp,11.52,17163503415,163,Small_DG,2028-02-19,113,57,Fairview Heights city,planned
ilabp,13.34,17165956100,165,Small_DG,2028-02-19,117,59,,planned
ilabp,5.22,17091011400,091,Small_DG,2028-02-19,34,17,,planned
ilabp,5.7,17067954100,067,Small_DG,2028-02-19,94,47,Hamilton city,planned
ilabp,3.8,17131040200,131,Small_DG,2028-02-19,94,47,,planned
ilabp,8.41,17163502602,163,Small_DG,2028-02-19,114,57,Cahokia village,planned
ilabp,11.4,17195001102,195,Small_DG,2028-03-03,74,37,Sterling city,planned
ilabp,10.24,17133600402,133,Small_DG,2028-03-03,115,58,,planned
ilabp,7.83,17163501602,163,Small_DG,2028-03-03,113,57,Belleville city,planned
ilabp,7.6,17031825503,031,Small_DG,2028-03-03,38,19,Hazel Crest village,planned
ilabp,7.25,17091010300,091,Small_DG,2028-03-03,79,40,,planned
ilabp,5.51,17077010300,077,Small_DG,2028-02-19,115,58,,planned
ilabp,7.25,17031700401,031,Small_DG,2028-02-19,32,16,Chicago city,planned
ilabp,11.6,17137952200,137,Small_DG,2028-02-19,100,50,,planned
ilabp,5.8,17049950400,049,Small_DG,2028-03-03,110,55,,planned
ilabp,7.36,17031801701,031,Small_DG,2028-03-03,57,29,Northbrook village,planned
ilabp,5.51,17119400802,119,Small_DG,2028-02-19,111,56,Granite City city,planned
ilabp,10.44,17119403702,119,Small_DG,2028-02-19,109,55,,planned
ilabp,5.76,17113005602,113,Small_DG,2028-02-19,88,44,,planned
ilabp,8.0,17197880323,197,Small_DG,2028-03-03,84,42,Naperville city,planned
ilabp,5.76,17031802503,031,Small_DG,2028-03-03,57,29,Wheeling village,planned
ilabp,13.68,17179021701,179,Small_DG,2028-03-03,87,44,,planned
ilabp,19.14,17183011100,183,Small_DG,2028-03-03,102,51,,planned
ilabp,11.02,17119401102,119,Small_DG,2028-03-03,111,56,Wood River city,planned
ilabp,7.6,17199020100,199,Small_DG,2028-02-19,118,59,,planned
ilabp,7.656,17123961300,123,Small_DG,2028-03-03,105,53,,planned
ilabp,10.44,17059972700,059,Small_DG,2028-03-03,117,59,,planned
ilabp,7.6,17131040400,131,Small_DG,2028-02-19,94,47,,planned
ilabp,10.0,17193958200,193,Small_DG,2028-02-19,116,58,,planned
ilabp,5.51,17067954000,067,Small_DG,2028-03-03,94,47,,planned
ilabp,5.76,17143004600,143,Small_DG,2028-02-19,91,46,Bartonville village,planned
ilabp,9.28,17097861202,097,Small_DG,2028-03-03,62,31,Round Lake Beach village,planned
ilabp,7.6,17111871404,111,Small_DG,2028-02-19,52,26,Algonquin village,planned
ilabp,23.0,17031824114,031,Small_DG,2028-03-10,27,14,Orland Park village,planned
ilabp,3.77,17019005702,019,Small_DG,2028-03-03,104,52,,planned
ilabp,23.0,17197880511,197,Small_DG,2028-03-10,98,49,Romeoville village,planned
ilabp,7.6,17089854900,089,Small_DG,2028-03-10,49,25,Elgin city,planned
ilabp,5.76,17177001000,177,Small_DG,2028-02-19,90,45,Freeport city,planned
ilabp,8.32,17031804102,031,Small_DG,2028-02-19,51,26,Palatine village,planned
ilabp,5.76,17117956400,117,Small_DG,2028-02-19,108,54,Carlinville city,planned
ilabp,7.6,17145030200,145,Small_DG,2028-02-19,115,58,,planned
ilabp,10.4,17037001800,037,Small_DG,2028-02-19,74,37,,planned
ilabp,3.77,17119400200,119,Small_DG,2028-02-19,111,56,Granite City city,planned
ilabp,8.12,17163504353,163,Small_DG,2028-02-19,109,55,,planned
ilabp,15.2,17047956900,047,Small_DG,2028-03-03,116,58,,planned
ilabp,8.74,17183011100,183,Small_DG,2028-02-19,102,51,,planned
ilabp,5.76,17063000800,063,Small_DG,2028-02-19,106,53,,planned
ilabp,7.6,17075950900,075,Small_DG,2028-02-19,106,53,,planned
ilabp,5.76,17067953800,067,Small_DG,2028-03-03,94,47,Carthage city,planned
ilabp,4.48,17097862604,097,Small_DG,2028-03-03,60,30,Waukegan city,planned
ilabp,5.8,17117956100,117,Small_DG,2028-02-19,108,54,,planned
ilabp,6.4,17031804404,031,Small_DG,2028-02-19,43,22,Elgin city,planned
ilabp,4.93,17163503301,163,Small_DG,2028-02-19,113,57,Swansea village,planned
ilabp,7.36,17089853402,089,Small_DG,2028-02-19,50,25,Aurora city,planned
ilabp,13.63,17031190702,031,Small_DG,2028-02-19,39,20,Chicago city,planned
ilabp,19.72,17183010900,183,Small_DG,2028-02-19,102,51,,planned
ilabp,3.8,17201003808,201,Small_DG,2028-02-19,90,45,Machesney Park village,planned
ilabp,10.15,17001010100,001,Small_DG,2028-03-03,94,47,,planned
ilabp,3.77,17033880200,033,Small_DG,2028-03-03,102,51,,planned
ilabp,4.35,17031804510,031,Small_DG,2028-02-19,44,22,Hanover Park village,planned
ilabp,20.0,17021959000,021,Small_DG,2028-03-03,108,54,,planned
ilabp,16.24,17019010400,019,Small_DG,2028-03-10,101,51,,planned
ilabp,4.55,17089853001,089,Small_DG,2028-02-19,83,42,North Aurora village,planned
ilabp,7.6,17011964700,011,Small_DG,2028-02-19,73,37,,planned
ilabp,8.12,17163503304,163,Small_DG,2028-02-19,113,57,Belleville city,planned
ilabp,3.42,17087977700,087,Small_DG,2028-02-19,117,59,,planned
ilabp,20.0,17179022000,179,Small_DG,2028-02-19,87,44,,planned
ilabp,5.76,17021959000,021,Small_DG,2028-02-19,108,54,,planned
ilabp,10.752,17123961400,123,Small_DG,2028-03-03,105,53,,planned
ilabp,12.18,17143003101,143,Small_DG,2028-02-19,92,46,,planned
ilabp,9.57,17031804404,031,Small_DG,2028-03-03,43,22,Elgin city,planned
ilabp,4.06,17197880105,197,Small_DG,2028-02-19,98,49,Bolingbrook village,planned
ilabp,7.678,17075950400,075,Small_DG,2028-02-19,106,53,Watseka city,planned
ilabp,4.64,17163503332,163,Small_DG,2028-02-19,113,57,,planned
ilabp,10.64,17121952700,121,Small_DG,2028-03-03,110,55,Centralia city,planned
ilabp,7.6,17011964700,011,Small_DG,2028-02-19,73,37,,planned
ilabp,7.6,17163503322,163,Small_DG,2028-02-19,113,57,Swansea village,planned
ilabp,8.0,17163503404,163,Small_DG,2028-02-19,112,56,,planned
ilabp,9.86,17119403702,119,Small_DG,2028-02-19,109,55,,planned
ilabp,7.6,17163503412,163,Small_DG,2028-02-19,112,56,Caseyville village,planned
ilabp,5.7,17001000400,001,Small_DG,2028-02-19,99,50,Quincy city,planned
ilabp,13.76,17043840801,043,Small_DG,2028-02-19,77,39,Bensenville village,planned
ilabp,11.6,17117956000,117,Small_DG,2028-03-03,108,54,Virden city,planned
ilabp,7.6,17189950400,189,Small_DG,2028-02-19,115,58,,planned
ilabp,11.31,17167000100,167,Small_DG,2028-02-19,95,48,,planned
ilabp,8.12,17005951200,005,Small_DG,2028-02-19,110,55,,planned
ilabp,7.83,17143004801,143,Small_DG,2028-02-19,93,47,,planned
ilabp,5.8,17031811402,031,Small_DG,2028-02-19,77,39,Franklin Park village,planned
ilabp,7.6,17067954200,067,Small_DG,2028-02-19,94,47,,planned
ilabp,15.58,17119400802,119,Small_DG,2028-02-19,111,56,Granite City city,planned
ilabp,6.96,17031560300,031,Small_DG,2028-02-19,1,1,Chicago city,planned
ilabp,7.6,17075950300,075,Small_DG,2028-02-19,106,53,,planned
ilabp,8.99,17119403531,119,Small_DG,2028-02-19,109,55,,planned
ilabp,7.22,17113005700,113,Small_DG,2028-03-03,88,44,,planned
ilabp,13.92,17183001200,183,Small_DG,2028-03-03,104,52,,planned
ilabp,3.77,17039971800,039,Small_DG,2028-03-03,87,44,Clinton city,planned
ilabp,12.18,17031251200,031,Small_DG,2028-02-19,8,4,Chicago city,planned
ilabp,4.64,17029001000,029,Small_DG,2028-02-19,101,51,,planned
ilabp,7.54,17031824126,031,Small_DG,2028-02-19,,,Tinley Park village,planned
ilabp,5.7,17115002800,115,Small_DG,2028-02-19,87,44,,planned
ilabp,5.7,17073030600,073,Small_DG,2028-02-19,93,47,,planned
ilabp,5.76,17015960100,015,Small_DG,2028-02-19,89,45,,planned
ilabp,5.7,17119402805,119,Small_DG,2028-02-19,100,50,,planned
ilabp,23.0,17089854505,089,Small_DG,2028-03-10,70,35,,planned
ilabp,4.93,17163503322,163,Small_DG,2028-02-19,113,57,Swansea village,planned
ilabp,11.52,17133600402,133,Small_DG,2028-02-19,115,58,,planned
ilabp,10.73,17105960800,105,Small_DG,2028-02-19,106,53,,planned
ilabp,7.6,17187870100,187,Small_DG,2028-02-19,94,47,,planned
ilabp,4.16,17137952000,137,Small_DG,2028-02-19,99,50,Jacksonville city,planned
ilabp,15.2,17145030100,145,Small_DG,2028-02-19,115,58,,planned
ilabp,10.0,17031804709,031,Small_DG,2028-03-10,44,22,Hoffman Estates village,planned
ilabp,15.2,17115002300,115,Small_DG,2028-03-10,88,44,,planned
ilabp,4.93,17119403532,119,Small_DG,2028-02-19,109,55,,planned
ilabp,7.54,17163502602,163,Small_DG,2028-02-19,114,57,Cahokia village,planned
ilabp,10.15,17115002901,115,Small_DG,2028-03-03,88,44,Forsyth village,planned
ilabp,7.6,17081050300,081,Small_DG,2028-02-19,116,58,,planned
ilabp,4.93,17199020700,199,Small_DG,2028-02-19,117,59,,planned
ilabp,5.22,17049950600,049,Small_DG,2028-02-19,107,54,,planned
ilabp,5.76,17165956100,165,Small_DG,2028-03-03,117,59,,planned
ilabp,12.47,17183011100,183,Small_DG,2028-02-19,102,51,,planned
ilabp,5.22,17049950700,049,Small_DG,2028-02-19,107,54,,planned
ilabp,7.22,17163502300,163,Small_DG,2028-02-19,114,57,Cahokia village,planned
ilabp,10.0,17031750100,031,Small_DG,2028-03-10,27,14,Chicago city,planned
ilabp,5.76,17007010200,007,Small_DG,2028-03-03,68,34,Belvidere city,planned
ilabp,6.67,17031530300,031,Small_DG,2028-03-03,27,14,Chicago city,planned
ilabp,10.0,17113000109,113,Small_DG,2028-03-10,91,46,Normal town,planned
ilabp,10.0,17019005402,019,Small_DG,2028-03-10,104,52,,planned
ilabp,10.0,17197880414,197,Small_DG,2028-02-19,98,49,,planned
ilabp,7.6,17043841207,043,Small_DG,2028-02-19,46,23,Glendale Heights village,planned
ilabp,5.76,17179021802,179,Small_DG,2028-03-10,93,47,,planned
ilabp,5.76,17121952300,121,Small_DG,2028-03-10,110,55,,planned
ilabp,5.76,17203030300,203,Small_DG,2028-03-03,105,53,,planned
ilabp,7.6,17031819200,031,Small_DG,2028-02-19,2,1,Lyons village,planned
ilabp,7.6,17201000105,201,Small_DG,2028-03-10,90,45,Machesney Park village,planned
ilabp,7.6,17093890402,093,Small_DG,2028-02-19,75,38,Yorkville city,planned
ilabp,20.0,17067953700,067,Small_DG,2028-03-03,94,47,,planned
ilabp,8.7,17019000902,019,Small_DG,2028-02-19,104,52,,planned
ilabp,10.0,17071973500,071,Small_DG,2028-02-19,94,47,,planned
ilabp,11.5,17043841102,043,Small_DG,2028-02-19,56,28,Hanover Park village,planned
ilabp,7.6,17197881402,197,Small_DG,2028-02-19,98,49,Joliet city,planned
ilabp,4.64,17183000800,183,Small_DG,2028-02-19,104,52,,planned
ilabp,3.2,17031530501,031,Small_DG,2028-02-19,28,14,Chicago city,planned
ilabp,5.22,17201000514,201,Small_DG,2028-03-03,68,34,Cherry Valley village,planned
ilabp,7.6,17141960800,141,Small_DG,2028-03-03,89,45,,planned
ilabp,7.83,17199020802,199,Small_DG,2028-02-19,117,59,,planned
ilabp,7.6,17143004901,143,Small_DG,2028-02-19,93,47,,planned
ilabp,9.192,17031801000,031,Small_DG,2028-03-03,17,9,Wilmette village,planned
ilabp,9.0,17089852700,089,Small_DG,2028-02-19,83,42,Batavia city,planned
ilabp,10.44,17043841801,043,Small_DG,2028-02-19,47,24,Wheaton city,planned
ilabp,6.46,17043846413,043,Small_DG,2028-03-03,41,21,,planned
ilabp,14.44,17057952800,057,Small_DG,2028-03-03,94,47,Farmington city,planned
ilabp,10.0,17119400802,119,Small_DG,2028-02-19,111,56,Granite City city,planned
ilabp,7.6,17031829500,031,Small_DG,2028-03-03,80,40,South Chicago Heights village,planned
ilabp,7.6,17021958700,021,Small_DG,2028-02-19,107,54,,planned
ilabp,7.6,17057953500,057,Small_DG,2028-02-19,94,47,,planned
ilabp,5.76,17177001100,177,Small_DG,2028-03-03,90,45,Freeport city,planned
ilabp,7.6,17119400951,119,Small_DG,2028-02-19,111,56,Granite City city,planned
ilabp,3.48,17163501605,163,Small_DG,2028-03-03,113,57,Belleville city,planned
ilabp,15.66,17195000700,195,Small_DG,2028-03-03,73,37,,planned
ilabp,5.51,17119402500,119,Small_DG,2028-03-03,111,56,Alton city,planned
ilabp,10.0,17145030100,145,Small_DG,2028-02-19,115,58,,planned
ilabp,22.8,17111871402,111,Small_DG,2028-02-19,52,26,Barrington Hills village,planned
ilabp,4300.0,17111870906,111,Large_DG,2028-05-29,63,32,,planned
ilabp,7.6,17197883211,197,Small_DG,2028-02-19,86,43,Joliet city,planned
ilabp,10.88,17119402721,119,Small_DG,2028-03-03,100,50,Godfrey village,planned
ilabp,3.84,17197880509,197,Small_DG,2028-03-03,85,43,Romeoville village,planned
ilabp,10.0,17031818000,031,Small_DG,2028-02-19,7,4,Broadview village,planned
ilabp,7.68,17197880106,197,Small_DG,2028-03-03,85,43,Bolingbrook village,planned
ilabp,7.04,17097864002,097,Small_DG,2028-03-03,59,30,Mundelein village,planned
ilabp,13.92,17081051100,081,Small_DG,2028-03-03,116,58,Mount Vernon city,planned
ilabp,14.5,17091010300,091,Small_DG,2028-03-03,79,40,,planned
ilabp,16.9,17001010301,001,Small_DG,2028-03-03,100,50,,planned
ilabp,17.225,17197883808,197,Small_DG,2028-02-19,29,15,,planned
ilabp,2.9,17147954800,147,Small_DG,2028-02-19,88,44,,planned
ilabp,3.8,17177001200,177,Small_DG,2028-02-19,90,45,Freeport city,planned
ilabp,3.8,17177001100,177,Small_DG,2028-02-19,90,45,Freeport city,planned
ilabp,3.77,17031811702,031,Small_DG,2028-02-19,77,39,Northlake city,planned
ilabp,4.89,17113005602,113,Small_DG,2028-02-19,88,44,,planned
ilabp,4.06,17031150800,031,Small_DG,2028-02-19,39,20,Chicago city,planned
ilabp,5000.0,17135957600,135,Large_DG,2028-05-29,108,54,,planned
ilabp,4.06,17105960300,105,Small_DG,2028-02-19,105,53,,planned
ilabp,6.0,17137951600,137,Small_DG,2028-02-19,99,50,Jacksonville city,planned
ilabp,4.35,17055040700,055,Small_DG,2028-02-19,116,58,,planned
ilabp,4.35,17019005500,019,Small_DG,2028-03-10,104,52,Urbana city,planned
ilabp,4.35,17201003606,201,Small_DG,2028-03-03,67,34,Rockford city,planned
ilabp,4.35,17119400801,119,Small_DG,2028-03-10,111,56,Granite City city,planned
ilabp,4.35,17181950200,181,Small_DG,2028-02-19,118,59,,planned
ilabp,6.09,17173959400,173,Small_DG,2028-02-19,107,54,,planned
ilabp,7.04,17197880125,197,Small_DG,2028-02-19,98,49,Bolingbrook village,planned
ilabp,10.0,17051950700,051,Small_DG,2028-03-10,110,55,,planned
ilabp,15.2,17053962000,053,Small_DG,2028-02-19,106,53,Gibson City city,planned
ilabp,7.15,17043846524,043,Small_DG,2028-03-03,41,21,,planned
ilabp,8.99,17183011000,183,Small_DG,2028-02-19,102,51,,planned
ilabp,7.25,17117956500,117,Small_DG,2028-03-10,100,50,,planned
ilabp,7.6,17021958700,021,Small_DG,2028-02-19,107,54,,planned
ilabp,6.67,17143003404,143,Small_DG,2028-02-19,73,37,Peoria city,planned
ilabp,10.0,17183011100,183,Small_DG,2028-02-19,102,51,,planned
ilabp,15.2,17115001801,115,Small_DG,2028-02-19,88,44,Decatur city,planned
ilabp,15.2,17119403502,119,Small_DG,2028-02-19,109,55,,planned
ilabp,7.6,17087977800,087,Small_DG,2028-02-19,117,59,,planned
ilabp,6.38,17199020900,199,Small_DG,2028-02-19,117,59,,planned
ilabp,7.54,17201000401,201,Small_DG,2028-02-19,68,34,Rockford city,planned
ilabp,6.96,17163503102,163,Small_DG,2028-02-19,114,57,,planned
ilabp,8.99,17077010300,077,Small_DG,2028-02-19,115,58,,planned
ilabp,6.09,17119401800,119,Small_DG,2028-03-10,111,56,Rosewood Heights CDP,planned
ilabp,8.96,17119403001,119,Small_DG,2028-02-19,112,56,Edwardsville city,planned
ilabp,7.6,17061973900,061,Small_DG,2028-02-19,100,50,White Hall city,planned
ilabp,6.96,17127970100,127,Small_DG,2028-03-03,117,59,,planned
ilabp,7.54,17197884004,197,Small_DG,2028-02-19,79,40,,planned
ilabp,10.73,17183010600,183,Small_DG,2028-02-19,104,52,,planned
ilabp,18.85,17119401800,119,Small_DG,2028-03-03,111,56,Rosewood Heights CDP,planned
ilabp,11.4,17023060400,023,Small_DG,2028-03-03,102,51,,planned
ilabp,4.35,17119401000,119,Small_DG,2028-02-19,111,56,Roxana village,planned
ilabp,11.2,17163503412,163,Small_DG,2028-02-19,112,56,Caseyville village,planned
ilabp,5.8,17111871502,111,Small_DG,2028-03-03,63,32,,planned
ilabp,20.0,17199020100,199,Small_DG,2028-02-19,118,59,,planned
ilabp,5.85,17197880105,197,Small_DG,2028-02-19,98,49,Bolingbrook village,planned
ilabp,11.5,17111870103,111,Small_DG,2028-03-03,69,35,,planned
ilabp,7.6,17163504354,163,Small_DG,2028-03-03,113,57,O'Fallon city,planned
ilabp,5.0,17043841207,043,Small_DG,2028-03-03,46,23,Glendale Heights village,planned
ilabp,10.0,17111871404,111,Small_DG,2028-03-10,52,26,Algonquin village,planned
ilabp,5.76,17043841206,043,Small_DG,2028-03-10,47,24,Carol Stream village,planned
ilabp,7.6,17119403122,119,Small_DG,2028-03-03,112,56,,planned
ilabp,11.4,17043841607,043,Small_DG,2028-03-10,41,21,Warrenville city,planned
ilabp,7.6,17031480400,031,Small_DG,2028-03-10,33,17,Chicago city,planned
ilabp,23.0,17097864402,097,Small_DG,2028-03-10,51,26,Hawthorn Woods village,planned
ilabp,20.0,17197883303,197,Small_DG,2028-03-10,86,43,,planned
ilabp,17.6,17107953500,107,Small_DG,2028-02-19,87,44,,planned
ilabp,10.0,17111871502,111,Small_DG,2028-03-10,63,32,,planned
ilabp,13.36,17197880320,197,Small_DG,2028-03-10,97,49,,planned
ilabp,10.0,17031680900,031,Small_DG,2028-03-03,6,3,Chicago city,planned
ilabp,600.0,17163503322,163,Large_DG,2028-01-16,113,57,Swansea village,planned
ilabp,11.52,17097861107,097,Small_DG,2028-03-10,62,31,Grayslake village,planned
ilabp,11.5,17089852805,089,Small_DG,2028-03-10,50,25,North Aurora village,planned
ilabp,10.0,17031823704,031,Small_DG,2028-03-10,82,41,Hickory Hills city,planned
ilabp,23.0,17031830100,031,Small_DG,2028-03-10,80,40,Park Forest village,planned
ilabp,4.64,17099962300,099,Small_DG,2028-03-03,75,38,,planned
ilabp,23.0,17031824006,031,Small_DG,2028-03-10,82,41,,planned
ilabp,15.2,17011964900,011,Small_DG,2028-02-19,73,37,,planned
ilabp,15.2,17189950400,189,Small_DG,2028-02-19,115,58,,planned
ilabp,23.0,17181950200,181,Small_DG,2028-02-19,118,59,,planned
ilabp,15.2,17197881500,197,Small_DG,2028-02-19,98,49,Joliet city,planned
ilabp,7.6,17119401400,119,Small_DG,2028-02-19,111,56,Alton city,planned
ilabp,11.5,17089851909,089,Small_DG,2028-02-19,66,33,Elgin city,planned
ilabp,4950.0,17197884006,197,Large_DG,2029-09-10,79,40,,planned
ilabp,11.4,17043845402,043,Small_DG,2028-02-19,45,23,,planned
ilabp,25.0,17017960100,017,Small_DG,2028-03-03,99,50,,planned
ilabp,5.22,17043842706,043,Small_DG,2028-03-03,42,21,Downers Grove village,planned
ilabp,360.0,17017960100,017,Large_DG,2027-11-29,99,50,,planned
ilabp,15.2,17031804506,031,Small_DG,2028-03-10,49,25,Bartlett village,planned
ilabp,15.2,17197881007,197,Small_DG,2028-03-10,37,19,Homer Glen village,planned
ilabp,11.5,17031834300,031,Small_DG,2028-03-10,33,17,Chicago city,planned
ilabp,10.0,17031804102,031,Small_DG,2028-03-10,51,26,Palatine village,planned
ilabp,7.6,17031711500,031,Small_DG,2028-03-10,27,14,Chicago city,planned
ilabp,4.06,17031805202,031,Small_DG,2028-02-19,17,9,Glenview village,planned
ilabp,5.76,17201003808,201,Small_DG,2028-03-10,90,45,Machesney Park village,planned
ilabp,10.0,17197880431,197,Small_DG,2028-03-10,97,49,Joliet city,planned
ilabp,7.6,17105960700,105,Small_DG,2028-03-10,105,53,Pontiac city,planned
ilabp,16.82,17157950900,157,Small_DG,2028-03-03,115,58,,planned
ilabp,3.48,17119400200,119,Small_DG,2028-02-19,111,56,Granite City city,planned
ilabp,7.6,17157950700,157,Small_DG,2028-02-19,115,58,,planned
ilabp,10.0,17187870100,187,Small_DG,2028-02-19,94,47,,planned
ilabp,7.6,17113006000,113,Small_DG,2028-02-19,87,44,,planned
ilabp,11.5,17043845702,043,Small_DG,2028-03-03,81,41,Downers Grove village,planned
ilabp,7.6,17093890404,093,Small_DG,2028-03-03,83,42,Montgomery village,planned
ilabp,7.25,17097860301,097,Small_DG,2028-03-03,61,31,Zion city,planned
ilabp,16.82,17059972800,059,Small_DG,2028-03-03,117,59,,planned
ilabp,12.18,17145030300,145,Small_DG,2028-03-03,115,58,,planned
ilabp,7.6,17089853004,089,Small_DG,2028-03-03,50,25,North Aurora village,planned
ilabp,7.6,17039971500,039,Small_DG,2028-03-03,88,44,,planned
ilabp,4.06,17143003104,143,Small_DG,2028-02-19,92,46,Peoria city,planned
ilabp,7.6,17097860907,097,Small_DG,2028-03-03,64,32,,planned
ilabp,11.31,17203030100,203,Small_DG,2028-02-19,105,53,,planned
ilabp,11.6,17115002300,115,Small_DG,2028-03-10,88,44,,planned
ilabp,9.57,17019001203,019,Small_DG,2028-02-19,104,52,Champaign city,planned
ilabp,13.34,17055040700,055,Small_DG,2028-03-10,116,58,,planned
ilabp,12.18,17001010500,001,Small_DG,2028-03-10,99,50,,planned
ilabp,10.0,17195000900,195,Small_DG,2028-02-19,74,37,,planned
ilabp,6.67,17119402300,119,Small_DG,2028-02-19,111,56,Alton city,planned
ilabp,5.7,17117956400,117,Small_DG,2028-02-19,108,54,Carlinville city,planned
ilabp,10.0,17183010500,183,Small_DG,2028-02-19,104,52,,planned
ilabp,23.0,17031804512,031,Small_DG,2028-03-10,43,22,,planned
ilabp,5.51,17089851907,089,Small_DG,2028-02-19,65,33,South Elgin village,planned
ilabp,10.0,17031818200,031,Small_DG,2028-03-10,7,4,Westchester village,planned
ilabp,11.6,17109010900,109,Small_DG,2028-02-19,94,47,Macomb city,planned
ilabp,15.2,17031824123,031,Small_DG,2028-02-19,28,14,,planned
ilabp,5.8,17199020700,199,Small_DG,2028-02-19,117,59,,planned
ilabp,7.6,17093890702,093,Small_DG,2028-03-10,75,38,,planned
ilabp,7.6,17031821001,031,Small_DG,2028-02-19,22,11,Burbank city,planned
ilabp,13.8,17097860105,097,Small_DG,2028-03-10,61,31,Zion city,planned
ilabp,7.6,17043840908,043,Small_DG,2028-02-19,46,23,,planned
ilabp,11.5,17067953700,067,Small_DG,2028-03-10,94,47,,planned
ilabp,7.6,17137952300,137,Small_DG,2028-02-19,100,50,,planned
ilabp,11.5,17019000902,019,Small_DG,2028-03-10,104,52,,planned
ilabp,15.2,17043846702,043,Small_DG,2028-02-19,46,23,Addison village,planned
ilabp,7.6,17115001801,115,Small_DG,2028-02-19,88,44,Decatur city,planned
ilabp,25.52,17183010500,183,Large_DG,2027-11-21,104,52,,planned
ilabp,10.0,17057953200,057,Small_DG,2028-03-10,94,47,,planned
ilabp,12.76,17055040800,055,Small_DG,2028-03-03,117,59,,planned
ilabp,15.2,17063000600,063,Small_DG,2028-02-19,106,53,,planned
ilabp,5.12,17201000513,201,Small_DG,2028-02-19,68,34,Rockford city,planned
ilabp,15.2,17031820300,031,Small_DG,2028-03-03,21,11,Summit village,planned
ilabp,11.5,17043846313,043,Small_DG,2028-02-19,81,41,Woodridge village,planned
ilabp,7.6,17197880421,197,Small_DG,2028-02-19,97,49,Plainfield village,planned
ilabp,23.0,17159978300,159,Small_DG,2028-03-03,110,55,,planned
ilabp,7.6,17097862501,097,Small_DG,2028-03-03,60,30,Waukegan city,planned
ilabp,4.93,17089854900,089,Small_DG,2028-02-19,49,25,Elgin city,planned
ilabp,10.0,17173959600,173,Small_DG,2028-02-19,107,54,,planned
ilabp,10.0,17055040800,055,Small_DG,2028-02-19,117,59,,planned
ilabp,15.2,17099962300,099,Small_DG,2028-02-19,75,38,,planned
ilabp,3.8,17119400102,119,Small_DG,2028-02-19,112,56,Granite City city,planned
ilabp,7.6,17043846702,043,Small_DG,2028-03-03,46,23,Addison village,planned
ilabp,7.6,17097861404,097,Small_DG,2028-02-19,62,31,Round Lake Park village,planned
ilabp,23.0,17157951000,157,Small_DG,2028-03-03,115,58,,planned
ilabp,7.6,17179021604,179,Small_DG,2028-02-19,87,44,Morton village,planned
ilabp,7.6,17097860105,097,Small_DG,2028-02-19,61,31,Zion city,planned
ilabp,7.6,17197880111,197,Small_DG,2028-03-03,85,43,Bolingbrook village,planned
ilabp,7.6,17007010603,007,Small_DG,2028-03-03,90,45,,planned
ilabp,7.6,17113001103,113,Small_DG,2028-02-19,91,46,Bloomington city,planned
ilabp,15.2,17197880115,197,Small_DG,2028-02-19,85,43,Bolingbrook village,planned
ilabp,7.6,17031811500,031,Small_DG,2028-02-19,77,39,Franklin Park village,planned
ilabp,15.2,17055040800,055,Small_DG,2028-03-10,117,59,,planned
ilabp,11.5,17031828601,031,Small_DG,2028-02-19,30,15,Homewood village,planned
ilabp,7.6,17097860903,097,Small_DG,2028-02-19,64,32,Fox Lake village,planned
ilabp,7.6,17031804403,031,Small_DG,2028-02-19,43,22,Hoffman Estates village,planned
ilabp,7.6,17195001000,195,Small_DG,2028-02-19,74,37,Sterling city,planned
ilabp,11.5,17055040400,055,Small_DG,2028-02-19,117,59,,planned
ilabp,15.2,17203030400,203,Small_DG,2028-03-03,105,53,Metamora village,planned
ilabp,7.6,17125956300,125,Small_DG,2028-02-19,94,47,,planned
ilabp,7.6,17031820502,031,Small_DG,2028-02-19,21,11,Bridgeview village,planned
ilabp,11.5,17099961702,099,Small_DG,2028-02-19,76,38,,planned
ilabp,11.5,17011964700,011,Small_DG,2028-02-19,73,37,,planned
ilabp,7.6,17021958900,021,Small_DG,2028-02-19,107,54,Pana city,planned
ilabp,7.6,17119401905,119,Small_DG,2028-02-19,111,56,South Roxana village,planned
ilabp,7.6,17031815500,031,Small_DG,2028-02-19,2,1,Berwyn city,planned
ilabp,5.22,17031825503,031,Small_DG,2028-02-19,38,19,Hazel Crest village,planned
ilabp,7.25,17119402721,119,Small_DG,2028-02-19,100,50,Godfrey village,planned
ilabp,5.51,17119401722,119,Small_DG,2028-02-19,111,56,Bethalto village,planned
ilabp,12.76,17063000600,063,Small_DG,2028-02-19,106,53,,planned
ilabp,4.35,17029000500,029,Small_DG,2028-02-19,101,51,,planned
ilabp,7.6,17031826402,031,Small_DG,2028-02-19,29,15,Dolton village,planned
ilabp,7.6,17043840908,043,Small_DG,2028-02-19,46,23,,planned
ilabp,7.6,17043840706,043,Small_DG,2028-02-19,45,23,,planned
ilabp,7.6,17097865802,097,Small_DG,2028-02-19,58,29,Highland Park city,planned
ilabp,7.6,17097861702,097,Small_DG,2028-02-19,60,30,Waukegan city,planned
ilabp,7.6,17031820502,031,Small_DG,2028-02-19,21,11,Bridgeview village,planned
ilabp,7.6,17043840304,043,Small_DG,2028-02-19,46,23,Addison village,planned
ilabp,11.5,17181950400,181,Small_DG,2028-03-03,118,59,Anna city,planned
ilabp,15.2,17097861010,097,Small_DG,2028-02-19,64,32,Lake Villa village,planned
ilabp,7.6,17031811800,031,Small_DG,2028-02-19,77,39,Northlake city,planned
ilabp,11.5,17055040400,055,Small_DG,2028-02-19,117,59,,planned
ilabp,20.0,17143003403,143,Small_DG,2028-03-03,73,37,Peoria city,planned
ilabp,10.0,17057953600,057,Small_DG,2028-02-19,94,47,Canton city,planned
ilabp,7.6,17097861014,097,Small_DG,2028-02-19,61,31,Venetian Village CDP,planned
ilabp,7.25,17081050500,081,Small_DG,2028-02-19,116,58,Mount Vernon city,planned
ilabp,10.0,17199020900,199,Small_DG,2028-03-03,117,59,,planned
ilabp,9.88,17081050900,081,Small_DG,2028-03-03,116,58,Mount Vernon city,planned
ilabp,5.51,17109010700,109,Small_DG,2028-03-03,94,47,,planned
ilabp,7.6,17113001103,113,Small_DG,2028-03-03,91,46,Bloomington city,planned
ilabp,7.6,17097862000,097,Small_DG,2028-03-03,60,30,Waukegan city,planned
ilabp,7.6,17097860812,097,Small_DG,2028-03-03,64,32,,planned
ilabp,7.6,17031802802,031,Small_DG,2028-03-03,53,27,Mount Prospect village,planned
ilabp,7.6,17113001500,113,Small_DG,2028-03-03,91,46,Bloomington city,planned
ilabp,10.0,17093890702,093,Small_DG,2028-03-10,75,38,,planned
ilabp,8.7,17117956800,117,Small_DG,2028-03-03,108,54,,planned
ilabp,7.6,17031820800,031,Small_DG,2028-03-03,1,1,,planned
ilabp,7.25,17077010300,077,Small_DG,2028-03-10,115,58,,planned
ilabp,15.2,17115001801,115,Small_DG,2028-03-03,88,44,Decatur city,planned
ilabp,11.5,17023060300,023,Small_DG,2028-03-03,102,51,,planned
ilabp,6.96,17065973300,065,Small_DG,2028-03-03,116,58,,planned
ilabp,8.41,17119404100,119,Small_DG,2028-03-03,111,56,Madison city,planned
ilabp,10.0,17183010300,183,Small_DG,2028-03-03,101,51,,planned
ilabp,6.09,17019010500,019,Small_DG,2028-03-03,101,51,Fisher village,planned
ilabp,11.5,17039971800,039,Small_DG,2028-03-03,87,44,Clinton city,planned
ilabp,7.6,17043842702,043,Small_DG,2028-03-10,47,24,Wheaton city,planned
ilabp,11.5,17193958300,193,Small_DG,2028-03-03,116,58,,planned
ilabp,10.0,17043840802,043,Small_DG,2028-03-10,77,39,Bensenville village,planned
ilabp,11.5,17101880900,101,Small_DG,2028-03-03,102,51,Bridgeport city,planned
ilabp,15.2,17097860302,097,Small_DG,2028-03-10,61,31,Zion city,planned
ilabp,11.5,17025972200,025,Small_DG,2028-03-03,110,55,,planned
ilabp,6.67,17091012100,091,Small_DG,2028-03-03,79,40,Kankakee city,planned
ilabp,7.6,17031824005,031,Small_DG,2028-03-10,82,41,Lemont village,planned
ilabp,11.5,17025972200,025,Small_DG,2028-03-03,110,55,,planned
ilabp,23.0,17023060300,023,Small_DG,2028-03-03,102,51,,planned
ilabp,10.0,17043843800,043,Small_DG,2028-03-10,46,23,Villa Park village,planned
ilabp,150.0,17103000200,103,Large_DG,2027-11-29,74,37,,planned
ilabp,8.7,17011965000,011,Small_DG,2028-03-03,76,38,,planned
ilabp,6.09,17019000700,019,Small_DG,2028-03-03,103,52,Champaign city,planned
ilabp,6.09,17113000109,113,Small_DG,2028-03-03,91,46,Normal town,planned
ilabp,10.0,17031804308,031,Small_DG,2028-03-10,44,22,Schaumburg village,planned
ilabp,11.5,17065973300,065,Small_DG,2028-03-03,116,58,,planned
ilabp,7.83,17163503102,163,Small_DG,2028-02-19,114,57,,planned
ilabp,13.12,17093890702,093,Small_DG,2028-03-03,75,38,,planned
ilabp,11.5,17093890403,093,Small_DG,2028-03-03,83,42,Oswego village,planned
ilabp,10.0,17089854509,089,Small_DG,2028-03-10,83,42,Sugar Grove village,planned
ilabp,6.825,17031820400,031,Small_DG,2028-02-19,21,11,Summit village,planned
ilabp,11.5,17067953800,067,Small_DG,2028-03-03,94,47,Carthage city,planned
ilabp,6.98,17173959600,173,Small_DG,2028-02-19,107,54,,planned
ilabp,8.41,17165956200,165,Small_DG,2028-02-19,117,59,,planned
ilabp,7.6,17019010800,019,Small_DG,2028-02-19,101,51,,planned
ilabp,23.0,17001010600,001,Small_DG,2028-03-03,99,50,,planned
ilabp,10.0,17143004500,143,Small_DG,2028-02-19,93,47,,planned
ilabp,10.0,17119401000,119,Small_DG,2028-02-19,111,56,Roxana village,planned
ilabp,5.76,17031824106,031,Small_DG,2028-03-10,27,14,Orland Park village,planned
ilabp,5.76,17031660302,031,Small_DG,2028-03-10,1,1,Chicago city,planned
ilabp,10.0,17135957500,135,Small_DG,2028-02-19,108,54,,planned
ilabp,7.6,17031640700,031,Small_DG,2028-03-10,22,11,Chicago city,planned
ilabp,11.5,17041952100,041,Small_DG,2028-03-03,101,51,,planned
ilabp,6.38,17095000500,095,Small_DG,2028-02-19,71,36,,planned
ilabp,11.4,17119400904,119,Small_DG,2028-03-03,111,56,Granite City city,planned
ilabp,22.8,17085020102,085,Small_DG,2028-03-03,89,45,,planned
ilabp,6.96,17135957700,135,Small_DG,2028-03-03,108,54,,planned
ilabp,11.5,17097861108,097,Small_DG,2028-03-03,62,31,Grayslake village,planned
ilabp,5.76,17201003806,201,Small_DG,2028-03-10,90,45,Roscoe village,planned
ilabp,11.5,17111871502,111,Small_DG,2028-03-03,63,32,,planned
ilabp,4.886,17043843302,043,Small_DG,2028-03-03,42,21,Lombard village,planned
ilabp,6.38,17095000500,095,Small_DG,2028-03-03,71,36,,planned
ilabp,11.5,17031807800,031,Small_DG,2028-03-03,16,8,Skokie village,planned
ilabp,8.12,17201001700,201,Small_DG,2028-03-03,67,34,Rockford city,planned
ilabp,5.76,17031801902,031,Small_DG,2028-03-10,57,29,Glenview village,planned
ilabp,11.5,17019010400,019,Small_DG,2028-03-03,101,51,,planned
ilabp,10.0,17043845300,043,Small_DG,2028-03-10,82,41,Hinsdale village,planned
ilabp,2.784,17143004902,143,Small_DG,2028-03-03,93,47,,planned
ilabp,11.5,17095001600,095,Small_DG,2028-03-03,93,47,,planned
ilabp,4.93,17031813802,031,Small_DG,2028-03-03,2,1,Cicero town,planned
ilabp,4400.0,17097860105,097,Large_DG,2028-05-29,61,31,Zion city,planned
ilabp,10.0,17107953600,107,Small_DG,2028-03-03,87,44,,planned
ilabp,7.6,17119403121,119,Small_DG,2028-03-03,112,56,Glen Carbon village,planned
ilabp,6.09,17119401721,119,Small_DG,2028-03-03,111,56,Bethalto village,planned
ilabp,7.83,17029000100,029,Small_DG,2028-03-03,101,51,,planned
ilabp,2.9,17137951800,137,Small_DG,2028-03-03,99,50,Jacksonville city,planned
ilabp,5.76,17031826401,031,Small_DG,2028-03-10,29,15,Dolton village,planned
ilabp,10.0,17197880320,197,Small_DG,2028-03-10,97,49,,planned
ilabp,5.76,17131040400,131,Small_DG,2028-03-10,94,47,,planned
ilabp,7.6,17163503404,163,Small_DG,2028-03-03,112,56,,planned
ilabp,10.0,17157950500,157,Small_DG,2028-03-10,115,58,,planned
ilabp,10.0,17031824800,031,Small_DG,2028-03-10,30,15,Posen village,planned
ilabp,11.5,17163503322,163,Small_DG,2028-03-03,113,57,Swansea village,planned
ilabp,23.0,17183011000,183,Small_DG,2028-03-03,102,51,,planned
ilabp,10.0,17031810701,031,Small_DG,2028-03-10,20,10,Elmwood Park village,planned
ilabp,11.5,17119403801,119,Small_DG,2028-03-03,109,55,,planned
ilabp,4.188,17165956000,165,Small_DG,2028-03-03,117,59,Harrisburg city,planned
ilabp,23.0,17019005500,019,Small_DG,2028-03-03,104,52,Urbana city,planned
ilabp,6.67,17107953100,107,Small_DG,2028-03-03,87,44,,planned
ilabp,10.0,17021958100,021,Small_DG,2028-03-03,96,48,,planned
ilabp,11.5,17031829200,031,Small_DG,2028-03-03,80,40,Chicago Heights city,planned
ilabp,7.6,17117956200,117,Small_DG,2028-03-03,100,50,,planned
ilabp,15.08,17077011100,077,Small_DG,2028-03-03,118,59,Carbondale city,planned
ilabp,11.5,17031480300,031,Small_DG,2028-03-03,33,17,Chicago city,planned
ilabp,9.45,17119401721,119,Small_DG,2028-03-03,111,56,Bethalto village,planned
ilabp,10.44,17141961301,141,Small_DG,2028-03-03,74,37,,planned
ilabp,12.47,17117956700,117,Small_DG,2028-03-03,100,50,,planned
ilabp,7.6,17117956200,117,Small_DG,2028-03-03,100,50,,planned
ilabp,23.0,17097866000,097,Small_DG,2028-03-03,61,31,Wadsworth village,planned
ilabp,13.96,17113005602,113,Small_DG,2028-03-03,88,44,,planned
ilabp,11.5,17031220601,031,Small_DG,2028-03-03,3,2,Chicago city,planned
ilabp,6.38,17031150501,031,Small_DG,2028-03-03,19,10,Chicago city,planned
ilabp,7.6,17143004000,143,Small_DG,2028-03-03,93,47,,planned
ilabp,7.83,17029000100,029,Small_DG,2028-03-03,101,51,,planned
ilabp,7.6,17101880700,101,Small_DG,2028-03-03,102,51,,planned
ilabp,14.72,17043841104,043,Small_DG,2028-03-03,48,24,Roselle village,planned
ilabp,8.7,17119402300,119,Small_DG,2028-03-03,111,56,Alton city,planned
ilabp,280.0,17051950500,051,Large_DG,2027-11-29,110,55,,planned
ilabp,23.0,17183010800,183,Small_DG,2028-03-03,104,52,,planned
ilabp,11.5,17115002901,115,Small_DG,2028-03-10,88,44,Forsyth village,planned
ilabp,19.76,17107953000,107,Small_DG,2028-02-19,87,44,,planned
ilabp,15.2,17015960100,015,Small_DG,2028-03-03,89,45,,planned
ilabp,15.2,17059972800,059,Small_DG,2028-03-03,117,59,,planned
ilabp,11.5,17143004300,143,Small_DG,2028-03-03,92,46,Peoria Heights village,planned
ilabp,7.6,17115002402,115,Small_DG,2028-03-10,88,44,,planned
ilabp,11.5,17083010200,083,Small_DG,2028-03-03,100,50,,planned
ilabp,10.0,17019005401,019,Small_DG,2028-03-10,103,52,,planned
ilabp,15.2,17165956200,165,Small_DG,2028-03-03,117,59,,planned
ilabp,23.0,17043842100,043,Small_DG,2028-03-10,42,21,Glen Ellyn village,planned
ilabp,9.88,17143004902,143,Small_DG,2028-03-03,93,47,,planned
ilabp,10.0,17031825600,031,Small_DG,2028-03-10,30,15,Markham city,planned
ilabp,23.0,17089850301,089,Small_DG,2028-03-03,43,22,,planned
ilabp,300.0,17111870606,111,Large_DG,2028-03-03,63,32,McHenry city,planned
ilabp,10.0,17097860908,097,Small_DG,2028-03-10,64,32,Fox Lake village,planned
ilabp,15.2,17203030601,203,Small_DG,2028-03-03,91,46,,planned
ilabp,7.6,17057953600,057,Small_DG,2028-03-03,94,47,Canton city,planned
ilabp,5.0,17119401800,119,Small_DG,2028-03-03,111,56,Rosewood Heights CDP,planned
ilabp,5.7,17001000100,001,Small_DG,2028-03-03,99,50,Quincy city,planned
ilabp,5.76,17095001500,095,Small_DG,2028-03-03,94,47,,planned
ilabp,15.08,17199020700,199,Small_DG,2028-03-10,117,59,,planned
ilabp,11.5,17143001800,143,Small_DG,2028-03-03,92,46,Peoria city,planned
ilabp,7.6,17105960500,105,Small_DG,2028-03-10,105,53,,planned
ilabp,13.92,17199021200,199,Small_DG,2028-03-03,118,59,Marion city,planned
ilabp,11.5,17167003801,167,Small_DG,2028-03-03,95,48,,planned
ilabp,15.36,17119401905,119,Small_DG,2028-03-10,111,56,South Roxana village,planned
ilabp,23.0,17119403701,119,Small_DG,2028-03-03,109,55,,planned
ilabp,11.6,17145030200,145,Small_DG,2028-03-03,115,58,,planned
ilabp,7.6,17031530503,031,Small_DG,2028-03-10,28,14,Chicago city,planned
ilabp,7.6,17067954300,067,Small_DG,2028-03-03,94,47,,planned
ilabp,13.36,17197880414,197,Small_DG,2028-03-10,98,49,,planned
ilabp,5.76,17163504354,163,Small_DG,2028-03-03,113,57,O'Fallon city,planned
ilabp,10.0,17031390200,031,Small_DG,2028-03-10,25,13,Chicago city,planned
ilabp,23.0,17179021802,179,Small_DG,2028-03-03,93,47,,planned
ilabp,7.25,17031824507,031,Small_DG,2028-03-10,28,14,,planned
ilabp,10.0,17167003601,167,Small_DG,2028-03-03,108,54,,planned
ilabp,10.73,17199020100,199,Small_DG,2028-03-03,118,59,,planned
ilabp,23.0,17107953600,107,Small_DG,2028-03-03,87,44,,planned
ilabp,10.15,17163503411,163,Small_DG,2028-03-10,112,56,Caseyville village,planned
ilabp,5.76,17001000800,001,Small_DG,2028-03-10,99,50,Quincy city,planned
ilabp,8.7,17197883606,197,Small_DG,2028-03-03,79,40,University Park village,planned
ilabp,11.4,17145030300,145,Small_DG,2028-03-10,115,58,,planned
ilabp,11.5,17031825900,031,Small_DG,2028-03-03,34,17,Calumet City city,planned
ilabp,11.5,17019001301,019,Small_DG,2028-03-03,103,52,Champaign city,planned
ilabp,11.5,17055041200,055,Small_DG,2028-03-03,117,59,,planned
ilabp,11.5,17089850600,089,Small_DG,2028-03-03,66,33,Sleepy Hollow village,planned
ilabp,7.6,17195000500,195,Small_DG,2028-03-03,73,37,Fulton city,planned
ilabp,8.96,17043845502,043,Small_DG,2028-03-03,45,23,Willowbrook village,planned
ilabp,11.5,17121951600,121,Small_DG,2028-03-03,110,55,,planned
ilabp,10.0,17115003000,115,Small_DG,2028-03-03,88,44,,planned
ilabp,23.0,17199020700,199,Small_DG,2028-03-03,117,59,,planned
ilabp,23.0,17001000100,001,Small_DG,2028-03-03,99,50,Quincy city,planned
ilabp,7.6,17043843900,043,Small_DG,2028-03-10,45,23,Elmhurst city,planned
ilabp,23.0,17053962000,053,Small_DG,2028-03-03,106,53,Gibson City city,planned
ilabp,23.0,17203030602,203,Small_DG,2028-03-03,91,46,,planned
ilabp,11.5,17067953900,067,Small_DG,2028-03-03,94,47,,planned
ilabp,11.5,17067954300,067,Small_DG,2028-03-03,94,47,,planned
ilabp,10.0,17031750200,031,Small_DG,2028-03-10,35,18,Chicago city,planned
ilabp,11.5,17067953900,067,Small_DG,2028-03-03,94,47,,planned
ilabp,10.0,17031800700,031,Small_DG,2028-03-10,18,9,Wilmette village,planned
ilabp,23.0,17067954200,067,Small_DG,2028-03-03,94,47,,planned
ilabp,10.0,17031825504,031,Small_DG,2028-03-10,38,19,Hazel Crest village,planned
ilabp,10.0,17031803902,031,Small_DG,2028-03-10,53,27,Rolling Meadows city,planned
ilabp,10.0,17043841109,043,Small_DG,2028-03-10,46,23,Bloomingdale village,planned
ilabp,10.0,17031808400,031,Small_DG,2028-03-10,15,8,Morton Grove village,planned
ilabp,10.0,17111871114,111,Small_DG,2028-03-10,69,35,Huntley village,planned
ilabp,10.0,17031828801,031,Small_DG,2028-03-10,30,15,Flossmoor village,planned
ilabp,12.91,17091010300,091,Small_DG,2028-03-03,79,40,,planned
ilabp,10.0,17031826402,031,Small_DG,2028-03-10,29,15,Dolton village,planned
ilabp,10.0,17177001100,177,Small_DG,2028-03-03,90,45,Freeport city,planned
ilabp,5.76,17187870300,187,Small_DG,2028-03-10,71,36,,planned
ilabp,10.44,17113005401,113,Small_DG,2028-03-03,88,44,,planned
ilabp,9.6,17031818500,031,Small_DG,2028-03-10,7,4,Westchester village,planned
ilabp,5.76,17141961001,141,Small_DG,2028-03-10,89,45,,planned
ilabp,7.6,17125956300,125,Small_DG,2028-03-03,94,47,,planned
ilabp,14.08,17197883513,197,Small_DG,2028-03-03,38,19,Tinley Park village,planned
ilabp,3.19,17143004400,143,Small_DG,2028-03-03,92,46,West Peoria city,planned
ilabp,6.0,17031827802,031,Small_DG,2028-03-03,29,15,South Holland village,planned
ilabp,11.5,17031151002,031,Small_DG,2028-03-03,39,20,Chicago city,planned
ilabp,6.0,17197880125,197,Small_DG,2028-03-03,98,49,Bolingbrook village,planned
ilabp,23.0,17089851801,089,Small_DG,2028-03-10,49,25,South Elgin village,planned
ilabp,11.5,17177000700,177,Small_DG,2028-03-03,90,45,Freeport city,planned
ilabp,10.0,17089850103,089,Small_DG,2028-03-10,66,33,,planned
ilabp,11.5,17163502300,163,Small_DG,2028-03-03,114,57,Cahokia village,planned
ilabp,12.76,17091012600,091,Small_DG,2028-03-03,79,40,,planned
ilabp,12.18,17165956100,165,Small_DG,2028-03-03,117,59,,planned
ilabp,7.6,17089853005,089,Small_DG,2028-03-03,83,42,Aurora city,planned
ilabp,10.0,17057953300,057,Small_DG,2028-03-03,94,47,Canton city,planned
ilabp,7.54,17059972800,059,Small_DG,2028-03-03,117,59,,planned
ilabp,7.6,17119403001,119,Small_DG,2028-03-03,112,56,Edwardsville city,planned
ilabp,31.68,17105960200,105,Large_DG,2028-02-19,106,53,,planned
ilabp,16.53,17199021300,199,Small_DG,2028-03-10,117,59,,planned
ilabp,10.0,17105960100,105,Small_DG,2028-03-10,106,53,Dwight village,planned
ilabp,13.92,17059972800,059,Small_DG,2028-03-10,117,59,,planned
ilabp,10.0,17089854504,089,Small_DG,2028-03-10,70,35,,planned
ilabp,4.93,17131040200,131,Small_DG,2028-03-03,94,47,,planned
ilabp,11.4,17011964800,011,Small_DG,2028-03-03,73,37,,planned
ilabp,11.5,17119400904,119,Small_DG,2028-03-03,111,56,Granite City city,planned
ilabp,11.5,17163503322,163,Small_DG,2028-03-03,113,57,Swansea village,planned
ilabp,10.0,17137951600,137,Small_DG,2028-03-03,99,50,Jacksonville city,planned
ilabp,11.5,17089850707,089,Small_DG,2028-03-03,70,35,,planned
ilabp,5.76,17157950500,157,Small_DG,2028-03-10,115,58,,planned
ilabp,11.5,17097861611,097,Small_DG,2028-03-10,61,31,Gurnee village,planned
ilabp,10.0,17175951400,175,Small_DG,2028-03-03,93,47,,planned
ilabp,11.5,17031827000,031,Small_DG,2028-03-10,30,15,Harvey city,planned
ilabp,10.0,17031814700,031,Small_DG,2028-03-10,21,11,Berwyn city,planned
ilabp,11.5,17031804509,031,Small_DG,2028-03-03,44,22,Streamwood village,planned
ilabp,11.5,17089854301,089,Small_DG,2028-03-03,50,25,Aurora city,planned
ilabp,11.4,17001000600,001,Small_DG,2028-03-03,99,50,Quincy city,planned
ilabp,13.36,17031825501,031,Small_DG,2028-03-10,38,19,Country Club Hills city,planned
ilabp,10.0,17149952700,149,Small_DG,2028-03-03,100,50,Pittsfield city,planned
ilabp,23.0,17143003104,143,Small_DG,2028-03-10,92,46,Peoria city,planned
ilabp,11.5,17179021900,179,Small_DG,2028-03-10,87,44,,planned
ilabp,10.0,17031640300,031,Small_DG,2028-03-10,22,11,Chicago city,planned
ilabp,20.0,17099962600,099,Small_DG,2028-03-03,76,38,Ottawa city,planned
ilabp,23.0,17031010300,031,Small_DG,2028-03-10,14,7,Chicago city,planned
ilabp,10.0,17031730100,031,Small_DG,2028-03-10,27,14,Chicago city,planned
ilabp,7.6,17031819100,031,Small_DG,2028-03-03,2,1,Lyons village,planned
ilabp,23.0,17043842708,043,Small_DG,2028-03-10,42,21,Glen Ellyn village,planned
ilabp,7.6,17027900100,027,Small_DG,2028-03-03,109,55,,planned
ilabp,5.76,17119400951,119,Small_DG,2028-03-03,111,56,Granite City city,planned
ilabp,10.0,17107953600,107,Small_DG,2028-03-03,87,44,,planned
ilabp,19.0,17089852403,089,Small_DG,2028-03-03,70,35,,planned
ilabp,11.4,17163504358,163,Small_DG,2028-03-03,114,57,,planned
ilabp,23.0,17197880510,197,Small_DG,2028-03-10,98,49,Romeoville village,planned
ilabp,6.72,17031805002,031,Small_DG,2028-03-03,53,27,Mount Prospect village,planned
ilabp,23.0,17143004902,143,Small_DG,2028-03-10,93,47,,planned
ilabp,11.5,17099962200,099,Small_DG,2028-03-10,74,37,,planned
ilabp,10.0,17031251400,031,Small_DG,2028-03-10,78,39,Chicago city,planned
ilabp,10.0,17197880510,197,Small_DG,2028-03-10,98,49,Romeoville village,planned
ilabp,19.0,17055041100,055,Small_DG,2028-03-03,117,59,,planned
ilabp,10.0,17131040400,131,Small_DG,2028-03-03,94,47,,planned
ilabp,7.6,17111870807,111,Small_DG,2028-03-03,63,32,,planned
ilabp,6.09,17203030400,203,Small_DG,2028-03-03,105,53,Metamora village,planned
ilabp,11.89,17201004300,201,Small_DG,2028-03-03,89,45,,planned
ilabp,25.0,17061973800,061,Small_DG,2028-02-19,100,50,,planned
ilabp,25.0,17061973800,061,Small_DG,2028-02-19,100,50,,planned
ilabp,7.68,17163503413,163,Small_DG,2028-03-03,112,56,Fairview Heights city,planned
ilabp,6.4,17163504359,163,Small_DG,2028-03-03,114,57,,planned
ilabp,10.0,17075950300,075,Small_DG,2028-03-03,106,53,,planned
ilabp,7.6,17097864107,097,Small_DG,2028-03-03,52,26,,planned
ilabp,7.6,17115001700,115,Small_DG,2028-03-03,96,48,Decatur city,planned
ilabp,19.1,17089852101,089,Small_DG,2028-03-03,65,33,,planned
ilabp,8.03,17145030600,145,Small_DG,2028-03-03,115,58,Du Quoin city,planned
ilabp,7.6,17067954100,067,Small_DG,2028-03-03,94,47,Hamilton city,planned
ilabp,7.6,17063000400,063,Small_DG,2028-03-03,75,38,Morris city,planned
ilabp,7.83,17157951201,157,Small_DG,2028-03-03,115,58,Chester city,planned
ilabp,11.5,17183010200,183,Small_DG,2028-03-03,101,51,Hoopeston city,planned
ilabp,7.6,17201002700,201,Small_DG,2028-03-03,67,34,Rockford city,planned
ilabp,8.36,17073031000,073,Small_DG,2028-03-03,93,47,,planned
ilabp,6.08,17203030501,203,Small_DG,2028-03-03,73,37,Germantown Hills village,planned
ilabp,10.0,17135957600,135,Small_DG,2028-03-03,108,54,,planned
ilabp,13.8,17097864519,097,Small_DG,2028-03-10,59,30,Buffalo Grove village,planned
ilabp,6.96,17135957500,135,Small_DG,2028-03-03,108,54,,planned
ilabp,10.0,17119403702,119,Small_DG,2028-03-03,109,55,,planned
ilabp,3.8,17119401905,119,Small_DG,2028-03-03,111,56,South Roxana village,planned
ilabp,10.15,17031824105,031,Small_DG,2028-03-03,35,18,Orland Park village,planned
ilabp,15.2,17105960100,105,Small_DG,2028-03-03,106,53,Dwight village,planned
ilabp,4.8,17163503404,163,Small_DG,2028-03-03,112,56,,planned
ilabp,5.76,17031807600,031,Small_DG,2028-03-03,16,8,Skokie village,planned
ilabp,5.7,17131040400,131,Small_DG,2028-03-03,94,47,,planned
ilabp,10.0,17031834300,031,Small_DG,2028-03-10,33,17,Chicago city,planned
ilabp,7.6,17183011000,183,Small_DG,2028-03-03,102,51,,planned
ilabp,5.7,17137951400,137,Small_DG,2028-03-03,99,50,,planned
ilabp,3.8,17037001300,037,Small_DG,2028-03-10,76,38,DeKalb city,planned
ilabp,5.22,17119404100,119,Small_DG,2028-03-03,111,56,Madison city,planned
ilabp,10.0,17111870702,111,Small_DG,2028-03-03,64,32,Lakemoor village,planned
ilabp,8.13,17019010603,019,Small_DG,2028-03-03,101,51,Mahomet village,planned
ilabp,15.2,17163501900,163,Small_DG,2028-03-03,113,57,Belleville city,planned
ilabp,5.76,17119401721,119,Small_DG,2028-03-03,111,56,Bethalto village,planned
ilabp,13.92,17163502602,163,Small_DG,2028-03-03,114,57,Cahokia village,planned
ilabp,4.35,17001000900,001,Small_DG,2028-03-03,99,50,Quincy city,planned
ilabp,8.99,17119402804,119,Small_DG,2028-03-03,100,50,,planned
ilabp,7.6,17019005500,019,Small_DG,2028-03-03,104,52,Urbana city,planned
ilabp,14.725,17183000300,183,Small_DG,2028-03-10,104,52,Danville city,planned
ilabp,5.8,17093890501,093,Small_DG,2028-03-03,75,38,Plano city,planned
ilabp,6.98,17157950700,157,Small_DG,2028-03-03,115,58,,planned
ilabp,10.0,17019005500,019,Small_DG,2028-03-10,104,52,Urbana city,planned
ilabp,7.6,17031820901,031,Small_DG,2028-03-03,22,11,Bedford Park village,planned
ilabp,23.0,17113001403,113,Small_DG,2028-03-10,91,46,Bloomington city,planned
ilabp,11.4,17091010400,091,Small_DG,2028-03-03,79,40,,planned
ilabp,7.6,17031804701,031,Small_DG,2028-03-03,44,22,Hoffman Estates village,planned
ilabp,7.6,17031805109,031,Small_DG,2028-03-10,53,27,Arlington Heights village,planned
ilabp,10.0,17019010603,019,Small_DG,2028-03-10,101,51,Mahomet village,planned
ilabp,23.0,17197880204,197,Small_DG,2028-03-10,85,43,Romeoville village,planned
ilabp,7.6,17043846518,043,Small_DG,2028-03-10,84,42,Aurora city,planned
ilabp,23.0,17113002101,113,Small_DG,2028-03-10,88,44,Bloomington city,planned
ilabp,10.0,17031804709,031,Small_DG,2028-03-10,44,22,Hoffman Estates village,planned
ilabp,15.2,17043840201,043,Small_DG,2028-03-03,48,24,Itasca village,planned
ilabp,10.0,17031510300,031,Small_DG,2028-03-10,33,17,Chicago city,planned
ilabp,7.6,17031823500,031,Small_DG,2028-03-03,28,14,Blue Island city,planned
ilabp,10.0,17031825803,031,Small_DG,2028-03-10,29,15,Calumet City city,planned
ilabp,16.24,17103000200,103,Small_DG,2028-03-03,74,37,,planned
ilabp,23.0,17031821001,031,Small_DG,2028-03-10,22,11,Burbank city,planned
ilabp,10.0,17073030600,073,Small_DG,2028-03-03,93,47,,planned
ilabp,7.6,17089850202,089,Small_DG,2028-03-03,43,22,Carpentersville village,planned
ilabp,4.8,17091012400,091,Small_DG,2028-03-03,79,40,Kankakee city,planned
ilabp,11.84,17163503414,163,Small_DG,2028-03-03,112,56,O'Fallon city,planned
ilabp,23.0,17007010502,007,Small_DG,2028-03-10,69,35,,planned
ilabp,10.0,17179020600,179,Small_DG,2028-03-10,93,47,Pekin city,planned
ilabp,7.6,17119401901,119,Small_DG,2028-03-10,111,56,Wood River city,planned
ilabp,7.6,17177000200,177,Small_DG,2028-03-03,90,45,,planned
ilabp,15.2,17143004400,143,Small_DG,2028-03-10,92,46,West Peoria city,planned
ilabp,5.22,17119403200,119,Small_DG,2028-03-03,112,56,Collinsville city,planned
ilabp,6.4,17197883211,197,Small_DG,2028-03-03,86,43,Joliet city,planned
ilabp,11.4,17183010300,183,Small_DG,2028-03-10,101,51,,planned
ilabp,10.0,17101880700,101,Small_DG,2028-03-10,102,51,,planned
ilabp,20.0,17071973300,071,Small_DG,2028-03-03,94,47,,planned
ilabp,10.0,17115002901,115,Small_DG,2028-03-10,88,44,Forsyth village,planned
ilabp,10.15,17115002700,115,Small_DG,2028-03-10,95,48,,planned
ilabp,7.6,17143004802,143,Small_DG,2028-03-10,92,46,Bartonville village,planned
ilabp,10.0,17167004000,167,Small_DG,2028-03-10,87,44,,planned
ilabp,19.92,17095000200,095,Small_DG,2028-03-03,93,47,,planned
ilabp,7.6,17017960100,017,Small_DG,2028-03-10,99,50,,planned
ilabp,6.64,17103000800,103,Small_DG,2028-03-03,73,37,,planned
ilabp,10.0,17063000800,063,Small_DG,2028-03-03,106,53,,planned
ilabp,10.0,17197880109,197,Small_DG,2028-03-10,85,43,Bolingbrook village,planned
ilabp,10.0,17061973600,061,Small_DG,2028-03-03,100,50,,planned
ilabp,10.0,17031831600,031,Small_DG,2028-03-10,3,2,Chicago city,planned
ilabp,15.2,17131040400,131,Small_DG,2028-03-03,94,47,,planned
ilabp,5.7,17067953800,067,Small_DG,2028-03-03,94,47,Carthage city,planned
ilabp,7.6,17137952100,137,Small_DG,2028-03-10,99,50,,planned
ilabp,24.192,17103000800,103,Small_DG,2028-03-03,73,37,,planned
ilabp,23.0,17113000302,113,Small_DG,2028-03-10,91,46,,planned
ilabp,14.94,17103000800,103,Small_DG,2028-03-03,73,37,,planned
ilabp,7.6,17143003000,143,Small_DG,2028-03-10,92,46,Peoria city,planned
ilabp,5.76,17039971600,039,Small_DG,2028-03-10,87,44,,planned
ilabp,23.0,17063000700,063,Small_DG,2028-03-10,106,53,,planned
ilabp,10.0,17187870300,187,Small_DG,2028-03-10,71,36,,planned
ilabp,7.6,17031530300,031,Small_DG,2028-03-10,27,14,Chicago city,planned
ilabp,17.16,17049950400,049,Small_DG,2028-03-10,110,55,,planned
ilabp,23.0,17085020101,085,Small_DG,2028-03-03,89,45,,planned
ilabp,4.56,17143004600,143,Small_DG,2028-03-03,91,46,Bartonville village,planned
ilabp,11.02,17119403002,119,Small_DG,2028-03-03,112,56,Edwardsville city,planned
ilabp,4.35,17111871311,111,Small_DG,2028-03-03,63,32,Lake in the Hills village,planned
ilabp,15.2,17089851102,089,Small_DG,2028-03-03,43,22,Elgin city,planned
ilabp,11.31,17031820400,031,Small_DG,2028-03-03,21,11,Summit village,planned
ilabp,7.6,17109010900,109,Small_DG,2028-03-03,94,47,Macomb city,planned
ilabp,15.58,17163503404,163,Small_DG,2028-03-03,112,56,,planned
ilabp,17.4,17199020600,199,Small_DG,2028-03-03,118,59,Herrin city,planned
ilabp,7.6,17029000100,029,Small_DG,2028-03-03,101,51,,planned
ilabp,7.83,17119402801,119,Small_DG,2028-03-03,100,50,,planned
ilabp,6.96,17051950500,051,Small_DG,2028-03-03,110,55,,planned
ilabp,8.36,17203030501,203,Small_DG,2028-03-03,73,37,Germantown Hills village,planned
ilabp,13.05,17001000202,001,Small_DG,2028-03-03,99,50,Quincy city,planned
ilabp,10.0,17057953400,057,Small_DG,2028-03-03,94,47,Canton city,planned
ilabp,3.8,17119400904,119,Small_DG,2028-03-03,111,56,Granite City city,planned
ilabp,7.6,17119402200,119,Small_DG,2028-03-03,111,56,Alton city,planned
ilabp,8.99,17163502800,163,Small_DG,2028-03-03,114,57,Centreville city,planned
ilabp,7.6,17031820502,031,Small_DG,2028-03-03,21,11,Bridgeview village,planned
ilabp,10.0,17119402900,119,Small_DG,2028-03-03,112,56,Edwardsville city,planned
ilabp,10.0,17021958700,021,Small_DG,2028-03-03,107,54,,planned
ilabp,10.0,17113005102,113,Small_DG,2028-03-03,105,53,,planned
ilabp,22.62,17195000100,195,Small_DG,2028-03-03,74,37,,planned
ilabp,7.6,17135957900,135,Small_DG,2028-03-03,108,54,,planned
ilabp,15.2,17097860907,097,Small_DG,2028-03-03,64,32,,planned
ilabp,11.5,17047956900,047,Small_DG,2028-03-03,116,58,,planned
ilabp,5.32,17119403802,119,Small_DG,2028-03-03,109,55,,planned
ilabp,10.88,17037000500,037,Small_DG,2028-03-03,89,45,,planned
ilabp,11.5,17183010600,183,Small_DG,2028-03-03,104,52,,planned
ilabp,11.5,17041952100,041,Small_DG,2028-03-03,101,51,,planned
ilabp,12.16,17163502404,163,Small_DG,2028-03-03,112,56,,planned
ilabp,10.24,17163504354,163,Small_DG,2028-03-03,113,57,O'Fallon city,planned
ilabp,7.6,17179020500,179,Small_DG,2028-03-10,93,47,Marquette Heights city,planned
ilabp,11.5,17021958400,021,Small_DG,2028-03-03,107,54,Taylorville city,planned
ilabp,19.0,17107953300,107,Small_DG,2028-03-03,87,44,,planned
ilabp,8.99,17019010604,019,Small_DG,2028-03-03,101,51,,planned
ilabp,11.5,17173959400,173,Small_DG,2028-03-03,107,54,,planned
ilabp,11.5,17183010300,183,Small_DG,2028-03-03,101,51,,planned
ilabp,7.6,17143003101,143,Small_DG,2028-03-03,92,46,,planned
ilabp,7.6,17043841004,043,Small_DG,2028-03-10,48,24,Roselle village,planned
ilabp,12.76,17075950900,075,Small_DG,2028-03-10,106,53,,planned
ilabp,11.5,17163504352,163,Small_DG,2028-03-03,114,57,O'Fallon city,planned
ilabp,7.6,17107953600,107,Small_DG,2028-03-10,87,44,,planned
ilabp,11.5,17197880412,197,Small_DG,2028-03-03,98,49,Joliet city,planned
ilabp,5.76,17095001500,095,Small_DG,2028-03-10,94,47,,planned
ilabp,11.5,17043843200,043,Small_DG,2028-03-03,46,23,Villa Park village,planned
ilabp,11.4,17167003801,167,Small_DG,2028-03-03,95,48,,planned
ilabp,11.5,17031820902,031,Small_DG,2028-03-03,22,11,Burbank city,planned
ilabp,11.5,17169970300,169,Small_DG,2028-03-03,99,50,,planned
ilabp,10.0,17131040400,131,Small_DG,2028-03-03,94,47,,planned
ilabp,11.5,17067954000,067,Small_DG,2028-03-03,94,47,,planned
ilabp,10.0,17197880202,197,Small_DG,2028-03-10,85,43,Romeoville village,planned
ilabp,10.0,17143003101,143,Small_DG,2028-03-03,92,46,,planned
ilabp,10.0,17113000109,113,Small_DG,2028-03-03,91,46,Normal town,planned
ilabp,15.2,17143003404,143,Small_DG,2028-03-03,73,37,Peoria city,planned
ilabp,7.6,17043840911,043,Small_DG,2028-03-10,46,23,Glendale Heights village,planned
ilabp,15.2,17113000504,113,Small_DG,2028-03-03,91,46,Normal town,planned
ilabp,7.6,17019000902,019,Small_DG,2028-03-03,104,52,,planned
ilabp,23.0,17203030501,203,Small_DG,2028-03-03,73,37,Germantown Hills village,planned
ilabp,34.5,17097864407,097,Large_DG,2028-02-19,51,26,,planned
ilabp,5000.0,17107953000,107,Large_DG,2029-09-03,87,44,,planned
ilabp,7.68,17059972700,059,Small_DG,2028-01-16,117,59,,planned
ilabp,10.0,17179021203,179,Small_DG,2028-03-03,91,46,East Peoria city,planned
ilabp,29.58,17055040600,055,Large_DG,2028-03-03,116,58,West City village,planned
ilabp,34.2,17031819700,031,Large_DG,2028-03-03,8,4,La Grange village,planned
ilabp,1080.0,17163504356,163,Large_DG,2028-02-19,114,57,Mascoutah city,planned
ilabp,3300.0,17163504353,163,Large_DG,2029-08-06,109,55,,planned
ilabp,6.0,17165955800,165,Small_DG,2028-01-16,117,59,Harrisburg city,planned
ilabp,34.56,17103000800,103,Large_DG,2028-01-30,73,37,,planned
ilabp,28.22,17103000800,103,Large_DG,2028-01-30,73,37,,planned
ilabp,120.0,17195001400,195,Large_DG,2027-11-29,74,37,,planned
ilabp,69.12,17167003604,167,Large_DG,2028-01-16,95,48,Springfield city,planned
ilabp,11.35,17163503415,163,Small_DG,2028-01-16,113,57,Fairview Heights city,planned
ilabp,15.0,17163504354,163,Small_DG,2028-03-03,113,57,O'Fallon city,planned
ilabp,7.6,17119403702,119,Small_DG,2028-03-03,109,55,,planned
ilabp,2500.0,17025972200,025,Large_DG,2029-07-30,110,55,,planned
ilabp,840.0,17119400600,119,Large_DG,2029-07-30,113,57,Madison city,planned
ilabp,1500.0,17119400600,119,Large_DG,2029-07-30,113,57,Madison city,planned
ilabp,200.0,17089853004,089,Large_DG,2028-01-16,50,25,North Aurora village,planned
ilabp,4980.0,17111871501,111,Large_DG,2029-08-06,69,35,,planned
ilabp,4950.0,17197883507,197,Large_DG,2029-08-19,80,40,,planned
ilabp,720.0,17031843700,031,Large_DG,2029-09-10,40,20,Chicago city,planned
ilabp,400.0,17197881007,197,Large_DG,2029-09-10,37,19,Homer Glen village,planned
ilabp,480.0,17043840904,043,Large_DG,2029-09-10,46,23,Glendale Heights village,planned
ilabp,360.0,17019005500,019,Large_DG,2029-09-10,104,52,Urbana city,planned
ilabp,360.0,17201003500,201,Large_DG,2029-09-10,68,34,Rockford city,planned
ilabp,220.0,17031802503,031,Large_DG,2029-09-10,57,29,Wheeling village,planned
ilabp,720.0,17143003403,143,Large_DG,2029-09-10,73,37,Peoria city,planned
ilabp,480.0,17179020100,179,Large_DG,2029-09-10,91,46,East Peoria city,planned
ilabp,400.0,17111871313,111,Large_DG,2029-09-10,63,32,Crystal Lake city,planned
ilabp,840.0,17091010701,091,Large_DG,2029-09-10,29,15,,planned
ilabp,2750.0,17057953100,057,Large_DG,2029-08-19,94,47,,planned
ilabp,3000.0,17149952600,149,Large_DG,2029-09-03,100,50,,planned
ilabp,5000.0,17093890501,093,Large_DG,2029-08-19,75,38,Plano city,planned
ilabp,5000.0,17113005102,113,Large_DG,2029-08-19,105,53,,planned
ilabp,2500.0,17199021400,199,Large_DG,2029-08-19,118,59,,planned
ilabp,4975.0,17101880800,101,Large_DG,2029-09-10,102,51,,planned
ilabp,5000.0,17093890501,093,Large_DG,2029-08-19,75,38,Plano city,planned
ilabp,4200.0,17147954600,147,Large_DG,2029-09-03,88,44,Monticello city,planned
ilabp,100.0,17143002000,143,Large_DG,2028-01-16,92,46,Peoria city,planned
ilabp,2800.0,17167003902,167,Large_DG,2029-08-19,96,48,,planned
ilabp,1992.0,17015960100,015,Large_DG,2029-08-19,89,45,,planned
ilabp,9.6,17119403533,119,Small_DG,2028-03-03,112,56,Maryville village,planned
ilabp,10.8,17189950200,189,Small_DG,2028-03-10,109,55,,planned
ilabp,48.0,17187870200,187,Large_DG,2028-03-03,71,36,,planned
ilabp,2.4,17163503324,163,Small_DG,2028-03-03,113,57,Shiloh village,planned
ilabp,120.0,17095000300,095,Large_DG,2028-02-19,71,36,,planned
ilabp,4.53,17199020300,199,Small_DG,2028-03-03,118,59,,planned
ilabp,150.0,17077010700,077,Large_DG,2028-02-19,115,58,,planned
ilabp,1500.0,17201003709,201,Large_DG,2028-03-03,68,34,Rockford city,planned
ilsfa,10.0,17001000100,001,Small_DG,2027-02-21,99,50,Quincy city,planned
ilsfa,10.0,17001000202,001,Small_DG,2027-06-18,99,50,Quincy city,planned
ilsfa,60.0,17005951300,005,Large_DG,2027-11-29,109,55,Greenville city,planned
ilsfa,1600.0,17007010502,007,Large_DG,2028-03-05,69,35,,planned
ilsfa,6.96,17019005300,019,Small_DG,2027-02-07,103,52,Urbana city,planned
ilsfa,7.6,17025972000,025,Small_DG,2027-02-21,110,55,,planned
ilsfa,17.6,17025972000,025,Small_DG,2027-07-06,110,55,,planned
ilsfa,7.6,17027900602,027,Small_DG,2027-10-09,109,55,,planned
ilsfa,125.0,17029000400,029,Large_DG,2027-03-18,101,51,,planned
ilsfa,36.0,17029000400,029,Large_DG,2027-03-18,101,51,,planned
ilsfa,6.98,17029000900,029,Small_DG,2027-11-29,101,51,Charleston city,planned
ilsfa,7.6,17029001000,029,Small_DG,2027-03-04,101,51,,planned
ilsfa,6.0,17029001000,029,Small_DG,2027-03-11,101,51,,planned
ilsfa,7.6,17029001000,029,Small_DG,2027-07-06,101,51,,planned
ilsfa,6.0,17029001000,029,Small_DG,2027-05-06,101,51,,planned
ilsfa,5.7,17031020601,031,Small_DG,2027-06-04,16,8,Chicago city,planned
ilsfa,7.6,17031020802,031,Small_DG,2027-11-29,16,8,Chicago city,planned
ilsfa,9.6,17031110300,031,Small_DG,2027-10-23,19,10,Chicago city,planned
ilsfa,9.6,17031120400,031,Small_DG,2027-11-07,15,8,Chicago city,planned
ilsfa,9.6,17031150502,031,Small_DG,2027-11-07,19,10,Chicago city,planned
ilsfa,100.0,17031151100,031,Large_DG,2027-09-05,39,20,Chicago city,planned
ilsfa,9.6,17031180100,031,Small_DG,2027-10-09,3,2,Chicago city,planned
ilsfa,7.6,17031210602,031,Small_DG,2027-03-04,39,20,Chicago city,planned
ilsfa,100.0,17031230800,031,Large_DG,2027-03-18,4,2,Chicago city,planned
ilsfa,10.0,17031250200,031,Small_DG,2027-03-11,8,4,Chicago city,planned
ilsfa,10.0,17031250200,031,Small_DG,2027-04-29,8,4,Chicago city,planned
ilsfa,7.59,17031250600,031,Small_DG,2027-10-23,78,39,Chicago city,planned
ilsfa,21.46,17031250700,031,Small_DG,2027-11-29,8,4,Chicago city,planned
ilsfa,7.6,17031251900,031,Small_DG,2027-03-18,8,4,Chicago city,planned
ilsfa,8.7,17031251900,031,Small_DG,2027-07-06,8,4,Chicago city,planned
ilsfa,3.8,17031420300,031,Small_DG,2027-07-06,26,13,Chicago city,planned
ilsfa,6.0,17031460302,031,Small_DG,2027-02-21,26,13,Chicago city,planned
ilsfa,5.7,17031460500,031,Small_DG,2027-06-04,33,17,Chicago city,planned
ilsfa,10.0,17031490500,031,Small_DG,2027-10-23,34,17,Chicago city,planned
ilsfa,7.6,17031490700,031,Small_DG,2027-11-29,27,14,Chicago city,planned
ilsfa,5.7,17031490800,031,Small_DG,2027-06-04,34,17,Chicago city,planned
ilsfa,100.0,17031490902,031,Large_DG,2027-09-05,34,17,Chicago city,planned
ilsfa,10.0,17031491100,031,Small_DG,2027-04-29,27,14,Chicago city,planned
ilsfa,9.6,17031491300,031,Small_DG,2027-10-23,28,14,Chicago city,planned
ilsfa,10.0,17031520400,031,Small_DG,2027-06-04,25,13,Chicago city,planned
ilsfa,10.0,17031530400,031,Small_DG,2027-04-02,28,14,Chicago city,planned
ilsfa,5.7,17031530400,031,Small_DG,2027-07-21,28,14,Chicago city,planned
ilsfa,10.0,17031530501,031,Small_DG,2027-05-19,28,14,Chicago city,planned
ilsfa,10.0,17031530501,031,Small_DG,2027-06-18,28,14,Chicago city,planned
ilsfa,10.0,17031530501,031,Small_DG,2027-06-18,28,14,Chicago city,planned
ilsfa,10.0,17031530501,031,Small_DG,2027-11-07,28,14,Chicago city,planned
ilsfa,6.0,17031530501,031,Small_DG,2027-11-07,28,14,Chicago city,planned
ilsfa,10.0,17031530503,031,Small_DG,2027-02-21,28,14,Chicago city,planned
ilsfa,5.0,17031540102,031,Small_DG,2027-06-18,29,15,Chicago city,planned
ilsfa,100.0,17031650302,031,Large_DG,2027-09-05,22,11,Chicago city,planned
ilsfa,6.46,17031671300,031,Small_DG,2027-03-18,6,3,Chicago city,planned
ilsfa,6.08,17031671300,031,Small_DG,2027-03-18,6,3,Chicago city,planned
ilsfa,9.6,17031700200,031,Small_DG,2027-11-07,32,16,Chicago city,planned
ilsfa,7.6,17031700302,031,Small_DG,2027-07-06,32,16,Chicago city,planned
ilsfa,9.6,17031700501,031,Small_DG,2027-11-07,31,16,Chicago city,planned
ilsfa,9.6,17031710400,031,Small_DG,2027-08-17,31,16,Chicago city,planned
ilsfa,9.6,17031711100,031,Small_DG,2027-11-29,31,16,Chicago city,planned
ilsfa,6.0,17031711200,031,Small_DG,2027-06-18,31,16,Chicago city,planned
ilsfa,5.0,17031720200,031,Small_DG,2027-10-23,35,18,Chicago city,planned
ilsfa,7.6,17031730500,031,Small_DG,2027-07-21,27,14,Chicago city,planned
ilsfa,7.6,17031730500,031,Small_DG,2027-03-11,27,14,Chicago city,planned
ilsfa,7.6,17031770602,031,Small_DG,2027-03-18,56,28,Des Plaines city,planned
ilsfa,10.0,17031801800,031,Small_DG,2027-04-16,57,29,Northfield village,planned
ilsfa,9.6,17031802505,031,Small_DG,2027-11-07,57,29,Wheeling village,planned
ilsfa,9.6,17031804305,031,Small_DG,2027-11-07,44,22,Streamwood village,planned
ilsfa,9.6,17031804306,031,Small_DG,2027-10-09,44,22,Streamwood village,planned
ilsfa,10.0,17031804312,031,Small_DG,2027-10-23,43,22,,planned
ilsfa,10.0,17031805108,031,Small_DG,2027-11-29,53,27,Mount Prospect village,planned
ilsfa,10.0,17031805108,031,Small_DG,2027-09-05,53,27,Mount Prospect village,planned
ilsfa,9.6,17031805202,031,Small_DG,2027-11-29,17,9,Glenview village,planned
ilsfa,9.6,17031805202,031,Small_DG,2027-10-23,17,9,Glenview village,planned
ilsfa,10.0,17031805301,031,Small_DG,2027-07-06,15,8,Morton Grove village,planned
ilsfa,5.0,17031805301,031,Small_DG,2027-10-23,15,8,Morton Grove village,planned
ilsfa,9.6,17031805401,031,Small_DG,2027-11-29,15,8,,planned
ilsfa,3.8,17031806006,031,Small_DG,2027-03-04,55,28,,planned
ilsfa,9.6,17031806102,031,Small_DG,2027-10-23,56,28,Des Plaines city,planned
ilsfa,9.6,17031806801,031,Small_DG,2027-11-07,17,9,Skokie village,planned
ilsfa,600.0,17031807600,031,Large_DG,2027-03-18,16,8,Skokie village,planned
ilsfa,500.0,17031807800,031,Large_DG,2027-03-18,16,8,Skokie village,planned
ilsfa,10.0,17031807900,031,Small_DG,2027-11-07,16,8,Lincolnwood village,planned
ilsfa,10.0,17031808001,031,Small_DG,2027-10-23,16,8,Lincolnwood village,planned
ilsfa,10.0,17031808001,031,Small_DG,2027-10-23,16,8,Lincolnwood village,planned
ilsfa,7.58,17031808302,031,Small_DG,2027-03-11,15,8,Morton Grove village,planned
ilsfa,9.6,17031808302,031,Small_DG,2027-11-29,15,8,Morton Grove village,planned
ilsfa,6.0,17031808302,031,Small_DG,2027-08-17,15,8,Morton Grove village,planned
ilsfa,10.0,17031808500,031,Small_DG,2027-09-05,17,9,Morton Grove village,planned
ilsfa,5.0,17031808500,031,Small_DG,2027-06-18,17,9,Morton Grove village,planned
ilsfa,5.0,17031811200,031,Small_DG,2027-11-29,77,39,River Grove village,planned
ilsfa,5.0,17031811800,031,Small_DG,2027-11-07,77,39,Northlake city,planned
ilsfa,5.0,17031813100,031,Small_DG,2027-08-05,78,39,Oak Park village,planned
ilsfa,7.6,17031815100,031,Small_DG,2027-03-11,21,11,Berwyn city,planned
ilsfa,10.0,17031815200,031,Small_DG,2027-10-23,2,1,Berwyn city,planned
ilsfa,6.0,17031815300,031,Small_DG,2027-10-23,21,11,Berwyn city,planned
ilsfa,5.0,17031815300,031,Small_DG,2027-10-09,21,11,Berwyn city,planned
ilsfa,7.6,17031816800,031,Small_DG,2027-04-29,7,4,Berkeley village,planned
ilsfa,6.0,17031816900,031,Small_DG,2027-11-07,7,4,Bellwood village,planned
ilsfa,5.0,17031817102,031,Small_DG,2027-10-23,7,4,Bellwood village,planned
ilsfa,5.0,17031817700,031,Small_DG,2027-11-07,7,4,Maywood village,planned
ilsfa,10.0,17031820203,031,Small_DG,2027-03-11,82,41,Burr Ridge village,planned
ilsfa,9.6,17031820502,031,Small_DG,2027-11-07,21,11,Bridgeview village,planned
ilsfa,9.6,17031820502,031,Small_DG,2027-10-23,21,11,Bridgeview village,planned
ilsfa,9.6,17031820502,031,Small_DG,2027-11-29,21,11,Bridgeview village,planned
ilsfa,3.8,17031821600,031,Small_DG,2027-10-23,36,18,Evergreen Park village,planned
ilsfa,10.0,17031822400,031,Small_DG,2027-04-16,31,16,Oak Lawn village,planned
ilsfa,9.6,17031822400,031,Small_DG,2027-11-07,31,16,Oak Lawn village,planned
ilsfa,9.6,17031822400,031,Small_DG,2027-11-29,31,16,Oak Lawn village,planned
ilsfa,9.6,17031822602,031,Small_DG,2027-05-06,36,18,Oak Lawn village,planned
ilsfa,9.6,17031823001,031,Small_DG,2027-10-23,36,18,Chicago Ridge village,planned
ilsfa,9.6,17031823002,031,Small_DG,2027-06-04,36,18,Chicago Ridge village,planned
ilsfa,7.6,17031823101,031,Small_DG,2027-03-11,36,18,Worth village,planned
ilsfa,10.0,17031823702,031,Small_DG,2027-04-16,31,16,Hickory Hills city,planned
ilsfa,9.6,17031823702,031,Small_DG,2027-04-02,31,16,Hickory Hills city,planned
ilsfa,9.6,17031823702,031,Small_DG,2027-10-09,31,16,Hickory Hills city,planned
ilsfa,7.6,17031823801,031,Small_DG,2027-02-07,36,18,,planned
ilsfa,9.6,17031823806,031,Small_DG,2027-11-29,36,18,Worth village,planned
ilsfa,10.0,17031823806,031,Small_DG,2027-11-07,36,18,Worth village,planned
ilsfa,9.6,17031823904,031,Small_DG,2027-11-29,35,18,Palos Heights city,planned
ilsfa,9.6,17031824107,031,Small_DG,2027-04-02,27,14,Orland Park village,planned
ilsfa,9.6,17031824113,031,Small_DG,2027-10-23,27,14,Orland Park village,planned
ilsfa,9.6,17031824114,031,Small_DG,2027-10-23,27,14,Orland Park village,planned
ilsfa,10.0,17031824115,031,Small_DG,2027-02-21,35,18,Orland Park village,planned
ilsfa,9.6,17031824121,031,Small_DG,2027-06-18,27,14,Tinley Park village,planned
ilsfa,10.0,17031824300,031,Small_DG,2027-10-23,28,14,Robbins village,planned
ilsfa,5.0,17031824508,031,Small_DG,2027-10-23,28,14,Orland Park village,planned
ilsfa,10.0,17031824601,031,Small_DG,2027-11-29,28,14,Midlothian village,planned
ilsfa,7.6,17031824702,031,Small_DG,2027-11-29,30,15,Midlothian village,planned
ilsfa,6.0,17031824702,031,Small_DG,2027-11-29,30,15,Midlothian village,planned
ilsfa,10.0,17031824702,031,Small_DG,2027-11-29,30,15,Midlothian village,planned
ilsfa,9.6,17031824702,031,Small_DG,2027-09-19,30,15,Midlothian village,planned
ilsfa,9.6,17031824702,031,Small_DG,2027-04-02,30,15,Midlothian village,planned
ilsfa,10.0,17031824800,031,Small_DG,2027-06-18,30,15,Posen village,planned
ilsfa,10.0,17031825304,031,Small_DG,2027-03-18,28,14,Tinley Park village,planned
ilsfa,9.6,17031825504,031,Small_DG,2027-10-09,38,19,Hazel Crest village,planned
ilsfa,9.6,17031825505,031,Small_DG,2027-10-09,38,19,Country Club Hills city,planned
ilsfa,10.0,17031825505,031,Small_DG,2027-11-29,38,19,Country Club Hills city,planned
ilsfa,10.0,17031825600,031,Small_DG,2027-09-05,30,15,Markham city,planned
ilsfa,5.0,17031825802,031,Small_DG,2027-06-04,29,15,Calumet City city,planned
ilsfa,7.6,17031825802,031,Small_DG,2027-02-21,29,15,Calumet City city,planned
ilsfa,6.0,17031825802,031,Small_DG,2027-11-29,29,15,Calumet City city,planned
ilsfa,6.0,17031825803,031,Small_DG,2027-05-06,29,15,Calumet City city,planned
ilsfa,9.6,17031826100,031,Small_DG,2027-10-23,33,17,Calumet City city,planned
ilsfa,9.6,17031826100,031,Small_DG,2027-10-23,33,17,Calumet City city,planned
ilsfa,9.6,17031826301,031,Small_DG,2027-11-07,29,15,South Holland village,planned
ilsfa,5.51,17031826303,031,Small_DG,2027-11-29,29,15,Dolton village,planned
ilsfa,6.0,17031826500,031,Small_DG,2027-06-18,30,15,Dolton village,planned
ilsfa,9.6,17031826500,031,Small_DG,2027-10-23,30,15,Dolton village,planned
ilsfa,25.0,17031826500,031,Small_DG,2027-09-19,30,15,Dolton village,planned
ilsfa,125.0,17031826500,031,Large_DG,2028-03-05,30,15,Dolton village,planned
ilsfa,660.0,17031826800,031,Large_DG,2028-03-05,30,15,Dixmoor village,planned
ilsfa,9.6,17031826800,031,Small_DG,2027-10-09,30,15,Dixmoor village,planned
ilsfa,25.0,17031826800,031,Small_DG,2027-05-06,30,15,Dixmoor village,planned
ilsfa,325.0,17031826800,031,Large_DG,2027-06-04,30,15,Dixmoor village,planned
ilsfa,9.6,17031827000,031,Small_DG,2027-10-09,30,15,Harvey city,planned
ilsfa,7.6,17031827300,031,Small_DG,2027-04-16,30,15,Harvey city,planned
ilsfa,7.6,17031827400,031,Small_DG,2027-03-18,30,15,Harvey city,planned
ilsfa,9.6,17031827400,031,Small_DG,2027-03-11,30,15,Harvey city,planned
ilsfa,10.0,17031827600,031,Small_DG,2027-03-04,30,15,Markham city,planned
ilsfa,9.6,17031827805,031,Small_DG,2027-11-07,29,15,South Holland village,planned
ilsfa,10.0,17031828202,031,Small_DG,2027-11-29,34,17,Lansing village,planned
ilsfa,7.6,17031828300,031,Small_DG,2027-08-17,29,15,Thornton village,planned
ilsfa,9.6,17031828505,031,Small_DG,2027-11-29,34,17,,planned
ilsfa,15.2,17031828701,031,Small_DG,2027-11-29,29,15,Glenwood village,planned
ilsfa,6.0,17031829302,031,Small_DG,2027-11-07,80,40,Chicago Heights city,planned
ilsfa,9.6,17031829600,031,Small_DG,2027-11-29,80,40,Steger village,planned
ilsfa,10.0,17031830003,031,Small_DG,2027-10-23,38,19,Matteson village,planned
ilsfa,7.6,17031830005,031,Small_DG,2027-04-29,38,19,Olympia Fields village,planned
ilsfa,10.0,17031830005,031,Small_DG,2027-02-07,38,19,Olympia Fields village,planned
ilsfa,10.0,17031830008,031,Small_DG,2027-11-07,38,19,Richton Park village,planned
ilsfa,3.8,17031830100,031,Small_DG,2027-06-04,80,40,Park Forest village,planned
ilsfa,10.0,17031830201,031,Small_DG,2027-02-07,80,40,Richton Park village,planned
ilsfa,7.6,17031831600,031,Small_DG,2027-03-11,3,2,Chicago city,planned
ilsfa,10.0,17031834200,031,Small_DG,2027-11-29,33,17,Chicago city,planned
ilsfa,15.0,17031834200,031,Small_DG,2027-11-07,33,17,Chicago city,planned
ilsfa,7.6,17031834300,031,Small_DG,2027-06-04,33,17,Chicago city,planned
ilsfa,5.0,17031834600,031,Small_DG,2027-03-04,5,3,Chicago city,planned
ilsfa,394.0,17031836600,031,Large_DG,2027-04-02,4,2,Chicago city,planned
ilsfa,10.0,17037001400,037,Small_DG,2027-11-29,74,37,,planned
ilsfa,9.6,17037001400,037,Small_DG,2027-10-23,74,37,,planned
ilsfa,7.61,17041952200,041,Small_DG,2027-02-21,101,51,Tuscola city,planned
ilsfa,10.0,17043840104,043,Small_DG,2027-07-06,77,39,Addison village,planned
ilsfa,9.6,17043840202,043,Small_DG,2027-10-23,48,24,Addison village,planned
ilsfa,10.0,17043840705,043,Small_DG,2027-06-04,45,23,Elmhurst city,planned
ilsfa,9.6,17043840901,043,Small_DG,2027-10-09,48,24,,planned
ilsfa,3.8,17043840904,043,Small_DG,2027-06-18,46,23,Glendale Heights village,planned
ilsfa,800.0,17043840908,043,Large_DG,2028-05-29,46,23,,planned
ilsfa,9.6,17043841204,043,Small_DG,2027-10-23,46,23,Glendale Heights village,planned
ilsfa,7.6,17043841208,043,Small_DG,2027-05-06,46,23,Glendale Heights village,planned
ilsfa,9.6,17043841323,043,Small_DG,2027-10-09,49,25,Bartlett village,planned
ilsfa,15.0,17043841706,043,Small_DG,2027-11-07,46,23,Lombard village,planned
ilsfa,9.6,17043842400,043,Small_DG,2027-03-11,42,21,Wheaton city,planned
ilsfa,9.6,17043842702,043,Small_DG,2027-10-23,47,24,Wheaton city,planned
ilsfa,9.6,17043842706,043,Small_DG,2027-04-16,42,21,Downers Grove village,planned
ilsfa,10.0,17043844202,043,Small_DG,2027-11-07,42,21,Lombard village,planned
ilsfa,9.6,17043845402,043,Small_DG,2027-10-09,45,23,,planned
ilsfa,9.6,17043845502,043,Small_DG,2027-11-07,45,23,Willowbrook village,planned
ilsfa,9.6,17043845505,043,Small_DG,2027-10-23,82,41,Darien city,planned
ilsfa,7.6,17043845805,043,Small_DG,2027-03-11,82,41,Darien city,planned
ilsfa,9.6,17043845805,043,Small_DG,2027-10-09,82,41,Darien city,planned
ilsfa,7.6,17043845807,043,Small_DG,2027-03-11,82,41,Darien city,planned
ilsfa,10.0,17043845809,043,Small_DG,2027-07-06,81,41,Woodridge village,planned
ilsfa,10.0,17043846511,043,Small_DG,2027-07-06,84,42,Aurora city,planned
ilsfa,9.6,17043846514,043,Small_DG,2027-10-23,84,42,Aurora city,planned
ilsfa,25.0,17045070100,045,Small_DG,2027-06-18,102,51,,planned
ilsfa,7.6,17051950700,051,Small_DG,2027-11-29,110,55,,planned
ilsfa,7.6,17051950800,051,Small_DG,2027-05-19,110,55,Vandalia city,planned
ilsfa,7.6,17051950800,051,Small_DG,2027-03-04,110,55,Vandalia city,planned
ilsfa,9.6,17055040100,055,Small_DG,2027-04-16,116,58,,planned
ilsfa,9.77,17055040500,055,Small_DG,2027-11-29,116,58,,planned
ilsfa,9.77,17055040500,055,Small_DG,2027-11-29,116,58,,planned
ilsfa,9.77,17055040500,055,Small_DG,2027-11-29,116,58,,planned
ilsfa,9.77,17055040500,055,Small_DG,2027-11-29,116,58,,planned
ilsfa,9.77,17055040500,055,Small_DG,2027-11-29,116,58,,planned
ilsfa,9.77,17055040500,055,Small_DG,2027-11-29,116,58,,planned
ilsfa,9.77,17055040500,055,Small_DG,2027-11-29,116,58,,planned
ilsfa,9.77,17055040500,055,Small_DG,2027-11-29,116,58,,planned
ilsfa,9.77,17055040500,055,Small_DG,2027-11-29,116,58,,planned
ilsfa,9.77,17055040500,055,Small_DG,2027-11-29,116,58,,planned
ilsfa,9.77,17055040500,055,Small_DG,2027-11-29,116,58,,planned
ilsfa,9.78,17055040500,055,Small_DG,2027-11-07,116,58,,planned
ilsfa,9.77,17055040500,055,Small_DG,2027-11-29,116,58,,planned
ilsfa,9.78,17055040500,055,Small_DG,2027-11-29,116,58,,planned
ilsfa,9.77,17055040500,055,Small_DG,2027-11-29,116,58,,planned
ilsfa,9.77,17055040500,055,Small_DG,2027-11-29,116,58,,planned
ilsfa,9.78,17055040500,055,Small_DG,2027-11-07,116,58,,planned
ilsfa,9.77,17055040500,055,Small_DG,2027-11-29,116,58,,planned
ilsfa,9.77,17055040500,055,Small_DG,2027-11-29,116,58,,planned
ilsfa,9.77,17055040500,055,Small_DG,2027-11-29,116,58,,planned
ilsfa,7.6,17055040900,055,Small_DG,2027-10-09,117,59,West Frankfort city,planned
ilsfa,297.22,17055041100,055,Large_DG,2027-09-19,117,59,,planned
ilsfa,7.6,17057953500,057,Small_DG,2027-11-29,94,47,,planned
ilsfa,7.59,17057953700,057,Small_DG,2027-02-21,94,47,,planned
ilsfa,9.6,17063000103,063,Small_DG,2027-10-09,106,53,Channahon village,planned
ilsfa,17.6,17063000700,063,Small_DG,2027-06-18,106,53,,planned
ilsfa,20.0,17065973300,065,Small_DG,2027-03-04,116,58,,planned
ilsfa,25.0,17071973300,071,Small_DG,2027-07-06,94,47,,planned
ilsfa,25.0,17077010200,077,Small_DG,2027-06-18,118,59,,planned
ilsfa,10.0,17077010200,077,Small_DG,2027-03-11,118,59,,planned
ilsfa,20.0,17077010200,077,Small_DG,2027-08-05,118,59,,planned
ilsfa,20.0,17077010800,077,Small_DG,2027-11-29,118,59,,planned
ilsfa,20.0,17081050900,081,Small_DG,2027-06-18,116,58,Mount Vernon city,planned
ilsfa,9.77,17083010100,083,Small_DG,2027-11-29,100,50,,planned
ilsfa,9.77,17083010100,083,Small_DG,2027-11-29,100,50,,planned
ilsfa,9.77,17083010100,083,Small_DG,2027-11-29,100,50,,planned
ilsfa,9.77,17083010100,083,Small_DG,2027-11-29,100,50,,planned
ilsfa,9.6,17089850202,089,Small_DG,2027-04-02,43,22,Carpentersville village,planned
ilsfa,23.3,17089850703,089,Small_DG,2027-07-06,70,35,,planned
ilsfa,10.0,17089850711,089,Small_DG,2027-03-04,65,33,,planned
ilsfa,9.6,17089851302,089,Small_DG,2027-11-07,43,22,Elgin city,planned
ilsfa,9.6,17089851400,089,Small_DG,2027-11-29,43,22,Elgin city,planned
ilsfa,9.6,17089852907,089,Small_DG,2027-06-18,50,25,Aurora city,planned
ilsfa,10.0,17089853602,089,Small_DG,2027-11-29,50,25,Aurora city,planned
ilsfa,10.0,17089854100,089,Small_DG,2027-11-07,50,25,Aurora city,planned
ilsfa,9.6,17089854402,089,Small_DG,2027-10-23,84,42,Aurora city,planned
ilsfa,9.6,17091010702,091,Small_DG,2027-10-23,29,15,,planned
ilsfa,10.0,17093890104,093,Small_DG,2027-11-07,84,42,,planned
ilsfa,9.6,17093890107,093,Small_DG,2027-11-07,75,38,Oswego village,planned
ilsfa,25.0,17093890108,093,Small_DG,2027-11-07,75,38,Oswego village,planned
ilsfa,9.6,17093890502,093,Small_DG,2027-11-07,75,38,,planned
ilsfa,10.0,17093890703,093,Small_DG,2027-10-23,75,38,,planned
ilsfa,10.0,17095000700,095,Small_DG,2027-09-05,71,36,Galesburg city,planned
ilsfa,7.6,17095001000,095,Small_DG,2027-06-18,71,36,Galesburg city,planned
ilsfa,25.0,17095001400,095,Small_DG,2027-08-17,94,47,,planned
ilsfa,7.6,17097861507,097,Small_DG,2027-11-29,60,30,Waukegan city,planned
ilsfa,9.6,17097864204,097,Small_DG,2027-11-29,52,26,,planned
ilsfa,10.0,17097864207,097,Small_DG,2027-11-29,52,26,,planned
ilsfa,9.6,17097866000,097,Small_DG,2027-10-09,61,31,Wadsworth village,planned
ilsfa,9.6,17105960200,105,Small_DG,2027-10-09,106,53,,planned
ilsfa,10.0,17109011000,109,Small_DG,2027-11-07,94,47,,planned
ilsfa,9.6,17111870200,111,Small_DG,2027-11-07,69,35,,planned
ilsfa,7.6,17111870402,111,Small_DG,2027-03-04,63,32,Woodstock city,planned
ilsfa,9.6,17111870809,111,Small_DG,2027-11-29,63,32,Prairie Grove village,planned
ilsfa,10.0,17113000504,113,Small_DG,2027-11-29,91,46,Normal town,planned
ilsfa,80.0,17113001303,113,Large_DG,2027-11-29,91,46,Bloomington city,planned
ilsfa,50.0,17113001303,113,Large_DG,2027-11-29,91,46,Bloomington city,planned
ilsfa,96.0,17113001700,113,Large_DG,2027-06-18,91,46,Bloomington city,planned
ilsfa,6.0,17115000200,115,Small_DG,2027-03-04,96,48,Decatur city,planned
ilsfa,6.0,17115000300,115,Small_DG,2027-02-21,96,48,Decatur city,planned
ilsfa,10.0,17115000300,115,Small_DG,2027-02-07,96,48,Decatur city,planned
ilsfa,10.0,17115000300,115,Small_DG,2027-02-07,96,48,Decatur city,planned
ilsfa,10.0,17115000300,115,Small_DG,2027-04-16,96,48,Decatur city,planned
ilsfa,7.6,17115001100,115,Small_DG,2027-03-11,96,48,Decatur city,planned
ilsfa,6.0,17115001200,115,Small_DG,2027-11-29,96,48,Decatur city,planned
ilsfa,10.0,17115001200,115,Small_DG,2027-03-11,96,48,Decatur city,planned
ilsfa,10.0,17115001500,115,Small_DG,2027-03-18,96,48,,planned
ilsfa,5.0,17115001801,115,Small_DG,2027-02-21,88,44,Decatur city,planned
ilsfa,7.6,17115001802,115,Small_DG,2027-03-11,88,44,Decatur city,planned
ilsfa,10.0,17115001900,115,Small_DG,2027-02-07,96,48,Decatur city,planned
ilsfa,7.6,17119400102,119,Small_DG,2027-10-09,112,56,Granite City city,planned
ilsfa,100.0,17119400600,119,Large_DG,2027-11-29,113,57,Madison city,planned
ilsfa,50.0,17119400600,119,Large_DG,2027-11-29,113,57,Madison city,planned
ilsfa,22.8,17119400904,119,Small_DG,2027-07-06,111,56,Granite City city,planned
ilsfa,4.19,17119401000,119,Small_DG,2027-11-29,111,56,Roxana village,planned
ilsfa,60.0,17119401000,119,Large_DG,2027-06-18,111,56,Roxana village,planned
ilsfa,15.2,17119401800,119,Small_DG,2027-10-09,111,56,Rosewood Heights CDP,planned
ilsfa,7.6,17119401800,119,Small_DG,2027-10-09,111,56,Rosewood Heights CDP,planned
ilsfa,60.0,17119401905,119,Large_DG,2027-10-09,111,56,South Roxana village,planned
ilsfa,15.2,17119402400,119,Small_DG,2027-11-29,111,56,Alton city,planned
ilsfa,50.0,17119402500,119,Large_DG,2027-11-29,111,56,Alton city,planned
ilsfa,15.37,17119402600,119,Small_DG,2027-02-21,111,56,Alton city,planned
ilsfa,9.6,17119402701,119,Small_DG,2027-10-23,100,50,Godfrey village,planned
ilsfa,9.28,17119402721,119,Small_DG,2027-06-18,100,50,Godfrey village,planned
ilsfa,7.6,17119402805,119,Small_DG,2027-10-09,100,50,,planned
ilsfa,10.0,17119403001,119,Small_DG,2027-06-04,112,56,Edwardsville city,planned
ilsfa,19.54,17119403532,119,Small_DG,2027-11-29,109,55,,planned
ilsfa,25.0,17119403802,119,Small_DG,2027-07-21,109,55,,planned
ilsfa,34.6,17119404000,119,Large_DG,2027-11-29,112,56,Granite City city,planned
ilsfa,180.0,17119404100,119,Large_DG,2027-11-29,111,56,Madison city,planned
ilsfa,135.0,17119404100,119,Large_DG,2027-11-29,111,56,Madison city,planned
ilsfa,5.0,17119404100,119,Small_DG,2027-07-06,111,56,Madison city,planned
ilsfa,22.8,17121951900,121,Small_DG,2027-08-05,110,55,,planned
ilsfa,7.6,17121952200,121,Small_DG,2027-11-29,110,55,,planned
ilsfa,15.21,17131040200,131,Small_DG,2027-02-07,94,47,,planned
ilsfa,15.2,17135957800,135,Small_DG,2027-04-29,108,54,Litchfield city,planned
ilsfa,10.0,17143004400,143,Small_DG,2027-03-04,92,46,West Peoria city,planned
ilsfa,7.6,17143004500,143,Small_DG,2027-07-06,93,47,,planned
ilsfa,10.0,17143004901,143,Small_DG,2027-10-09,93,47,,planned
ilsfa,9.12,17155954600,155,Small_DG,2027-10-23,105,53,,planned
ilsfa,20.0,17157950500,157,Small_DG,2027-03-11,115,58,,planned
ilsfa,20.88,17159978300,159,Small_DG,2027-09-05,110,55,,planned
ilsfa,10.0,17161020301,161,Small_DG,2027-03-04,72,36,Silvis city,planned
ilsfa,5.0,17161022300,161,Small_DG,2027-02-07,72,36,Moline city,planned
ilsfa,10.0,17161023000,161,Small_DG,2027-02-07,72,36,Rock Island city,planned
ilsfa,10.0,17161023200,161,Small_DG,2027-03-04,72,36,Rock Island city,planned
ilsfa,5.0,17161023700,161,Small_DG,2027-02-07,72,36,Rock Island city,planned
ilsfa,10.0,17161023700,161,Small_DG,2027-02-21,72,36,Rock Island city,planned
ilsfa,7.6,17161023700,161,Small_DG,2027-03-04,72,36,Rock Island city,planned
ilsfa,6.0,17161023700,161,Small_DG,2027-03-04,72,36,Rock Island city,planned
ilsfa,50.0,17163500400,163,Large_DG,2027-04-02,114,57,East St. Louis city,planned
ilsfa,150.0,17163500400,163,Large_DG,2027-04-02,114,57,East St. Louis city,planned
ilsfa,200.0,17163500400,163,Large_DG,2027-11-29,114,57,East St. Louis city,planned
ilsfa,5000.0,17163501100,163,Large_DG,2028-05-29,114,57,East St. Louis city,planned
ilsfa,5000.0,17163501100,163,Large_DG,2028-05-29,114,57,East St. Louis city,planned
ilsfa,7.32,17163501602,163,Small_DG,2027-11-29,113,57,Belleville city,planned
ilsfa,9.86,17163502602,163,Small_DG,2027-03-18,114,57,Cahokia village,planned
ilsfa,90.0,17163502602,163,Large_DG,2027-11-29,114,57,Cahokia village,planned
ilsfa,35.6,17167002400,167,Large_DG,2027-11-29,96,48,Springfield city,planned
ilsfa,25.0,17167003901,167,Small_DG,2027-09-05,95,48,,planned
ilsfa,17.6,17171970700,171,Small_DG,2027-07-06,100,50,,planned
ilsfa,7.6,17177000200,177,Small_DG,2027-11-29,90,45,,planned
ilsfa,10.0,17177001000,177,Small_DG,2027-11-07,90,45,Freeport city,planned
ilsfa,7.6,17177001300,177,Small_DG,2027-04-16,90,45,Freeport city,planned
ilsfa,9.88,17179021101,179,Small_DG,2027-10-23,93,47,Pekin city,planned
ilsfa,10.0,17179021701,179,Small_DG,2027-11-29,87,44,,planned
ilsfa,10.0,17179021702,179,Small_DG,2027-10-09,87,44,,planned
ilsfa,9.88,17179021702,179,Small_DG,2027-10-23,87,44,,planned
ilsfa,9.88,17179021900,179,Small_DG,2027-10-09,87,44,,planned
ilsfa,20.0,17179022100,179,Small_DG,2027-10-23,91,46,,planned
ilsfa,20.0,17183010900,183,Small_DG,2027-03-11,102,51,,planned
ilsfa,7.6,17191955100,191,Small_DG,2027-11-29,116,58,,planned
ilsfa,9.77,17191955200,191,Small_DG,2027-11-29,116,58,Fairfield city,planned
ilsfa,9.77,17191955200,191,Small_DG,2027-11-29,116,58,Fairfield city,planned
ilsfa,9.77,17191955200,191,Small_DG,2027-11-29,116,58,Fairfield city,planned
ilsfa,9.77,17191955200,191,Small_DG,2027-11-29,116,58,Fairfield city,planned
ilsfa,9.78,17191955200,191,Small_DG,2027-11-29,116,58,Fairfield city,planned
ilsfa,9.77,17191955200,191,Small_DG,2027-11-29,116,58,Fairfield city,planned
ilsfa,9.78,17191955200,191,Small_DG,2027-11-07,116,58,Fairfield city,planned
ilsfa,9.77,17191955200,191,Small_DG,2027-11-29,116,58,Fairfield city,planned
ilsfa,9.78,17191955200,191,Small_DG,2027-11-29,116,58,Fairfield city,planned
ilsfa,9.77,17191955200,191,Small_DG,2027-11-29,116,58,Fairfield city,planned
ilsfa,9.78,17191955200,191,Small_DG,2027-11-29,116,58,Fairfield city,planned
ilsfa,9.78,17191955200,191,Small_DG,2027-11-29,116,58,Fairfield city,planned
ilsfa,9.77,17191955200,191,Small_DG,2027-11-29,116,58,Fairfield city,planned
ilsfa,9.77,17191955200,191,Small_DG,2027-11-29,116,58,Fairfield city,planned
ilsfa,9.77,17191955200,191,Small_DG,2027-11-07,116,58,Fairfield city,planned
ilsfa,9.77,17191955200,191,Small_DG,2027-11-29,116,58,Fairfield city,planned
ilsfa,9.77,17191955200,191,Small_DG,2027-11-29,116,58,Fairfield city,planned
ilsfa,9.77,17191955200,191,Small_DG,2027-11-29,116,58,Fairfield city,planned
ilsfa,9.6,17195000400,195,Small_DG,2027-11-29,73,37,,planned
ilsfa,7.6,17195000400,195,Small_DG,2027-10-23,73,37,,planned
ilsfa,9.6,17195001200,195,Small_DG,2027-10-23,74,37,Sterling city,planned
ilsfa,6.0,17195001200,195,Small_DG,2027-11-07,74,37,Sterling city,planned
ilsfa,10.0,17197880105,197,Small_DG,2027-10-23,98,49,Bolingbrook village,planned
ilsfa,9.6,17197880105,197,Small_DG,2027-03-18,98,49,Bolingbrook village,planned
ilsfa,9.6,17197880122,197,Small_DG,2027-11-07,98,49,Bolingbrook village,planned
ilsfa,9.6,17197880123,197,Small_DG,2027-10-09,85,43,Bolingbrook village,planned
ilsfa,7.6,17197880124,197,Small_DG,2027-03-11,98,49,Bolingbrook village,planned
ilsfa,10.0,17197880203,197,Small_DG,2027-03-18,85,43,Romeoville village,planned
ilsfa,9.6,17197880325,197,Small_DG,2027-10-23,84,42,Aurora city,planned
ilsfa,9.6,17197880326,197,Small_DG,2027-10-09,84,42,,planned
ilsfa,7.6,17197880424,197,Small_DG,2027-11-29,97,49,,planned
ilsfa,9.6,17197880426,197,Small_DG,2027-06-18,98,49,Romeoville village,planned
ilsfa,9.6,17197880429,197,Small_DG,2027-11-07,97,49,Joliet city,planned
ilsfa,10.0,17197880431,197,Small_DG,2027-04-02,97,49,Joliet city,planned
ilsfa,7.6,17197880702,197,Small_DG,2027-03-11,85,43,Fairmont CDP,planned
ilsfa,9.6,17197880905,197,Small_DG,2027-10-23,98,49,Crest Hill city,planned
ilsfa,9.6,17197881002,197,Small_DG,2027-06-04,37,19,Homer Glen village,planned
ilsfa,9.6,17197881108,197,Small_DG,2027-10-23,37,19,New Lenox village,planned
ilsfa,410.4,17197881201,197,Large_DG,2028-05-29,86,43,Joliet city,planned
ilsfa,72.79,17197881604,197,Large_DG,2027-10-09,98,49,Joliet city,planned
ilsfa,80.0,17197883401,197,Large_DG,2027-11-29,80,40,Wilmington city,planned
ilsfa,9.6,17197883505,197,Small_DG,2027-04-02,38,19,Frankfort village,planned
ilsfa,9.6,17197883602,197,Small_DG,2027-11-29,79,40,Monee village,planned
ilsfa,10.0,17197883808,197,Small_DG,2027-04-02,29,15,,planned
ilsfa,10.0,17199020100,199,Small_DG,2027-03-04,118,59,,planned
ilsfa,6.08,17199020300,199,Small_DG,2027-02-07,118,59,,planned
ilsfa,90.0,17199020400,199,Large_DG,2027-11-29,118,59,Herrin city,planned
ilsfa,7.6,17199020400,199,Small_DG,2027-02-07,118,59,Herrin city,planned
ilsfa,26.56,17199021001,199,Large_DG,2027-03-18,118,59,Marion city,planned
ilsfa,300.0,17199021001,199,Large_DG,2027-11-29,118,59,Marion city,planned
ilsfa,11.4,17201000101,201,Small_DG,2027-07-06,90,45,Machesney Park village,planned
ilsfa,101.5,17201000103,201,Large_DG,2027-10-23,90,45,Machesney Park village,planned
ilsfa,9.6,17201000501,201,Small_DG,2027-11-29,68,34,,planned
ilsfa,5.0,17201000600,201,Small_DG,2027-10-23,68,34,Rockford city,planned
ilsfa,9.6,17201000800,201,Small_DG,2027-04-02,67,34,Rockford city,planned
ilsfa,9.6,17201001500,201,Small_DG,2027-04-16,68,34,Rockford city,planned
ilsfa,9.6,17201001600,201,Small_DG,2027-10-23,68,34,Rockford city,planned
ilsfa,9.6,17201002200,201,Small_DG,2027-11-29,67,34,Rockford city,planned
ilsfa,9.6,17201002200,201,Small_DG,2027-10-09,67,34,Rockford city,planned
ilsfa,9.6,17201002301,201,Small_DG,2027-10-09,67,34,,planned
ilsfa,134.6,17201002600,201,Large_DG,2027-06-18,67,34,Rockford city,planned
ilsfa,9.6,17201002700,201,Small_DG,2027-11-29,67,34,Rockford city,planned
ilsfa,9.6,17201003200,201,Small_DG,2027-11-29,67,34,Rockford city,planned
ilsfa,19.0,17201003400,201,Small_DG,2027-07-21,67,34,Rockford city,planned
ilsfa,10.0,17203030200,203,Small_DG,2027-11-07,105,53,,planned
ilsfa,9.88,17203030400,203,Small_DG,2027-11-07,105,53,Metamora village,planned
ilsfa,7.6,17203030400,203,Small_DG,2027-11-29,105,53,Metamora village,planned
ilsfa,22.8,17203030501,203,Small_DG,2027-11-29,73,37,Germantown Hills village,planned
ilsfa,20.0,17029000100,029,Small_DG,2026-12-18,101,51,,planned
ilsfa,75.0,17031231500,031,Large_DG,2026-11-22,10,5,Chicago city,planned
ilsfa,24.94,17031250700,031,Small_DG,2027-01-17,8,4,Chicago city,planned
ilsfa,96.5,17031530100,031,Large_DG,2026-11-22,34,17,Chicago city,planned
ilsfa,5.0,17031670800,031,Small_DG,2026-11-22,6,3,Chicago city,planned
ilsfa,150.0,17031691400,031,Large_DG,2026-11-30,32,16,Chicago city,planned
ilsfa,5.0,17031711400,031,Small_DG,2027-01-17,27,14,Chicago city,planned
ilsfa,10.0,17031730600,031,Small_DG,2026-12-05,27,14,Chicago city,planned
ilsfa,96.5,17031750500,031,Large_DG,2026-11-22,27,14,Chicago city,planned
ilsfa,6.0,17031750500,031,Small_DG,2026-12-18,27,14,Chicago city,planned
ilsfa,10.0,17031750600,031,Small_DG,2026-12-18,27,14,Chicago city,planned
ilsfa,6.0,17031750600,031,Small_DG,2027-01-02,27,14,Chicago city,planned
ilsfa,9.6,17031770601,031,Small_DG,2027-01-02,56,28,Des Plaines city,planned
ilsfa,10.0,17031805702,031,Small_DG,2026-11-15,55,28,Park Ridge city,planned
ilsfa,9.6,17031814700,031,Small_DG,2027-01-02,21,11,Berwyn city,planned
ilsfa,9.6,17031814800,031,Small_DG,2027-01-02,21,11,Berwyn city,planned
ilsfa,110.0,17031820902,031,Large_DG,2027-01-17,22,11,Burbank city,planned
ilsfa,9.6,17031824505,031,Small_DG,2027-01-02,28,14,Oak Forest city,planned
ilsfa,2750.0,17031824800,031,Large_DG,2027-02-06,30,15,Posen village,planned
ilsfa,5000.0,17031825803,031,Large_DG,2027-02-06,29,15,Calumet City city,planned
ilsfa,6.0,17031826301,031,Small_DG,2026-11-15,29,15,South Holland village,planned
ilsfa,6.0,17031827100,031,Small_DG,2026-12-18,30,15,Harvey city,planned
ilsfa,6.0,17031827200,031,Small_DG,2027-01-02,30,15,Phoenix village,planned
ilsfa,10.0,17031828507,031,Small_DG,2026-12-05,33,17,Lansing village,planned
ilsfa,6.0,17031828701,031,Small_DG,2026-10-24,29,15,Glenwood village,planned
ilsfa,3840.0,17031843000,031,Large_DG,2027-02-06,9,5,Chicago city,planned
ilsfa,10.0,17095001000,095,Small_DG,2026-12-18,71,36,Galesburg city,planned
ilsfa,5.0,17095001000,095,Small_DG,2027-01-02,71,36,Galesburg city,planned
ilsfa,875.0,17111870200,111,Large_DG,2027-05-22,69,35,,planned
ilsfa,10.0,17113005601,113,Small_DG,2026-12-18,88,44,,planned
ilsfa,7.6,17119400801,119,Small_DG,2027-01-17,111,56,Granite City city,planned
ilsfa,7.6,17121952100,121,Small_DG,2027-01-17,110,55,,planned
ilsfa,10.0,17139976900,139,Small_DG,2026-12-18,107,54,,planned
ilsfa,10.0,17139976900,139,Small_DG,2026-12-18,107,54,,planned
ilsfa,10.0,17143003404,143,Small_DG,2027-01-02,73,37,Peoria city,planned
ilsfa,50.0,17143004400,143,Large_DG,2026-12-31,92,46,West Peoria city,planned
ilsfa,7.6,17143004801,143,Small_DG,2027-01-02,93,47,,planned
ilsfa,20.0,17161023700,161,Small_DG,2027-01-17,72,36,Rock Island city,planned
ilsfa,500.0,17179021101,179,Large_DG,2026-11-30,93,47,Pekin city,planned
ilsfa,300.0,17179021101,179,Large_DG,2026-11-30,93,47,Pekin city,planned
ilsfa,10.0,17181950200,181,Small_DG,2027-01-02,118,59,,planned
ilsfa,7.6,17181950500,181,Small_DG,2027-01-17,118,59,,planned
ilsfa,6.0,17183010300,183,Small_DG,2026-12-05,101,51,,planned
ilsfa,4000.0,17197883100,197,Large_DG,2027-04-10,86,43,Joliet city,planned
ilsfa,9.77,17199020100,199,Small_DG,2027-01-17,118,59,,planned
ilsfa,10.0,17199020300,199,Small_DG,2027-01-17,118,59,,planned
ilsfa,1500.0,17201003602,201,Large_DG,2027-04-10,67,34,Rockford city,planned
ilsfa,400.0,17031691500,031,Large_DG,2026-11-30,32,16,Chicago city,planned
ilsfa,9.57,17031730500,031,Small_DG,2026-09-30,27,14,Chicago city,planned
ilsfa,400.0,17031821402,031,Large_DG,2027-02-26,28,14,Calumet Park village,planned
ilsfa,2.9,17099963800,099,Small_DG,2026-07-31,106,53,Streator city,planned
ilsfa,500.0,17115002601,115,Large_DG,2026-08-31,88,44,,planned
ilsfa,500.0,17121952700,121,Large_DG,2026-11-30,110,55,Centralia city,planned
ilsfa,80.0,17143004500,143,Large_DG,2027-01-29,93,47,,planned
ilsfa,5000.0,17143004902,143,Large_DG,2026-08-31,93,47,,planned
ilsfa,22.8,17179020301,179,Small_DG,2026-12-31,87,44,,planned
ilsfa,20.0,17197883000,197,Small_DG,2026-09-30,86,43,Joliet city,planned
ilsfa,2500.0,17201003601,201,Large_DG,2027-05-28,67,34,Rockford city,planned
ilsfa,3.77,17031730100,031,Small_DG,2027-01-29,27,14,Chicago city,planned
ilsfa,100.0,17031816402,031,Large_DG,2026-08-31,77,39,Melrose Park village,planned
ilsfa,120.0,17089854700,089,Large_DG,2026-08-31,50,25,Aurora city,planned
ilsfa,2000.0,17095001600,095,Large_DG,2027-05-28,93,47,,planned
ilsfa,60.0,17097862401,097,Large_DG,2026-08-31,60,30,Waukegan city,planned
ilsfa,1500.0,17113005401,113,Large_DG,2027-01-29,88,44,,planned
ilsfa,2000.0,17123961400,123,Large_DG,2027-05-28,105,53,,planned
ilsfa,500.0,17031500100,031,Large_DG,2027-04-30,34,17,Chicago city,planned
ilsfa,25.0,17089854002,089,Small_DG,2027-06-30,83,42,Montgomery village,planned
ilsfa,500.0,17121951800,121,Large_DG,2026-10-30,110,55,,planned
ilsfa,500.0,17183011200,183,Large_DG,2026-11-30,104,52,,planned
ilsfa,60.0,17031231200,031,Large_DG,2026-09-30,4,2,Chicago city,planned
ilsfa,62.5,17031806202,031,Large_DG,2027-02-26,55,28,Des Plaines city,planned
ilsfa,50.0,17031830006,031,Large_DG,2027-02-26,38,19,Matteson village,planned
ilsfa,50.0,17031830006,031,Large_DG,2026-08-31,38,19,Matteson village,planned
ilsfa,20.0,17097861902,097,Small_DG,2026-08-31,60,30,Waukegan city,planned
ilsfa,62.52,17201003709,201,Large_DG,2027-02-26,68,34,Rockford city,planned
ilsfa,250.0,17031500100,031,Large_DG,2027-02-26,34,17,Chicago city,planned
eia860,2000,17031820202,031,Utility,8/1/2026,21,11,Hodgkins village,planned
eia860,50000,17027900401,027,Utility,8/1/2026,110,55,,planned
eia860,2000,17167004000,167,Utility,8/1/2026,87,44,,planned
eia860,5000,17011964700,011,Utility,8/1/2026,73,37,,planned
eia860,1000,17195000700,195,Utility,8/1/2026,73,37,,planned
eia860,5000,17135957900,135,Utility,8/1/2026,108,54,,planned
eia860,5000,17135958000,135,Utility,8/1/2026,108,54,Coffeen city,planned
eia860,5000,17199020900,199,Utility,8/1/2026,117,59,,planned
eia860,5000,17105960800,105,Utility,8/1/2026,106,53,,planned
eia860,2000,17111870906,111,Utility,8/1/2026,63,32,,planned
eia860,2000,17031829700,031,Utility,8/1/2026,29,15,,planned
eia860,3500,17031811701,031,Utility,8/1/2026,77,39,Franklin Park village,planned
eia860,3100,17197880502,197,Utility,8/1/2026,85,43,,planned
eia860,3400,17197880602,197,Utility,8/1/2026,85,43,Lockport city,planned
eia860,2000,17177000700,177,Utility,8/1/2026,90,45,Freeport city,planned
eia860,5000,17063000900,063,Utility,9/1/2026,79,40,,planned
eia860,1600,17043840904,043,Utility,9/1/2026,46,23,Glendale Heights village,planned
eia860,1600,17031770602,031,Utility,9/1/2026,56,28,Des Plaines city,planned
eia860,1200,17031811500,031,Utility,9/1/2026,77,39,Franklin Park village,planned
eia860,1600,17031811800,031,Utility,9/1/2026,77,39,Northlake city,planned
eia860,4900,17197883100,197,Utility,9/1/2026,86,43,Joliet city,planned
eia860,2300,17201002200,201,Utility,9/1/2026,67,34,Rockford city,planned
eia860,2300,17201002200,201,Utility,9/1/2026,67,34,Rockford city,planned
eia860,3900,17099962200,099,Utility,9/1/2026,74,37,,planned
eia860,4500,17011965000,011,Utility,9/1/2026,76,38,,planned
eia860,4500,17011965000,011,Utility,9/1/2026,76,38,,planned
eia860,5000,17199020900,199,Utility,9/1/2026,117,59,,planned
eia860,5000,17005951300,005,Utility,9/1/2026,109,55,Greenville city,planned
eia860,1000,17073031100,073,Utility,9/1/2026,93,47,Galva city,planned
eia860,1400,17107952900,107,Utility,9/1/2026,87,44,,planned
eia860,5000,17113002101,113,Utility,9/1/2026,88,44,Bloomington city,planned
eia860,2500,17011964900,011,Utility,9/1/2026,73,37,,planned
eia860,1400,17043840000,043,Utility,10/1/2026,77,39,Chicago city,planned
eia860,1900,17043840000,043,Utility,10/1/2026,77,39,Chicago city,planned
eia860,1100,17043840000,043,Utility,10/1/2026,77,39,Chicago city,planned
eia860,1700,17031770500,031,Utility,10/1/2026,56,28,Elk Grove Village village,planned
eia860,3000,17031770700,031,Utility,10/1/2026,20,10,Rosemont village,planned
eia860,5000,17113006000,113,Utility,10/1/2026,87,44,,planned
eia860,5000,17159977900,159,Utility,10/1/2026,110,55,,planned
eia860,5000,17091010100,091,Utility,10/1/2026,29,15,,planned
eia860,4000,17109010200,109,Utility,10/1/2026,94,47,,planned
eia860,4500,17111870906,111,Utility,10/1/2026,63,32,,planned
eia860,150000,17081050100,081,Utility,10/1/2026,116,58,,planned
eia860,95000,17077010400,077,Utility,10/1/2026,115,58,,planned
eia860,5000,17197883809,197,Utility,10/1/2026,29,15,Crete village,planned
eia860,1500,17073031100,073,Utility,10/1/2026,93,47,Galva city,planned
eia860,5000,17179021801,179,Utility,10/1/2026,93,47,,planned
eia860,5000,17179021801,179,Utility,10/1/2026,93,47,,planned
eia860,2500,17067954000,067,Utility,10/1/2026,94,47,,planned
eia860,2800,17111870200,111,Utility,10/1/2026,69,35,,planned
eia860,3100,17111870200,111,Utility,10/1/2026,69,35,,planned
eia860,5000,17099964100,099,Utility,11/1/2026,106,53,,planned
eia860,1600,17031811800,031,Utility,11/1/2026,77,39,Northlake city,planned
eia860,2000,17199020201,199,Utility,11/1/2026,118,59,Carterville city,planned
eia860,2500,17119402803,119,Utility,11/1/2026,111,56,,planned
eia860,3600,17165956200,165,Utility,11/1/2026,117,59,,planned
eia860,1500,17115003000,115,Utility,11/1/2026,88,44,,planned
eia860,5000,17037000100,037,Utility,11/1/2026,89,45,,planned
eia860,150000,17163504002,163,Utility,11/1/2026,114,57,,planned
eia860,18000,17051950700,051,Utility,11/1/2026,110,55,,planned
eia860,2000,17025972200,025,Utility,11/1/2026,110,55,,planned
eia860,5000,17105960200,105,Utility,11/1/2026,106,53,,planned
eia860,2600,17027900401,027,Utility,11/1/2026,110,55,,planned
eia860,5000,17111870404,111,Utility,11/1/2026,63,32,,planned
eia860,1200,17043840000,043,Utility,12/1/2026,77,39,Chicago city,planned
eia860,1700,17043840000,043,Utility,12/1/2026,77,39,Chicago city,planned
eia860,1400,17031811702,031,Utility,12/1/2026,77,39,Northlake city,planned
eia860,2500,17031811702,031,Utility,12/1/2026,77,39,Northlake city,planned
eia860,5000,17163502404,163,Utility,12/1/2026,112,56,,planned
eia860,100000,17145030100,145,Utility,12/1/2026,115,58,,planned
eia860,100000,17051950700,051,Utility,12/1/2026,110,55,,planned
eia860,5000,17063000200,063,Utility,12/1/2026,75,38,,planned
eia860,2000,17169970100,169,Utility,12/1/2026,94,47,,planned
eia860,5000,17179021701,179,Utility,12/1/2026,87,44,,planned
eia860,5000,17081050900,081,Utility,12/1/2026,116,58,Mount Vernon city,planned
eia860,28000,17145030100,145,Utility,12/1/2026,115,58,,planned
eia860,5000,17097866000,097,Utility,12/1/2026,61,31,Wadsworth village,planned
eia860,2000,17143003700,143,Utility,12/1/2026,73,37,,planned
eia860,2000,17143003800,143,Utility,12/1/2026,93,47,,planned
eia860,2000,17143003800,143,Utility,12/1/2026,93,47,,planned
eia860,1200,17043840000,043,Utility,1/1/2027,77,39,Chicago city,planned
eia860,35900,17087977700,087,Utility,1/1/2027,117,59,,planned
eia860,5000,17117956800,117,Utility,1/1/2027,108,54,,planned
eia860,40000,17145030100,145,Utility,1/1/2027,115,58,,planned
eia860,5000,17007010400,007,Utility,1/1/2027,89,45,,planned
eia860,5000,17143003602,143,Utility,1/1/2027,73,37,Chillicothe city,planned
eia860,1400,17031770500,031,Utility,2/1/2027,56,28,Elk Grove Village village,planned
eia860,1300,17043840904,043,Utility,2/1/2027,46,23,Glendale Heights village,planned
eia860,2500,17019005602,019,Utility,2/1/2027,104,52,,planned
eia860,2500,17019005602,019,Utility,2/1/2027,104,52,,planned
eia860,2000,17127970100,127,Utility,2/1/2027,117,59,,planned
eia860,1000,17149952700,149,Utility,2/1/2027,100,50,Pittsfield city,planned
eia860,1000,17051951000,051,Utility,2/1/2027,110,55,,planned
eia860,5000,17089850707,089,Utility,2/1/2027,70,35,,planned
eia860,1800,17043845803,043,Utility,3/1/2027,82,41,,planned
eia860,1500,17201003709,201,Utility,3/1/2027,68,34,Rockford city,planned
eia860,5000,17077010400,077,Utility,3/1/2027,115,58,,planned
eia860,1300,17077010400,077,Utility,3/1/2027,115,58,,planned
eia860,3200,17193958400,193,Utility,3/1/2027,117,59,,planned
eia860,1900,17089852903,089,Utility,4/1/2027,50,25,Aurora city,planned
eia860,1300,17043840000,043,Utility,4/1/2027,77,39,Chicago city,planned
eia860,1900,17031813301,031,Utility,4/1/2027,2,1,Cicero town,planned
eia860,5000,17187870300,187,Utility,4/1/2027,71,36,,planned
eia860,5000,17089851904,089,Utility,4/1/2027,66,33,,planned
eia860,5000,17147954500,147,Utility,4/1/2027,88,44,,planned
eia860,2100,17105960500,105,Utility,6/1/2027,105,53,,planned
eia860,5000,17201004300,201,Utility,7/1/2027,89,45,,planned
eia860,5000,17091011100,091,Utility,7/1/2027,34,17,,planned
eia860,5000,17091010201,091,Utility,8/1/2027,79,40,,planned
eia860,5000,17113001402,113,Utility,8/1/2027,88,44,,planned
eia860,40000,17131040400,131,Utility,8/1/2027,94,47,,planned
eia860,140000,17001010600,001,Utility,9/1/2027,99,50,,planned
eia860,250000,17021958600,021,Utility,9/1/2027,107,54,,planned
eia860,4500,17075950600,075,Utility,9/1/2027,106,53,,planned
eia860,3000,17099962300,099,Utility,9/1/2027,75,38,,planned
eia860,2800,17129010100,129,Utility,9/1/2027,108,54,,planned
eia860,3500,17019010603,019,Utility,9/1/2027,101,51,Mahomet village,planned
eia860,5000,17119401905,119,Utility,9/1/2027,111,56,South Roxana village,planned
eia860,5000,17073030202,073,Utility,9/1/2027,93,47,,planned
eia860,12500,17007010400,007,Utility,12/1/2027,89,45,,planned
eia860,125000,17025972200,025,Utility,12/1/2027,110,55,,planned
eia860,150000,17193958400,193,Utility,6/1/2028,117,59,,planned
eia860,95000,17037001500,037,Utility,9/1/2028,76,38,,planned
eia860,300000,17091010300,091,Utility,9/1/2028,79,40,,planned
eia860,150000,17099963700,099,Utility,5/1/2029,106,53,,planned
eia860,1200000,17103000100,103,Utility,12/1/2029,74,37,,planned
