census_tract,dg_small_kw,dg_small_count,dg_large_kw,dg_large_count,cs_kw,cs_count,utility_kw,utility_count,total_kw,total_count,planned_dg_small_kw,planned_dg_small_count,planned_dg_large_kw,planned_dg_large_count,planned_cs_kw,planned_cs_count,planned_utility_kw,planned_utility_count,planned_total_kw,planned_total_count,future_dg_small_kw,future_dg_small_count,future_dg_large_kw,future_dg_large_count,future_cs_kw,future_cs_count,future_utility_kw,future_utility_count,future_total_kw,future_total_count
17031800200,101,13,0,0,0,0,0,0,101,13,10,1,0,0,0,0,0,0,10,1,111,14,0,0,0,0,0,0,111,14
17119403701,1238,105,1277,4,4000,2,4000,2,10515,113,96,8,0,0,0,0,0,0,96,8,1334,113,1277,4,4000,2,4000,2,10611,121
17005951500,948,76,45,1,0,0,0,0,993,77,44,6,0,0,0,0,0,0,44,6,992,82,45,1,0,0,0,0,1037,83
17119402804,423,38,28,1,0,0,0,0,451,39,23,2,0,0,0,0,0,0,23,2,446,40,28,1,0,0,0,0,474,41
17135957600,1062,101,409,5,0,0,0,0,1471,106,38,5,5000,1,0,0,0,0,5038,6,1100,106,5409,6,0,0,0,0,6509,112
17171970700,299,33,0,0,0,0,0,0,299,33,56,6,0,0,0,0,0,0,56,6,355,39,0,0,0,0,0,0,355,39
17031818500,330,50,0,0,0,0,0,0,330,50,38,4,0,0,0,0,0,0,38,4,368,54,0,0,0,0,0,0,368,54
17095001600,782,66,515,6,6000,3,6000,3,13297,78,117,10,2000,1,0,0,0,0,2117,11,899,76,2515,7,6000,3,6000,3,15414,89
17117957000,765,71,117,2,0,0,7500,2,8382,75,10,2,5000,1,0,0,0,0,5010,3,775,73,5117,3,0,0,7500,2,13392,78
17027900602,1881,154,4563,7,2000,1,4000,2,12444,164,98,10,84,1,0,0,0,0,182,11,1979,164,4647,8,2000,1,4000,2,12626,175
17073031000,893,83,683,8,0,0,0,0,1576,91,198,18,75,1,0,0,0,0,273,19,1091,101,758,9,0,0,0,0,1849,110
17027900100,1751,145,927,6,2000,1,4000,2,8678,154,72,6,4950,1,0,0,0,0,5022,7,1823,151,5877,7,2000,1,4000,2,13700,161
17073030500,1094,93,100,3,2000,1,0,0,3194,97,141,11,4999,1,0,0,0,0,5140,12,1235,104,5099,4,2000,1,0,0,8334,109
17117956800,577,51,0,0,0,0,0,0,577,51,73,7,0,0,0,0,5000,1,5073,8,650,58,0,0,0,0,5000,1,5650,59
17135957900,876,93,370,4,0,0,10000,2,11246,99,85,9,15000,3,0,0,5000,1,20085,13,961,102,15370,7,0,0,15000,3,31331,112
17167003603,939,89,0,0,0,0,0,0,939,89,69,5,125,1,0,0,0,0,194,6,1008,94,125,1,0,0,0,0,1133,95
17005951200,757,72,66,2,0,0,0,0,823,74,45,4,0,0,0,0,0,0,45,4,802,76,66,2,0,0,0,0,868,78
17031823803,522,65,0,0,0,0,0,0,522,65,66,6,0,0,0,0,0,0,66,6,588,71,0,0,0,0,0,0,588,71
17009970500,161,18,0,0,0,0,0,0,161,18,87,7,0,0,0,0,0,0,87,7,248,25,0,0,0,0,0,0,248,25
17009970400,332,36,0,0,0,0,0,0,332,36,40,3,0,0,0,0,0,0,40,3,372,39,0,0,0,0,0,0,372,39
17051950700,621,57,0,0,0,0,0,0,621,57,148,13,5750,2,0,0,118000,2,123898,17,769,70,5750,2,0,0,118000,2,124519,74
17097864901,158,17,1284,2,0,0,0,0,1442,19,40,3,0,0,0,0,0,0,40,3,198,20,1284,2,0,0,0,0,1482,22
17049950600,582,64,282,3,0,0,0,0,864,67,134,15,2000,1,0,0,0,0,2134,16,716,79,2282,4,0,0,0,0,2998,83
17143003404,1706,209,633,1,0,0,0,0,2339,210,131,12,46,1,0,0,0,0,177,13,1837,221,679,2,0,0,0,0,2516,223
17115000200,35,6,60,1,0,0,0,0,95,7,32,4,0,0,0,0,0,0,32,4,67,10,60,1,0,0,0,0,127,11
17173959400,302,35,0,0,0,0,0,0,302,35,100,9,0,0,0,0,0,0,100,9,402,44,0,0,0,0,0,0,402,44
17005951300,588,62,1718,7,0,0,0,0,2306,69,71,11,1410,2,0,0,5000,1,6481,14,659,73,3128,9,0,0,5000,1,8787,83
17027900403,275,24,72,2,0,0,0,0,347,26,0,0,0,0,0,0,0,0,0,0,275,24,72,2,0,0,0,0,347,26
17119403801,1117,110,789,4,0,0,0,0,1906,114,54,6,10140,3,0,0,0,0,10194,9,1171,116,10929,7,0,0,0,0,12100,123
17137951400,528,58,0,0,4000,2,144000,3,148528,63,132,13,0,0,0,0,0,0,132,13,660,71,0,0,4000,2,144000,3,148660,76
17027900300,883,74,548,8,0,0,0,0,1431,82,10,1,0,0,0,0,0,0,10,1,893,75,548,8,0,0,0,0,1441,83
17163503908,786,87,3290,5,0,0,0,0,4076,92,34,4,9660,4,0,0,0,0,9694,8,820,91,12950,9,0,0,0,0,13770,100
17119403002,496,57,922,4,0,0,0,0,1418,61,47,6,0,0,0,0,0,0,47,6,543,63,922,4,0,0,0,0,1465,67
17167003902,833,80,46,1,0,0,0,0,879,81,112,9,12800,3,0,0,0,0,12912,12,945,89,12846,4,0,0,0,0,13791,93
17095000100,699,66,1034,9,0,0,0,0,1733,75,139,11,0,0,0,0,0,0,139,11,838,77,1034,9,0,0,0,0,1872,86
17073031200,736,54,790,4,0,0,0,0,1526,58,49,5,0,0,0,0,0,0,49,5,785,59,790,4,0,0,0,0,1575,63
17027900404,90,8,0,0,0,0,0,0,90,8,0,0,0,0,0,0,0,0,0,0,90,8,0,0,0,0,0,0,90,8
17111870903,85,13,0,0,0,0,0,0,85,13,13,2,0,0,0,0,0,0,13,2,98,15,0,0,0,0,0,0,98,15
17163503322,1062,124,180,1,0,0,0,0,1242,125,233,22,600,1,0,0,0,0,833,23,1295,146,780,2,0,0,0,0,2075,148
17073030800,354,36,1122,4,0,0,0,0,1476,40,18,2,1020,1,0,0,0,0,1038,3,372,38,2142,5,0,0,0,0,2514,43
17117956700,1028,90,565,5,0,0,0,0,1593,95,45,4,2500,1,0,0,0,0,2545,5,1073,94,3065,6,0,0,0,0,4138,100
17117957100,380,40,480,1,0,0,0,0,860,41,27,2,8950,2,0,0,0,0,8977,4,407,42,9430,3,0,0,0,0,9837,45
17119403802,850,77,5292,6,0,0,5000,1,11142,84,88,8,4980,1,0,0,0,0,5068,9,938,85,10272,7,0,0,5000,1,16210,93
17167003601,676,55,50,1,0,0,0,0,726,56,70,6,0,0,0,0,0,0,70,6,746,61,50,1,0,0,0,0,796,62
17089852606,116,12,0,0,0,0,0,0,116,12,0,0,0,0,0,0,0,0,0,0,116,12,0,0,0,0,0,0,116,12
17137952200,350,40,0,0,3750,2,4000,2,8100,44,90,9,0,0,0,0,0,0,90,9,440,49,0,0,3750,2,4000,2,8190,53
17119403531,994,96,1343,6,0,0,0,0,2337,102,161,20,0,0,0,0,0,0,161,20,1155,116,1343,6,0,0,0,0,2498,122
17021958200,640,72,200,1,0,0,0,0,840,73,46,6,5000,1,0,0,0,0,5046,7,686,78,5200,2,0,0,0,0,5886,80
17049950400,258,27,0,0,0,0,0,0,258,27,74,8,60,1,0,0,0,0,134,9,332,35,60,1,0,0,0,0,392,36
17097864801,212,27,133,1,0,0,0,0,345,28,0,0,0,0,0,0,0,0,0,0,212,27,133,1,0,0,0,0,345,28
17083010402,199,21,0,0,0,0,0,0,199,21,39,4,0,0,0,0,0,0,39,4,238,25,0,0,0,0,0,0,238,25
17135957500,607,57,748,4,0,0,0,0,1355,61,64,7,5000,1,0,0,0,0,5064,8,671,64,5748,5,0,0,0,0,6419,69
17147954800,640,54,575,5,3000,1,0,0,4215,60,93,9,0,0,0,0,0,0,93,9,733,63,575,5,3000,1,0,0,4308,69
17135958000,1023,107,0,0,0,0,44200,1,45223,108,25,3,5000,1,0,0,5000,1,10025,5,1048,110,5000,1,0,0,49200,2,55248,113
17011965600,634,61,143,2,0,0,5000,1,5777,64,100,8,35,1,0,0,0,0,135,9,734,69,178,3,0,0,5000,1,5912,73
17017960300,280,28,5526,3,0,0,153500,2,159306,33,89,7,8498,2,0,0,0,0,8587,9,369,35,14024,5,0,0,153500,2,167893,42
17073030600,565,51,176,3,0,0,5000,1,5741,55,59,5,5000,1,0,0,0,0,5059,6,624,56,5176,4,0,0,5000,1,10800,61
17175951400,1027,82,403,6,0,0,0,0,1430,88,132,12,0,0,0,0,0,0,132,12,1159,94,403,6,0,0,0,0,1562,100
17175951500,868,62,602,9,0,0,4000,1,5470,72,136,11,100,1,0,0,0,0,236,12,1004,73,702,10,0,0,4000,1,5706,84
17119401901,190,20,50,1,0,0,0,0,240,21,19,3,0,0,0,0,0,0,19,3,209,23,50,1,0,0,0,0,259,24
17121952300,431,40,0,0,0,0,0,0,431,40,96,9,180,1,0,0,0,0,276,10,527,49,180,1,0,0,0,0,707,50
17073031100,379,44,713,8,3710,1,3700,1,8502,54,131,10,4199,3,0,0,2500,2,6830,15,510,54,4912,11,3710,1,6200,3,15332,69
17115002402,448,46,58,1,0,0,0,0,506,47,174,14,0,0,0,0,0,0,174,14,622,60,58,1,0,0,0,0,680,61
17189950200,817,67,1367,17,0,0,0,0,2184,84,79,6,6900,2,0,0,0,0,6979,8,896,73,8267,19,0,0,0,0,9163,92
17157950500,208,21,600,2,0,0,2000,1,2808,24,117,9,0,0,0,0,0,0,117,9,325,30,600,2,0,0,2000,1,2925,33
17167001200,40,4,0,0,0,0,0,0,40,4,0,0,0,0,0,0,0,0,0,0,40,4,0,0,0,0,0,0,40,4
17179021203,800,98,86,1,0,0,0,0,886,99,55,7,0,0,0,0,0,0,55,7,855,105,86,1,0,0,0,0,941,106
17137951700,165,20,130,1,0,0,0,0,295,21,48,5,0,0,0,0,0,0,48,5,213,25,130,1,0,0,0,0,343,26
17133600502,515,47,75,1,0,0,0,0,590,48,36,3,0,0,0,0,0,0,36,3,551,50,75,1,0,0,0,0,626,51
17097863904,516,61,688,1,0,0,0,0,1204,62,68,4,0,0,0,0,0,0,68,4,584,65,688,1,0,0,0,0,1272,66
17167000100,234,24,2422,3,0,0,0,0,2656,27,19,2,1080,1,0,0,0,0,1099,3,253,26,3502,4,0,0,0,0,3755,30
17189950100,435,40,670,9,0,0,0,0,1105,49,116,10,2000,1,0,0,0,0,2116,11,551,50,2670,10,0,0,0,0,3221,60
17019010902,844,76,445,3,0,0,0,0,1289,79,141,13,0,0,0,0,0,0,141,13,985,89,445,3,0,0,0,0,1430,92
17097861604,617,75,0,0,0,0,0,0,617,75,42,3,0,0,0,0,0,0,42,3,659,78,0,0,0,0,0,0,659,78
17117956900,584,61,236,2,0,0,5000,1,5820,64,69,7,5000,1,0,0,0,0,5069,8,653,68,5236,3,0,0,5000,1,10889,72
17097866000,1131,134,434,2,0,0,0,0,1565,136,78,5,9490,2,0,0,5000,1,14568,8,1209,139,9924,4,0,0,5000,1,16133,144
17031800700,155,19,0,0,0,0,0,0,155,19,24,4,0,0,0,0,0,0,24,4,179,23,0,0,0,0,0,0,179,23
17097864516,386,54,0,0,0,0,0,0,386,54,32,4,0,0,0,0,0,0,32,4,418,58,0,0,0,0,0,0,418,58
17145030200,677,67,582,4,1990,1,2000,1,5249,73,136,13,7020,3,0,0,0,0,7156,16,813,80,7602,7,1990,1,2000,1,12405,89
17089852204,60,7,2000,1,0,0,0,0,2060,8,0,0,625,1,0,0,0,0,625,1,60,7,2625,2,0,0,0,0,2685,9
17019000902,1305,195,1868,3,0,0,1600,1,4773,199,255,28,0,0,0,0,0,0,255,28,1560,223,1868,3,0,0,1600,1,5028,227
17097861901,468,73,0,0,0,0,0,0,468,73,11,2,0,0,0,0,0,0,11,2,479,75,0,0,0,0,0,0,479,75
17143003700,1362,128,102,3,2000,1,2000,1,5464,133,81,7,4000,2,0,0,2000,1,6081,10,1443,135,4102,5,2000,1,4000,2,11545,143
17031824003,348,38,0,0,0,0,0,0,348,38,18,2,0,0,0,0,0,0,18,2,366,40,0,0,0,0,0,0,366,40
17031808001,359,52,0,0,0,0,0,0,359,52,47,5,0,0,0,0,0,0,47,5,406,57,0,0,0,0,0,0,406,57
17111870906,1028,113,2028,2,2000,1,0,0,5056,116,94,8,40048,13,0,0,6500,2,46642,23,1122,121,42076,15,2000,1,6500,2,51698,139
17031803007,185,23,0,0,0,0,0,0,185,23,18,2,0,0,0,0,0,0,18,2,203,25,0,0,0,0,0,0,203,25
17167002001,214,23,0,0,0,0,0,0,214,23,35,4,0,0,0,0,0,0,35,4,249,27,0,0,0,0,0,0,249,27
17031806801,307,40,0,0,0,0,0,0,307,40,34,4,0,0,0,0,0,0,34,4,341,44,0,0,0,0,0,0,341,44
17089854001,470,62,0,0,0,0,0,0,470,62,35,4,0,0,0,0,0,0,35,4,505,66,0,0,0,0,0,0,505,66
17197880421,1513,186,0,0,0,0,0,0,1513,186,214,22,0,0,0,0,0,0,214,22,1727,208,0,0,0,0,0,0,1727,208
17081050300,398,40,30,1,0,0,0,0,428,41,89,7,5000,1,0,0,0,0,5089,8,487,47,5030,2,0,0,0,0,5517,49
17097864407,1208,148,0,0,0,0,0,0,1208,148,101,8,34,1,0,0,0,0,135,9,1309,156,34,1,0,0,0,0,1343,157
17031812900,349,62,0,0,0,0,0,0,349,62,49,4,0,0,0,0,0,0,49,4,398,66,0,0,0,0,0,0,398,66
17167003702,385,43,30,1,0,0,0,0,415,44,46,4,0,0,0,0,0,0,46,4,431,47,30,1,0,0,0,0,461,48
17097864520,852,111,0,0,0,0,0,0,852,111,78,9,0,0,0,0,0,0,78,9,930,120,0,0,0,0,0,0,930,120
17031812302,167,25,0,0,0,0,0,0,167,25,12,1,0,0,0,0,0,0,12,1,179,26,0,0,0,0,0,0,179,26
17043845401,202,22,102,1,0,0,0,0,304,23,32,3,0,0,0,0,0,0,32,3,234,25,102,1,0,0,0,0,336,26
17031824400,103,15,502,2,0,0,0,0,605,17,12,1,900,1,0,0,0,0,912,2,115,16,1402,3,0,0,0,0,1517,19
17163503413,438,50,0,0,0,0,0,0,438,50,58,7,0,0,0,0,0,0,58,7,496,57,0,0,0,0,0,0,496,57
17083010200,419,44,0,0,0,0,0,0,419,44,36,3,0,0,0,0,0,0,36,3,455,47,0,0,0,0,0,0,455,47
17021958300,552,61,100,1,0,0,0,0,652,62,51,7,0,0,0,0,0,0,51,7,603,68,100,1,0,0,0,0,703,69
17089852808,307,44,2000,1,0,0,2000,1,4307,46,33,3,0,0,0,0,0,0,33,3,340,47,2000,1,0,0,2000,1,4340,49
17097864207,1352,164,72,1,0,0,0,0,1424,165,92,10,6320,2,0,0,0,0,6412,12,1444,174,6392,3,0,0,0,0,7836,177
17031243100,36,6,0,0,0,0,0,0,36,6,5,1,0,0,0,0,0,0,5,1,41,7,0,0,0,0,0,0,41,7
17031160300,39,4,0,0,0,0,0,0,39,4,0,0,0,0,0,0,0,0,0,0,39,4,0,0,0,0,0,0,39,4
17167001400,52,3,0,0,0,0,0,0,52,3,0,0,0,0,0,0,0,0,0,0,52,3,0,0,0,0,0,0,52,3
17043841704,277,34,647,2,0,0,0,0,924,36,58,6,430,2,0,0,0,0,488,8,335,40,1077,4,0,0,0,0,1412,44
17115002901,538,54,0,0,0,0,0,0,538,54,142,14,688,1,0,0,0,0,830,15,680,68,688,1,0,0,0,0,1368,69
17111870603,381,58,0,0,0,0,0,0,381,58,28,4,0,0,0,0,0,0,28,4,409,62,0,0,0,0,0,0,409,62
17089850704,199,39,0,0,0,0,0,0,199,39,30,3,0,0,0,0,0,0,30,3,229,42,0,0,0,0,0,0,229,42
17119402701,974,101,1087,5,0,0,5000,1,7061,107,81,9,0,0,0,0,0,0,81,9,1055,110,1087,5,0,0,5000,1,7142,116
17057953100,474,54,396,1,0,0,150000,1,150870,56,78,6,2787,2,0,0,0,0,2865,8,552,60,3183,3,0,0,150000,1,153735,64
17119402803,362,36,0,0,0,0,0,0,362,36,33,2,2590,2,0,0,2500,1,5123,5,395,38,2590,2,0,0,2500,1,5485,41
17185957200,257,23,34,1,0,0,0,0,291,24,30,3,0,0,0,0,0,0,30,3,287,26,34,1,0,0,0,0,321,27
17167003202,198,24,0,0,0,0,0,0,198,24,0,0,0,0,0,0,0,0,0,0,198,24,0,0,0,0,0,0,198,24
17203030602,1156,97,763,7,0,0,0,0,1919,104,59,5,0,0,0,0,0,0,59,5,1215,102,763,7,0,0,0,0,1978,109
17031816100,388,63,67,1,0,0,0,0,455,64,57,6,0,0,0,0,0,0,57,6,445,69,67,1,0,0,0,0,512,70
17021959000,1035,106,1275,2,0,0,1100,1,3410,109,150,14,0,0,0,0,0,0,150,14,1185,120,1275,2,0,0,1100,1,3560,123
17073030900,298,29,451,6,0,0,0,0,749,35,47,5,0,0,0,0,0,0,47,5,345,34,451,6,0,0,0,0,796,40
17197881116,172,23,480,1,0,0,0,0,652,24,18,2,750,1,0,0,0,0,768,3,190,25,1230,2,0,0,0,0,1420,27
17075950200,89,10,56,1,0,0,0,0,145,11,25,3,0,0,0,0,0,0,25,3,114,13,56,1,0,0,0,0,170,14
17199020900,744,66,0,0,0,0,0,0,744,66,137,12,14940,3,0,0,10000,2,25077,17,881,78,14940,3,0,0,10000,2,25821,83
17119402801,1029,87,31,1,0,0,0,0,1060,88,100,9,0,0,0,0,0,0,100,9,1129,96,31,1,0,0,0,0,1160,97
17011964800,452,38,822,6,0,0,0,0,1274,44,33,4,0,0,0,0,0,0,33,4,485,42,822,6,0,0,0,0,1307,48
17143002300,431,52,130,1,0,0,0,0,561,53,16,2,0,0,0,0,0,0,16,2,447,54,130,1,0,0,0,0,577,55
17031170300,192,28,180,1,0,0,0,0,372,29,10,1,0,0,0,0,0,0,10,1,202,29,180,1,0,0,0,0,382,30
17203030300,1162,91,251,4,0,0,0,0,1413,95,122,11,0,0,0,0,0,0,122,11,1284,102,251,4,0,0,0,0,1535,106
17167003500,960,93,150,3,0,0,0,0,1110,96,140,14,0,0,0,0,0,0,140,14,1100,107,150,3,0,0,0,0,1250,110
17117956200,346,35,0,0,2000,1,2000,1,4346,37,53,7,0,0,0,0,0,0,53,7,399,42,0,0,2000,1,2000,1,4399,44
17113005102,1162,120,68,2,0,0,0,0,1230,122,85,9,8000,2,0,0,0,0,8085,11,1247,129,8068,4,0,0,0,0,9315,133
17097866200,323,27,759,4,0,0,0,0,1082,31,55,3,4400,1,0,0,0,0,4455,4,378,30,5159,5,0,0,0,0,5537,35
17163503412,677,78,0,0,0,0,0,0,677,78,131,13,0,0,0,0,0,0,131,13,808,91,0,0,0,0,0,0,808,91
17203030601,1227,116,586,4,0,0,0,0,1813,120,114,11,0,0,0,0,0,0,114,11,1341,127,586,4,0,0,0,0,1927,131
17043842601,298,38,0,0,0,0,0,0,298,38,25,2,325,1,0,0,0,0,350,3,323,40,325,1,0,0,0,0,648,41
17173959500,292,31,0,0,0,0,0,0,292,31,37,5,0,0,0,0,0,0,37,5,329,36,0,0,0,0,0,0,329,36
17111871404,238,35,0,0,0,0,0,0,238,35,18,2,0,0,0,0,0,0,18,2,256,37,0,0,0,0,0,0,256,37
17077010700,332,27,409,6,0,0,5000,1,5741,34,34,3,5150,2,0,0,0,0,5184,5,366,30,5559,8,0,0,5000,1,10925,39
17125956700,317,32,0,0,0,0,6000,3,6317,35,23,1,31,1,0,0,0,0,54,2,340,33,31,1,0,0,6000,3,6371,37
17031420400,38,4,0,0,0,0,0,0,38,4,0,0,0,0,0,0,0,0,0,0,38,4,0,0,0,0,0,0,38,4
17043840901,206,20,1579,3,0,0,0,0,1785,23,28,3,0,0,0,0,0,0,28,3,234,23,1579,3,0,0,0,0,1813,26
17097861607,278,41,0,0,0,0,0,0,278,41,0,0,0,0,0,0,0,0,0,0,278,41,0,0,0,0,0,0,278,41
17163503903,1009,98,120,1,0,0,0,0,1129,99,150,11,62,1,0,0,0,0,212,12,1159,109,182,2,0,0,0,0,1341,111
17053961700,357,37,46,1,0,0,0,0,403,38,12,1,0,0,0,0,0,0,12,1,369,38,46,1,0,0,0,0,415,39
17179022400,1031,123,0,0,0,0,0,0,1031,123,74,9,0,0,0,0,0,0,74,9,1105,132,0,0,0,0,0,0,1105,132
17059972800,357,30,60,2,0,0,0,0,417,32,95,9,0,0,0,0,0,0,95,9,452,39,60,2,0,0,0,0,512,41
17045070400,348,37,2993,4,0,0,2000,1,5341,42,116,12,0,0,0,0,0,0,116,12,464,49,2993,4,0,0,2000,1,5457,54
17199020400,169,18,0,0,0,0,0,0,169,18,41,4,90,1,0,0,0,0,131,5,210,22,90,1,0,0,0,0,300,23
17105960400,862,73,797,8,0,0,0,0,1659,81,93,9,36,1,0,0,0,0,129,10,955,82,833,9,0,0,0,0,1788,91
17057952900,585,58,1225,5,2000,1,0,0,3810,64,64,5,0,0,0,0,0,0,64,5,649,63,1225,5,2000,1,0,0,3874,69
17031812100,506,79,0,0,0,0,0,0,506,79,24,3,0,0,0,0,0,0,24,3,530,82,0,0,0,0,0,0,530,82
17015960100,1324,133,460,8,0,0,0,0,1784,141,125,16,1992,1,0,0,0,0,2117,17,1449,149,2452,9,0,0,0,0,3901,158
17031801608,454,52,60,1,0,0,0,0,514,53,56,4,688,1,0,0,0,0,744,5,510,56,748,2,0,0,0,0,1258,58
17179020500,1125,122,0,0,0,0,0,0,1125,122,185,17,0,0,0,0,0,0,185,17,1310,139,0,0,0,0,0,0,1310,139
17097861701,187,22,0,0,0,0,0,0,187,22,0,0,0,0,0,0,0,0,0,0,187,22,0,0,0,0,0,0,187,22
17017960200,279,31,30,1,0,0,3000,1,3309,33,72,6,0,0,0,0,0,0,72,6,351,37,30,1,0,0,3000,1,3381,39
17079977500,179,17,127,2,0,0,51800,1,52106,20,0,0,0,0,0,0,0,0,0,0,179,17,127,2,0,0,51800,1,52106,20
17025971900,87,9,0,0,0,0,0,0,87,9,32,3,0,0,0,0,0,0,32,3,119,12,0,0,0,0,0,0,119,12
17031030800,100,17,0,0,0,0,0,0,100,17,3,1,0,0,0,0,0,0,3,1,103,18,0,0,0,0,0,0,103,18
17195000600,696,65,793,8,4000,2,4000,2,9489,77,134,11,0,0,0,0,0,0,134,11,830,76,793,8,4000,2,4000,2,9623,88
17111871206,795,104,480,1,0,0,0,0,1275,105,36,4,0,0,0,0,0,0,36,4,831,108,480,1,0,0,0,0,1311,109
17043841109,158,25,0,0,0,0,0,0,158,25,26,3,0,0,0,0,0,0,26,3,184,28,0,0,0,0,0,0,184,28
17143003800,1132,98,2231,7,2000,1,2000,1,7363,107,137,10,7984,3,0,0,4000,2,12121,15,1269,108,10215,10,2000,1,6000,3,19484,122
17097863701,193,23,450,2,0,0,0,0,643,25,24,2,0,0,0,0,0,0,24,2,217,25,450,2,0,0,0,0,667,27
17119402900,186,23,0,0,0,0,0,0,186,23,52,5,0,0,0,0,0,0,52,5,238,28,0,0,0,0,0,0,238,28
17067954300,1168,108,427,5,0,0,0,0,1595,113,157,14,10200,4,0,0,0,0,10357,18,1325,122,10627,9,0,0,0,0,11952,131
17025972100,131,11,0,0,0,0,0,0,131,11,0,0,0,0,0,0,0,0,0,0,131,11,0,0,0,0,0,0,131,11
17097860105,1001,131,0,0,0,0,0,0,1001,131,122,12,4775,2,0,0,0,0,4897,14,1123,143,4775,2,0,0,0,0,5898,145
17005951400,733,67,0,0,0,0,0,0,733,67,24,3,5000,1,0,0,0,0,5024,4,757,70,5000,1,0,0,0,0,5757,71
17027900401,243,24,0,0,4000,2,6000,3,10243,29,0,0,2000,1,0,0,52600,2,54600,3,243,24,2000,1,4000,2,58600,5,64843,32
17089854507,781,88,133,2,0,0,5000,1,5914,91,80,8,4990,1,0,0,0,0,5070,9,861,96,5123,3,0,0,5000,1,10984,100
17037000700,260,35,500,1,0,0,0,0,760,36,40,5,0,0,0,0,0,0,40,5,300,40,500,1,0,0,0,0,800,41
17107953600,749,70,0,0,0,0,0,0,749,70,168,15,39,1,0,0,0,0,207,16,917,85,39,1,0,0,0,0,956,86
17165955600,448,38,0,0,0,0,270000,2,270448,40,18,2,5000,1,0,0,0,0,5018,3,466,40,5000,1,0,0,270000,2,275466,43
17031800100,36,6,0,0,0,0,0,0,36,6,0,0,0,0,0,0,0,0,0,0,36,6,0,0,0,0,0,0,36,6
17163503101,363,32,0,0,0,0,0,0,363,32,10,1,0,0,0,0,0,0,10,1,373,33,0,0,0,0,0,0,373,33
17095000400,604,60,1193,4,0,0,0,0,1797,64,129,13,5712,2,0,0,0,0,5841,15,733,73,6905,6,0,0,0,0,7638,79
17143004000,1094,99,1062,2,0,0,2000,1,4156,102,120,10,0,0,0,0,0,0,120,10,1214,109,1062,2,0,0,2000,1,4276,112
17095000300,282,46,975,2,0,0,0,0,1257,48,17,3,120,1,0,0,0,0,137,4,299,49,1095,3,0,0,0,0,1394,52
17097864410,526,70,0,0,0,0,0,0,526,70,60,5,0,0,0,0,0,0,60,5,586,75,0,0,0,0,0,0,586,75
17093890105,1705,210,0,0,0,0,0,0,1705,210,285,33,240,1,0,0,0,0,525,34,1990,243,240,1,0,0,0,0,2230,244
17097861106,663,103,1999,6,0,0,0,0,2662,109,68,7,0,0,0,0,0,0,68,7,731,110,1999,6,0,0,0,0,2730,116
17057953000,367,37,0,0,0,0,0,0,367,37,88,8,900,1,0,0,0,0,988,9,455,45,900,1,0,0,0,0,1355,46
17097861012,265,36,67,1,0,0,0,0,332,37,46,5,0,0,0,0,0,0,46,5,311,41,67,1,0,0,0,0,378,42
17117956500,458,46,67,1,0,0,0,0,525,47,38,5,2600,1,0,0,0,0,2638,6,496,51,2667,2,0,0,0,0,3163,53
17021958100,452,50,90,2,0,0,0,0,542,52,116,11,0,0,0,0,0,0,116,11,568,61,90,2,0,0,0,0,658,63
17199021100,209,23,157,2,0,0,0,0,366,25,81,8,1744,3,0,0,0,0,1825,11,290,31,1901,5,0,0,0,0,2191,36
17097864519,386,53,0,0,0,0,0,0,386,53,32,4,0,0,0,0,0,0,32,4,418,57,0,0,0,0,0,0,418,57
17031801300,93,15,0,0,0,0,0,0,93,15,32,4,0,0,0,0,0,0,32,4,125,19,0,0,0,0,0,0,125,19
17071973400,326,28,343,4,0,0,1400,1,2069,33,53,6,0,0,0,0,0,0,53,6,379,34,343,4,0,0,1400,1,2122,39
17199021002,281,19,1430,7,0,0,0,0,1711,26,12,1,200,1,0,0,0,0,212,2,293,20,1630,8,0,0,0,0,1923,28
17199021003,160,15,262,4,0,0,0,0,422,19,0,0,0,0,0,0,0,0,0,0,160,15,262,4,0,0,0,0,422,19
17031803608,270,33,1203,6,0,0,0,0,1473,39,34,3,660,3,0,0,0,0,694,6,304,36,1863,9,0,0,0,0,2167,45
17027900500,626,57,635,6,0,0,4000,2,5261,65,139,15,4038,3,0,0,0,0,4177,18,765,72,4673,9,0,0,4000,2,9438,83
17143004902,1477,142,125,1,0,0,4000,2,5602,145,113,11,5000,1,0,0,0,0,5113,12,1590,153,5125,2,0,0,4000,2,10715,157
17007010400,1900,231,788,6,11980,6,6000,3,20668,246,190,18,2000,1,0,0,17500,2,19690,21,2090,249,2788,7,11980,6,23500,5,40358,267
17119402722,379,34,35,1,0,0,0,0,414,35,68,7,0,0,0,0,0,0,68,7,447,41,35,1,0,0,0,0,482,42
17137951500,935,87,180,1,0,0,30000,1,31115,89,67,7,3250,1,0,0,0,0,3317,8,1002,94,3430,2,0,0,30000,1,34432,97
17031831500,128,21,466,1,0,0,1000,1,1594,23,6,1,2240,3,0,0,0,0,2246,4,134,22,2706,4,0,0,1000,1,3840,27
17097861603,529,72,720,1,0,0,0,0,1249,73,78,6,0,0,0,0,0,0,78,6,607,78,720,1,0,0,0,0,1327,79
17097861608,283,43,660,1,0,0,0,0,943,44,13,2,0,0,0,0,0,0,13,2,296,45,660,1,0,0,0,0,956,46
17203030501,1588,146,600,1,0,0,0,0,2188,147,201,16,360,1,0,0,0,0,561,17,1789,162,960,2,0,0,0,0,2749,164
17031818800,309,53,0,0,0,0,0,0,309,53,39,6,0,0,0,0,0,0,39,6,348,59,0,0,0,0,0,0,348,59
17183011200,136,13,72,1,2000,1,0,0,2208,15,42,4,7500,3,0,0,0,0,7542,7,178,17,7572,4,2000,1,0,0,9750,22
17119404000,79,9,192,1,0,0,0,0,271,10,27,3,35,1,0,0,0,0,62,4,106,12,227,2,0,0,0,0,333,14
17119403534,185,20,40,1,0,0,0,0,225,21,25,3,0,0,0,0,0,0,25,3,210,23,40,1,0,0,0,0,250,24
17031040900,89,10,30,1,0,0,0,0,119,11,19,1,0,0,0,0,0,0,19,1,108,11,30,1,0,0,0,0,138,12
17043845702,379,50,34,1,0,0,0,0,413,51,59,5,0,0,0,0,0,0,59,5,438,55,34,1,0,0,0,0,472,56
17171970600,203,21,0,0,0,0,0,0,203,21,11,2,0,0,0,0,0,0,11,2,214,23,0,0,0,0,0,0,214,23
17057952800,290,31,260,5,0,0,0,0,550,36,37,5,0,0,0,0,0,0,37,5,327,36,260,5,0,0,0,0,587,41
17043842000,78,10,0,0,0,0,0,0,78,10,18,2,0,0,0,0,0,0,18,2,96,12,0,0,0,0,0,0,96,12
17199021200,594,59,0,0,0,0,0,0,594,59,106,9,0,0,0,0,0,0,106,9,700,68,0,0,0,0,0,0,700,68
17121951600,412,40,0,0,0,0,0,0,412,40,93,9,0,0,0,0,0,0,93,9,505,49,0,0,0,0,0,0,505,49
17129010200,234,26,0,0,0,0,0,0,234,26,45,4,0,0,0,0,0,0,45,4,279,30,0,0,0,0,0,0,279,30
17123961400,549,55,2375,2,3642,2,3600,2,10166,61,180,14,2000,1,0,0,0,0,2180,15,729,69,4375,3,3642,2,3600,2,12346,76
17167003100,577,61,0,0,0,0,0,0,577,61,45,5,27,1,0,0,0,0,72,6,622,66,27,1,0,0,0,0,649,67
17055040600,178,15,748,2,0,0,0,0,926,17,28,3,30,1,0,0,0,0,58,4,206,18,778,3,0,0,0,0,984,21
17167003602,475,43,0,0,0,0,0,0,475,43,35,3,0,0,0,0,0,0,35,3,510,46,0,0,0,0,0,0,510,46
17055040500,399,32,31,1,0,0,0,0,430,33,321,30,8400,2,0,0,0,0,8721,32,720,62,8431,3,0,0,0,0,9151,65
17177000400,1409,131,841,7,6000,3,16000,8,24250,149,123,10,11000,4,0,0,0,0,11123,14,1532,141,11841,11,6000,3,16000,8,35373,163
17187870200,336,38,48,1,0,0,0,0,384,39,32,4,48,1,0,0,0,0,80,5,368,42,96,2,0,0,0,0,464,44
17043844702,225,26,625,2,0,0,0,0,850,28,22,2,0,0,0,0,0,0,22,2,247,28,625,2,0,0,0,0,872,30
17089854506,537,52,0,0,0,0,0,0,537,52,68,4,0,0,0,0,0,0,68,4,605,56,0,0,0,0,0,0,605,56
17167003701,872,85,60,1,0,0,0,0,932,86,103,8,0,0,0,0,0,0,103,8,975,93,60,1,0,0,0,0,1035,94
17143004802,409,49,0,0,0,0,0,0,409,49,73,9,0,0,0,0,0,0,73,9,482,58,0,0,0,0,0,0,482,58
17145030500,835,68,0,0,0,0,50000,1,50835,69,58,5,11000,4,0,0,0,0,11058,9,893,73,11000,4,0,0,50000,1,61893,78
17031802802,181,31,0,0,0,0,0,0,181,31,16,2,0,0,0,0,0,0,16,2,197,33,0,0,0,0,0,0,197,33
17145030400,264,26,0,0,0,0,0,0,264,26,80,7,0,0,0,0,0,0,80,7,344,33,0,0,0,0,0,0,344,33
17089854900,187,30,400,1,0,0,0,0,587,31,39,5,0,0,0,0,0,0,39,5,226,35,400,1,0,0,0,0,626,36
17097860806,625,79,0,0,0,0,0,0,625,79,135,10,320,1,0,0,0,0,455,11,760,89,320,1,0,0,0,0,1080,90
17095001200,252,24,130,2,0,0,0,0,382,26,57,5,0,0,0,0,0,0,57,5,309,29,130,2,0,0,0,0,439,31
17031804509,499,82,0,0,0,0,0,0,499,82,83,10,0,0,0,0,0,0,83,10,582,92,0,0,0,0,0,0,582,92
17119403403,159,20,1320,3,0,0,0,0,1479,23,37,3,720,1,0,0,0,0,757,4,196,23,2040,4,0,0,0,0,2236,27
17057953700,472,51,80,1,0,0,0,0,552,52,49,6,0,0,0,0,0,0,49,6,521,57,80,1,0,0,0,0,601,58
17019005701,854,108,0,0,0,0,0,0,854,108,66,5,0,0,0,0,0,0,66,5,920,113,0,0,0,0,0,0,920,113
17019001302,1211,134,150,1,0,0,0,0,1361,135,109,10,0,0,0,0,0,0,109,10,1320,144,150,1,0,0,0,0,1470,145
17031808900,223,36,0,0,0,0,0,0,223,36,0,0,0,0,0,0,0,0,0,0,223,36,0,0,0,0,0,0,223,36
17063000103,1007,141,0,0,0,0,0,0,1007,141,87,9,6950,2,0,0,0,0,7037,11,1094,150,6950,2,0,0,0,0,8044,152
17197881108,332,38,0,0,0,0,0,0,332,38,58,6,0,0,0,0,0,0,58,6,390,44,0,0,0,0,0,0,390,44
17111871208,423,58,0,0,0,0,0,0,423,58,24,3,0,0,0,0,0,0,24,3,447,61,0,0,0,0,0,0,447,61
17197881112,380,43,400,1,0,0,0,0,780,44,52,5,400,1,0,0,0,0,452,6,432,48,800,2,0,0,0,0,1232,50
17167003400,511,52,0,0,0,0,592800,1,593311,53,61,6,0,0,0,0,0,0,61,6,572,58,0,0,0,0,592800,1,593372,59
17201003711,852,106,2599,4,3960,2,8400,4,15811,116,72,9,480,1,0,0,0,0,552,10,924,115,3079,5,3960,2,8400,4,16363,126
17179022300,1461,170,349,4,0,0,0,0,1810,174,43,5,0,0,0,0,0,0,43,5,1504,175,349,4,0,0,0,0,1853,179
17111871105,337,48,0,0,0,0,0,0,337,48,17,2,0,0,0,0,0,0,17,2,354,50,0,0,0,0,0,0,354,50
17123961300,762,60,2193,5,1950,1,4000,2,8905,68,256,17,0,0,0,0,0,0,256,17,1018,77,2193,5,1950,1,4000,2,9161,85
17097860301,433,64,0,0,0,0,0,0,433,64,56,6,0,0,0,0,0,0,56,6,489,70,0,0,0,0,0,0,489,70
17031803603,595,67,0,0,0,0,0,0,595,67,54,5,0,0,0,0,0,0,54,5,649,72,0,0,0,0,0,0,649,72
17081050400,268,26,70,2,0,0,0,0,338,28,8,1,2048,2,0,0,0,0,2056,3,276,27,2118,4,0,0,0,0,2394,31
17057953600,633,74,190,2,0,0,0,0,823,76,116,14,0,0,0,0,0,0,116,14,749,88,190,2,0,0,0,0,939,90
17031803500,265,36,0,0,0,0,0,0,265,36,14,1,0,0,0,0,0,0,14,1,279,37,0,0,0,0,0,0,279,37
17163503334,617,69,780,2,0,0,0,0,1397,71,78,7,0,0,0,0,0,0,78,7,695,76,780,2,0,0,0,0,1475,78
17097860106,656,91,0,0,0,0,0,0,656,91,42,5,4950,1,0,0,0,0,4992,6,698,96,4950,1,0,0,0,0,5648,97
17107953100,271,35,1642,3,0,0,0,0,1913,38,74,7,7000,2,0,0,0,0,7074,9,345,42,8642,5,0,0,0,0,8987,47
17163502602,226,24,820,2,0,0,0,0,1046,26,137,16,90,1,0,0,0,0,227,17,363,40,910,3,0,0,0,0,1273,43
17057953200,460,52,134,2,0,0,0,0,594,54,98,8,0,0,0,0,0,0,98,8,558,60,134,2,0,0,0,0,692,62
17097864109,843,98,0,0,0,0,0,0,843,98,59,6,0,0,0,0,0,0,59,6,902,104,0,0,0,0,0,0,902,104
17201003300,270,40,0,0,0,0,0,0,270,40,33,5,0,0,0,0,0,0,33,5,303,45,0,0,0,0,0,0,303,45
17103000800,619,55,55,1,0,0,0,0,674,56,184,16,63,2,0,0,0,0,247,18,803,71,118,3,0,0,0,0,921,74
17043842602,142,15,0,0,0,0,0,0,142,15,35,3,0,0,0,0,0,0,35,3,177,18,0,0,0,0,0,0,177,18
17111870404,512,60,688,1,3950,2,2000,1,7150,64,42,6,0,0,0,0,5000,1,5042,7,554,66,688,1,3950,2,7000,2,12192,71
17041952400,325,38,5965,5,0,0,0,0,6290,43,146,13,0,0,0,0,0,0,146,13,471,51,5965,5,0,0,0,0,6436,56
17141961001,603,65,513,4,0,0,0,0,1116,69,21,2,5000,1,0,0,0,0,5021,3,624,67,5513,5,0,0,0,0,6137,72
17143002900,367,44,650,3,0,0,0,0,1017,47,60,6,1680,1,0,0,0,0,1740,7,427,50,2330,4,0,0,0,0,2757,54
17143001200,12,1,530,2,0,0,0,0,542,3,0,0,0,0,0,0,0,0,0,0,12,1,530,2,0,0,0,0,542,3
17103000100,723,64,224,3,0,0,0,0,947,67,64,6,0,0,0,0,1200000,1,1200064,7,787,70,224,3,0,0,1200000,1,1201011,74
17119400904,236,28,160,1,0,0,0,0,396,29,118,12,0,0,0,0,0,0,118,12,354,40,160,1,0,0,0,0,514,41
17199020801,348,27,25,1,0,0,0,0,373,28,6,1,0,0,0,0,0,0,6,1,354,28,25,1,0,0,0,0,379,29
17203030400,1206,113,120,2,0,0,0,0,1326,115,146,11,5000,1,0,0,0,0,5146,12,1352,124,5120,3,0,0,0,0,6472,127
17019000800,895,90,1915,5,0,0,3500,1,6310,96,45,4,750,1,0,0,0,0,795,5,940,94,2665,6,0,0,3500,1,7105,101
17041952200,715,74,120,1,0,0,0,0,835,75,126,12,0,0,0,0,0,0,126,12,841,86,120,1,0,0,0,0,961,87
17197880428,483,66,0,0,0,0,0,0,483,66,86,7,0,0,0,0,0,0,86,7,569,73,0,0,0,0,0,0,569,73
17183010300,771,66,98,1,0,0,0,0,869,67,246,21,0,0,0,0,0,0,246,21,1017,87,98,1,0,0,0,0,1115,88
17111871109,502,69,0,0,0,0,0,0,502,69,36,4,0,0,0,0,0,0,36,4,538,73,0,0,0,0,0,0,538,73
17031829301,460,65,500,1,0,0,0,0,960,66,65,5,0,0,0,0,0,0,65,5,525,70,500,1,0,0,0,0,1025,71
17201004200,1602,182,1054,7,2000,1,2000,1,6656,191,73,10,0,0,0,0,0,0,73,10,1675,192,1054,7,2000,1,2000,1,6729,201
17019001301,783,101,183,2,0,0,0,0,966,103,80,8,0,0,0,0,0,0,80,8,863,109,183,2,0,0,0,0,1046,111
17097860906,1701,231,2720,2,0,0,0,0,4421,233,92,9,0,0,0,0,0,0,92,9,1793,240,2720,2,0,0,0,0,4513,242
17075950800,337,30,376,7,0,0,0,0,713,37,12,1,0,0,0,0,0,0,12,1,349,31,376,7,0,0,0,0,725,38
17143004101,1535,153,67,1,0,0,0,0,1602,154,144,13,0,0,0,0,0,0,144,13,1679,166,67,1,0,0,0,0,1746,167
17143003601,757,80,0,0,0,0,0,0,757,80,43,6,0,0,0,0,0,0,43,6,800,86,0,0,0,0,0,0,800,86
17031804316,607,80,0,0,0,0,0,0,607,80,122,11,0,0,0,0,0,0,122,11,729,91,0,0,0,0,0,0,729,91
17037001600,757,97,506,6,4000,2,2000,1,7263,106,77,9,4990,1,0,0,0,0,5067,10,834,106,5496,7,4000,2,2000,1,12330,116
17203030200,387,40,42,1,0,0,0,0,429,41,64,6,23480,7,0,0,0,0,23544,13,451,46,23522,8,0,0,0,0,23973,54
17019005300,243,28,95,2,0,0,0,0,338,30,41,5,600,1,0,0,0,0,641,6,284,33,695,3,0,0,0,0,979,36
17197881700,163,25,0,0,0,0,0,0,163,25,69,7,0,0,0,0,0,0,69,7,232,32,0,0,0,0,0,0,232,32
17163503906,653,59,521,2,9000,5,14000,6,24174,72,72,6,2700,1,0,0,0,0,2772,7,725,65,3221,3,9000,5,14000,6,26946,79
17043846405,300,37,660,1,0,0,0,0,960,38,0,0,0,0,0,0,0,0,0,0,300,37,660,1,0,0,0,0,960,38
17031560900,182,24,0,0,0,0,0,0,182,24,10,1,0,0,0,0,0,0,10,1,192,25,0,0,0,0,0,0,192,25
17031150502,131,20,0,0,0,0,0,0,131,20,25,4,0,0,0,0,0,0,25,4,156,24,0,0,0,0,0,0,156,24
17031440900,81,14,0,0,0,0,0,0,81,14,30,3,0,0,0,0,0,0,30,3,111,17,0,0,0,0,0,0,111,17
17197881115,270,35,0,0,0,0,0,0,270,35,38,3,0,0,0,0,0,0,38,3,308,38,0,0,0,0,0,0,308,38
17031807200,550,90,0,0,0,0,0,0,550,90,49,7,0,0,0,0,0,0,49,7,599,97,0,0,0,0,0,0,599,97
17197881402,231,41,0,0,0,0,0,0,231,41,26,4,0,0,0,0,0,0,26,4,257,45,0,0,0,0,0,0,257,45
17043845509,212,26,0,0,0,0,0,0,212,26,0,0,0,0,0,0,0,0,0,0,212,26,0,0,0,0,0,0,212,26
17197880111,233,32,0,0,0,0,0,0,233,32,48,5,0,0,0,0,0,0,48,5,281,37,0,0,0,0,0,0,281,37
17093890401,866,109,2000,1,4990,1,0,0,7856,111,114,12,4950,1,0,0,0,0,5064,13,980,121,6950,2,4990,1,0,0,12920,124
17185957300,144,14,134,3,0,0,0,0,278,17,23,1,0,0,0,0,0,0,23,1,167,15,134,3,0,0,0,0,301,18
17031530400,123,22,0,0,0,0,9000,1,9123,23,25,3,0,0,0,0,0,0,25,3,148,25,0,0,0,0,9000,1,9148,26
17043844801,224,27,0,0,0,0,0,0,224,27,0,0,0,0,0,0,0,0,0,0,224,27,0,0,0,0,0,0,224,27
17031210400,51,8,0,0,0,0,0,0,51,8,10,1,0,0,0,0,0,0,10,1,61,9,0,0,0,0,0,0,61,9
17031550100,259,41,0,0,0,0,0,0,259,41,69,7,0,0,0,0,0,0,69,7,328,48,0,0,0,0,0,0,328,48
17097864402,996,112,1560,4,0,0,0,0,2556,116,78,6,0,0,0,0,0,0,78,6,1074,118,1560,4,0,0,0,0,2634,122
17031804606,599,89,34,1,0,0,0,0,633,90,97,10,0,0,0,0,0,0,97,10,696,99,34,1,0,0,0,0,730,100
17177000500,1102,115,237,4,4000,2,2000,1,7339,122,81,7,7000,2,0,0,0,0,7081,9,1183,122,7237,6,4000,2,2000,1,14420,131
17141960700,1362,131,46,1,0,0,2000,1,3408,133,91,9,4500,1,0,0,0,0,4591,10,1453,140,4546,2,0,0,2000,1,7999,143
17141961301,700,62,275,2,0,0,0,0,975,64,64,6,5000,1,0,0,0,0,5064,7,764,68,5275,3,0,0,0,0,6039,71
17031814400,217,44,0,0,0,0,0,0,217,44,20,2,0,0,0,0,0,0,20,2,237,46,0,0,0,0,0,0,237,46
17077011002,593,69,0,0,0,0,0,0,593,69,39,4,0,0,0,0,0,0,39,4,632,73,0,0,0,0,0,0,632,73
17097865700,306,32,0,0,0,0,0,0,306,32,26,2,0,0,0,0,0,0,26,2,332,34,0,0,0,0,0,0,332,34
17033880500,322,32,14247,6,0,0,2300,1,16869,39,38,4,400,1,0,0,0,0,438,5,360,36,14647,7,0,0,2300,1,17307,44
17089852906,670,101,0,0,0,0,0,0,670,101,15,2,0,0,0,0,0,0,15,2,685,103,0,0,0,0,0,0,685,103
17099963900,180,23,0,0,2000,1,2000,1,4180,25,43,6,0,0,0,0,0,0,43,6,223,29,0,0,2000,1,2000,1,4223,31
17031806600,211,28,0,0,0,0,0,0,211,28,33,3,0,0,0,0,0,0,33,3,244,31,0,0,0,0,0,0,244,31
17097861902,354,53,180,1,0,0,0,0,534,54,47,5,0,0,0,0,0,0,47,5,401,58,180,1,0,0,0,0,581,59
17031550200,171,28,0,0,0,0,0,0,171,28,32,2,0,0,0,0,0,0,32,2,203,30,0,0,0,0,0,0,203,30
17119403702,1747,146,806,4,0,0,0,0,2553,150,119,11,4000,1,0,0,0,0,4119,12,1866,157,4806,5,0,0,0,0,6672,162
17089852407,301,34,0,0,0,0,0,0,301,34,0,0,0,0,0,0,0,0,0,0,301,34,0,0,0,0,0,0,301,34
17043841310,549,63,0,0,0,0,0,0,549,63,69,6,0,0,0,0,0,0,69,6,618,69,0,0,0,0,0,0,618,69
17037001800,824,83,395,6,4000,2,12300,5,17519,96,185,12,3250,2,0,0,0,0,3435,14,1009,95,3645,8,4000,2,12300,5,20954,110
17197880423,240,31,97,1,1620,1,0,0,1957,33,29,3,0,0,0,0,0,0,29,3,269,34,97,1,1620,1,0,0,1986,36
17031807400,332,45,60,1,0,0,0,0,392,46,23,3,0,0,0,0,0,0,23,3,355,48,60,1,0,0,0,0,415,49
17031803017,194,26,0,0,0,0,0,0,194,26,3,1,0,0,0,0,0,0,3,1,197,27,0,0,0,0,0,0,197,27
17111870106,213,23,0,0,0,0,0,0,213,23,23,1,4990,1,0,0,0,0,5013,2,236,24,4990,1,0,0,0,0,5226,25
17043841312,242,29,0,0,0,0,0,0,242,29,17,2,62,1,0,0,0,0,79,3,259,31,62,1,0,0,0,0,321,32
17093890701,737,107,0,0,0,0,0,0,737,107,25,3,0,0,0,0,0,0,25,3,762,110,0,0,0,0,0,0,762,110
17031820501,213,39,0,0,0,0,0,0,213,39,27,4,0,0,0,0,0,0,27,4,240,43,0,0,0,0,0,0,240,43
17037000100,785,90,287,2,0,0,4000,2,5072,94,129,11,10000,2,0,0,5000,1,15129,14,914,101,10287,4,0,0,9000,3,20201,108
17197880903,78,11,0,0,0,0,0,0,78,11,6,1,0,0,0,0,0,0,6,1,84,12,0,0,0,0,0,0,84,12
17031180100,194,28,0,0,0,0,0,0,194,28,53,4,0,0,0,0,0,0,53,4,247,32,0,0,0,0,0,0,247,32
17031824123,427,57,0,0,0,0,0,0,427,57,65,6,0,0,0,0,0,0,65,6,492,63,0,0,0,0,0,0,492,63
17097862000,197,38,0,0,0,0,0,0,197,38,24,4,0,0,0,0,0,0,24,4,221,42,0,0,0,0,0,0,221,42
17197880905,191,27,0,0,0,0,0,0,191,27,10,1,0,0,0,0,0,0,10,1,201,28,0,0,0,0,0,0,201,28
17007010502,1350,150,0,0,3486,2,3500,2,8336,154,80,7,1600,1,0,0,0,0,1680,8,1430,157,1600,1,3486,2,3500,2,10016,162
17031823901,131,13,0,0,0,0,0,0,131,13,30,2,0,0,0,0,0,0,30,2,161,15,0,0,0,0,0,0,161,15
17031832500,32,5,0,0,0,0,0,0,32,5,0,0,60,1,0,0,0,0,60,1,32,5,60,1,0,0,0,0,92,6
17031804204,614,50,319,3,0,0,0,0,933,53,15,2,0,0,0,0,0,0,15,2,629,52,319,3,0,0,0,0,948,55
17197880701,363,53,0,0,0,0,0,0,363,53,54,6,240,1,0,0,0,0,294,7,417,59,240,1,0,0,0,0,657,60
17031813301,38,8,0,0,0,0,0,0,38,8,9,2,1920,1,0,0,1900,1,3829,4,47,10,1920,1,0,0,1900,1,3867,12
17031804105,494,67,1260,1,0,0,0,0,1754,68,59,6,500,1,0,0,0,0,559,7,553,73,1760,2,0,0,0,0,2313,75
17043841103,156,22,0,0,0,0,0,0,156,22,10,1,0,0,0,0,0,0,10,1,166,23,0,0,0,0,0,0,166,23
17197880125,1263,153,0,0,0,0,0,0,1263,153,60,6,1920,1,0,0,0,0,1980,7,1323,159,1920,1,0,0,0,0,3243,160
17037001700,602,53,240,2,4000,2,11000,4,15842,61,74,5,5000,1,0,0,0,0,5074,6,676,58,5240,3,4000,2,11000,4,20916,67
17111871501,669,85,1873,1,0,0,1900,1,4442,87,31,4,4980,1,0,0,0,0,5011,5,700,89,6853,2,0,0,1900,1,9453,92
17031770901,282,41,0,0,0,0,0,0,282,41,22,3,0,0,0,0,0,0,22,3,304,44,0,0,0,0,0,0,304,44
17111870811,464,60,0,0,0,0,0,0,464,60,58,5,0,0,0,0,0,0,58,5,522,65,0,0,0,0,0,0,522,65
17031600400,34,7,0,0,0,0,0,0,34,7,0,0,0,0,0,0,0,0,0,0,34,7,0,0,0,0,0,0,34,7
17197883206,294,42,0,0,0,0,0,0,294,42,30,5,0,0,0,0,0,0,30,5,324,47,0,0,0,0,0,0,324,47
17125956600,257,26,29,1,0,0,0,0,286,27,36,2,0,0,0,0,0,0,36,2,293,28,29,1,0,0,0,0,322,29
17201003801,1288,149,928,2,3900,2,3900,2,10016,155,127,12,625,1,0,0,0,0,752,13,1415,161,1553,3,3900,2,3900,2,10768,168
17197880411,332,37,0,0,0,0,0,0,332,37,0,0,60,1,0,0,0,0,60,1,332,37,60,1,0,0,0,0,392,38
17093890107,989,133,0,0,0,0,0,0,989,133,158,18,0,0,0,0,0,0,158,18,1147,151,0,0,0,0,0,0,1147,151
17107952900,819,72,75,1,0,0,0,0,894,73,342,27,5000,2,0,0,1400,1,6742,30,1161,99,5075,3,0,0,1400,1,7636,103
17031843200,19,3,2197,2,0,0,1400,1,3616,6,0,0,0,0,0,0,0,0,0,0,19,3,2197,2,0,0,1400,1,3616,6
17031570200,31,6,1033,1,0,0,1000,1,2064,8,15,1,0,0,0,0,0,0,15,1,46,7,1033,1,0,0,1000,1,2079,9
17031110300,183,28,0,0,0,0,0,0,183,28,33,2,0,0,0,0,0,0,33,2,216,30,0,0,0,0,0,0,216,30
17107953500,643,55,0,0,0,0,70000,1,70643,56,129,11,0,0,0,0,0,0,129,11,772,66,0,0,0,0,70000,1,70772,67
17197883507,280,28,0,0,0,0,0,0,280,28,62,4,8350,2,0,0,0,0,8412,6,342,32,8350,2,0,0,0,0,8692,34
17035972400,34,4,60,1,0,0,273600,1,273694,6,0,0,0,0,0,0,0,0,0,0,34,4,60,1,0,0,273600,1,273694,6
17197880124,823,116,1909,1,0,0,1900,1,4632,118,98,12,17240,8,0,0,0,0,17338,20,921,128,19149,9,0,0,1900,1,21970,138
17031801800,270,29,1388,5,0,0,0,0,1658,34,48,3,0,0,0,0,0,0,48,3,318,32,1388,5,0,0,0,0,1706,37
17031831000,23,3,0,0,0,0,0,0,23,3,24,2,0,0,0,0,0,0,24,2,47,5,0,0,0,0,0,0,47,5
17097864412,439,58,0,0,0,0,0,0,439,58,38,3,0,0,0,0,0,0,38,3,477,61,0,0,0,0,0,0,477,61
17197880309,715,94,0,0,0,0,0,0,715,94,103,10,0,0,0,0,0,0,103,10,818,104,0,0,0,0,0,0,818,104
17043845402,263,32,0,0,0,0,0,0,263,32,31,3,0,0,0,0,0,0,31,3,294,35,0,0,0,0,0,0,294,35
17031811800,404,61,700,1,0,0,0,0,1104,62,57,8,4560,3,0,0,3200,2,7817,13,461,69,5260,4,0,0,3200,2,8921,75
17043841322,676,116,0,0,0,0,0,0,676,116,44,5,900,1,0,0,0,0,944,6,720,121,900,1,0,0,0,0,1620,122
17113006000,612,58,333,3,5000,1,5000,1,10945,63,160,11,10000,2,0,0,5000,1,15160,14,772,69,10333,5,5000,1,10000,2,26105,77
17111870907,382,41,106,2,0,0,4000,3,4488,46,12,1,0,0,0,0,0,0,12,1,394,42,106,2,0,0,4000,3,4500,47
17077011100,108,11,200,1,0,0,0,0,308,12,15,1,0,0,0,0,0,0,15,1,123,12,200,1,0,0,0,0,323,13
17129010300,315,33,0,0,0,0,0,0,315,33,10,2,0,0,0,0,0,0,10,2,325,35,0,0,0,0,0,0,325,35
17163503301,166,19,72,1,0,0,0,0,238,20,35,4,0,0,0,0,0,0,35,4,201,23,72,1,0,0,0,0,273,24
17049950300,208,22,0,0,0,0,0,0,208,22,28,2,0,0,0,0,0,0,28,2,236,24,0,0,0,0,0,0,236,24
17167001001,28,4,0,0,0,0,0,0,28,4,8,1,0,0,0,0,0,0,8,1,36,5,0,0,0,0,0,0,36,5
17191954900,123,11,0,0,0,0,0,0,123,11,0,0,0,0,0,0,0,0,0,0,123,11,0,0,0,0,0,0,123,11
17089853900,202,28,0,0,0,0,0,0,202,28,25,2,0,0,0,0,0,0,25,2,227,30,0,0,0,0,0,0,227,30
17197880511,795,110,0,0,0,0,0,0,795,110,102,9,0,0,0,0,0,0,102,9,897,119,0,0,0,0,0,0,897,119
17019001100,398,51,50,1,0,0,0,0,448,52,38,4,0,0,0,0,0,0,38,4,436,55,50,1,0,0,0,0,486,56
17163503203,953,88,240,1,0,0,2500,1,3693,90,60,5,29,1,0,0,0,0,89,6,1013,93,269,2,0,0,2500,1,3782,96
17197880106,396,56,100,1,0,0,0,0,496,57,40,5,500,1,0,0,0,0,540,6,436,61,600,2,0,0,0,0,1036,63
17167001100,14,2,0,0,0,0,0,0,14,2,0,0,200,1,0,0,0,0,200,1,14,2,200,1,0,0,0,0,214,3
17197880315,891,111,0,0,0,0,0,0,891,111,79,9,0,0,0,0,0,0,79,9,970,120,0,0,0,0,0,0,970,120
17159978300,314,29,95,2,0,0,0,0,409,31,99,6,2000,1,0,0,0,0,2099,7,413,35,2095,3,0,0,0,0,2508,38
17165956000,181,20,640,5,0,0,0,0,821,25,4,1,0,0,0,0,0,0,4,1,185,21,640,5,0,0,0,0,825,26
17165955800,219,17,302,2,0,0,0,0,521,19,69,6,2499,1,0,0,0,0,2568,7,288,23,2801,3,0,0,0,0,3089,26
17165955900,325,21,301,4,0,0,0,0,626,25,53,4,600,1,0,0,0,0,653,5,378,25,901,5,0,0,0,0,1279,30
17165955100,198,18,1196,7,0,0,0,0,1394,25,103,8,1800,1,0,0,0,0,1903,9,301,26,2996,8,0,0,0,0,3297,34
17037000300,558,51,330,4,2000,1,2000,1,4888,57,32,3,13748,5,0,0,0,0,13780,8,590,54,14078,9,2000,1,2000,1,18668,65
17003957800,21,2,43,1,0,0,0,0,64,3,0,0,0,0,0,0,0,0,0,0,21,2,43,1,0,0,0,0,64,3
17061973900,253,28,0,0,0,0,0,0,253,28,44,5,0,0,0,0,0,0,44,5,297,33,0,0,0,0,0,0,297,33
17031818401,230,34,345,2,0,0,0,0,575,36,24,4,0,0,0,0,0,0,24,4,254,38,345,2,0,0,0,0,599,40
17077011600,1002,88,268,2,0,0,0,0,1270,90,16,2,0,0,0,0,0,0,16,2,1018,90,268,2,0,0,0,0,1286,92
17031803300,113,14,375,1,0,0,0,0,488,15,25,4,0,0,0,0,0,0,25,4,138,18,375,1,0,0,0,0,513,19
17089850705,842,116,380,2,0,0,0,0,1222,118,175,16,6240,2,0,0,0,0,6415,18,1017,132,6620,4,0,0,0,0,7637,136
17177000100,1069,109,150,1,8999,3,12000,3,22218,116,46,5,0,0,0,0,0,0,46,5,1115,114,150,1,8999,3,12000,3,22264,121
17143001600,129,17,0,0,0,0,0,0,129,17,16,2,0,0,0,0,0,0,16,2,145,19,0,0,0,0,0,0,145,19
17095000500,280,36,533,2,0,0,0,0,813,38,89,11,3000,3,0,0,0,0,3089,14,369,47,3533,5,0,0,0,0,3902,52
17043846524,356,47,52,1,0,0,0,0,408,48,15,3,0,0,0,0,0,0,15,3,371,50,52,1,0,0,0,0,423,51
17197880323,533,66,0,0,0,0,0,0,533,66,110,12,0,0,0,0,0,0,110,12,643,78,0,0,0,0,0,0,643,78
17167003802,299,32,0,0,0,0,0,0,299,32,84,7,0,0,0,0,0,0,84,7,383,39,0,0,0,0,0,0,383,39
17159978200,198,24,0,0,0,0,0,0,198,24,127,10,0,0,0,0,0,0,127,10,325,34,0,0,0,0,0,0,325,34
17137951900,602,67,472,2,0,0,0,0,1074,69,130,11,0,0,0,0,0,0,130,11,732,78,472,2,0,0,0,0,1204,80
17183010800,530,46,134,1,4000,2,4000,2,8664,51,160,14,220,1,0,0,0,0,380,15,690,60,354,2,4000,2,4000,2,9044,66
17043846413,71,8,33,1,0,0,0,0,104,9,11,2,0,0,0,0,0,0,11,2,82,10,33,1,0,0,0,0,115,11
17097864110,1012,133,802,2,0,0,0,0,1814,135,141,13,7125,2,0,0,0,0,7266,15,1153,146,7927,4,0,0,0,0,9080,150
17085020401,1282,137,139,1,0,0,0,0,1421,138,33,2,0,0,0,0,0,0,33,2,1315,139,139,1,0,0,0,0,1454,140
17043843302,120,21,50,1,0,0,0,0,170,22,19,3,0,0,0,0,0,0,19,3,139,24,50,1,0,0,0,0,189,25
17031150402,164,26,0,0,0,0,0,0,164,26,5,1,0,0,0,0,0,0,5,1,169,27,0,0,0,0,0,0,169,27
17143003000,656,90,420,1,0,0,0,0,1076,91,110,15,750,1,0,0,0,0,860,16,766,105,1170,2,0,0,0,0,1936,107
17031803005,148,18,2079,3,0,0,0,0,2227,21,17,2,0,0,0,0,0,0,17,2,165,20,2079,3,0,0,0,0,2244,23
17043842604,93,12,643,3,0,0,0,0,736,15,13,3,1963,1,0,0,0,0,1976,4,106,15,2606,4,0,0,0,0,2712,19
17043846702,333,37,1259,2,0,0,0,0,1592,39,64,5,1740,2,0,0,0,0,1804,7,397,42,2999,4,0,0,0,0,3396,46
17111871301,265,36,720,2,0,0,0,0,985,38,0,0,1500,2,0,0,0,0,1500,2,265,36,2220,4,0,0,0,0,2485,40
17113000504,320,34,460,2,0,0,0,0,780,36,48,3,0,0,0,0,0,0,48,3,368,37,460,2,0,0,0,0,828,39
17031824106,568,65,420,1,0,0,0,0,988,66,43,5,1262,2,0,0,0,0,1305,7,611,70,1682,3,0,0,0,0,2293,73
17037001400,950,119,642,3,4000,2,4000,2,9592,126,174,18,720,1,0,0,0,0,894,19,1124,137,1362,4,4000,2,4000,2,10486,145
17097863603,171,19,1957,7,0,0,0,0,2128,26,12,1,0,0,0,0,0,0,12,1,183,20,1957,7,0,0,0,0,2140,27
17031815100,177,26,0,0,0,0,0,0,177,26,22,3,0,0,0,0,0,0,22,3,199,29,0,0,0,0,0,0,199,29
17023060400,47,5,0,0,0,0,0,0,47,5,20,2,0,0,0,0,0,0,20,2,67,7,0,0,0,0,0,0,67,7
17031150401,188,21,0,0,0,0,0,0,188,21,0,0,0,0,0,0,0,0,0,0,188,21,0,0,0,0,0,0,188,21
17095001400,327,31,419,7,0,0,0,0,746,38,71,4,0,0,0,0,0,0,71,4,398,35,419,7,0,0,0,0,817,42
17029000500,232,31,1261,4,0,0,0,0,1493,35,26,3,5000,1,0,0,0,0,5026,4,258,34,6261,5,0,0,0,0,6519,39
17095001300,415,49,630,2,0,0,0,0,1045,51,149,12,5499,2,0,0,0,0,5648,14,564,61,6129,4,0,0,0,0,6693,65
17031824129,258,23,0,0,0,0,0,0,258,23,47,3,0,0,0,0,0,0,47,3,305,26,0,0,0,0,0,0,305,26
17031817200,277,39,0,0,0,0,0,0,277,39,88,10,0,0,0,0,0,0,88,10,365,49,0,0,0,0,0,0,365,49
17111870301,381,53,2452,7,8000,4,4000,2,14833,66,28,4,0,0,0,0,0,0,28,4,409,57,2452,7,8000,4,4000,2,14861,70
17179021900,1493,134,7642,7,2000,1,5400,3,16535,145,256,21,3500,1,0,0,0,0,3756,22,1749,155,11142,8,2000,1,5400,3,20291,167
17031150300,122,20,0,0,0,0,0,0,122,20,6,1,0,0,0,0,0,0,6,1,128,21,0,0,0,0,0,0,128,21
17085020200,1053,116,573,3,0,0,0,0,1626,119,19,1,0,0,0,0,0,0,19,1,1072,117,573,3,0,0,0,0,1645,120
17143003900,3410,371,6662,9,4000,2,12900,5,26972,387,287,25,9920,4,0,0,0,0,10207,29,3697,396,16582,13,4000,2,12900,5,37179,416
17031803605,368,47,909,2,0,0,0,0,1277,49,53,7,0,0,0,0,0,0,53,7,421,54,909,2,0,0,0,0,1330,56
17197883219,900,114,540,1,0,0,0,0,1440,115,12,1,0,0,0,0,0,0,12,1,912,115,540,1,0,0,0,0,1452,116
17043841204,1071,157,600,1,0,0,0,0,1671,158,82,11,0,0,0,0,0,0,82,11,1153,168,600,1,0,0,0,0,1753,169
17097865400,106,15,480,1,0,0,0,0,586,16,6,1,0,0,0,0,0,0,6,1,112,16,480,1,0,0,0,0,592,17
17097861609,516,71,881,2,0,0,0,0,1397,73,12,2,0,0,0,0,0,0,12,2,528,73,881,2,0,0,0,0,1409,75
17031810301,211,38,951,3,0,0,0,0,1162,41,33,2,0,0,0,0,0,0,33,2,244,40,951,3,0,0,0,0,1195,43
17031804609,461,49,480,1,0,0,0,0,941,50,45,5,0,0,0,0,0,0,45,5,506,54,480,1,0,0,0,0,986,55
17043845902,238,23,1334,4,0,0,0,0,1572,27,0,0,560,2,0,0,0,0,560,2,238,23,1894,6,0,0,0,0,2132,29
17031140302,63,8,0,0,0,0,0,0,63,8,8,2,0,0,0,0,0,0,8,2,71,10,0,0,0,0,0,0,71,10
17061973800,125,14,234,3,0,0,0,0,359,17,79,6,0,0,0,0,0,0,79,6,204,20,234,3,0,0,0,0,438,23
17031241300,40,4,0,0,0,0,0,0,40,4,0,0,0,0,0,0,0,0,0,0,40,4,0,0,0,0,0,0,40,4
17097864001,402,62,600,4,0,0,0,0,1002,66,23,3,0,0,0,0,0,0,23,3,425,65,600,4,0,0,0,0,1025,69
17031770602,321,37,87,1,1560,1,0,0,1968,39,61,5,0,0,0,0,1600,1,1661,6,382,42,87,1,1560,1,1600,1,3629,45
17179021701,1419,130,314,3,300,1,0,0,2033,134,119,9,4990,1,0,0,5000,1,10109,11,1538,139,5304,4,300,1,5000,1,12142,145
17053961600,340,31,0,0,0,0,0,0,340,31,57,5,0,0,0,0,0,0,57,5,397,36,0,0,0,0,0,0,397,36
17025972000,109,12,2000,1,1980,1,252000,2,256089,16,51,4,0,0,0,0,0,0,51,4,160,16,2000,1,1980,1,252000,2,256140,20
17031160602,63,11,0,0,0,0,0,0,63,11,0,0,0,0,0,0,0,0,0,0,63,11,0,0,0,0,0,0,63,11
17019010901,1461,165,360,1,0,0,0,0,1821,166,238,22,0,0,0,0,0,0,238,22,1699,187,360,1,0,0,0,0,2059,188
17031804810,515,68,0,0,0,0,0,0,515,68,24,3,0,0,0,0,0,0,24,3,539,71,0,0,0,0,0,0,539,71
17183010900,828,74,267,5,2000,1,2500,1,5595,81,178,13,0,0,0,0,0,0,178,13,1006,87,267,5,2000,1,2500,1,5773,94
17045070100,424,41,271,2,0,0,0,0,695,43,74,6,0,0,0,0,0,0,74,6,498,47,271,2,0,0,0,0,769,49
17051950500,385,43,1822,2,0,0,1800,1,4007,46,79,7,7280,4,0,0,0,0,7359,11,464,50,9102,6,0,0,1800,1,11366,57
17197880416,258,37,50,1,0,0,0,0,308,38,6,1,0,0,0,0,0,0,6,1,264,38,50,1,0,0,0,0,314,39
17029000300,249,35,900,1,0,0,0,0,1149,36,147,16,9000,2,0,0,0,0,9147,18,396,51,9900,3,0,0,0,0,10296,54
17001010100,1119,104,863,9,0,0,0,0,1982,113,109,9,0,0,0,0,0,0,109,9,1228,113,863,9,0,0,0,0,2091,122
17031150700,234,31,0,0,0,0,0,0,234,31,10,1,0,0,0,0,0,0,10,1,244,32,0,0,0,0,0,0,244,32
17031802801,188,24,0,0,0,0,0,0,188,24,12,1,0,0,0,0,0,0,12,1,200,25,0,0,0,0,0,0,200,25
17031828601,255,33,0,0,0,0,0,0,255,33,35,4,0,0,0,0,0,0,35,4,290,37,0,0,0,0,0,0,290,37
17167003801,275,28,278,2,0,0,0,0,553,30,49,4,0,0,0,0,0,0,49,4,324,32,278,2,0,0,0,0,602,34
17031150800,195,27,0,0,0,0,0,0,195,27,25,4,0,0,0,0,0,0,25,4,220,31,0,0,0,0,0,0,220,31
17031815000,134,22,0,0,0,0,0,0,134,22,0,0,0,0,0,0,0,0,0,0,134,22,0,0,0,0,0,0,134,22
17167001800,41,5,40,1,0,0,0,0,81,6,0,0,0,0,0,0,0,0,0,0,41,5,40,1,0,0,0,0,81,6
17019010800,953,100,6749,4,2000,1,144000,4,153702,109,124,12,2034,2,0,0,0,0,2158,14,1077,112,8783,6,2000,1,144000,4,155860,123
17089850706,476,60,300,1,0,0,0,0,776,61,130,12,4990,1,0,0,0,0,5120,13,606,72,5290,2,0,0,0,0,5896,74
17199020300,1653,125,5041,2,4000,2,6000,3,16694,132,260,22,500,1,0,0,0,0,760,23,1913,147,5541,3,4000,2,6000,3,17454,155
17007010601,1219,135,389,2,2000,1,2000,1,5608,139,35,5,0,0,0,0,0,0,35,5,1254,140,389,2,2000,1,2000,1,5643,144
17177000200,1061,107,57,1,4000,2,2000,1,7118,111,146,12,0,0,0,0,0,0,146,12,1207,119,57,1,4000,2,2000,1,7264,123
17063000500,343,32,61,1,4750,3,2000,1,7154,37,105,5,0,0,0,0,0,0,105,5,448,37,61,1,4750,3,2000,1,7259,42
17031190402,158,26,0,0,0,0,0,0,158,26,30,4,0,0,0,0,0,0,30,4,188,30,0,0,0,0,0,0,188,30
17037000402,585,64,76,2,0,0,0,0,661,66,75,5,0,0,0,0,0,0,75,5,660,69,76,2,0,0,0,0,736,71
17049950500,422,41,138,2,0,0,0,0,560,43,35,2,0,0,0,0,0,0,35,2,457,43,138,2,0,0,0,0,595,45
17031806802,333,37,43,1,0,0,0,0,376,38,0,0,0,0,0,0,0,0,0,0,333,37,43,1,0,0,0,0,376,38
17099963700,497,46,470,1,2000,1,22000,2,24967,50,77,8,4490,3,0,0,150000,1,154567,12,574,54,4960,4,2000,1,172000,3,179534,62
17027900601,356,31,212,4,0,0,0,0,568,35,36,2,0,0,0,0,0,0,36,2,392,33,212,4,0,0,0,0,604,37
17029000600,269,28,0,0,2000,1,202000,2,204269,31,36,3,0,0,0,0,0,0,36,3,305,31,0,0,2000,1,202000,2,204305,34
17081050200,103,11,0,0,2000,1,2000,1,4103,13,66,5,0,0,0,0,0,0,66,5,169,16,0,0,2000,1,2000,1,4169,18
17049950700,257,29,350,1,0,0,0,0,607,30,116,11,995,1,0,0,0,0,1111,12,373,40,1345,2,0,0,0,0,1718,42
17197881001,397,41,780,1,0,0,0,0,1177,42,63,6,0,0,0,0,0,0,63,6,460,47,780,1,0,0,0,0,1240,48
17091010201,420,43,0,0,14140,6,7700,4,22260,53,12,2,9950,2,0,0,5000,1,14962,5,432,45,9950,2,14140,6,12700,5,37222,58
17149952800,200,19,0,0,0,0,0,0,200,19,0,0,0,0,0,0,0,0,0,0,200,19,0,0,0,0,0,0,200,19
17085020102,587,64,0,0,4000,2,4000,2,8587,68,95,8,0,0,0,0,0,0,95,8,682,72,0,0,4000,2,4000,2,8682,76
17089854508,1095,137,0,0,0,0,0,0,1095,137,92,8,0,0,0,0,0,0,92,8,1187,145,0,0,0,0,0,0,1187,145
17089852403,754,77,1002,7,2000,1,14500,4,18256,89,88,7,14422,3,0,0,0,0,14510,10,842,84,15424,10,2000,1,14500,4,32766,99
17177000700,103,13,822,1,4000,2,4000,2,8925,18,23,2,4640,2,0,0,2000,1,6663,5,126,15,5462,3,4000,2,6000,3,15588,23
17101880800,280,24,324,3,0,0,0,0,604,27,91,6,4975,1,0,0,0,0,5066,7,371,30,5299,4,0,0,0,0,5670,34
17063000900,265,23,0,0,4000,2,4000,2,8265,27,104,9,5000,1,0,0,5000,1,10104,11,369,32,5000,1,4000,2,9000,3,18369,38
17031110400,62,13,0,0,0,0,0,0,62,13,0,0,0,0,0,0,0,0,0,0,62,13,0,0,0,0,0,0,62,13
17195000300,339,38,279,3,6990,2,7000,2,14608,45,18,3,4999,1,0,0,0,0,5017,4,357,41,5278,4,6990,2,7000,2,19625,49
17195000100,1040,94,2332,5,4000,2,13000,5,20372,106,260,20,4000,2,0,0,0,0,4260,22,1300,114,6332,7,4000,2,13000,5,24632,128
17075950600,161,19,5700,5,0,0,0,0,5861,24,83,9,0,0,0,0,4500,1,4583,10,244,28,5700,5,0,0,4500,1,10444,34
17031803013,277,39,0,0,0,0,0,0,277,39,35,3,0,0,0,0,0,0,35,3,312,42,0,0,0,0,0,0,312,42
17197883305,327,44,200,1,0,0,0,0,527,45,19,2,200,1,0,0,0,0,219,3,346,46,400,2,0,0,0,0,746,48
17201004100,1418,140,45,1,0,0,0,0,1463,141,108,9,0,0,0,0,0,0,108,9,1526,149,45,1,0,0,0,0,1571,150
17031808301,373,50,0,0,0,0,0,0,373,50,38,4,960,1,0,0,0,0,998,5,411,54,960,1,0,0,0,0,1371,55
17089850600,461,57,0,0,900,1,0,0,1361,58,64,6,0,0,0,0,0,0,64,6,525,63,0,0,900,1,0,0,1425,64
17031804902,348,54,0,0,0,0,0,0,348,54,53,7,0,0,0,0,0,0,53,7,401,61,0,0,0,0,0,0,401,61
17037000200,1264,136,4708,9,9950,5,12000,6,27922,156,96,9,0,0,0,0,0,0,96,9,1360,145,4708,9,9950,5,12000,6,28018,165
17075950700,468,49,0,0,0,0,0,0,468,49,50,5,3320,1,0,0,0,0,3370,6,518,54,3320,1,0,0,0,0,3838,55
17031470100,115,18,30,1,0,0,0,0,145,19,11,2,0,0,0,0,0,0,11,2,126,20,30,1,0,0,0,0,156,21
17031802610,160,21,0,0,0,0,0,0,160,21,30,3,0,0,0,0,0,0,30,3,190,24,0,0,0,0,0,0,190,24
17031110100,164,27,0,0,0,0,0,0,164,27,0,0,0,0,0,0,0,0,0,0,164,27,0,0,0,0,0,0,164,27
17177000600,1480,155,0,0,6000,3,10000,5,17480,163,139,14,2000,1,0,0,0,0,2139,15,1619,169,2000,1,6000,3,10000,5,19619,178
17201003705,890,111,600,1,2000,1,2000,1,5490,114,115,12,2000,1,0,0,0,0,2115,13,1005,123,2600,2,2000,1,2000,1,7605,127
17049950100,656,67,568,5,0,0,0,0,1224,72,0,0,0,0,0,0,0,0,0,0,656,67,568,5,0,0,0,0,1224,72
17091010900,264,22,30,1,8000,4,4000,2,12294,29,71,4,0,0,0,0,0,0,71,4,335,26,30,1,8000,4,4000,2,12365,33
17031820901,241,32,5991,5,0,0,5500,3,11732,40,23,5,9960,7,0,0,0,0,9983,12,264,37,15951,12,0,0,5500,3,21715,52
17031805109,230,29,0,0,0,0,0,0,230,29,48,5,0,0,0,0,0,0,48,5,278,34,0,0,0,0,0,0,278,34
17031824126,566,63,225,1,0,0,0,0,791,64,100,8,0,0,0,0,0,0,100,8,666,71,225,1,0,0,0,0,891,72
17093890301,660,92,3600,3,0,0,0,0,4260,95,61,6,800,1,0,0,0,0,861,7,721,98,4400,4,0,0,0,0,5121,102
17091012500,33,4,3500,4,4000,2,4000,2,11533,12,28,4,0,0,0,0,0,0,28,4,61,8,3500,4,4000,2,4000,2,11561,16
17141960900,1456,153,4980,1,6000,3,6000,3,18436,160,91,8,0,0,0,0,0,0,91,8,1547,161,4980,1,6000,3,6000,3,18527,168
17073030202,354,38,414,4,0,0,0,0,768,42,87,7,4950,1,0,0,5000,1,10037,9,441,45,5364,5,0,0,5000,1,10805,51
17037001500,158,20,5946,5,1992,1,2000,1,10096,27,21,3,125,1,0,0,95000,1,95146,5,179,23,6071,6,1992,1,97000,2,105242,32
17077010800,255,28,2499,5,0,0,0,0,2754,33,44,4,959,1,0,0,0,0,1003,5,299,32,3458,6,0,0,0,0,3757,38
17031804803,443,60,540,1,0,0,0,0,983,61,53,4,500,1,0,0,0,0,553,5,496,64,1040,2,0,0,0,0,1536,66
17135957400,768,69,30,1,0,0,0,0,798,70,29,2,5000,1,0,0,0,0,5029,3,797,71,5030,2,0,0,0,0,5827,73
17097861611,450,60,780,1,0,0,0,0,1230,61,26,3,0,0,0,0,0,0,26,3,476,63,780,1,0,0,0,0,1256,64
17031803702,484,59,0,0,0,0,0,0,484,59,68,7,0,0,0,0,0,0,68,7,552,66,0,0,0,0,0,0,552,66
17089850709,977,117,0,0,0,0,0,0,977,117,57,8,0,0,0,0,0,0,57,8,1034,125,0,0,0,0,0,0,1034,125
17031813400,291,53,52,1,0,0,0,0,343,54,36,3,0,0,0,0,0,0,36,3,327,56,52,1,0,0,0,0,379,57
17031804608,269,37,0,0,0,0,0,0,269,37,0,0,0,0,0,0,0,0,0,0,269,37,0,0,0,0,0,0,269,37
17031843600,39,7,0,0,0,0,0,0,39,7,6,1,0,0,0,0,0,0,6,1,45,8,0,0,0,0,0,0,45,8
17031804710,452,65,225,1,0,0,0,0,677,66,34,4,0,0,0,0,0,0,34,4,486,69,225,1,0,0,0,0,711,70
17089850103,530,75,45,1,0,0,0,0,575,76,60,8,1680,1,0,0,0,0,1740,9,590,83,1725,2,0,0,0,0,2315,85
17031650302,271,37,0,0,0,0,0,0,271,37,15,1,100,1,0,0,0,0,115,2,286,38,100,1,0,0,0,0,386,39
17043845703,227,30,0,0,0,0,0,0,227,30,33,5,0,0,0,0,0,0,33,5,260,35,0,0,0,0,0,0,260,35
17031818200,341,56,0,0,0,0,0,0,341,56,51,4,0,0,0,0,0,0,51,4,392,60,0,0,0,0,0,0,392,60
17043846105,102,12,0,0,0,0,0,0,102,12,18,2,0,0,0,0,0,0,18,2,120,14,0,0,0,0,0,0,120,14
17031809700,258,41,720,1,0,0,0,0,978,42,20,2,0,0,0,0,0,0,20,2,278,43,720,1,0,0,0,0,998,44
17031804706,364,49,267,1,0,0,0,0,631,50,12,2,0,0,0,0,0,0,12,2,376,51,267,1,0,0,0,0,643,52
17031031000,115,15,0,0,0,0,0,0,115,15,0,0,0,0,0,0,0,0,0,0,115,15,0,0,0,0,0,0,115,15
17097861011,1040,153,0,0,0,0,0,0,1040,153,92,11,0,0,0,0,0,0,92,11,1132,164,0,0,0,0,0,0,1132,164
17031804806,356,46,0,0,0,0,0,0,356,46,39,3,0,0,0,0,0,0,39,3,395,49,0,0,0,0,0,0,395,49
17031160502,44,7,0,0,0,0,0,0,44,7,0,0,0,0,0,0,0,0,0,0,44,7,0,0,0,0,0,0,44,7
17031822400,404,48,160,1,0,0,0,0,564,49,95,9,0,0,0,0,0,0,95,9,499,57,160,1,0,0,0,0,659,58
17031804716,562,75,0,0,0,0,0,0,562,75,53,6,0,0,0,0,0,0,53,6,615,81,0,0,0,0,0,0,615,81
17031802608,215,28,0,0,0,0,0,0,215,28,12,2,0,0,0,0,0,0,12,2,227,30,0,0,0,0,0,0,227,30
17027900200,539,45,504,5,0,0,0,0,1043,50,0,0,0,0,0,0,0,0,0,0,539,45,504,5,0,0,0,0,1043,50
17031825504,433,64,400,1,0,0,0,0,833,65,50,6,0,0,0,0,0,0,50,6,483,70,400,1,0,0,0,0,883,71
17163502300,87,12,1800,1,0,0,1800,1,3687,14,50,6,0,0,0,0,0,0,50,6,137,18,1800,1,0,0,1800,1,3737,20
17089850201,354,60,0,0,0,0,0,0,354,60,18,3,0,0,0,0,0,0,18,3,372,63,0,0,0,0,0,0,372,63
17043844100,149,20,0,0,0,0,0,0,149,20,0,0,0,0,0,0,0,0,0,0,149,20,0,0,0,0,0,0,149,20
17031070400,19,3,40,1,0,0,0,0,59,4,0,0,0,0,0,0,0,0,0,0,19,3,40,1,0,0,0,0,59,4
17031071000,22,3,127,2,0,0,0,0,149,5,4,1,0,0,0,0,0,0,4,1,26,4,127,2,0,0,0,0,153,6
17077010200,333,34,0,0,0,0,0,0,333,34,85,7,0,0,0,0,0,0,85,7,418,41,0,0,0,0,0,0,418,41
17031808400,745,96,0,0,0,0,0,0,745,96,87,9,0,0,0,0,0,0,87,9,832,105,0,0,0,0,0,0,832,105
17097864411,482,57,0,0,0,0,0,0,482,57,11,2,0,0,0,0,0,0,11,2,493,59,0,0,0,0,0,0,493,59
17031804713,211,32,0,0,0,0,0,0,211,32,11,1,100,1,0,0,0,0,111,2,222,33,100,1,0,0,0,0,322,34
17031803607,255,36,0,0,0,0,0,0,255,36,33,4,0,0,0,0,0,0,33,4,288,40,0,0,0,0,0,0,288,40
17031809200,252,42,0,0,0,0,0,0,252,42,26,3,280,1,0,0,0,0,306,4,278,45,280,1,0,0,0,0,558,46
17197884004,210,26,0,0,2000,1,2000,1,4210,28,30,3,0,0,0,0,0,0,30,3,240,29,0,0,2000,1,2000,1,4240,31
17031804603,124,13,0,0,0,0,0,0,124,13,29,2,0,0,0,0,0,0,29,2,153,15,0,0,0,0,0,0,153,15
17159977900,249,24,121,3,2000,1,2000,1,4370,29,52,6,4998,1,0,0,5000,1,10050,8,301,30,5119,4,2000,1,7000,2,14420,37
17031100600,154,27,0,0,0,0,0,0,154,27,35,2,0,0,0,0,0,0,35,2,189,29,0,0,0,0,0,0,189,29
17019010601,1206,126,0,0,0,0,0,0,1206,126,191,18,0,0,0,0,0,0,191,18,1397,144,0,0,0,0,0,0,1397,144
17197883307,426,56,360,1,2000,1,0,0,2786,58,63,6,4480,1,0,0,0,0,4543,7,489,62,4840,2,2000,1,0,0,7329,65
17031803615,204,28,0,0,0,0,0,0,204,28,10,1,0,0,0,0,0,0,10,1,214,29,0,0,0,0,0,0,214,29
17031032100,8,1,0,0,0,0,0,0,8,1,0,0,40,1,0,0,0,0,40,1,8,1,40,1,0,0,0,0,48,2
17111871207,315,45,750,1,0,0,0,0,1065,46,44,6,0,0,0,0,0,0,44,6,359,51,750,1,0,0,0,0,1109,52
17197880303,145,19,0,0,0,0,0,0,145,19,0,0,0,0,0,0,0,0,0,0,145,19,0,0,0,0,0,0,145,19
17031640800,47,9,0,0,0,0,0,0,47,9,0,0,0,0,0,0,0,0,0,0,47,9,0,0,0,0,0,0,47,9
17031811900,196,20,67,1,0,0,0,0,263,21,6,1,0,0,0,0,0,0,6,1,202,21,67,1,0,0,0,0,269,22
17197883603,239,34,0,0,0,0,0,0,239,34,57,5,0,0,0,0,0,0,57,5,296,39,0,0,0,0,0,0,296,39
17097865801,149,21,220,2,0,0,0,0,369,23,72,6,0,0,0,0,0,0,72,6,221,27,220,2,0,0,0,0,441,29
17043843500,346,50,30,1,0,0,0,0,376,51,22,3,0,0,0,0,0,0,22,3,368,53,30,1,0,0,0,0,398,54
17137952300,410,49,30,1,0,0,0,0,440,50,134,15,0,0,0,0,0,0,134,15,544,64,30,1,0,0,0,0,574,65
17143003300,339,34,37,1,0,0,0,0,376,35,24,2,0,0,0,0,0,0,24,2,363,36,37,1,0,0,0,0,400,37
17197880412,414,53,100,1,0,0,0,0,514,54,66,6,0,0,0,0,0,0,66,6,480,59,100,1,0,0,0,0,580,60
17105960900,617,59,723,9,0,0,0,0,1340,68,49,2,0,0,0,0,0,0,49,2,666,61,723,9,0,0,0,0,1389,70
17031824508,150,19,0,0,0,0,0,0,150,19,36,3,400,1,0,0,0,0,436,4,186,22,400,1,0,0,0,0,586,23
17199020500,413,45,53,1,0,0,0,0,466,46,51,6,0,0,0,0,0,0,51,6,464,51,53,1,0,0,0,0,517,52
17115002800,526,54,72,2,0,0,0,0,598,56,101,9,0,0,0,0,0,0,101,9,627,63,72,2,0,0,0,0,699,65
17201003805,1694,221,3490,11,1660,1,1700,1,8544,234,112,12,4600,2,0,0,0,0,4712,14,1806,233,8090,13,1660,1,1700,1,13256,248
17139976900,203,18,60,1,0,0,0,0,263,19,77,8,0,0,0,0,0,0,77,8,280,26,60,1,0,0,0,0,340,27
17149952400,400,47,2279,5,0,0,0,0,2679,52,61,6,0,0,0,0,0,0,61,6,461,53,2279,5,0,0,0,0,2740,58
17031020200,121,21,125,1,0,0,0,0,246,22,23,1,0,0,0,0,0,0,23,1,144,22,125,1,0,0,0,0,269,23
17163503304,746,89,1200,1,2000,1,11900,2,15846,93,120,11,8000,4,0,0,0,0,8120,15,866,100,9200,5,2000,1,11900,2,23966,108
17031839700,75,14,0,0,0,0,0,0,75,14,5,1,0,0,0,0,0,0,5,1,80,15,0,0,0,0,0,0,80,15
17031819900,129,15,0,0,0,0,0,0,129,15,0,0,0,0,0,0,0,0,0,0,129,15,0,0,0,0,0,0,129,15
17111871600,182,21,0,0,0,0,0,0,182,21,6,1,120,1,0,0,0,0,126,2,188,22,120,1,0,0,0,0,308,23
17031812400,196,32,0,0,0,0,0,0,196,32,0,0,0,0,0,0,0,0,0,0,196,32,0,0,0,0,0,0,196,32
17031030900,66,10,0,0,0,0,0,0,66,10,0,0,0,0,0,0,0,0,0,0,66,10,0,0,0,0,0,0,66,10
17089853008,261,45,150,1,0,0,0,0,411,46,49,6,0,0,0,0,0,0,49,6,310,51,150,1,0,0,0,0,460,52
17197883517,161,15,0,0,0,0,0,0,161,15,0,0,0,0,0,0,0,0,0,0,161,15,0,0,0,0,0,0,161,15
17031410500,48,9,0,0,0,0,0,0,48,9,0,0,0,0,0,0,0,0,0,0,48,9,0,0,0,0,0,0,48,9
17091010800,324,30,240,1,2000,1,2000,1,4564,33,60,8,0,0,0,0,0,0,60,8,384,38,240,1,2000,1,2000,1,4624,41
17117956300,482,45,1992,1,2000,1,2000,1,6474,48,54,5,0,0,0,0,0,0,54,5,536,50,1992,1,2000,1,2000,1,6528,53
17031813000,325,62,0,0,0,0,0,0,325,62,26,4,0,0,0,0,0,0,26,4,351,66,0,0,0,0,0,0,351,66
17043844202,197,23,0,0,0,0,0,0,197,23,44,5,300,1,0,0,0,0,344,6,241,28,300,1,0,0,0,0,541,29
17197880422,576,68,0,0,0,0,0,0,576,68,76,6,0,0,0,0,0,0,76,6,652,74,0,0,0,0,0,0,652,74
17043846004,111,15,80,1,0,0,0,0,191,16,0,0,0,0,0,0,0,0,0,0,111,15,80,1,0,0,0,0,191,16
17019010702,1179,94,6179,6,0,0,4000,2,11358,102,135,14,4000,2,0,0,0,0,4135,16,1314,108,10179,8,0,0,4000,2,15493,118
17031810000,79,9,0,0,0,0,0,0,79,9,0,0,0,0,0,0,0,0,0,0,79,9,0,0,0,0,0,0,79,9
17063000400,234,29,0,0,2000,1,0,0,2234,30,88,9,0,0,0,0,0,0,88,9,322,38,0,0,2000,1,0,0,2322,39
17031812200,259,42,0,0,0,0,0,0,259,42,20,2,0,0,0,0,0,0,20,2,279,44,0,0,0,0,0,0,279,44
17031803012,58,7,0,0,0,0,0,0,58,7,17,2,0,0,0,0,0,0,17,2,75,9,0,0,0,0,0,0,75,9
17157951201,124,11,412,2,0,0,0,0,536,13,27,3,0,0,0,0,0,0,27,3,151,14,412,2,0,0,0,0,563,16
17029000900,233,28,50,1,0,0,0,0,283,29,31,3,0,0,0,0,0,0,31,3,264,31,50,1,0,0,0,0,314,32
17041952000,356,38,90,2,4000,2,2000,1,6446,43,81,8,0,0,0,0,0,0,81,8,437,46,90,2,4000,2,2000,1,6527,51
17161020200,57,8,50,1,0,0,0,0,107,9,4,1,0,0,0,0,0,0,4,1,61,9,50,1,0,0,0,0,111,10
17031804709,335,48,100,1,0,0,0,0,435,49,97,9,0,0,0,0,0,0,97,9,432,57,100,1,0,0,0,0,532,58
17111871107,658,75,0,0,0,0,0,0,658,75,63,7,0,0,0,0,0,0,63,7,721,82,0,0,0,0,0,0,721,82
17187870100,370,31,471,9,0,0,0,0,841,40,41,5,0,0,0,0,0,0,41,5,411,36,471,9,0,0,0,0,882,45
17071973300,332,31,1720,9,0,0,0,0,2052,40,123,10,0,0,0,0,0,0,123,10,455,41,1720,9,0,0,0,0,2175,50
17085020300,1120,125,285,4,0,0,0,0,1405,129,13,3,0,0,0,0,0,0,13,3,1133,128,285,4,0,0,0,0,1418,132
17031809100,190,29,38,1,0,0,0,0,228,30,0,0,0,0,0,0,0,0,0,0,190,29,38,1,0,0,0,0,228,30
17043841403,259,34,0,0,0,0,0,0,259,34,17,3,0,0,0,0,0,0,17,3,276,37,0,0,0,0,0,0,276,37
17197883218,871,125,0,0,0,0,0,0,871,125,110,10,0,0,0,0,0,0,110,10,981,135,0,0,0,0,0,0,981,135
17197880316,384,47,0,0,0,0,1000,1,1384,48,35,4,0,0,0,0,0,0,35,4,419,51,0,0,0,0,1000,1,1419,52
17111870104,276,33,240,1,6000,3,6000,3,12516,40,39,3,0,0,0,0,0,0,39,3,315,36,240,1,6000,3,6000,3,12555,43
17179021102,1115,129,0,0,0,0,0,0,1115,129,115,10,0,0,0,0,0,0,115,10,1230,139,0,0,0,0,0,0,1230,139
17031050300,151,20,0,0,0,0,0,0,151,20,8,1,0,0,0,0,0,0,8,1,159,21,0,0,0,0,0,0,159,21
17197883808,105,11,0,0,5950,3,6000,3,12055,17,50,3,3500,1,0,0,0,0,3550,4,155,14,3500,1,5950,3,6000,3,15605,21
17119402300,56,9,0,0,0,0,0,0,56,9,26,3,0,0,0,0,0,0,26,3,82,12,0,0,0,0,0,0,82,12
17051950800,285,34,0,0,0,0,0,0,285,34,41,5,4000,2,0,0,0,0,4041,7,326,39,4000,2,0,0,0,0,4326,41
17031814700,235,41,101,1,0,0,0,0,336,42,67,6,0,0,0,0,0,0,67,6,302,47,101,1,0,0,0,0,403,48
17089850707,1353,180,0,0,0,0,0,0,1353,180,121,10,9560,2,0,0,5000,1,14681,13,1474,190,9560,2,0,0,5000,1,16034,193
17111871307,270,39,0,0,0,0,0,0,270,39,15,2,100,1,0,0,0,0,115,3,285,41,100,1,0,0,0,0,385,42
17031040300,67,9,0,0,0,0,0,0,67,9,8,1,0,0,0,0,0,0,8,1,75,10,0,0,0,0,0,0,75,10
17043846305,529,77,438,1,0,0,0,0,967,78,85,8,250,1,0,0,0,0,335,9,614,85,688,2,0,0,0,0,1302,87
17031720300,164,25,0,0,0,0,0,0,164,25,29,2,0,0,0,0,0,0,29,2,193,27,0,0,0,0,0,0,193,27
17177000300,1203,113,400,1,9980,5,108000,5,119583,124,82,11,0,0,0,0,0,0,82,11,1285,124,400,1,9980,5,108000,5,119665,135
17131040100,453,41,170,2,5000,1,0,0,5623,44,15,2,0,0,0,0,0,0,15,2,468,43,170,2,5000,1,0,0,5638,46
17089854509,723,92,681,3,0,0,0,0,1404,95,118,10,11040,4,0,0,0,0,11158,14,841,102,11721,7,0,0,0,0,12562,109
17111870200,951,97,1059,5,5700,3,2000,1,9710,106,153,12,875,1,0,0,5900,2,6928,15,1104,109,1934,6,5700,3,7900,3,16638,121
17031804607,642,74,0,0,0,0,0,0,642,74,55,5,0,0,0,0,0,0,55,5,697,79,0,0,0,0,0,0,697,79
17071973500,415,35,251,6,0,0,0,0,666,41,52,5,0,0,0,0,0,0,52,5,467,40,251,6,0,0,0,0,718,46
17097863902,185,19,95,1,0,0,0,0,280,20,4,1,0,0,0,0,0,0,4,1,189,20,95,1,0,0,0,0,284,21
17197880432,874,108,0,0,0,0,0,0,874,108,46,4,0,0,0,0,0,0,46,4,920,112,0,0,0,0,0,0,920,112
17031822602,293,36,0,0,0,0,0,0,293,36,20,3,0,0,0,0,0,0,20,3,313,39,0,0,0,0,0,0,313,39
17031231500,83,14,0,0,0,0,0,0,83,14,0,0,75,1,0,0,0,0,75,1,83,14,75,1,0,0,0,0,158,15
17161021100,84,10,458,2,0,0,0,0,542,12,15,2,875,1,0,0,0,0,890,3,99,12,1333,3,0,0,0,0,1432,15
17179021606,1583,165,60,1,0,0,0,0,1643,166,104,11,0,0,0,0,0,0,104,11,1687,176,60,1,0,0,0,0,1747,177
17143004901,793,77,0,0,2000,1,2000,1,4793,79,151,13,0,0,0,0,0,0,151,13,944,90,0,0,2000,1,2000,1,4944,92
17031819000,143,22,266,1,0,0,0,0,409,23,0,0,0,0,0,0,0,0,0,0,143,22,266,1,0,0,0,0,409,23
17031828702,437,63,2000,1,2000,1,2000,1,6437,66,81,7,0,0,0,0,0,0,81,7,518,70,2000,1,2000,1,2000,1,6518,73
17043841501,414,60,600,2,0,0,0,0,1014,62,28,3,960,1,0,0,0,0,988,4,442,63,1560,3,0,0,0,0,2002,66
17031420300,48,7,0,0,0,0,0,0,48,7,4,1,0,0,0,0,0,0,4,1,52,8,0,0,0,0,0,0,52,8
17033880600,190,20,0,0,0,0,0,0,190,20,87,7,0,0,0,0,0,0,87,7,277,27,0,0,0,0,0,0,277,27
17031834400,151,19,40,1,0,0,0,0,191,20,10,1,0,0,0,0,0,0,10,1,161,20,40,1,0,0,0,0,201,21
17197883214,174,22,0,0,0,0,0,0,174,22,19,2,0,0,0,0,0,0,19,2,193,24,0,0,0,0,0,0,193,24
17197880325,388,55,0,0,0,0,0,0,388,55,69,8,0,0,0,0,0,0,69,8,457,63,0,0,0,0,0,0,457,63
17111870702,537,73,965,2,0,0,0,0,1502,75,32,5,0,0,0,0,0,0,32,5,569,78,965,2,0,0,0,0,1534,80
17031804712,446,65,0,0,0,0,0,0,446,65,30,3,0,0,0,0,0,0,30,3,476,68,0,0,0,0,0,0,476,68
17031420500,47,5,0,0,0,0,0,0,47,5,0,0,0,0,0,0,0,0,0,0,47,5,0,0,0,0,0,0,47,5
17091012600,417,41,510,2,4000,2,4000,2,8927,47,49,4,500,1,0,0,0,0,549,5,466,45,1010,3,4000,2,4000,2,9476,52
17031801500,316,38,880,1,0,0,0,0,1196,39,56,5,0,0,0,0,0,0,56,5,372,43,880,1,0,0,0,0,1252,44
17111871003,425,51,517,5,6000,3,6000,3,12942,62,25,4,5000,1,0,0,0,0,5025,5,450,55,5517,6,6000,3,6000,3,17967,67
17111871502,1245,141,263,3,2000,1,2000,1,5508,146,182,17,10085,3,0,0,0,0,10267,20,1427,158,10348,6,2000,1,2000,1,15775,166
17091011300,240,29,40,1,2000,1,2000,1,4280,32,24,3,0,0,0,0,0,0,24,3,264,32,40,1,2000,1,2000,1,4304,35
17085020500,1087,117,1938,3,1850,1,3800,2,8675,123,108,10,0,0,0,0,0,0,108,10,1195,127,1938,3,1850,1,3800,2,8783,133
17097864524,95,11,2301,7,0,0,0,0,2396,18,0,0,0,0,0,0,0,0,0,0,95,11,2301,7,0,0,0,0,2396,18
17053962000,620,65,850,4,0,0,291800,7,293270,76,160,11,5000,1,0,0,0,0,5160,12,780,76,5850,5,0,0,291800,7,298430,88
17039971800,160,21,360,2,0,0,0,0,520,23,32,5,0,0,0,0,0,0,32,5,192,26,360,2,0,0,0,0,552,28
17129010100,865,89,120,1,0,0,0,0,985,90,186,13,0,0,0,0,2800,1,2986,14,1051,102,120,1,0,0,2800,1,3971,104
17031050200,120,17,0,0,0,0,0,0,120,17,6,1,0,0,0,0,0,0,6,1,126,18,0,0,0,0,0,0,126,18
17097864203,360,49,0,0,0,0,0,0,360,49,30,3,0,0,0,0,0,0,30,3,390,52,0,0,0,0,0,0,390,52
17043846314,260,32,125,1,0,0,0,0,385,33,30,4,0,0,0,0,0,0,30,4,290,36,125,1,0,0,0,0,415,37
17091011100,187,20,0,0,4000,2,6000,3,10187,25,63,5,2000,1,0,0,5000,1,7063,7,250,25,2000,1,4000,2,11000,4,17250,32
17059972700,202,18,397,2,0,0,0,0,599,20,80,6,7700,2,0,0,0,0,7780,8,282,24,8097,4,0,0,0,0,8379,28
17037001900,78,8,533,2,13892,7,12000,6,26503,23,24,2,4980,1,0,0,0,0,5004,3,102,10,5513,3,13892,7,12000,6,31507,26
17031803010,339,52,0,0,0,0,0,0,339,52,59,5,0,0,0,0,0,0,59,5,398,57,0,0,0,0,0,0,398,57
17197884101,325,52,5082,6,0,0,1100,1,6507,59,8,1,7600,3,0,0,0,0,7608,4,333,53,12682,9,0,0,1100,1,14115,63
17197883211,749,114,1221,2,0,0,0,0,1970,116,138,14,5100,2,0,0,0,0,5238,16,887,128,6321,4,0,0,0,0,7208,132
17099962300,192,21,0,0,0,0,0,0,192,21,86,8,4250,2,0,0,3000,1,7336,11,278,29,4250,2,0,0,3000,1,7528,32
17131040400,1008,89,5584,12,0,0,5000,1,11592,102,157,17,2032,2,0,0,40000,1,42189,20,1165,106,7616,14,0,0,45000,2,53781,122
17183010701,301,43,72,1,2000,1,2000,1,4373,46,72,6,0,0,0,0,0,0,72,6,373,49,72,1,2000,1,2000,1,4445,52
17111870103,388,38,504,2,0,0,0,0,892,40,62,7,0,0,0,0,0,0,62,7,450,45,504,2,0,0,0,0,954,47
17089852806,425,53,0,0,0,0,0,0,425,53,79,8,0,0,0,0,0,0,79,8,504,61,0,0,0,0,0,0,504,61
17193958100,32,4,640,3,0,0,0,0,672,7,0,0,0,0,0,0,0,0,0,0,32,4,640,3,0,0,0,0,672,7
17113001200,251,28,150,2,0,0,0,0,401,30,92,9,0,0,0,0,0,0,92,9,343,37,150,2,0,0,0,0,493,39
17031815200,293,53,0,0,0,0,0,0,293,53,42,5,0,0,0,0,0,0,42,5,335,58,0,0,0,0,0,0,335,58
17161022300,25,2,38,1,0,0,0,0,63,3,5,1,552,1,0,0,0,0,557,2,30,3,590,2,0,0,0,0,620,5
17197880509,524,81,0,0,0,0,0,0,524,81,47,7,0,0,0,0,0,0,47,7,571,88,0,0,0,0,0,0,571,88
17031812000,238,33,0,0,0,0,0,0,238,33,24,3,0,0,0,0,0,0,24,3,262,36,0,0,0,0,0,0,262,36
17179021604,220,22,311,3,0,0,0,0,531,25,31,3,0,0,0,0,0,0,31,3,251,25,311,3,0,0,0,0,562,28
17043841401,449,59,0,0,0,0,0,0,449,59,41,4,0,0,0,0,0,0,41,4,490,63,0,0,0,0,0,0,490,63
17031812500,210,33,200,1,0,0,0,0,410,34,11,1,0,0,0,0,0,0,11,1,221,34,200,1,0,0,0,0,421,35
17031090300,53,10,50,1,0,0,0,0,103,11,0,0,0,0,0,0,0,0,0,0,53,10,50,1,0,0,0,0,103,11
17111871202,318,46,0,0,0,0,0,0,318,46,44,5,0,0,0,0,0,0,44,5,362,51,0,0,0,0,0,0,362,51
17043841404,260,38,0,0,0,0,0,0,260,38,13,2,0,0,0,0,0,0,13,2,273,40,0,0,0,0,0,0,273,40
17031830001,4,1,1850,1,0,0,2000,1,3854,3,0,0,0,0,0,0,0,0,0,0,4,1,1850,1,0,0,2000,1,3854,3
17031770300,332,42,550,4,0,0,0,0,882,46,29,4,4500,5,0,0,0,0,4529,9,361,46,5050,9,0,0,0,0,5411,55
17195001300,57,9,117,2,0,0,0,0,174,11,61,11,0,0,0,0,0,0,61,11,118,20,117,2,0,0,0,0,235,22
17197880118,289,39,0,0,0,0,0,0,289,39,7,1,0,0,0,0,0,0,7,1,296,40,0,0,0,0,0,0,296,40
17063000200,734,88,180,3,0,0,0,0,914,91,220,19,19870,4,0,0,5000,1,25090,24,954,107,20050,7,0,0,5000,1,26004,115
17031804102,666,68,0,0,0,0,0,0,666,68,60,7,0,0,0,0,0,0,60,7,726,75,0,0,0,0,0,0,726,75
17133600501,629,54,33,1,0,0,0,0,662,55,22,2,0,0,0,0,0,0,22,2,651,56,33,1,0,0,0,0,684,57
17043841102,193,26,811,2,0,0,0,0,1004,28,41,4,1560,1,0,0,0,0,1601,5,234,30,2371,3,0,0,0,0,2605,33
17111871312,652,92,0,0,0,0,0,0,652,92,45,5,0,0,0,0,0,0,45,5,697,97,0,0,0,0,0,0,697,97
17119401300,311,39,558,2,0,0,0,0,869,41,49,6,0,0,0,0,0,0,49,6,360,45,558,2,0,0,0,0,918,47
17031801902,111,14,83,1,0,0,0,0,194,15,6,1,0,0,0,0,0,0,6,1,117,15,83,1,0,0,0,0,200,16
17097861402,697,98,966,2,0,0,0,0,1663,100,62,6,0,0,0,0,0,0,62,6,759,104,966,2,0,0,0,0,1725,106
17043846409,684,89,0,0,0,0,0,0,684,89,108,10,696,2,0,0,0,0,804,12,792,99,696,2,0,0,0,0,1488,101
17177000800,107,14,103,1,2000,1,0,0,2210,16,5,1,0,0,0,0,0,0,5,1,112,15,103,1,2000,1,0,0,2215,17
17031805112,133,25,0,0,1440,1,1400,1,2973,27,27,3,0,0,0,0,0,0,27,3,160,28,0,0,1440,1,1400,1,3000,30
17031821900,313,42,0,0,0,0,0,0,313,42,51,4,0,0,0,0,0,0,51,4,364,46,0,0,0,0,0,0,364,46
17043846103,181,24,91,2,0,0,0,0,272,26,8,1,0,0,0,0,0,0,8,1,189,25,91,2,0,0,0,0,280,27
17031804104,316,46,0,0,0,0,0,0,316,46,14,2,0,0,0,0,0,0,14,2,330,48,0,0,0,0,0,0,330,48
17141960800,1599,145,160,2,2000,1,2000,1,5759,149,121,12,4950,1,0,0,0,0,5071,13,1720,157,5110,3,2000,1,2000,1,10830,162
17031804512,279,31,34,1,0,0,0,0,313,32,40,3,0,0,0,0,0,0,40,3,319,34,34,1,0,0,0,0,353,35
17043841320,378,71,0,0,0,0,0,0,378,71,15,2,0,0,0,0,0,0,15,2,393,73,0,0,0,0,0,0,393,73
17031804714,393,61,30,1,0,0,0,0,423,62,64,8,500,1,0,0,0,0,564,9,457,69,530,2,0,0,0,0,987,71
17051951100,316,31,178,3,0,0,0,0,494,34,119,10,4000,1,0,0,0,0,4119,11,435,41,4178,4,0,0,0,0,4613,45
17043841607,314,43,0,0,0,0,0,0,314,43,48,7,0,0,0,0,0,0,48,7,362,50,0,0,0,0,0,0,362,50
17201004300,1236,135,0,0,0,0,0,0,1236,135,89,9,11000,4,0,0,5000,1,16089,14,1325,144,11000,4,0,0,5000,1,17325,149
17089852907,472,74,0,0,0,0,0,0,472,74,34,4,0,0,0,0,0,0,34,4,506,78,0,0,0,0,0,0,506,78
17201003706,1240,171,238,1,900,1,0,0,2378,173,70,9,996,1,0,0,0,0,1066,10,1310,180,1234,2,900,1,0,0,3444,183
17031803902,219,37,0,0,0,0,0,0,219,37,31,4,0,0,0,0,0,0,31,4,250,41,0,0,0,0,0,0,250,41
17097861010,1019,132,0,0,0,0,0,0,1019,132,50,5,0,0,0,0,0,0,50,5,1069,137,0,0,0,0,0,0,1069,137
17167000201,64,8,90,1,0,0,0,0,154,9,0,0,0,0,0,0,0,0,0,0,64,8,90,1,0,0,0,0,154,9
17031824119,490,52,0,0,0,0,0,0,490,52,37,4,0,0,0,0,0,0,37,4,527,56,0,0,0,0,0,0,527,56
17097860400,275,38,0,0,0,0,0,0,275,38,58,5,0,0,0,0,0,0,58,5,333,43,0,0,0,0,0,0,333,43
17111870604,430,58,300,1,0,0,0,0,730,59,27,3,0,0,0,0,0,0,27,3,457,61,300,1,0,0,0,0,757,62
17119403101,353,33,161,3,3946,2,2000,1,6460,39,13,2,4999,1,0,0,0,0,5012,3,366,35,5160,4,3946,2,2000,1,11472,42
17197880424,869,99,0,0,0,0,0,0,869,99,96,11,0,0,0,0,0,0,96,11,965,110,0,0,0,0,0,0,965,110
17197880417,179,24,360,1,0,0,0,0,539,25,19,2,0,0,0,0,0,0,19,2,198,26,360,1,0,0,0,0,558,27
17169970200,277,26,50,1,0,0,0,0,327,27,30,3,3300,1,0,0,0,0,3330,4,307,29,3350,2,0,0,0,0,3657,31
17077010601,303,26,0,0,0,0,0,0,303,26,7,1,0,0,0,0,0,0,7,1,310,27,0,0,0,0,0,0,310,27
17007010604,618,88,0,0,0,0,0,0,618,88,53,6,0,0,0,0,0,0,53,6,671,94,0,0,0,0,0,0,671,94
17093890703,1616,181,280,4,5000,1,6900,3,13796,189,231,17,11450,3,0,0,0,0,11681,20,1847,198,11730,7,5000,1,6900,3,25477,209
17077011200,216,22,2070,5,0,0,0,0,2286,27,7,1,650,1,0,0,0,0,657,2,223,23,2720,6,0,0,0,0,2943,29
17113005202,439,41,0,0,0,0,0,0,439,41,36,3,46,1,0,0,0,0,82,4,475,44,46,1,0,0,0,0,521,45
17043845805,310,38,230,1,0,0,0,0,540,39,51,5,0,0,0,0,0,0,51,5,361,43,230,1,0,0,0,0,591,44
17201001400,186,26,0,0,0,0,0,0,186,26,11,3,0,0,0,0,0,0,11,3,197,29,0,0,0,0,0,0,197,29
17105960800,1222,109,438,7,0,0,3900,2,5560,118,93,8,26980,6,0,0,5000,1,32073,15,1315,117,27418,13,0,0,8900,3,37633,133
17089850101,314,54,0,0,0,0,0,0,314,54,16,2,0,0,0,0,0,0,16,2,330,56,0,0,0,0,0,0,330,56
17113005402,1025,97,0,0,0,0,0,0,1025,97,84,7,0,0,0,0,0,0,84,7,1109,104,0,0,0,0,0,0,1109,104
17093890403,819,110,0,0,0,0,0,0,819,110,63,7,499,1,0,0,0,0,562,8,882,117,499,1,0,0,0,0,1381,118
17049950200,614,58,75,2,0,0,0,0,689,60,37,2,0,0,0,0,0,0,37,2,651,60,75,2,0,0,0,0,726,62
17197883306,228,25,0,0,0,0,0,0,228,25,17,2,0,0,0,0,0,0,17,2,245,27,0,0,0,0,0,0,245,27
17001010500,476,43,60,1,0,0,0,0,536,44,63,5,0,0,0,0,0,0,63,5,539,48,60,1,0,0,0,0,599,49
17095001000,188,27,440,1,0,0,0,0,628,28,107,13,2000,1,0,0,0,0,2107,14,295,40,2440,2,0,0,0,0,2735,42
17119403601,284,29,1009,5,2000,1,2000,1,5293,36,16,2,0,0,0,0,0,0,16,2,300,31,1009,5,2000,1,2000,1,5309,38
17083010100,434,37,1207,4,0,0,0,0,1641,41,139,14,162,2,0,0,0,0,301,16,573,51,1369,6,0,0,0,0,1942,57
17083010401,672,75,1527,3,0,0,110000,1,112199,79,58,9,0,0,0,0,0,0,58,9,730,84,1527,3,0,0,110000,1,112257,88
17031460200,35,6,0,0,0,0,0,0,35,6,4,1,0,0,0,0,0,0,4,1,39,7,0,0,0,0,0,0,39,7
17167003203,424,46,486,4,0,0,0,0,910,50,10,1,0,0,0,0,0,0,10,1,434,47,486,4,0,0,0,0,920,51
17179021201,1581,169,65,1,0,0,0,0,1646,170,117,10,0,0,0,0,0,0,117,10,1698,179,65,1,0,0,0,0,1763,180
17179021702,2389,200,760,3,3500,2,3500,2,10149,207,233,16,5036,2,0,0,0,0,5269,18,2622,216,5796,5,3500,2,3500,2,15418,225
17115002200,804,78,2219,3,4990,1,12000,3,20013,85,165,17,8027,5,0,0,0,0,8192,22,969,95,10246,8,4990,1,12000,3,28205,107
17011965500,608,55,107,2,0,0,0,0,715,57,144,12,0,0,0,0,0,0,144,12,752,67,107,2,0,0,0,0,859,69
17031100100,126,23,0,0,0,0,0,0,126,23,4,1,0,0,0,0,0,0,4,1,130,24,0,0,0,0,0,0,130,24
17107953000,335,32,158,3,2000,1,0,0,2493,36,146,12,5000,1,0,0,0,0,5146,13,481,44,5158,4,2000,1,0,0,7639,49
17031251900,34,6,0,0,0,0,0,0,34,6,17,2,0,0,0,0,0,0,17,2,51,8,0,0,0,0,0,0,51,8
17163504359,809,72,30,1,0,0,0,0,839,73,52,6,0,0,0,0,0,0,52,6,861,78,30,1,0,0,0,0,891,79
17197883505,868,101,0,0,0,0,0,0,868,101,121,11,0,0,0,0,0,0,121,11,989,112,0,0,0,0,0,0,989,112
17197880425,1325,192,0,0,0,0,0,0,1325,192,90,6,0,0,0,0,0,0,90,6,1415,198,0,0,0,0,0,0,1415,198
17167004000,485,52,0,0,0,0,0,0,485,52,134,13,1700,1,0,0,2000,1,3834,15,619,65,1700,1,0,0,2000,1,4319,67
17043841205,417,61,0,0,0,0,0,0,417,61,45,7,0,0,0,0,0,0,45,7,462,68,0,0,0,0,0,0,462,68
17037000600,674,85,100,1,0,0,0,0,774,86,53,4,0,0,0,0,0,0,53,4,727,89,100,1,0,0,0,0,827,90
17107953300,336,46,1970,3,0,0,0,0,2306,49,127,8,8500,3,0,0,0,0,8627,11,463,54,10470,6,0,0,0,0,10933,60
17039971500,490,45,40,1,0,0,0,0,530,46,70,8,0,0,0,0,0,0,70,8,560,53,40,1,0,0,0,0,600,54
17031802504,306,46,40,1,0,0,0,0,346,47,36,6,360,1,0,0,0,0,396,7,342,52,400,2,0,0,0,0,742,54
17183000400,53,7,4160,4,1625,1,0,0,5838,12,29,2,10875,6,0,0,0,0,10904,8,82,9,15035,10,1625,1,0,0,16742,20
17125956300,487,53,550,2,0,0,0,0,1037,55,118,10,0,0,0,0,0,0,118,10,605,63,550,2,0,0,0,0,1155,65
17031805301,343,50,0,0,0,0,0,0,343,50,31,4,0,0,0,0,0,0,31,4,374,54,0,0,0,0,0,0,374,54
17195000800,560,47,4050,5,1950,1,2000,1,8560,54,46,4,4999,1,0,0,0,0,5045,5,606,51,9049,6,1950,1,2000,1,13605,59
17119400101,133,18,390,1,0,0,0,0,523,19,50,6,0,0,0,0,0,0,50,6,183,24,390,1,0,0,0,0,573,25
17119401905,700,72,286,2,0,0,0,0,986,74,138,13,1980,2,0,0,5000,1,7118,16,838,85,2266,4,0,0,5000,1,8104,90
17119400802,399,57,297,3,0,0,0,0,696,60,220,28,2000,1,0,0,0,0,2220,29,619,85,2297,4,0,0,0,0,2916,89
17089850710,1199,166,34,1,0,0,0,0,1233,167,116,11,0,0,0,0,0,0,116,11,1315,177,34,1,0,0,0,0,1349,178
17143004801,1085,113,40,1,1950,1,2000,1,5075,116,133,12,0,0,0,0,0,0,133,12,1218,125,40,1,1950,1,2000,1,5208,128
17031817700,454,64,0,0,0,0,0,0,454,64,41,6,0,0,0,0,0,0,41,6,495,70,0,0,0,0,0,0,495,70
17043843700,200,28,0,0,0,0,0,0,200,28,7,1,0,0,0,0,0,0,7,1,207,29,0,0,0,0,0,0,207,29
17043846312,104,13,0,0,0,0,0,0,104,13,0,0,0,0,0,0,0,0,0,0,104,13,0,0,0,0,0,0,104,13
17089850703,328,29,0,0,3450,2,2000,1,5778,32,125,7,0,0,0,0,0,0,125,7,453,36,0,0,3450,2,2000,1,5903,39
17201000510,496,65,0,0,0,0,0,0,496,65,39,5,0,0,0,0,0,0,39,5,535,70,0,0,0,0,0,0,535,70
17043841603,207,22,243,2,0,0,0,0,450,24,0,0,0,0,0,0,0,0,0,0,207,22,243,2,0,0,0,0,450,24
17043843100,75,13,0,0,0,0,0,0,75,13,8,1,0,0,0,0,0,0,8,1,83,14,0,0,0,0,0,0,83,14
17031831800,175,31,0,0,0,0,0,0,175,31,7,1,0,0,0,0,0,0,7,1,182,32,0,0,0,0,0,0,182,32
17031825200,198,30,0,0,0,0,0,0,198,30,36,3,0,0,0,0,0,0,36,3,234,33,0,0,0,0,0,0,234,33
17043843200,245,39,0,0,0,0,0,0,245,39,49,7,0,0,0,0,0,0,49,7,294,46,0,0,0,0,0,0,294,46
17019001204,1115,129,0,0,0,0,0,0,1115,129,97,9,2000,1,0,0,0,0,2097,10,1212,138,2000,1,0,0,0,0,3212,139
17081050500,172,14,1507,7,0,0,0,0,1679,21,7,1,688,1,0,0,0,0,695,2,179,15,2195,8,0,0,0,0,2374,23
17063000700,344,34,900,1,0,0,900,1,2144,36,160,10,12928,3,0,0,0,0,13088,13,504,44,13828,4,0,0,900,1,15232,49
17043844401,168,18,0,0,0,0,0,0,168,18,58,3,0,0,0,0,0,0,58,3,226,21,0,0,0,0,0,0,226,21
17031242300,43,6,0,0,0,0,0,0,43,6,11,1,0,0,0,0,0,0,11,1,54,7,0,0,0,0,0,0,54,7
17031814800,364,58,0,0,0,0,0,0,364,58,65,9,0,0,0,0,0,0,65,9,429,67,0,0,0,0,0,0,429,67
17031807600,426,61,60,1,0,0,0,0,486,62,56,8,1105,3,0,0,0,0,1161,11,482,69,1165,4,0,0,0,0,1647,73
17097864105,825,125,0,0,0,0,0,0,825,125,38,4,0,0,0,0,0,0,38,4,863,129,0,0,0,0,0,0,863,129
17111871108,366,52,0,0,0,0,0,0,366,52,36,4,0,0,0,0,0,0,36,4,402,56,0,0,0,0,0,0,402,56
17201000800,115,15,618,4,0,0,0,0,733,19,17,2,0,0,0,0,0,0,17,2,132,17,618,4,0,0,0,0,750,21
17031804202,537,66,550,1,0,0,1300,1,2387,68,49,4,6060,3,0,0,0,0,6109,7,586,70,6610,4,0,0,1300,1,8496,75
17137952000,410,42,400,1,0,0,0,0,810,43,35,6,10000,2,0,0,0,0,10035,8,445,48,10400,3,0,0,0,0,10845,51
17077011001,135,15,0,0,0,0,0,0,135,15,20,1,0,0,0,0,0,0,20,1,155,16,0,0,0,0,0,0,155,16
17031803200,195,28,0,0,0,0,0,0,195,28,0,0,0,0,0,0,0,0,0,0,195,28,0,0,0,0,0,0,195,28
17031829903,592,84,0,0,0,0,0,0,592,84,90,9,0,0,0,0,0,0,90,9,682,93,0,0,0,0,0,0,682,93
17097864512,382,44,0,0,0,0,0,0,382,44,109,9,0,0,0,0,0,0,109,9,491,53,0,0,0,0,0,0,491,53
17135957800,391,45,370,4,0,0,0,0,761,49,37,4,0,0,0,0,0,0,37,4,428,49,370,4,0,0,0,0,798,53
17019001205,1493,174,560,2,0,0,0,0,2053,176,202,16,5000,2,0,0,0,0,5202,18,1695,190,5560,4,0,0,0,0,7255,194
17031630800,240,38,0,0,0,0,0,0,240,38,55,7,0,0,0,0,0,0,55,7,295,45,0,0,0,0,0,0,295,45
17093890108,704,97,0,0,0,0,0,0,704,97,57,4,0,0,0,0,0,0,57,4,761,101,0,0,0,0,0,0,761,101
17097864408,378,51,2618,3,0,0,0,0,2996,54,0,0,0,0,0,0,0,0,0,0,378,51,2618,3,0,0,0,0,2996,54
17019010604,958,75,7048,7,0,0,0,0,8006,82,121,8,15990,4,0,0,0,0,16111,12,1079,83,23038,11,0,0,0,0,24117,94
17075950500,205,23,48,1,0,0,2000,1,2253,25,47,3,4000,2,0,0,0,0,4047,5,252,26,4048,3,0,0,2000,1,6300,30
17087977600,250,24,0,0,0,0,0,0,250,24,10,1,0,0,0,0,0,0,10,1,260,25,0,0,0,0,0,0,260,25
17031750400,124,22,0,0,0,0,0,0,124,22,36,4,0,0,0,0,0,0,36,4,160,26,0,0,0,0,0,0,160,26
17113001106,107,15,0,0,0,0,0,0,107,15,32,3,0,0,0,0,0,0,32,3,139,18,0,0,0,0,0,0,139,18
17019005401,109,12,5600,5,0,0,3800,2,9509,19,48,6,2106,2,0,0,0,0,2154,8,157,18,7706,7,0,0,3800,2,11663,27
17105960500,205,26,435,3,18871,7,24000,6,43511,42,28,4,38075,9,0,0,2100,1,40203,14,233,30,38510,12,18871,7,26100,7,83714,56
17031730202,138,21,0,0,0,0,0,0,138,21,22,4,0,0,0,0,0,0,22,4,160,25,0,0,0,0,0,0,160,25
17097860600,471,71,0,0,0,0,0,0,471,71,41,5,700,1,0,0,0,0,741,6,512,76,700,1,0,0,0,0,1212,77
17111871110,371,43,4000,2,0,0,2900,1,7271,46,38,2,0,0,0,0,0,0,38,2,409,45,4000,2,0,0,2900,1,7309,48
17049950800,238,29,1145,8,0,0,0,0,1383,37,18,3,4244,3,0,0,0,0,4262,6,256,32,5389,11,0,0,0,0,5645,43
17091011800,119,18,0,0,0,0,0,0,119,18,41,4,0,0,0,0,0,0,41,4,160,22,0,0,0,0,0,0,160,22
17119400951,413,47,0,0,0,0,0,0,413,47,263,29,0,0,0,0,0,0,263,29,676,76,0,0,0,0,0,0,676,76
17031060100,24,4,0,0,0,0,0,0,24,4,7,1,0,0,0,0,0,0,7,1,31,5,0,0,0,0,0,0,31,5
17043842500,60,5,0,0,0,0,0,0,60,5,9,1,0,0,0,0,0,0,9,1,69,6,0,0,0,0,0,0,69,6
17197881007,327,35,0,0,0,0,0,0,327,35,26,2,400,1,0,0,0,0,426,3,353,37,400,1,0,0,0,0,753,38
17097864409,346,44,799,1,0,0,0,0,1145,45,65,7,0,0,0,0,0,0,65,7,411,51,799,1,0,0,0,0,1210,52
17019000500,248,32,0,0,0,0,0,0,248,32,40,4,0,0,0,0,0,0,40,4,288,36,0,0,0,0,0,0,288,36
17043843400,178,25,0,0,0,0,0,0,178,25,12,1,0,0,0,0,0,0,12,1,190,26,0,0,0,0,0,0,190,26
17031640600,136,19,0,0,0,0,0,0,136,19,10,1,0,0,0,0,0,0,10,1,146,20,0,0,0,0,0,0,146,20
17117956400,429,54,0,0,0,0,0,0,429,54,78,12,0,0,0,0,0,0,78,12,507,66,0,0,0,0,0,0,507,66
17031062500,15,2,0,0,0,0,0,0,15,2,0,0,0,0,0,0,0,0,0,0,15,2,0,0,0,0,0,0,15,2
17097864522,221,18,0,0,0,0,0,0,221,18,0,0,0,0,0,0,0,0,0,0,221,18,0,0,0,0,0,0,221,18
17039971600,585,50,413,2,0,0,0,0,998,52,67,7,0,0,0,0,0,0,67,7,652,57,413,2,0,0,0,0,1065,59
17031816000,161,28,0,0,0,0,0,0,161,28,25,3,0,0,0,0,0,0,25,3,186,31,0,0,0,0,0,0,186,31
17031010701,83,12,0,0,0,0,0,0,83,12,4,1,0,0,0,0,0,0,4,1,87,13,0,0,0,0,0,0,87,13
17043843900,218,24,0,0,0,0,0,0,218,24,8,1,0,0,0,0,0,0,8,1,226,25,0,0,0,0,0,0,226,25
17117957200,633,67,265,3,0,0,0,0,898,70,46,4,0,0,0,0,0,0,46,4,679,71,265,3,0,0,0,0,944,74
17051950900,139,16,0,0,0,0,0,0,139,16,24,3,0,0,0,0,0,0,24,3,163,19,0,0,0,0,0,0,163,19
17033880100,286,26,72,1,0,0,0,0,358,27,20,1,0,0,0,0,0,0,20,1,306,27,72,1,0,0,0,0,378,28
17043842711,189,25,0,0,0,0,0,0,189,25,4,1,2000,1,0,0,0,0,2004,2,193,26,2000,1,0,0,0,0,2193,27
17089850500,95,18,0,0,0,0,0,0,95,18,36,2,100,1,0,0,0,0,136,3,131,20,100,1,0,0,0,0,231,21
17031190602,169,27,0,0,0,0,0,0,169,27,31,4,0,0,0,0,0,0,31,4,200,31,0,0,0,0,0,0,200,31
17031804809,272,38,0,0,0,0,0,0,272,38,38,4,0,0,0,0,0,0,38,4,310,42,0,0,0,0,0,0,310,42
17031071800,18,3,0,0,0,0,0,0,18,3,5,1,0,0,0,0,0,0,5,1,23,4,0,0,0,0,0,0,23,4
17097863100,197,31,0,0,0,0,0,0,197,31,5,1,0,0,0,0,0,0,5,1,202,32,0,0,0,0,0,0,202,32
17193958300,284,21,69,1,0,0,149000,1,149353,23,119,9,0,0,0,0,0,0,119,9,403,30,69,1,0,0,149000,1,149472,32
17031824505,617,86,0,0,0,0,0,0,617,86,52,6,0,0,0,0,0,0,52,6,669,92,0,0,0,0,0,0,669,92
17061974000,244,24,650,2,0,0,0,0,894,26,35,4,0,0,0,0,0,0,35,4,279,28,650,2,0,0,0,0,929,30
17053961900,381,35,440,5,0,0,0,0,821,40,45,3,188,1,0,0,0,0,233,4,426,38,628,6,0,0,0,0,1054,44
17097860807,127,16,1850,1,0,0,0,0,1977,17,10,2,0,0,0,0,0,0,10,2,137,18,1850,1,0,0,0,0,1987,19
17111870605,487,64,0,0,0,0,0,0,487,64,44,5,0,0,0,0,0,0,44,5,531,69,0,0,0,0,0,0,531,69
17111871111,611,89,1680,2,0,0,1500,1,3791,92,26,3,0,0,0,0,0,0,26,3,637,92,1680,2,0,0,1500,1,3817,95
17055041100,221,23,0,0,0,0,0,0,221,23,111,10,297,1,0,0,0,0,408,11,332,33,297,1,0,0,0,0,629,34
17091010204,210,24,525,2,0,0,5000,1,5735,27,26,3,6490,2,0,0,0,0,6516,5,236,27,7015,4,0,0,5000,1,12251,32
17031822302,234,36,300,1,0,0,0,0,534,37,32,4,0,0,0,0,0,0,32,4,266,40,300,1,0,0,0,0,566,41
17197883902,427,50,46,1,2000,1,6000,3,8473,55,69,7,7990,2,0,0,0,0,8059,9,496,57,8036,3,2000,1,6000,3,16532,64
17063000600,610,48,124,2,2000,1,2000,1,4734,52,141,11,5000,1,0,0,0,0,5141,12,751,59,5124,3,2000,1,2000,1,9875,64
17031804308,207,36,224,1,0,0,0,0,431,37,60,7,0,0,0,0,0,0,60,7,267,43,224,1,0,0,0,0,491,44
17031630500,82,13,0,0,0,0,0,0,82,13,0,0,0,0,0,0,0,0,0,0,82,13,0,0,0,0,0,0,82,13
17077010400,441,43,90,2,0,0,0,0,531,45,63,5,4999,1,0,0,101300,3,106362,9,504,48,5089,3,0,0,101300,3,106893,54
17031803100,218,29,0,0,0,0,0,0,218,29,0,0,0,0,0,0,0,0,0,0,218,29,0,0,0,0,0,0,218,29
17007010101,629,92,0,0,0,0,0,0,629,92,67,7,0,0,0,0,0,0,67,7,696,99,0,0,0,0,0,0,696,99
17043846003,244,33,135,1,0,0,0,0,379,34,26,4,0,0,0,0,0,0,26,4,270,37,135,1,0,0,0,0,405,38
17113000107,294,38,46,1,0,0,0,0,340,39,14,2,0,0,0,0,0,0,14,2,308,40,46,1,0,0,0,0,354,41
17031829700,269,35,0,0,2000,1,2000,1,4269,37,38,4,2990,2,0,0,2000,1,5028,7,307,39,2990,2,2000,1,4000,2,9297,44
17099961900,275,27,350,2,4000,2,4000,2,8625,33,98,7,0,0,0,0,0,0,98,7,373,34,350,2,4000,2,4000,2,8723,40
17029000200,405,39,345,2,0,0,99000,1,99750,42,53,6,5000,1,0,0,0,0,5053,7,458,45,5345,3,0,0,99000,1,104803,49
17197883903,170,16,0,0,2000,1,7000,2,9170,19,0,0,1992,1,0,0,0,0,1992,1,170,16,1992,1,2000,1,7000,2,11162,20
17181950400,245,27,50,1,0,0,0,0,295,28,64,6,0,0,0,0,0,0,64,6,309,33,50,1,0,0,0,0,359,34
17167001004,73,9,446,2,0,0,0,0,519,11,20,1,0,0,0,0,0,0,20,1,93,10,446,2,0,0,0,0,539,12
17043846315,320,49,0,0,0,0,0,0,320,49,43,3,0,0,0,0,0,0,43,3,363,52,0,0,0,0,0,0,363,52
17043844602,225,25,0,0,0,0,0,0,225,25,50,3,0,0,0,0,0,0,50,3,275,28,0,0,0,0,0,0,275,28
17091011200,202,20,0,0,6000,3,4000,2,10202,25,69,5,6999,2,0,0,0,0,7068,7,271,25,6999,2,6000,3,4000,2,17270,32
17163504358,816,71,148,3,0,0,5000,1,5964,75,163,14,14950,3,0,0,0,0,15113,17,979,85,15098,6,0,0,5000,1,21077,92
17031812600,111,18,0,0,0,0,0,0,111,18,16,2,0,0,0,0,0,0,16,2,127,20,0,0,0,0,0,0,127,20
17149952700,422,48,67,1,0,0,0,0,489,49,162,19,0,0,0,0,1000,1,1162,20,584,67,67,1,0,0,1000,1,1651,69
17201000403,440,55,0,0,0,0,0,0,440,55,42,5,0,0,0,0,0,0,42,5,482,60,0,0,0,0,0,0,482,60
17031816800,477,75,93,1,0,0,0,0,570,76,129,11,0,0,0,0,0,0,129,11,606,86,93,1,0,0,0,0,699,87
17007010603,1300,143,0,0,4000,2,4000,2,9300,147,51,6,4125,1,0,0,0,0,4176,7,1351,149,4125,1,4000,2,4000,2,13476,154
17043842800,256,32,0,0,0,0,0,0,256,32,6,1,0,0,0,0,0,0,6,1,262,33,0,0,0,0,0,0,262,33
17031090200,130,19,0,0,0,0,0,0,130,19,9,1,0,0,0,0,0,0,9,1,139,20,0,0,0,0,0,0,139,20
17201003809,285,38,287,3,0,0,0,0,572,41,43,6,0,0,0,0,0,0,43,6,328,44,287,3,0,0,0,0,615,47
17043842703,110,18,0,0,0,0,0,0,110,18,6,1,0,0,0,0,0,0,6,1,116,19,0,0,0,0,0,0,116,19
17043841324,417,54,0,0,0,0,0,0,417,54,51,4,0,0,0,0,0,0,51,4,468,58,0,0,0,0,0,0,468,58
17031819700,121,21,130,1,0,0,0,0,251,22,10,1,34,1,0,0,0,0,44,2,131,22,164,2,0,0,0,0,295,24
17031824702,254,44,144,1,0,0,0,0,398,45,82,9,0,0,0,0,0,0,82,9,336,53,144,1,0,0,0,0,480,54
17031803015,246,31,0,0,0,0,0,0,246,31,41,4,0,0,0,0,0,0,41,4,287,35,0,0,0,0,0,0,287,35
17019005402,485,52,50,1,0,0,0,0,535,53,93,9,0,0,0,0,0,0,93,9,578,61,50,1,0,0,0,0,628,62
17095000600,222,28,0,0,2000,1,0,0,2222,29,25,3,0,0,0,0,0,0,25,3,247,31,0,0,2000,1,0,0,2247,32
17099964100,494,49,36,1,10000,5,8000,4,18530,59,106,9,10000,2,0,0,5000,1,15106,12,600,58,10036,3,10000,5,13000,5,33636,71
17097864511,496,63,799,1,0,0,0,0,1295,64,18,2,0,0,0,0,0,0,18,2,514,65,799,1,0,0,0,0,1313,66
17199020802,435,37,0,0,0,0,0,0,435,37,36,4,0,0,0,0,0,0,36,4,471,41,0,0,0,0,0,0,471,41
17031805001,229,26,0,0,0,0,0,0,229,26,14,2,0,0,0,0,0,0,14,2,243,28,0,0,0,0,0,0,243,28
17143004400,314,45,67,1,0,0,0,0,381,46,76,9,50,1,0,0,0,0,126,10,390,54,117,2,0,0,0,0,507,56
17043841114,374,45,140,2,0,0,0,0,514,47,10,1,0,0,0,0,0,0,10,1,384,46,140,2,0,0,0,0,524,48
17031730400,321,41,0,0,0,0,0,0,321,41,38,5,0,0,0,0,0,0,38,5,359,46,0,0,0,0,0,0,359,46
17031829904,810,84,0,0,0,0,0,0,810,84,50,3,5514,3,0,0,0,0,5564,6,860,87,5514,3,0,0,0,0,6374,90
17031823302,553,78,1120,2,0,0,0,0,1673,80,30,4,6870,4,0,0,0,0,6900,8,583,82,7990,6,0,0,0,0,8573,88
17197883209,267,42,0,0,0,0,0,0,267,42,0,0,0,0,0,0,0,0,0,0,267,42,0,0,0,0,0,0,267,42
17031804705,177,27,0,0,0,0,0,0,177,27,20,2,0,0,0,0,0,0,20,2,197,29,0,0,0,0,0,0,197,29
17043845505,247,33,200,1,0,0,0,0,447,34,16,2,0,0,0,0,0,0,16,2,263,35,200,1,0,0,0,0,463,36
17103000900,487,48,438,2,1950,1,0,0,2875,51,78,7,0,0,0,0,0,0,78,7,565,55,438,2,1950,1,0,0,2953,58
17031823702,315,39,0,0,0,0,0,0,315,39,67,7,0,0,0,0,0,0,67,7,382,46,0,0,0,0,0,0,382,46
17043845602,186,27,0,0,0,0,0,0,186,27,5,1,0,0,0,0,0,0,5,1,191,28,0,0,0,0,0,0,191,28
17167003000,134,17,211,2,0,0,0,0,345,19,25,3,0,0,0,0,0,0,25,3,159,20,211,2,0,0,0,0,370,22
17063000102,1409,172,28,1,0,0,0,0,1437,173,92,7,5000,1,0,0,0,0,5092,8,1501,179,5028,2,0,0,0,0,6529,181
17097860812,396,48,0,0,0,0,0,0,396,48,34,4,6350,2,0,0,0,0,6384,6,430,52,6350,2,0,0,0,0,6780,54
17019000901,218,29,142,2,0,0,0,0,360,31,5,1,455,2,0,0,0,0,460,3,223,30,597,4,0,0,0,0,820,34
17097861702,252,43,0,0,0,0,0,0,252,43,20,2,72,1,0,0,0,0,92,3,272,45,72,1,0,0,0,0,344,46
17031801400,72,10,450,1,0,0,0,0,522,11,0,0,0,0,0,0,0,0,0,0,72,10,450,1,0,0,0,0,522,11
17041952100,486,48,5076,5,0,0,0,0,5562,53,142,15,0,0,0,0,0,0,142,15,628,63,5076,5,0,0,0,0,5704,68
17199021300,499,45,46,1,2000,1,6000,2,8545,49,90,6,0,0,0,0,0,0,90,6,589,51,46,1,2000,1,6000,2,8635,55
17165956100,284,28,0,0,0,0,0,0,284,28,45,5,5000,1,0,0,0,0,5045,6,329,33,5000,1,0,0,0,0,5329,34
17143003403,430,43,2289,5,0,0,0,0,2719,48,30,2,720,1,0,0,0,0,750,3,460,45,3009,6,0,0,0,0,3469,51
17097861507,186,29,1084,4,0,0,0,0,1270,33,27,2,480,1,0,0,0,0,507,3,213,31,1564,5,0,0,0,0,1777,36
17031750500,259,38,0,0,0,0,0,0,259,38,115,10,96,1,0,0,0,0,211,11,374,48,96,1,0,0,0,0,470,49
17167003901,684,70,0,0,0,0,0,0,684,70,177,13,0,0,0,0,0,0,177,13,861,83,0,0,0,0,0,0,861,83
17031243200,4,1,92,1,0,0,0,0,96,2,0,0,0,0,0,0,0,0,0,0,4,1,92,1,0,0,0,0,96,2
17031811500,340,51,75,1,1200,1,1200,1,2815,54,27,4,2630,2,0,0,1200,1,3857,7,367,55,2705,3,1200,1,2400,2,6672,61
17113002101,470,63,176,2,1999,1,2000,1,4645,67,80,7,0,0,0,0,5000,1,5080,8,550,70,176,2,1999,1,7000,2,9725,75
17067954000,677,65,83,2,0,0,0,0,760,67,68,7,15500,4,0,0,2500,1,18068,12,745,72,15583,6,0,0,2500,1,18828,79
17097861610,360,50,1920,1,0,0,0,0,2280,51,12,2,0,0,0,0,0,0,12,2,372,52,1920,1,0,0,0,0,2292,53
17067954200,796,71,70,2,0,0,0,0,866,73,187,16,0,0,0,0,0,0,187,16,983,87,70,2,0,0,0,0,1053,89
17097862604,155,27,360,1,0,0,0,0,515,28,4,1,0,0,0,0,0,0,4,1,159,28,360,1,0,0,0,0,519,29
17089854700,48,9,498,2,0,0,0,0,546,11,10,1,120,1,0,0,0,0,130,2,58,10,618,3,0,0,0,0,676,13
17031805701,157,19,0,0,0,0,0,0,157,19,6,1,0,0,0,0,0,0,6,1,163,20,0,0,0,0,0,0,163,20
17031805801,88,14,0,0,0,0,0,0,88,14,6,1,0,0,0,0,0,0,6,1,94,15,0,0,0,0,0,0,94,15
17031824602,356,56,0,0,0,0,0,0,356,56,23,3,0,0,0,0,0,0,23,3,379,59,0,0,0,0,0,0,379,59
17017960500,278,28,0,0,0,0,0,0,278,28,42,4,0,0,0,0,0,0,42,4,320,32,0,0,0,0,0,0,320,32
17031411200,45,6,0,0,0,0,0,0,45,6,0,0,0,0,0,0,0,0,0,0,45,6,0,0,0,0,0,0,45,6
17195000400,802,68,7380,10,2000,1,13600,4,23782,83,106,11,9500,2,0,0,0,0,9606,13,908,79,16880,12,2000,1,13600,4,33388,96
17155954500,224,24,0,0,5992,3,4000,2,10216,29,60,5,0,0,0,0,0,0,60,5,284,29,0,0,5992,3,4000,2,10276,34
17143005000,126,17,50,1,0,0,0,0,176,18,15,3,0,0,0,0,0,0,15,3,141,20,50,1,0,0,0,0,191,21
17203030100,745,62,76,2,0,0,0,0,821,64,224,16,0,0,0,0,0,0,224,16,969,78,76,2,0,0,0,0,1045,80
17081050100,311,27,180,1,0,0,0,0,491,28,99,5,0,0,0,0,150000,1,150099,6,410,32,180,1,0,0,150000,1,150590,34
17109011100,356,37,5144,3,0,0,0,0,5500,40,40,4,0,0,0,0,0,0,40,4,396,41,5144,3,0,0,0,0,5540,44
17031031100,71,8,0,0,0,0,0,0,71,8,0,0,0,0,0,0,0,0,0,0,71,8,0,0,0,0,0,0,71,8
17121952100,236,23,1006,6,0,0,0,0,1242,29,13,2,0,0,0,0,0,0,13,2,249,25,1006,6,0,0,0,0,1255,31
17143001300,59,4,0,0,0,0,0,0,59,4,0,0,0,0,0,0,0,0,0,0,59,4,0,0,0,0,0,0,59,4
17097860811,532,76,0,0,0,0,0,0,532,76,139,13,480,1,0,0,0,0,619,14,671,89,480,1,0,0,0,0,1151,90
17045070500,346,34,0,0,2000,1,4000,1,6346,36,13,2,4000,1,0,0,0,0,4013,3,359,36,4000,1,2000,1,4000,1,10359,39
17095001500,421,44,793,3,0,0,0,0,1214,47,142,16,0,0,0,0,0,0,142,16,563,60,793,3,0,0,0,0,1356,63
17197880202,521,76,4080,4,0,0,1000,1,5601,81,119,10,18690,10,0,0,0,0,18809,20,640,86,22770,14,0,0,1000,1,24410,101
17031700302,327,50,0,0,0,0,0,0,327,50,49,7,0,0,0,0,0,0,49,7,376,57,0,0,0,0,0,0,376,57
17019010500,1177,110,60,1,0,0,0,0,1237,111,141,14,0,0,0,0,0,0,141,14,1318,124,60,1,0,0,0,0,1378,125
17085020101,848,82,90,2,1162,1,1200,1,3300,86,63,5,0,0,0,0,0,0,63,5,911,87,90,2,1162,1,1200,1,3363,91
17031640500,97,14,0,0,0,0,0,0,97,14,21,2,0,0,0,0,0,0,21,2,118,16,0,0,0,0,0,0,118,16
17031820202,85,12,1987,3,0,0,0,0,2072,15,8,1,2720,2,0,0,2000,1,4728,4,93,13,4707,5,0,0,2000,1,6800,19
17043841104,435,55,101,1,0,0,0,0,536,56,64,6,0,0,0,0,0,0,64,6,499,61,101,1,0,0,0,0,600,62
17197883303,481,61,600,1,0,0,0,0,1081,62,60,4,5000,1,0,0,0,0,5060,5,541,65,5600,2,0,0,0,0,6141,67
17201000101,676,90,150,1,0,0,0,0,826,91,144,13,0,0,0,0,0,0,144,13,820,103,150,1,0,0,0,0,970,104
17031190200,207,28,0,0,0,0,0,0,207,28,10,1,0,0,0,0,0,0,10,1,217,29,0,0,0,0,0,0,217,29
17031816401,114,18,0,0,0,0,0,0,114,18,14,2,0,0,0,0,0,0,14,2,128,20,0,0,0,0,0,0,128,20
17067953900,684,61,293,4,0,0,0,0,977,65,124,10,3980,2,0,0,0,0,4104,12,808,71,4273,6,0,0,0,0,5081,77
17195001700,47,6,1160,3,2000,1,0,0,3207,10,0,0,0,0,0,0,0,0,0,0,47,6,1160,3,2000,1,0,0,3207,10
17111871201,398,61,0,0,0,0,0,0,398,61,24,2,500,1,0,0,0,0,524,3,422,63,500,1,0,0,0,0,922,64
17113001402,781,93,1333,4,0,0,0,0,2114,97,49,4,5000,1,0,0,5000,1,10049,6,830,97,6333,5,0,0,5000,1,12163,103
17113005104,115,17,0,0,0,0,0,0,115,17,0,0,0,0,0,0,0,0,0,0,115,17,0,0,0,0,0,0,115,17
17113001800,219,28,0,0,0,0,0,0,219,28,19,1,0,0,0,0,0,0,19,1,238,29,0,0,0,0,0,0,238,29
17179021500,1810,183,130,3,0,0,0,0,1940,186,188,16,5000,1,0,0,0,0,5188,17,1998,199,5130,4,0,0,0,0,7128,203
17113005401,875,89,0,0,2000,1,2000,1,4875,91,77,6,11498,3,0,0,0,0,11575,9,952,95,11498,3,2000,1,2000,1,16450,100
17019010603,2019,220,0,0,0,0,0,0,2019,220,281,23,0,0,0,0,3500,1,3781,24,2300,243,0,0,0,0,3500,1,5800,244
17031070200,30,4,0,0,0,0,0,0,30,4,0,0,0,0,0,0,0,0,0,0,30,4,0,0,0,0,0,0,30,4
17113000302,552,70,103,2,0,0,0,0,655,72,97,8,0,0,0,0,0,0,97,8,649,78,103,2,0,0,0,0,752,80
17019005702,714,87,0,0,0,0,0,0,714,87,46,6,6000,2,0,0,0,0,6046,8,760,93,6000,2,0,0,0,0,6760,95
17031640400,142,20,73,1,0,0,0,0,215,21,6,1,0,0,0,0,0,0,6,1,148,21,73,1,0,0,0,0,221,22
17031824509,400,52,0,0,0,0,0,0,400,52,41,5,0,0,0,0,0,0,41,5,441,57,0,0,0,0,0,0,441,57
17031242100,25,3,0,0,0,0,0,0,25,3,0,0,0,0,0,0,0,0,0,0,25,3,0,0,0,0,0,0,25,3
17019005602,797,88,200,2,0,0,0,0,997,90,50,6,0,0,0,0,5000,2,5050,8,847,94,200,2,0,0,5000,2,6047,98
17031801702,253,35,0,0,0,0,0,0,253,35,12,1,0,0,0,0,0,0,12,1,265,36,0,0,0,0,0,0,265,36
17133600401,315,30,0,0,0,0,0,0,315,30,0,0,0,0,0,0,0,0,0,0,315,30,0,0,0,0,0,0,315,30
17119403533,829,87,0,0,0,0,0,0,829,87,73,9,0,0,0,0,0,0,73,9,902,96,0,0,0,0,0,0,902,96
17189950400,755,72,65,2,0,0,5000,1,5820,75,177,15,4250,1,0,0,0,0,4427,16,932,87,4315,3,0,0,5000,1,10247,91
17031805502,107,16,0,0,0,0,0,0,107,16,16,2,0,0,0,0,0,0,16,2,123,18,0,0,0,0,0,0,123,18
17147954600,1155,120,60,2,0,0,0,0,1215,122,74,8,8400,2,0,0,0,0,8474,10,1229,128,8460,4,0,0,0,0,9689,132
17043846002,96,14,33,1,0,0,0,0,129,15,10,1,0,0,0,0,0,0,10,1,106,15,33,1,0,0,0,0,139,16
17161024000,106,14,0,0,0,0,0,0,106,14,16,2,0,0,0,0,0,0,16,2,122,16,0,0,0,0,0,0,122,16
17119403532,967,110,64,2,0,0,0,0,1031,112,122,11,0,0,0,0,0,0,122,11,1089,121,64,2,0,0,0,0,1153,123
17011964700,505,42,180,1,0,0,9400,2,10085,45,188,19,2875,1,0,0,5000,1,8063,21,693,61,3055,2,0,0,14400,3,18148,66
17083010300,325,36,1650,1,0,0,0,0,1975,37,30,2,0,0,0,0,0,0,30,2,355,38,1650,1,0,0,0,0,2005,39
17163504356,256,31,0,0,0,0,0,0,256,31,7,1,1080,1,0,0,0,0,1087,2,263,32,1080,1,0,0,0,0,1343,33
17097864307,139,16,450,4,0,0,0,0,589,20,0,0,106,1,0,0,0,0,106,1,139,16,556,5,0,0,0,0,695,21
17119403121,1429,149,318,4,0,0,0,0,1747,153,155,16,62,1,0,0,0,0,217,17,1584,165,380,5,0,0,0,0,1964,170
17195000200,556,47,115,3,0,0,0,0,671,50,94,8,0,0,0,0,0,0,94,8,650,55,115,3,0,0,0,0,765,58
17119401500,180,24,4950,1,0,0,0,0,5130,25,35,4,0,0,0,0,0,0,35,4,215,28,4950,1,0,0,0,0,5165,29
17113001108,359,44,0,0,0,0,0,0,359,44,13,1,0,0,0,0,0,0,13,1,372,45,0,0,0,0,0,0,372,45
17113000507,93,12,33,1,0,0,0,0,126,13,8,1,0,0,0,0,0,0,8,1,101,13,33,1,0,0,0,0,134,14
17031824113,324,38,0,0,0,0,0,0,324,38,66,8,0,0,0,0,0,0,66,8,390,46,0,0,0,0,0,0,390,46
17163503323,953,83,31,1,0,0,0,0,984,84,227,23,0,0,0,0,0,0,227,23,1180,106,31,1,0,0,0,0,1211,107
17179020100,297,32,534,2,0,0,0,0,831,34,21,2,1479,2,0,0,0,0,1500,4,318,34,2013,4,0,0,0,0,2331,38
17159978000,138,16,60,1,0,0,0,0,198,17,23,2,312,1,0,0,0,0,335,3,161,18,372,2,0,0,0,0,533,20
17101881100,229,28,4750,1,0,0,4800,1,9779,30,87,8,4500,2,0,0,0,0,4587,10,316,36,9250,3,0,0,4800,1,14366,40
17195001800,447,44,34,1,0,0,0,0,481,45,41,2,0,0,0,0,0,0,41,2,488,46,34,1,0,0,0,0,522,47
17195001000,150,21,1380,2,4999,1,0,0,6529,24,27,4,4000,1,0,0,0,0,4027,5,177,25,5380,3,4999,1,0,0,10556,29
17031242200,38,6,0,0,0,0,0,0,38,6,0,0,0,0,0,0,0,0,0,0,38,6,0,0,0,0,0,0,38,6
17161024103,367,36,367,7,0,0,0,0,734,43,15,1,0,0,0,0,0,0,15,1,382,37,367,7,0,0,0,0,749,44
17073030400,575,56,234,2,0,0,2800,1,3609,59,110,9,6884,4,0,0,0,0,6994,13,685,65,7118,6,0,0,2800,1,10603,72
17163503102,372,40,660,4,0,0,0,0,1032,44,100,12,60,1,0,0,0,0,160,13,472,52,720,5,0,0,0,0,1192,57
17091010400,320,34,0,0,6000,3,12000,3,18320,40,122,12,20680,6,0,0,0,0,20802,18,442,46,20680,6,6000,3,12000,3,39122,58
17147954500,1257,119,219,3,3980,2,4000,2,9456,126,179,11,4998,1,0,0,5000,1,10177,13,1436,130,5217,4,3980,2,9000,3,19633,139
17111871402,355,44,0,0,0,0,0,0,355,44,66,5,34,1,0,0,0,0,100,6,421,49,34,1,0,0,0,0,455,50
17163501602,127,19,0,0,0,0,0,0,127,19,37,5,0,0,0,0,0,0,37,5,164,24,0,0,0,0,0,0,164,24
17031815701,264,35,0,0,0,0,0,0,264,35,16,2,0,0,0,0,0,0,16,2,280,37,0,0,0,0,0,0,280,37
17143004600,557,65,2115,4,0,0,2000,1,4672,70,117,11,0,0,0,0,0,0,117,11,674,76,2115,4,0,0,2000,1,4789,81
17019001206,442,52,100,1,0,0,0,0,542,53,40,4,0,0,0,0,0,0,40,4,482,56,100,1,0,0,0,0,582,57
17043841004,137,18,233,2,0,0,0,0,370,20,8,1,0,0,0,0,0,0,8,1,145,19,233,2,0,0,0,0,378,21
17111870813,257,33,967,2,0,0,0,0,1224,35,16,2,0,0,0,0,0,0,16,2,273,35,967,2,0,0,0,0,1240,37
17043840303,103,15,0,0,0,0,0,0,103,15,24,2,0,0,0,0,0,0,24,2,127,17,0,0,0,0,0,0,127,17
17031310300,5,1,0,0,0,0,0,0,5,1,12,1,0,0,0,0,0,0,12,1,17,2,0,0,0,0,0,0,17,2
17197880426,772,111,0,0,0,0,0,0,772,111,87,7,0,0,0,0,0,0,87,7,859,118,0,0,0,0,0,0,859,118
17031803400,208,28,180,2,0,0,0,0,388,30,13,2,300,1,0,0,0,0,313,3,221,30,480,3,0,0,0,0,701,33
17067953800,596,61,652,7,0,0,0,0,1248,68,95,9,0,0,0,0,0,0,95,9,691,70,652,7,0,0,0,0,1343,77
17043841206,563,75,1000,1,0,0,0,0,1563,76,69,9,0,0,0,0,0,0,69,9,632,84,1000,1,0,0,0,0,1632,85
17031804715,59,8,0,0,0,0,0,0,59,8,0,0,0,0,0,0,0,0,0,0,59,8,0,0,0,0,0,0,59,8
17089851801,1268,179,67,1,0,0,0,0,1335,180,116,8,278,2,0,0,0,0,394,10,1384,187,345,3,0,0,0,0,1729,190
17089851909,319,49,494,1,0,0,0,0,813,50,38,4,0,0,0,0,0,0,38,4,357,53,494,1,0,0,0,0,851,54
17089850708,554,71,0,0,0,0,0,0,554,71,46,3,0,0,0,0,0,0,46,3,600,74,0,0,0,0,0,0,600,74
17163503415,223,25,0,0,0,0,0,0,223,25,42,3,0,0,0,0,0,0,42,3,265,28,0,0,0,0,0,0,265,28
17089851912,250,32,0,0,0,0,0,0,250,32,12,1,5000,1,0,0,0,0,5012,2,262,33,5000,1,0,0,0,0,5262,34
17089851911,1332,185,0,0,0,0,0,0,1332,185,111,13,0,0,0,0,0,0,111,13,1443,198,0,0,0,0,0,0,1443,198
17089851908,302,48,53,1,0,0,0,0,355,49,29,4,0,0,0,0,0,0,29,4,331,52,53,1,0,0,0,0,384,53
17113005900,150,26,0,0,0,0,0,0,150,26,42,5,0,0,0,0,0,0,42,5,192,31,0,0,0,0,0,0,192,31
17089851907,769,116,0,0,0,0,0,0,769,116,81,9,0,0,0,0,0,0,81,9,850,125,0,0,0,0,0,0,850,125
17043845809,279,36,86,1,0,0,0,0,365,37,25,3,0,0,0,0,0,0,25,3,304,39,86,1,0,0,0,0,390,40
17019005800,385,55,0,0,0,0,0,0,385,55,8,1,0,0,0,0,0,0,8,1,393,56,0,0,0,0,0,0,393,56
17111870502,207,30,0,0,0,0,0,0,207,30,40,4,5000,1,0,0,0,0,5040,5,247,34,5000,1,0,0,0,0,5247,35
17031802402,177,26,2000,1,0,0,0,0,2177,27,0,0,0,0,0,0,0,0,0,0,177,26,2000,1,0,0,0,0,2177,27
17113001103,247,31,43,1,0,0,0,0,290,32,16,2,688,1,0,0,0,0,704,3,263,33,731,2,0,0,0,0,994,35
17089851910,185,29,0,0,0,0,0,0,185,29,28,3,0,0,0,0,0,0,28,3,213,32,0,0,0,0,0,0,213,32
17111871113,470,67,0,0,0,0,0,0,470,67,86,8,0,0,0,0,0,0,86,8,556,75,0,0,0,0,0,0,556,75
17163504355,1195,122,0,0,0,0,0,0,1195,122,88,9,0,0,0,0,0,0,88,9,1283,131,0,0,0,0,0,0,1283,131
17115002902,300,35,0,0,0,0,0,0,300,35,57,7,0,0,0,0,0,0,57,7,357,42,0,0,0,0,0,0,357,42
17163503414,453,49,430,3,0,0,0,0,883,52,36,4,190,1,0,0,0,0,226,5,489,53,620,4,0,0,0,0,1109,57
17157950600,261,23,675,7,0,0,0,0,936,30,25,3,1125,3,0,0,0,0,1150,6,286,26,1800,10,0,0,0,0,2086,36
17031804403,815,100,0,0,0,0,0,0,815,100,95,7,0,0,0,0,0,0,95,7,910,107,0,0,0,0,0,0,910,107
17029001000,69,9,1426,2,0,0,0,0,1495,11,94,11,0,0,0,0,0,0,94,11,163,20,1426,2,0,0,0,0,1589,22
17011965000,426,48,2094,3,5000,1,25000,2,32520,54,112,11,4950,1,0,0,9000,2,14062,14,538,59,7044,4,5000,1,34000,4,46582,68
17089850105,728,95,0,0,0,0,0,0,728,95,51,4,1500,1,0,0,0,0,1551,5,779,99,1500,1,0,0,0,0,2279,100
17133600102,620,56,668,4,0,0,0,0,1288,60,107,7,0,0,0,0,0,0,107,7,727,63,668,4,0,0,0,0,1395,67
17043844002,187,21,0,0,0,0,0,0,187,21,40,3,0,0,0,0,0,0,40,3,227,24,0,0,0,0,0,0,227,24
17111871114,592,78,0,0,0,0,0,0,592,78,94,10,0,0,0,0,0,0,94,10,686,88,0,0,0,0,0,0,686,88
17195000700,307,28,483,2,2000,1,2000,1,4790,32,90,9,4999,2,0,0,1000,1,6089,12,397,37,5482,4,2000,1,3000,2,10879,44
17031805201,393,49,0,0,0,0,0,0,393,49,44,5,0,0,0,0,0,0,44,5,437,54,0,0,0,0,0,0,437,54
17019001000,227,34,300,1,0,0,0,0,527,35,29,3,0,0,0,0,0,0,29,3,256,37,300,1,0,0,0,0,556,38
17019005500,533,69,180,1,0,0,0,0,713,70,97,11,565,2,0,0,0,0,662,13,630,80,745,3,0,0,0,0,1375,83
17095000200,379,38,249,5,0,0,0,0,628,43,29,3,45,1,0,0,0,0,74,4,408,41,294,6,0,0,0,0,702,47
17197880320,589,67,0,0,0,0,0,0,589,67,165,18,0,0,0,0,0,0,165,18,754,85,0,0,0,0,0,0,754,85
17031805110,132,19,0,0,0,0,0,0,132,19,17,2,0,0,0,0,0,0,17,2,149,21,0,0,0,0,0,0,149,21
17031804000,275,46,0,0,0,0,0,0,275,46,12,1,0,0,0,0,0,0,12,1,287,47,0,0,0,0,0,0,287,47
17043840103,455,53,0,0,0,0,0,0,455,53,43,3,0,0,0,0,0,0,43,3,498,56,0,0,0,0,0,0,498,56
17089850800,190,35,0,0,0,0,0,0,190,35,46,5,0,0,0,0,0,0,46,5,236,40,0,0,0,0,0,0,236,40
17197880508,706,104,0,0,0,0,0,0,706,104,59,6,0,0,0,0,0,0,59,6,765,110,0,0,0,0,0,0,765,110
17043841002,178,18,43,1,0,0,0,0,221,19,6,1,0,0,0,0,0,0,6,1,184,19,43,1,0,0,0,0,227,20
17043840706,182,28,2000,1,0,0,0,0,2182,29,21,3,0,0,0,0,0,0,21,3,203,31,2000,1,0,0,0,0,2203,32
17097860805,62,8,0,0,0,0,0,0,62,8,48,6,0,0,0,0,0,0,48,6,110,14,0,0,0,0,0,0,110,14
17043841323,190,36,0,0,0,0,0,0,190,36,22,2,0,0,0,0,0,0,22,2,212,38,0,0,0,0,0,0,212,38
17067953700,367,32,107,2,0,0,0,0,474,34,110,11,0,0,0,0,0,0,110,11,477,43,107,2,0,0,0,0,584,45
17091011400,47,5,38,1,2500,2,2000,1,4585,9,5,1,0,0,0,0,0,0,5,1,52,6,38,1,2500,2,2000,1,4590,10
17089851400,176,32,0,0,0,0,0,0,176,32,27,4,720,1,0,0,0,0,747,5,203,36,720,1,0,0,0,0,923,37
17163504002,924,78,541,8,0,0,0,0,1465,86,138,9,0,0,0,0,150000,1,150138,10,1062,87,541,8,0,0,150000,1,151603,96
17043840304,182,25,0,0,0,0,0,0,182,25,48,5,0,0,0,0,0,0,48,5,230,30,0,0,0,0,0,0,230,30
17031804506,554,71,0,0,0,0,0,0,554,71,138,10,0,0,0,0,0,0,138,10,692,81,0,0,0,0,0,0,692,81
17043844309,156,20,0,0,0,0,0,0,156,20,62,4,0,0,0,0,0,0,62,4,218,24,0,0,0,0,0,0,218,24
17031060800,0,0,33,1,0,0,0,0,33,1,0,0,0,0,0,0,0,0,0,0,0,0,33,1,0,0,0,0,33,1
17097860907,373,47,0,0,0,0,0,0,373,47,51,5,0,0,0,0,0,0,51,5,424,52,0,0,0,0,0,0,424,52
17091010203,308,37,1100,2,4000,2,2000,1,7408,42,45,4,0,0,0,0,0,0,45,4,353,41,1100,2,4000,2,2000,1,7453,46
17195001600,14,2,34,1,0,0,0,0,48,3,0,0,0,0,0,0,0,0,0,0,14,2,34,1,0,0,0,0,48,3
17105960300,184,19,7080,4,2000,1,6000,2,15264,26,28,2,9490,2,0,0,0,0,9518,4,212,21,16570,6,2000,1,6000,2,24782,30
17161024101,217,23,45,1,0,0,0,0,262,24,23,1,0,0,0,0,0,0,23,1,240,24,45,1,0,0,0,0,285,25
17015960200,759,70,0,0,0,0,0,0,759,70,29,3,0,0,0,0,0,0,29,3,788,73,0,0,0,0,0,0,788,73
17019011001,63,10,50,1,0,0,0,0,113,11,0,0,0,0,0,0,0,0,0,0,63,10,50,1,0,0,0,0,113,11
17195000500,236,32,571,2,2000,1,2000,1,4807,36,18,3,0,0,0,0,0,0,18,3,254,35,571,2,2000,1,2000,1,4825,39
17031840300,101,14,0,0,0,0,0,0,101,14,0,0,0,0,0,0,0,0,0,0,101,14,0,0,0,0,0,0,101,14
17043845807,513,64,664,3,0,0,0,0,1177,67,38,3,0,0,0,0,0,0,38,3,551,67,664,3,0,0,0,0,1215,70
17043845300,54,7,0,0,0,0,0,0,54,7,10,1,0,0,0,0,0,0,10,1,64,8,0,0,0,0,0,0,64,8
17073030301,157,18,154,4,0,0,0,0,311,22,0,0,0,0,0,0,0,0,0,0,157,18,154,4,0,0,0,0,311,22
17201000516,739,94,0,0,0,0,0,0,739,94,58,7,461,1,0,0,0,0,519,8,797,101,461,1,0,0,0,0,1258,102
17119402805,403,42,108,1,0,0,0,0,511,43,74,8,0,0,0,0,0,0,74,8,477,50,108,1,0,0,0,0,585,51
17197881113,389,47,0,0,0,0,0,0,389,47,65,8,2400,1,0,0,0,0,2465,9,454,55,2400,1,0,0,0,0,2854,56
17111871004,663,74,0,0,1950,1,0,0,2613,75,50,4,5000,1,0,0,0,0,5050,5,713,78,5000,1,1950,1,0,0,7663,80
17133600104,619,61,99,1,0,0,0,0,718,62,170,13,0,0,0,0,0,0,170,13,789,74,99,1,0,0,0,0,888,75
17103000700,705,56,229,5,0,0,0,0,934,61,33,3,0,0,0,0,0,0,33,3,738,59,229,5,0,0,0,0,967,64
17031804404,514,88,0,0,0,0,0,0,514,88,40,7,0,0,0,0,0,0,40,7,554,95,0,0,0,0,0,0,554,95
17097860103,231,33,0,0,0,0,0,0,231,33,30,5,0,0,0,0,0,0,30,5,261,38,0,0,0,0,0,0,261,38
17031811301,241,38,0,0,0,0,0,0,241,38,32,4,0,0,0,0,0,0,32,4,273,42,0,0,0,0,0,0,273,42
17113005602,417,43,52,1,0,0,0,0,469,44,123,11,0,0,0,0,0,0,123,11,540,54,52,1,0,0,0,0,592,55
17093890501,1522,201,852,1,0,0,3500,1,5874,203,104,12,10000,2,0,0,0,0,10104,14,1626,213,10852,3,0,0,3500,1,15978,217
17161022900,25,5,0,0,0,0,0,0,25,5,0,0,0,0,0,0,0,0,0,0,25,5,0,0,0,0,0,0,25,5
17019001201,502,65,0,0,0,0,0,0,502,65,70,9,100,1,0,0,0,0,170,10,572,74,100,1,0,0,0,0,672,75
17019001203,752,103,0,0,0,0,0,0,752,103,97,10,0,0,0,0,0,0,97,10,849,113,0,0,0,0,0,0,849,113
17019011002,149,11,166,2,0,0,0,0,315,13,0,0,0,0,0,0,0,0,0,0,149,11,166,2,0,0,0,0,315,13
17115003100,51,3,800,1,0,0,0,0,851,4,0,0,0,0,0,0,0,0,0,0,51,3,800,1,0,0,0,0,851,4
17141961200,157,15,134,3,0,0,0,0,291,18,15,3,0,0,0,0,0,0,15,3,172,18,134,3,0,0,0,0,306,21
17073030201,260,29,40,1,0,0,0,0,300,30,25,2,0,0,0,0,0,0,25,2,285,31,40,1,0,0,0,0,325,32
17043840904,167,20,1585,4,2520,2,0,0,4272,26,4,1,4260,5,0,0,2900,2,7164,8,171,21,5845,9,2520,2,2900,2,11436,34
17031700502,279,39,0,0,0,0,0,0,279,39,11,1,0,0,0,0,0,0,11,1,290,40,0,0,0,0,0,0,290,40
17197883100,310,38,510,2,1850,1,4000,2,6670,43,23,3,10990,3,0,0,4900,1,15913,7,333,41,11500,5,1850,1,8900,3,22583,50
17057953500,275,32,163,3,0,0,4500,1,4938,36,106,9,0,0,0,0,0,0,106,9,381,41,163,3,0,0,4500,1,5044,45
17163503211,328,32,300,1,0,0,0,0,628,33,82,8,0,0,0,0,0,0,82,8,410,40,300,1,0,0,0,0,710,41
17163503202,924,80,2490,5,0,0,0,0,3414,85,95,8,0,0,0,0,0,0,95,8,1019,88,2490,5,0,0,0,0,3509,93
17043841314,567,83,0,0,0,0,0,0,567,83,20,3,0,0,0,0,0,0,20,3,587,86,0,0,0,0,0,0,587,86
17043840101,263,38,664,4,0,0,0,0,927,42,55,5,840,1,0,0,0,0,895,6,318,43,1504,5,0,0,0,0,1822,48
17043846504,180,22,60,1,0,0,0,0,240,23,5,1,0,0,0,0,0,0,5,1,185,23,60,1,0,0,0,0,245,24
17085020402,1318,137,86,1,0,0,0,0,1404,138,41,4,0,0,0,0,0,0,41,4,1359,141,86,1,0,0,0,0,1445,142
17031815702,189,28,0,0,0,0,0,0,189,28,71,6,420,1,0,0,0,0,491,7,260,34,420,1,0,0,0,0,680,35
17031490500,133,25,0,0,0,0,0,0,133,25,20,2,0,0,0,0,0,0,20,2,153,27,0,0,0,0,0,0,153,27
17015960400,551,51,52,1,0,0,0,0,603,52,13,2,0,0,0,0,0,0,13,2,564,53,52,1,0,0,0,0,616,54
17075950400,100,12,533,1,2000,1,0,0,2633,14,59,5,0,0,0,0,0,0,59,5,159,17,533,1,2000,1,0,0,2692,19
17163504353,1218,119,28,1,0,0,0,0,1246,120,121,13,3300,1,0,0,0,0,3421,14,1339,132,3328,2,0,0,0,0,4667,134
17031650400,425,66,0,0,0,0,0,0,425,66,31,4,0,0,0,0,0,0,31,4,456,70,0,0,0,0,0,0,456,70
17161020301,56,9,125,1,0,0,0,0,181,10,30,3,35,1,0,0,0,0,65,4,86,12,160,2,0,0,0,0,246,14
17031806103,292,44,0,0,0,0,0,0,292,44,16,2,0,0,0,0,0,0,16,2,308,46,0,0,0,0,0,0,308,46
17121951800,174,16,0,0,2000,1,2000,1,4174,18,67,7,1500,2,0,0,0,0,1567,9,241,23,1500,2,2000,1,2000,1,5741,27
17089852001,255,29,136,2,0,0,0,0,391,31,15,2,5000,1,0,0,0,0,5015,3,270,31,5136,3,0,0,0,0,5406,34
17109010200,356,40,0,0,4000,2,4000,2,8356,44,48,5,2200,1,0,0,4000,1,6248,7,404,45,2200,1,4000,2,8000,3,14604,51
17177001300,223,26,690,2,0,0,6600,2,7513,30,52,5,5783,2,0,0,0,0,5835,7,275,31,6473,4,0,0,6600,2,13348,37
17031804807,257,45,350,1,0,0,0,0,607,46,21,3,0,0,0,0,0,0,21,3,278,48,350,1,0,0,0,0,628,49
17031804805,620,87,0,0,0,0,0,0,620,87,36,4,0,0,0,0,0,0,36,4,656,91,0,0,0,0,0,0,656,91
17131040200,832,72,807,14,0,0,0,0,1639,86,73,9,82,2,0,0,0,0,155,11,905,81,889,16,0,0,0,0,1794,97
17089852104,373,49,0,0,0,0,0,0,373,49,0,0,0,0,0,0,0,0,0,0,373,49,0,0,0,0,0,0,373,49
17031821002,406,58,0,0,0,0,0,0,406,58,56,7,0,0,0,0,0,0,56,7,462,65,0,0,0,0,0,0,462,65
17043845802,182,22,1226,3,0,0,0,0,1408,25,12,2,0,0,0,0,0,0,12,2,194,24,1226,3,0,0,0,0,1420,27
17043841307,625,84,250,1,0,0,0,0,875,85,0,0,0,0,0,0,0,0,0,0,625,84,250,1,0,0,0,0,875,85
17043840906,59,9,710,3,0,0,0,0,769,12,0,0,0,0,0,0,0,0,0,0,59,9,710,3,0,0,0,0,769,12
17001000201,179,19,185,2,0,0,0,0,364,21,38,4,0,0,0,0,0,0,38,4,217,23,185,2,0,0,0,0,402,25
17043841325,709,103,0,0,0,0,0,0,709,103,32,4,0,0,0,0,0,0,32,4,741,107,0,0,0,0,0,0,741,107
17031836700,11,2,300,1,0,0,0,0,311,3,0,0,0,0,0,0,0,0,0,0,11,2,300,1,0,0,0,0,311,3
17031803014,142,19,0,0,0,0,0,0,142,19,9,2,0,0,0,0,0,0,9,2,151,21,0,0,0,0,0,0,151,21
17197880324,1129,163,0,0,0,0,0,0,1129,163,152,11,0,0,0,0,0,0,152,11,1281,174,0,0,0,0,0,0,1281,174
17031802605,230,28,0,0,0,0,0,0,230,28,20,3,268,1,0,0,0,0,288,4,250,31,268,1,0,0,0,0,518,32
17031813600,130,20,0,0,0,0,0,0,130,20,12,2,0,0,0,0,0,0,12,2,142,22,0,0,0,0,0,0,142,22
17043841318,315,46,0,0,0,0,0,0,315,46,11,2,0,0,0,0,0,0,11,2,326,48,0,0,0,0,0,0,326,48
17201003601,258,33,0,0,0,0,0,0,258,33,58,3,11124,4,0,0,0,0,11182,7,316,36,11124,4,0,0,0,0,11440,40
17031818700,232,36,812,1,0,0,0,0,1044,37,10,1,0,0,0,0,0,0,10,1,242,37,812,1,0,0,0,0,1054,38
17043840802,251,37,0,0,0,0,0,0,251,37,26,3,0,0,0,0,0,0,26,3,277,40,0,0,0,0,0,0,277,40
17201000105,779,106,1345,3,0,0,0,0,2124,109,196,18,0,0,0,0,0,0,196,18,975,124,1345,3,0,0,0,0,2320,127
17201000104,273,40,240,1,0,0,0,0,513,41,76,8,0,0,0,0,0,0,76,8,349,48,240,1,0,0,0,0,589,49
17097864513,642,88,1660,6,0,0,0,0,2302,94,20,2,0,0,0,0,0,0,20,2,662,90,1660,6,0,0,0,0,2322,96
17031828900,128,21,420,1,0,0,0,0,548,22,47,3,0,0,0,0,0,0,47,3,175,24,420,1,0,0,0,0,595,25
17097860905,319,48,840,1,0,0,0,0,1159,49,78,8,0,0,0,0,0,0,78,8,397,56,840,1,0,0,0,0,1237,57
17097864108,456,61,480,2,0,0,0,0,936,63,36,4,0,0,0,0,0,0,36,4,492,65,480,2,0,0,0,0,972,67
17201002200,280,37,1637,3,0,0,0,0,1917,40,48,5,975,2,0,0,4600,2,5623,9,328,42,2612,5,0,0,4600,2,7540,49
17201003808,596,87,75,1,0,0,0,0,671,88,93,11,0,0,0,0,0,0,93,11,689,98,75,1,0,0,0,0,764,99
17031824701,181,26,0,0,0,0,0,0,181,26,4,1,0,0,0,0,0,0,4,1,185,27,0,0,0,0,0,0,185,27
17031805108,287,31,0,0,0,0,0,0,287,31,113,9,0,0,0,0,0,0,113,9,400,40,0,0,0,0,0,0,400,40
17031835100,198,23,0,0,0,0,0,0,198,23,0,0,0,0,0,0,0,0,0,0,198,23,0,0,0,0,0,0,198,23
17043841315,344,49,0,0,0,0,0,0,344,49,30,3,0,0,0,0,0,0,30,3,374,52,0,0,0,0,0,0,374,52
17031170700,76,12,0,0,0,0,0,0,76,12,23,1,0,0,0,0,0,0,23,1,99,13,0,0,0,0,0,0,99,13
17031824006,299,33,0,0,0,0,0,0,299,33,47,4,0,0,0,0,0,0,47,4,346,37,0,0,0,0,0,0,346,37
17031250500,384,56,50,1,0,0,0,0,434,57,41,5,280,1,0,0,0,0,321,6,425,61,330,2,0,0,0,0,755,63
17031834300,559,83,0,0,0,0,0,0,559,83,128,15,0,0,0,0,0,0,128,15,687,98,0,0,0,0,0,0,687,98
17113005700,717,65,33,1,0,0,0,0,750,66,93,8,3038,2,0,0,0,0,3131,10,810,73,3071,3,0,0,0,0,3881,76
17103000500,682,63,210,3,0,0,0,0,892,66,57,8,0,0,0,0,0,0,57,8,739,71,210,3,0,0,0,0,949,74
17053961800,427,48,990,3,0,0,0,0,1417,51,93,9,0,0,0,0,0,0,93,9,520,57,990,3,0,0,0,0,1510,60
17043846102,143,17,537,3,0,0,0,0,680,20,10,1,0,0,0,0,0,0,10,1,153,18,537,3,0,0,0,0,690,21
17113005601,269,30,0,0,0,0,0,0,269,30,26,4,0,0,0,0,0,0,26,4,295,34,0,0,0,0,0,0,295,34
17183010100,311,30,417,4,0,0,0,0,728,34,167,15,0,0,0,0,0,0,167,15,478,45,417,4,0,0,0,0,895,49
17031170500,170,26,0,0,0,0,0,0,170,26,0,0,0,0,0,0,0,0,0,0,170,26,0,0,0,0,0,0,170,26
17031190601,177,25,0,0,0,0,0,0,177,25,32,3,0,0,0,0,0,0,32,3,209,28,0,0,0,0,0,0,209,28
17023060100,230,22,73,1,0,0,165300,1,165603,24,46,5,0,0,0,0,0,0,46,5,276,27,73,1,0,0,165300,1,165649,29
17039971700,298,35,327,3,0,0,0,0,625,38,67,6,0,0,0,0,0,0,67,6,365,41,327,3,0,0,0,0,692,44
17197880322,1377,166,0,0,0,0,0,0,1377,166,119,11,0,0,0,0,0,0,119,11,1496,177,0,0,0,0,0,0,1496,177
17187870300,421,41,532,8,0,0,0,0,953,49,157,16,0,0,0,0,5000,1,5157,17,578,57,532,8,0,0,5000,1,6110,66
17105961000,679,68,593,9,0,0,0,0,1272,77,12,1,3162,6,0,0,0,0,3174,7,691,69,3755,15,0,0,0,0,4446,84
17031841900,0,0,221,2,0,0,0,0,221,2,5,1,60,1,0,0,0,0,65,2,5,1,281,3,0,0,0,0,286,4
17031806501,84,16,150,2,0,0,0,0,234,18,10,1,0,0,0,0,0,0,10,1,94,17,150,2,0,0,0,0,244,19
17031440102,34,5,61,1,0,0,0,0,95,6,5,1,800,1,0,0,0,0,805,2,39,6,861,2,0,0,0,0,900,8
17031825600,421,52,243,3,0,0,0,0,664,55,45,5,1080,2,0,0,0,0,1125,7,466,57,1323,5,0,0,0,0,1789,62
17097861301,142,18,52,1,0,0,0,0,194,19,24,3,0,0,0,0,0,0,24,3,166,21,52,1,0,0,0,0,218,22
17031827500,184,28,299,2,0,0,0,0,483,30,65,5,1978,2,0,0,0,0,2043,7,249,33,2277,4,0,0,0,0,2526,37
17031841300,51,7,2778,4,0,0,1800,1,4629,12,5,1,0,0,0,0,0,0,5,1,56,8,2778,4,0,0,1800,1,4634,13
17031020902,0,0,101,1,0,0,0,0,101,1,0,0,0,0,0,0,0,0,0,0,0,0,101,1,0,0,0,0,101,1
17031160200,120,21,144,1,0,0,0,0,264,22,10,1,0,0,0,0,0,0,10,1,130,22,144,1,0,0,0,0,274,23
17031810600,120,18,400,2,0,0,0,0,520,20,14,2,0,0,0,0,0,0,14,2,134,20,400,2,0,0,0,0,534,22
17031821600,227,39,0,0,0,0,0,0,227,39,54,6,0,0,0,0,0,0,54,6,281,45,0,0,0,0,0,0,281,45
17097861505,259,33,0,0,0,0,0,0,259,33,13,2,0,0,0,0,0,0,13,2,272,35,0,0,0,0,0,0,272,35
17031813200,343,56,0,0,0,0,0,0,343,56,40,4,0,0,0,0,0,0,40,4,383,60,0,0,0,0,0,0,383,60
17031822601,336,47,0,0,0,0,0,0,336,47,44,5,0,0,0,0,0,0,44,5,380,52,0,0,0,0,0,0,380,52
17111870812,333,52,0,0,0,0,0,0,333,52,46,5,0,0,0,0,0,0,46,5,379,57,0,0,0,0,0,0,379,57
17043845811,213,29,0,0,0,0,0,0,213,29,12,1,0,0,0,0,0,0,12,1,225,30,0,0,0,0,0,0,225,30
17031200300,50,10,0,0,0,0,0,0,50,10,0,0,260,1,0,0,0,0,260,1,50,10,260,1,0,0,0,0,310,11
17043844901,114,17,0,0,0,0,0,0,114,17,28,3,0,0,0,0,0,0,28,3,142,20,0,0,0,0,0,0,142,20
17043840705,130,20,188,1,0,0,0,0,318,21,33,2,360,1,0,0,0,0,393,3,163,22,548,2,0,0,0,0,711,24
17121951700,191,19,488,3,0,0,1000,1,1679,23,43,3,0,0,0,0,0,0,43,3,234,22,488,3,0,0,1000,1,1722,26
17031802607,90,11,0,0,0,0,0,0,90,11,8,1,0,0,0,0,0,0,8,1,98,12,0,0,0,0,0,0,98,12
17031801606,529,49,0,0,0,0,0,0,529,49,52,6,0,0,0,0,0,0,52,6,581,55,0,0,0,0,0,0,581,55
17089851913,777,109,0,0,0,0,0,0,777,109,33,3,0,0,0,0,0,0,33,3,810,112,0,0,0,0,0,0,810,112
17043844305,122,15,264,1,0,0,0,0,386,16,24,2,0,0,0,0,0,0,24,2,146,17,264,1,0,0,0,0,410,18
17043845808,488,57,180,1,0,0,0,0,668,58,43,7,0,0,0,0,0,0,43,7,531,64,180,1,0,0,0,0,711,65
17161020800,39,6,0,0,0,0,0,0,39,6,4,1,0,0,0,0,0,0,4,1,43,7,0,0,0,0,0,0,43,7
17043844902,166,20,0,0,0,0,0,0,166,20,21,1,0,0,0,0,0,0,21,1,187,21,0,0,0,0,0,0,187,21
17031810302,236,36,0,0,0,0,0,0,236,36,16,2,0,0,0,0,0,0,16,2,252,38,0,0,0,0,0,0,252,38
17031803008,250,33,0,0,0,0,0,0,250,33,39,4,0,0,0,0,0,0,39,4,289,37,0,0,0,0,0,0,289,37
17043846313,242,27,112,1,0,0,0,0,354,28,23,2,0,0,0,0,0,0,23,2,265,29,112,1,0,0,0,0,377,30
17043840703,157,22,0,0,0,0,0,0,157,22,4,1,0,0,0,0,0,0,4,1,161,23,0,0,0,0,0,0,161,23
17031824005,229,30,300,1,0,0,0,0,529,31,23,3,0,0,0,0,0,0,23,3,252,33,300,1,0,0,0,0,552,34
17073030203,362,40,67,1,0,0,0,0,429,41,36,3,0,0,0,0,0,0,36,3,398,43,67,1,0,0,0,0,465,44
17031814600,276,45,0,0,0,0,0,0,276,45,12,1,0,0,0,0,0,0,12,1,288,46,0,0,0,0,0,0,288,46
17031825303,120,16,0,0,0,0,0,0,120,16,23,1,360,1,0,0,0,0,383,2,143,17,360,1,0,0,0,0,503,18
17197880107,285,41,0,0,0,0,0,0,285,41,71,7,480,1,0,0,0,0,551,8,356,48,480,1,0,0,0,0,836,49
17079977300,111,10,540,2,0,0,0,0,651,12,0,0,0,0,0,0,0,0,0,0,111,10,540,2,0,0,0,0,651,12
17099961800,358,39,1029,4,0,0,0,0,1387,43,43,5,9950,2,0,0,0,0,9993,7,401,44,10979,6,0,0,0,0,11380,50
17097861107,373,50,0,0,0,0,0,0,373,50,34,3,0,0,0,0,0,0,34,3,407,53,0,0,0,0,0,0,407,53
17161024300,64,8,2275,5,0,0,0,0,2339,13,0,0,33,1,0,0,0,0,33,1,64,8,2308,6,0,0,0,0,2372,14
17031560100,54,9,0,0,0,0,0,0,54,9,10,1,0,0,0,0,0,0,10,1,64,10,0,0,0,0,0,0,64,10
17121952700,173,15,450,4,0,0,0,0,623,19,84,8,500,1,0,0,0,0,584,9,257,23,950,5,0,0,0,0,1207,28
17031804313,731,106,0,0,0,0,0,0,731,106,22,3,0,0,0,0,0,0,22,3,753,109,0,0,0,0,0,0,753,109
17097866100,63,9,0,0,0,0,7000,1,7063,10,10,1,0,0,0,0,0,0,10,1,73,10,0,0,0,0,7000,1,7073,11
17097862502,51,9,0,0,0,0,0,0,51,9,19,3,0,0,0,0,0,0,19,3,70,12,0,0,0,0,0,0,70,12
17043844304,274,36,0,0,0,0,0,0,274,36,30,3,0,0,0,0,0,0,30,3,304,39,0,0,0,0,0,0,304,39
17031813701,58,9,0,0,0,0,0,0,58,9,12,1,0,0,0,0,0,0,12,1,70,10,0,0,0,0,0,0,70,10
17031530300,295,49,0,0,0,0,0,0,295,49,59,8,0,0,0,0,0,0,59,8,354,57,0,0,0,0,0,0,354,57
17031818900,194,31,173,1,0,0,0,0,367,32,12,1,0,0,0,0,0,0,12,1,206,32,173,1,0,0,0,0,379,33
17097861108,450,62,888,3,0,0,0,0,1338,65,12,1,0,0,0,0,0,0,12,1,462,63,888,3,0,0,0,0,1350,66
17043841308,348,45,410,1,0,0,0,0,758,46,50,6,2000,1,0,0,0,0,2050,7,398,51,2410,2,0,0,0,0,2808,53
17111870814,581,60,0,0,0,0,0,0,581,60,81,7,0,0,0,0,0,0,81,7,662,67,0,0,0,0,0,0,662,67
17031310400,9,2,0,0,0,0,0,0,9,2,6,1,0,0,0,0,0,0,6,1,15,3,0,0,0,0,0,0,15,3
17031823304,252,41,0,0,0,0,0,0,252,41,26,3,840,1,0,0,0,0,866,4,278,44,840,1,0,0,0,0,1118,45
17197880122,1135,147,0,0,0,0,0,0,1135,147,66,7,812,1,0,0,0,0,878,8,1201,154,812,1,0,0,0,0,2013,155
17007010200,519,70,186,1,0,0,0,0,705,71,37,6,0,0,0,0,0,0,37,6,556,76,186,1,0,0,0,0,742,77
17093890404,1894,256,0,0,0,0,0,0,1894,256,114,13,0,0,0,0,0,0,114,13,2008,269,0,0,0,0,0,0,2008,269
17031816200,277,45,0,0,0,0,0,0,277,45,12,1,0,0,0,0,0,0,12,1,289,46,0,0,0,0,0,0,289,46
17043841801,193,26,0,0,0,0,0,0,193,26,16,2,0,0,0,0,0,0,16,2,209,28,0,0,0,0,0,0,209,28
17201000401,133,22,0,0,0,0,0,0,133,22,30,3,0,0,0,0,0,0,30,3,163,25,0,0,0,0,0,0,163,25
17035972600,301,31,315,2,0,0,0,0,616,33,63,6,4828,1,0,0,0,0,4891,7,364,37,5143,3,0,0,0,0,5507,40
17031220400,148,19,0,0,0,0,0,0,148,19,0,0,0,0,0,0,0,0,0,0,148,19,0,0,0,0,0,0,148,19
17001000800,87,7,858,3,0,0,0,0,945,10,10,2,0,0,0,0,0,0,10,2,97,9,858,3,0,0,0,0,955,12
17201002301,114,16,4134,3,0,0,4000,1,8248,20,10,1,1200,1,0,0,0,0,1210,2,124,17,5334,4,0,0,4000,1,9458,22
17031817600,225,33,0,0,0,0,0,0,225,33,70,6,0,0,0,0,0,0,70,6,295,39,0,0,0,0,0,0,295,39
17141961302,769,65,293,2,0,0,0,0,1062,67,55,4,6982,2,0,0,0,0,7037,6,824,69,7275,4,0,0,0,0,8099,73
17031825302,403,53,0,0,0,0,0,0,403,53,60,6,480,1,0,0,0,0,540,7,463,59,480,1,0,0,0,0,943,60
17031825304,181,20,0,0,0,0,0,0,181,20,33,4,0,0,0,0,0,0,33,4,214,24,0,0,0,0,0,0,214,24
17089854800,244,27,48,1,0,0,0,0,292,28,7,1,0,0,0,0,0,0,7,1,251,28,48,1,0,0,0,0,299,29
17119400801,115,13,0,0,0,0,0,0,115,13,50,6,0,0,0,0,0,0,50,6,165,19,0,0,0,0,0,0,165,19
17163503404,2815,251,80,2,0,0,0,0,2895,253,278,26,0,0,0,0,0,0,278,26,3093,277,80,2,0,0,0,0,3173,279
17031240600,28,4,0,0,0,0,0,0,28,4,0,0,0,0,0,0,0,0,0,0,28,4,0,0,0,0,0,0,28,4
17031700301,391,66,750,1,0,0,0,0,1141,67,42,6,0,0,0,0,0,0,42,6,433,72,750,1,0,0,0,0,1183,73
17163501900,155,20,0,0,0,0,0,0,155,20,15,1,0,0,0,0,0,0,15,1,170,21,0,0,0,0,0,0,170,21
17101880900,169,16,38,1,4000,2,4000,2,8207,21,28,3,4950,1,0,0,0,0,4978,4,197,19,4988,2,4000,2,4000,2,13185,25
17121952400,440,40,1305,4,0,0,0,0,1745,44,125,14,4995,1,0,0,0,0,5120,15,565,54,6300,5,0,0,0,0,6865,59
17165955500,155,16,204,2,0,0,0,0,359,18,12,2,0,0,0,0,0,0,12,2,167,18,204,2,0,0,0,0,371,20
17161020101,134,12,60,1,0,0,0,0,194,13,0,0,0,0,0,0,0,0,0,0,134,12,60,1,0,0,0,0,194,13
17031813802,110,18,0,0,0,0,0,0,110,18,13,2,0,0,0,0,0,0,13,2,123,20,0,0,0,0,0,0,123,20
17031570500,119,17,0,0,0,0,0,0,119,17,0,0,0,0,0,0,0,0,0,0,119,17,0,0,0,0,0,0,119,17
17043840000,120,16,0,0,0,0,0,0,120,16,26,2,13560,12,0,0,9800,7,23386,21,146,18,13560,12,0,0,9800,7,23506,37
17031804711,322,50,0,0,0,0,0,0,322,50,12,1,0,0,0,0,0,0,12,1,334,51,0,0,0,0,0,0,334,51
17031580100,42,8,0,0,0,0,0,0,42,8,24,3,0,0,0,0,0,0,24,3,66,11,0,0,0,0,0,0,66,11
17031661100,351,54,0,0,0,0,0,0,351,54,44,7,0,0,0,0,0,0,44,7,395,61,0,0,0,0,0,0,395,61
17031817000,215,38,0,0,0,0,0,0,215,38,30,3,0,0,0,0,0,0,30,3,245,41,0,0,0,0,0,0,245,41
17031806102,251,38,0,0,0,0,0,0,251,38,36,4,0,0,0,0,0,0,36,4,287,42,0,0,0,0,0,0,287,42
17031814100,57,10,267,1,0,0,0,0,324,11,8,1,0,0,0,0,0,0,8,1,65,11,267,1,0,0,0,0,332,12
17141961500,1744,193,632,5,0,0,0,0,2376,198,128,12,2000,1,0,0,0,0,2128,13,1872,205,2632,6,0,0,0,0,4504,211
17177001000,573,75,225,3,0,0,0,0,798,78,67,7,0,0,0,0,0,0,67,7,640,82,225,3,0,0,0,0,865,85
17031250400,113,18,0,0,0,0,0,0,113,18,6,1,0,0,0,0,0,0,6,1,119,19,0,0,0,0,0,0,119,19
17111871313,118,14,500,2,0,0,0,0,618,16,12,1,400,1,0,0,0,0,412,2,130,15,900,3,0,0,0,0,1030,18
17031820300,165,23,0,0,0,0,0,0,165,23,25,2,0,0,0,0,0,0,25,2,190,25,0,0,0,0,0,0,190,25
17031580600,54,11,0,0,0,0,0,0,54,11,0,0,0,0,0,0,0,0,0,0,54,11,0,0,0,0,0,0,54,11
17097864204,259,37,120,1,0,0,0,0,379,38,10,1,0,0,0,0,0,0,10,1,269,38,120,1,0,0,0,0,389,39
17043846511,619,99,0,0,0,0,0,0,619,99,64,8,0,0,0,0,0,0,64,8,683,107,0,0,0,0,0,0,683,107
17031803800,292,42,0,0,0,0,0,0,292,42,70,6,170,1,0,0,0,0,240,7,362,48,170,1,0,0,0,0,532,49
17081050600,305,29,0,0,0,0,0,0,305,29,111,13,120,1,0,0,0,0,231,14,416,42,120,1,0,0,0,0,536,43
17097862401,61,11,0,0,0,0,0,0,61,11,3,1,60,1,0,0,0,0,63,2,64,12,60,1,0,0,0,0,124,13
17179022100,761,72,0,0,0,0,0,0,761,72,68,8,0,0,0,0,0,0,68,8,829,80,0,0,0,0,0,0,829,80
17031839000,12,1,0,0,0,0,0,0,12,1,0,0,0,0,0,0,0,0,0,0,12,1,0,0,0,0,0,0,12,1
17097864700,272,26,80,1,0,0,0,0,352,27,23,1,0,0,0,0,0,0,23,1,295,27,80,1,0,0,0,0,375,28
17031161200,128,17,0,0,0,0,0,0,128,17,0,0,0,0,0,0,0,0,0,0,128,17,0,0,0,0,0,0,128,17
17031805600,137,19,0,0,0,0,0,0,137,19,18,2,0,0,0,0,0,0,18,2,155,21,0,0,0,0,0,0,155,21
17031190701,41,7,0,0,0,0,0,0,41,7,6,1,0,0,0,0,0,0,6,1,47,8,0,0,0,0,0,0,47,8
17031832300,9,2,0,0,0,0,0,0,9,2,0,0,60,1,0,0,0,0,60,1,9,2,60,1,0,0,0,0,69,3
17043845502,64,9,0,0,0,0,0,0,64,9,32,3,0,0,0,0,0,0,32,3,96,12,0,0,0,0,0,0,96,12
17111871209,203,33,0,0,0,0,0,0,203,33,0,0,996,1,0,0,0,0,996,1,203,33,996,1,0,0,0,0,1199,34
17061973600,336,36,1106,6,0,0,0,0,1442,42,31,4,0,0,0,0,0,0,31,4,367,40,1106,6,0,0,0,0,1473,46
17119403604,162,16,250,1,0,0,0,0,412,17,0,0,0,0,0,0,0,0,0,0,162,16,250,1,0,0,0,0,412,17
17097861508,142,20,0,0,0,0,0,0,142,20,0,0,0,0,0,0,0,0,0,0,142,20,0,0,0,0,0,0,142,20
17201000506,432,61,0,0,0,0,0,0,432,61,65,6,0,0,0,0,0,0,65,6,497,67,0,0,0,0,0,0,497,67
17043846515,385,66,0,0,0,0,0,0,385,66,39,5,0,0,0,0,0,0,39,5,424,71,0,0,0,0,0,0,424,71
17201000513,513,70,0,0,0,0,0,0,513,70,39,5,0,0,0,0,0,0,39,5,552,75,0,0,0,0,0,0,552,75
17075950300,190,22,0,0,0,0,0,0,190,22,41,5,0,0,0,0,0,0,41,5,231,27,0,0,0,0,0,0,231,27
17001001002,258,31,0,0,0,0,0,0,258,31,53,7,0,0,0,0,0,0,53,7,311,38,0,0,0,0,0,0,311,38
17031821800,302,42,0,0,0,0,0,0,302,42,41,5,0,0,0,0,0,0,41,5,343,47,0,0,0,0,0,0,343,47
17031804312,399,49,0,0,0,0,0,0,399,49,57,5,0,0,0,0,0,0,57,5,456,54,0,0,0,0,0,0,456,54
17199020201,1062,97,1342,2,650,1,1300,1,4354,101,109,10,4000,2,0,0,2000,1,6109,13,1171,107,5342,4,650,1,3300,2,10463,114
17145030600,306,30,247,2,0,0,0,0,553,32,55,6,0,0,0,0,0,0,55,6,361,36,247,2,0,0,0,0,608,38
17093890502,546,78,280,2,0,0,0,0,826,80,61,8,3500,1,0,0,0,0,3561,9,607,86,3780,3,0,0,0,0,4387,89
17093890402,1434,190,0,0,0,0,0,0,1434,190,188,20,10350,3,0,0,0,0,10538,23,1622,210,10350,3,0,0,0,0,11972,213
17117956100,242,28,0,0,0,0,5000,1,5242,29,49,5,9950,2,0,0,0,0,9999,7,291,33,9950,2,0,0,5000,1,15241,36
17089850301,323,54,0,0,0,0,0,0,323,54,79,9,0,0,0,0,0,0,79,9,402,63,0,0,0,0,0,0,402,63
17145030300,388,37,30,1,0,0,0,0,418,38,82,7,5026,2,0,0,0,0,5108,9,470,44,5056,3,0,0,0,0,5526,47
17163503907,1140,120,646,3,0,0,0,0,1786,123,141,17,0,0,0,0,0,0,141,17,1281,137,646,3,0,0,0,0,1927,140
17113000400,16,2,0,0,0,0,0,0,16,2,0,0,0,0,0,0,0,0,0,0,16,2,0,0,0,0,0,0,16,2
17001000600,193,20,143,2,0,0,0,0,336,22,23,2,0,0,0,0,0,0,23,2,216,22,143,2,0,0,0,0,359,24
17043841802,267,39,0,0,0,0,0,0,267,39,40,5,0,0,0,0,0,0,40,5,307,44,0,0,0,0,0,0,307,44
17179020302,866,105,250,1,0,0,0,0,1116,106,67,7,0,0,0,0,0,0,67,7,933,112,250,1,0,0,0,0,1183,113
17037002200,8,1,0,0,0,0,0,0,8,1,0,0,0,0,0,0,0,0,0,0,8,1,0,0,0,0,0,0,8,1
17131040300,315,29,499,4,0,0,5000,1,5814,34,104,12,60,1,0,0,0,0,164,13,419,41,559,5,0,0,5000,1,5978,47
17103000200,707,65,3678,7,0,0,9000,3,13385,75,93,9,2150,2,0,0,0,0,2243,11,800,74,5828,9,0,0,9000,3,15628,86
17143003200,407,48,75,2,0,0,0,0,482,50,123,12,0,0,0,0,0,0,123,12,530,60,75,2,0,0,0,0,605,62
17043841901,166,21,0,0,0,0,0,0,166,21,8,1,0,0,0,0,0,0,8,1,174,22,0,0,0,0,0,0,174,22
17113001105,235,28,0,0,0,0,0,0,235,28,23,2,0,0,0,0,0,0,23,2,258,30,0,0,0,0,0,0,258,30
17089854504,610,66,383,2,0,0,0,0,993,68,36,4,0,0,0,0,0,0,36,4,646,70,383,2,0,0,0,0,1029,72
17199020600,594,53,32,1,4000,2,4000,2,8626,58,106,10,3300,1,0,0,0,0,3406,11,700,63,3332,2,4000,2,4000,2,12032,69
17143004500,618,72,477,2,0,0,0,0,1095,74,148,12,2080,2,0,0,0,0,2228,14,766,84,2557,4,0,0,0,0,3323,88
17179022000,790,72,268,2,0,0,0,0,1058,74,178,12,0,0,0,0,0,0,178,12,968,84,268,2,0,0,0,0,1236,86
17111871310,508,73,0,0,0,0,0,0,508,73,18,2,0,0,0,0,0,0,18,2,526,75,0,0,0,0,0,0,526,75
17177001100,169,26,0,0,0,0,0,0,169,26,61,9,0,0,0,0,0,0,61,9,230,35,0,0,0,0,0,0,230,35
17105960200,518,41,328,6,0,0,5000,1,5846,48,164,11,32,1,0,0,5000,1,5196,13,682,52,360,7,0,0,10000,2,11042,61
17097864303,324,37,0,0,0,0,0,0,324,37,16,1,0,0,0,0,0,0,16,1,340,38,0,0,0,0,0,0,340,38
17031803604,317,39,0,0,0,0,0,0,317,39,41,3,0,0,0,0,0,0,41,3,358,42,0,0,0,0,0,0,358,42
17163504357,174,19,1440,4,0,0,0,0,1614,23,0,0,0,0,0,0,0,0,0,0,174,19,1440,4,0,0,0,0,1614,23
17041952300,319,29,277,4,0,0,0,0,596,33,41,5,0,0,0,0,0,0,41,5,360,34,277,4,0,0,0,0,637,38
17135957300,555,61,0,0,0,0,0,0,555,61,63,6,500,1,0,0,0,0,563,7,618,67,500,1,0,0,0,0,1118,68
17143004300,275,36,393,1,0,0,0,0,668,37,53,6,0,0,0,0,0,0,53,6,328,42,393,1,0,0,0,0,721,43
17133600402,678,63,583,2,0,0,0,0,1261,65,137,11,0,0,0,0,0,0,137,11,815,74,583,2,0,0,0,0,1398,76
17161022100,34,4,58,1,0,0,0,0,92,5,0,0,0,0,0,0,0,0,0,0,34,4,58,1,0,0,0,0,92,5
17055040900,187,17,45,1,2000,1,2000,1,4232,20,87,7,0,0,0,0,0,0,87,7,274,24,45,1,2000,1,2000,1,4319,27
17031081500,3,1,0,0,0,0,0,0,3,1,0,0,0,0,0,0,0,0,0,0,3,1,0,0,0,0,0,0,3,1
17031460100,21,4,0,0,0,0,0,0,21,4,5,1,0,0,0,0,0,0,5,1,26,5,0,0,0,0,0,0,26,5
17197883602,446,47,7974,6,0,0,5800,3,14220,56,49,5,10590,3,0,0,0,0,10639,8,495,52,18564,9,0,0,5800,3,24859,64
17145030100,672,66,40,1,0,0,102600,2,103312,69,154,13,0,0,0,0,168000,3,168154,16,826,79,40,1,0,0,270600,5,271466,85
17203030700,707,70,1555,4,0,0,0,0,2262,74,131,12,5000,1,0,0,0,0,5131,13,838,82,6555,5,0,0,0,0,7393,87
17031140400,239,39,33,1,0,0,0,0,272,40,43,7,0,0,0,0,0,0,43,7,282,46,33,1,0,0,0,0,315,47
17031833100,10,1,120,1,0,0,0,0,130,2,0,0,0,0,0,0,0,0,0,0,10,1,120,1,0,0,0,0,130,2
17043841208,286,47,923,3,0,0,0,0,1209,50,16,2,400,1,0,0,0,0,416,3,302,49,1323,4,0,0,0,0,1625,53
17021958700,494,49,2575,6,0,0,1500,1,4569,56,102,11,0,0,0,0,0,0,102,11,596,60,2575,6,0,0,1500,1,4671,67
17109010600,210,24,219,2,2000,1,2000,1,4429,28,52,6,2000,1,0,0,0,0,2052,7,262,30,2219,3,2000,1,2000,1,6481,35
17089851904,474,69,0,0,0,0,0,0,474,69,67,7,0,0,0,0,5000,1,5067,8,541,76,0,0,0,0,5000,1,5541,77
17179021101,918,115,1400,1,0,0,0,0,2318,116,111,14,800,2,0,0,0,0,911,16,1029,129,2200,3,0,0,0,0,3229,132
17031822301,468,59,0,0,0,0,0,0,468,59,59,6,320,1,0,0,0,0,379,7,527,65,320,1,0,0,0,0,847,66
17097862605,152,19,493,1,0,0,0,0,645,20,13,2,0,0,0,0,0,0,13,2,165,21,493,1,0,0,0,0,658,22
17201000511,258,37,532,1,0,0,0,0,790,38,44,4,0,0,0,0,0,0,44,4,302,41,532,1,0,0,0,0,834,42
17163501607,138,14,1085,2,0,0,0,0,1223,16,15,1,0,0,0,0,0,0,15,1,153,15,1085,2,0,0,0,0,1238,17
17031700401,461,69,0,0,0,0,0,0,461,69,34,5,0,0,0,0,0,0,34,5,495,74,0,0,0,0,0,0,495,74
17183001200,174,20,1049,2,0,0,0,0,1223,22,54,5,250,1,0,0,0,0,304,6,228,25,1299,3,0,0,0,0,1527,28
17031807800,170,21,572,3,0,0,0,0,742,24,12,1,500,1,0,0,0,0,512,2,182,22,1072,4,0,0,0,0,1254,26
17043842706,263,34,1087,4,0,0,0,0,1350,38,33,4,0,0,0,0,0,0,33,4,296,38,1087,4,0,0,0,0,1383,42
17119404100,544,54,599,1,0,0,0,0,1143,55,80,11,6065,5,0,0,0,0,6145,16,624,65,6664,6,0,0,0,0,7288,71
17043846308,186,25,0,0,0,0,0,0,186,25,12,1,0,0,0,0,0,0,12,1,198,26,0,0,0,0,0,0,198,26
17031802404,75,9,0,0,0,0,0,0,75,9,24,2,360,1,0,0,0,0,384,3,99,11,360,1,0,0,0,0,459,12
17029000701,185,23,599,1,0,0,0,0,784,24,43,5,0,0,0,0,0,0,43,5,228,28,599,1,0,0,0,0,827,29
17111870403,579,67,30,1,0,0,0,0,609,68,96,9,0,0,0,0,0,0,96,9,675,76,30,1,0,0,0,0,705,77
17163503416,242,29,66,1,0,0,0,0,308,30,45,5,688,1,0,0,0,0,733,6,287,34,754,2,0,0,0,0,1041,36
17111871112,235,31,0,0,0,0,0,0,235,31,16,1,0,0,0,0,0,0,16,1,251,32,0,0,0,0,0,0,251,32
17031620100,195,33,0,0,0,0,0,0,195,33,36,5,0,0,0,0,0,0,36,5,231,38,0,0,0,0,0,0,231,38
17119403200,228,26,0,0,0,0,0,0,228,26,39,5,0,0,0,0,0,0,39,5,267,31,0,0,0,0,0,0,267,31
17151971200,225,19,0,0,0,0,0,0,225,19,10,1,0,0,0,0,0,0,10,1,235,20,0,0,0,0,0,0,235,20
17031161300,65,10,0,0,0,0,0,0,65,10,10,1,0,0,0,0,0,0,10,1,75,11,0,0,0,0,0,0,75,11
17043845000,203,31,0,0,0,0,0,0,203,31,25,2,0,0,0,0,0,0,25,2,228,33,0,0,0,0,0,0,228,33
17115001801,349,44,0,0,0,0,0,0,349,44,113,10,0,0,0,0,0,0,113,10,462,54,0,0,0,0,0,0,462,54
17197880321,637,81,0,0,0,0,0,0,637,81,107,10,0,0,0,0,0,0,107,10,744,91,0,0,0,0,0,0,744,91
17107953200,325,44,200,1,0,0,0,0,525,45,68,7,0,0,0,0,0,0,68,7,393,51,200,1,0,0,0,0,593,52
17031807100,419,53,0,0,0,0,0,0,419,53,30,4,0,0,0,0,0,0,30,4,449,57,0,0,0,0,0,0,449,57
17031820101,324,37,0,0,0,0,0,0,324,37,37,4,0,0,0,0,0,0,37,4,361,41,0,0,0,0,0,0,361,41
17031824122,521,65,107,1,0,0,0,0,628,66,26,3,400,1,0,0,0,0,426,4,547,68,507,2,0,0,0,0,1054,70
17011964900,384,35,30,1,0,0,11000,3,11414,39,131,10,4998,1,0,0,2500,1,7629,12,515,45,5028,2,0,0,13500,4,19043,51
17043844402,313,24,0,0,0,0,0,0,313,24,59,4,0,0,0,0,0,0,59,4,372,28,0,0,0,0,0,0,372,28
17031830003,1120,143,755,1,0,0,0,0,1875,144,207,17,0,0,0,0,0,0,207,17,1327,160,755,1,0,0,0,0,2082,161
17093890104,804,110,0,0,0,0,0,0,804,110,156,14,30,1,0,0,0,0,186,15,960,124,30,1,0,0,0,0,990,125
17167003604,343,38,410,2,0,0,0,0,753,40,17,2,69,1,0,0,0,0,86,3,360,40,479,3,0,0,0,0,839,43
17111870807,209,32,0,0,0,0,0,0,209,32,33,4,0,0,0,0,0,0,33,4,242,36,0,0,0,0,0,0,242,36
17089852406,628,65,0,0,0,0,0,0,628,65,92,8,0,0,0,0,0,0,92,8,720,73,0,0,0,0,0,0,720,73
17043842704,155,17,0,0,0,0,0,0,155,17,14,2,0,0,0,0,0,0,14,2,169,19,0,0,0,0,0,0,169,19
17037000500,313,40,987,2,0,0,0,0,1300,42,54,4,5000,1,0,0,0,0,5054,5,367,44,5987,3,0,0,0,0,6354,47
17043846412,81,11,61,1,0,0,0,0,142,12,6,1,0,0,0,0,0,0,6,1,87,12,61,1,0,0,0,0,148,13
17031161100,90,12,67,1,0,0,0,0,157,13,0,0,0,0,0,0,0,0,0,0,90,12,67,1,0,0,0,0,157,13
17043841606,93,14,0,0,0,0,0,0,93,14,16,2,0,0,0,0,0,0,16,2,109,16,0,0,0,0,0,0,109,16
17097865802,184,19,75,1,0,0,0,0,259,20,16,2,0,0,0,0,0,0,16,2,200,21,75,1,0,0,0,0,275,22
17031815500,285,50,0,0,0,0,0,0,285,50,46,5,0,0,0,0,0,0,46,5,331,55,0,0,0,0,0,0,331,55
17111870809,673,87,0,0,0,0,5000,1,5673,88,95,12,9980,2,0,0,0,0,10075,14,768,99,9980,2,0,0,5000,1,15748,102
17097861014,376,55,0,0,0,0,0,0,376,55,8,1,0,0,0,0,0,0,8,1,384,56,0,0,0,0,0,0,384,56
17031830600,120,17,0,0,0,0,0,0,120,17,5,1,0,0,0,0,0,0,5,1,125,18,0,0,0,0,0,0,125,18
17031100300,233,36,0,0,0,0,0,0,233,36,26,3,0,0,0,0,0,0,26,3,259,39,0,0,0,0,0,0,259,39
17031560300,171,31,0,0,0,0,0,0,171,31,61,6,0,0,0,0,0,0,61,6,232,37,0,0,0,0,0,0,232,37
17043846518,418,52,0,0,0,0,0,0,418,52,80,8,0,0,0,0,0,0,80,8,498,60,0,0,0,0,0,0,498,60
17043846311,427,59,325,2,0,0,0,0,752,61,26,3,0,0,0,0,0,0,26,3,453,62,325,2,0,0,0,0,778,64
17031843700,103,11,0,0,0,0,0,0,103,11,15,1,2520,2,0,0,0,0,2535,3,118,12,2520,2,0,0,0,0,2638,14
17163504001,600,51,0,0,0,0,0,0,600,51,76,8,31,1,0,0,0,0,107,9,676,59,31,1,0,0,0,0,707,60
17089852101,718,79,900,1,0,0,0,0,1618,80,173,12,0,0,0,0,0,0,173,12,891,91,900,1,0,0,0,0,1791,92
17183000800,142,13,1600,1,0,0,1600,1,3342,15,139,12,0,0,0,0,0,0,139,12,281,25,1600,1,0,0,1600,1,3481,27
17031600900,23,4,0,0,0,0,0,0,23,4,0,0,0,0,0,0,0,0,0,0,23,4,0,0,0,0,0,0,23,4
17097861803,526,78,0,0,0,0,0,0,526,78,19,3,400,1,0,0,0,0,419,4,545,81,400,1,0,0,0,0,945,82
17197880105,1334,178,0,0,0,0,0,0,1334,178,194,24,0,0,0,0,0,0,194,24,1528,202,0,0,0,0,0,0,1528,202
17073030100,163,19,240,1,0,0,0,0,403,20,4,1,0,0,0,0,0,0,4,1,167,20,240,1,0,0,0,0,407,21
17031828507,739,90,0,0,0,0,0,0,739,90,271,26,0,0,0,0,0,0,271,26,1010,116,0,0,0,0,0,0,1010,116
17031825501,437,62,36,1,0,0,0,0,473,63,114,11,0,0,0,0,0,0,114,11,551,73,36,1,0,0,0,0,587,74
17119403001,423,52,1582,6,0,0,0,0,2005,58,90,9,0,0,0,0,0,0,90,9,513,61,1582,6,0,0,0,0,2095,67
17031803901,100,14,1238,3,0,0,1100,1,2438,18,0,0,500,1,0,0,0,0,500,1,100,14,1738,4,0,0,1100,1,2938,19
17031802701,442,53,0,0,0,0,0,0,442,53,9,1,250,1,0,0,0,0,259,2,451,54,250,1,0,0,0,0,701,55
17043844001,143,22,0,0,0,0,0,0,143,22,0,0,0,0,0,0,0,0,0,0,143,22,0,0,0,0,0,0,143,22
17031750600,154,24,0,0,0,0,0,0,154,24,82,11,1110,2,0,0,0,0,1192,13,236,35,1110,2,0,0,0,0,1346,37
17043846104,464,54,46,1,0,0,0,0,510,55,8,1,300,1,0,0,0,0,308,2,472,55,346,2,0,0,0,0,818,57
17109010100,152,16,207,3,0,0,0,0,359,19,6,1,0,0,0,0,0,0,6,1,158,17,207,3,0,0,0,0,365,20
17031020302,149,21,0,0,0,0,0,0,149,21,4,1,0,0,0,0,0,0,4,1,153,22,0,0,0,0,0,0,153,22
17031020702,37,7,85,1,0,0,0,0,122,8,0,0,0,0,0,0,0,0,0,0,37,7,85,1,0,0,0,0,122,8
17043841503,321,51,0,0,0,0,0,0,321,51,0,0,0,0,0,0,0,0,0,0,321,51,0,0,0,0,0,0,321,51
17031120400,248,35,0,0,0,0,0,0,248,35,44,4,0,0,0,0,0,0,44,4,292,39,0,0,0,0,0,0,292,39
17031824125,374,51,0,0,0,0,0,0,374,51,26,2,0,0,0,0,0,0,26,2,400,53,0,0,0,0,0,0,400,53
17111870905,197,31,0,0,0,0,0,0,197,31,3,1,4950,1,0,0,0,0,4953,2,200,32,4950,1,0,0,0,0,5150,33
17197880326,392,51,0,0,0,0,0,0,392,51,75,6,0,0,0,0,0,0,75,6,467,57,0,0,0,0,0,0,467,57
17031814200,152,22,0,0,0,0,0,0,152,22,12,2,0,0,0,0,0,0,12,2,164,24,0,0,0,0,0,0,164,24
17043841108,268,43,0,0,0,0,0,0,268,43,36,4,0,0,0,0,0,0,36,4,304,47,0,0,0,0,0,0,304,47
17097863201,282,47,0,0,0,0,0,0,282,47,35,4,0,0,0,0,0,0,35,4,317,51,0,0,0,0,0,0,317,51
17111871305,386,54,0,0,0,0,0,0,386,54,5,1,800,2,0,0,0,0,805,3,391,55,800,2,0,0,0,0,1191,57
17031818000,337,54,155,2,0,0,0,0,492,56,73,6,1200,2,0,0,0,0,1273,8,410,60,1355,4,0,0,0,0,1765,64
17031807700,305,44,0,0,0,0,0,0,305,44,24,3,0,0,0,0,0,0,24,3,329,47,0,0,0,0,0,0,329,47
17097861510,244,38,0,0,0,0,0,0,244,38,31,4,0,0,0,0,0,0,31,4,275,42,0,0,0,0,0,0,275,42
17057953300,676,77,86,1,0,0,0,0,762,78,80,10,0,0,0,0,0,0,80,10,756,87,86,1,0,0,0,0,842,88
17031190100,42,7,0,0,0,0,0,0,42,7,0,0,0,0,0,0,0,0,0,0,42,7,0,0,0,0,0,0,42,7
17043841604,362,53,29,1,0,0,0,0,391,54,12,2,4000,2,0,0,0,0,4012,4,374,55,4029,3,0,0,0,0,4403,58
17031821102,337,45,0,0,0,0,0,0,337,45,61,5,0,0,0,0,0,0,61,5,398,50,0,0,0,0,0,0,398,50
17043843301,147,23,0,0,0,0,0,0,147,23,16,2,0,0,0,0,0,0,16,2,163,25,0,0,0,0,0,0,163,25
17031830500,61,11,2000,2,0,0,2000,1,4061,14,0,0,0,0,0,0,0,0,0,0,61,11,2000,2,0,0,2000,1,4061,14
17099961701,260,31,0,0,0,0,0,0,260,31,21,2,0,0,0,0,0,0,21,2,281,33,0,0,0,0,0,0,281,33
17031700200,478,69,0,0,0,0,0,0,478,69,82,9,0,0,0,0,0,0,82,9,560,78,0,0,0,0,0,0,560,78
17031171000,349,49,0,0,0,0,0,0,349,49,16,3,0,0,0,0,0,0,16,3,365,52,0,0,0,0,0,0,365,52
17031700501,511,71,0,0,0,0,0,0,511,71,107,12,0,0,0,0,0,0,107,12,618,83,0,0,0,0,0,0,618,83
17157951202,204,18,55,1,0,0,0,0,259,19,56,3,0,0,0,0,0,0,56,3,260,21,55,1,0,0,0,0,315,22
17197880123,884,102,0,0,0,0,0,0,884,102,153,13,400,1,0,0,0,0,553,14,1037,115,400,1,0,0,0,0,1437,116
17031500200,42,5,0,0,0,0,0,0,42,5,0,0,0,0,0,0,0,0,0,0,42,5,0,0,0,0,0,0,42,5
17197883217,469,66,0,0,0,0,0,0,469,66,16,2,400,1,0,0,0,0,416,3,485,68,400,1,0,0,0,0,885,69
17031822500,239,35,0,0,0,0,0,0,239,35,34,3,0,0,0,0,0,0,34,3,273,38,0,0,0,0,0,0,273,38
17141961700,849,99,49,1,0,0,0,0,898,100,62,5,0,0,0,0,0,0,62,5,911,104,49,1,0,0,0,0,960,105
17043842100,184,28,86,1,0,0,0,0,270,29,63,5,0,0,0,0,0,0,63,5,247,33,86,1,0,0,0,0,333,34
17097864107,534,91,0,0,0,0,0,0,534,91,56,6,0,0,0,0,0,0,56,6,590,97,0,0,0,0,0,0,590,97
17031770601,294,42,0,0,0,0,0,0,294,42,16,2,875,1,0,0,0,0,891,3,310,44,875,1,0,0,0,0,1185,45
17201002302,101,13,0,0,0,0,0,0,101,13,16,2,0,0,0,0,0,0,16,2,117,15,0,0,0,0,0,0,117,15
17097860302,218,34,0,0,0,0,0,0,218,34,15,1,0,0,0,0,0,0,15,1,233,35,0,0,0,0,0,0,233,35
17097860200,256,40,0,0,0,0,0,0,256,40,13,2,220,1,0,0,0,0,233,3,269,42,220,1,0,0,0,0,489,43
17031570300,137,25,29,1,0,0,0,0,166,26,4,1,720,1,0,0,0,0,724,2,141,26,749,2,0,0,0,0,890,28
17043841003,216,31,0,0,0,0,0,0,216,31,0,0,0,0,0,0,0,0,0,0,216,31,0,0,0,0,0,0,216,31
17031620300,345,51,0,0,0,0,0,0,345,51,24,4,0,0,0,0,0,0,24,4,369,55,0,0,0,0,0,0,369,55
17031806004,229,36,0,0,0,0,0,0,229,36,78,8,0,0,0,0,0,0,78,8,307,44,0,0,0,0,0,0,307,44
17031824503,271,33,0,0,0,0,0,0,271,33,58,3,0,0,0,0,0,0,58,3,329,36,0,0,0,0,0,0,329,36
17031650100,151,23,0,0,0,0,0,0,151,23,14,2,0,0,0,0,0,0,14,2,165,25,0,0,0,0,0,0,165,25
17195001102,64,8,43,1,0,0,0,0,107,9,16,2,0,0,0,0,0,0,16,2,80,10,43,1,0,0,0,0,123,11
17031230500,27,5,85,1,0,0,0,0,112,6,0,0,0,0,0,0,0,0,0,0,27,5,85,1,0,0,0,0,112,6
17031640300,359,52,0,0,0,0,0,0,359,52,44,6,0,0,0,0,0,0,44,6,403,58,0,0,0,0,0,0,403,58
17173959600,245,29,0,0,0,0,0,0,245,29,67,7,0,0,0,0,0,0,67,7,312,36,0,0,0,0,0,0,312,36
17163503324,1374,155,0,0,0,0,0,0,1374,155,110,12,0,0,0,0,0,0,110,12,1484,167,0,0,0,0,0,0,1484,167
17035972500,180,18,108,2,0,0,0,0,288,20,40,4,9163,3,0,0,0,0,9203,7,220,22,9271,5,0,0,0,0,9491,27
17043841327,512,61,0,0,0,0,0,0,512,61,17,2,0,0,0,0,0,0,17,2,529,63,0,0,0,0,0,0,529,63
17031650200,169,31,0,0,0,0,0,0,169,31,28,5,0,0,0,0,0,0,28,5,197,36,0,0,0,0,0,0,197,36
17167003201,193,22,0,0,0,0,0,0,193,22,12,2,0,0,0,0,0,0,12,2,205,24,0,0,0,0,0,0,205,24
17031770400,157,18,253,4,0,0,0,0,410,22,28,3,0,0,0,0,0,0,28,3,185,21,253,4,0,0,0,0,438,25
17197880427,136,18,0,0,0,0,0,0,136,18,34,3,0,0,0,0,0,0,34,3,170,21,0,0,0,0,0,0,170,21
17031160700,75,11,80,1,0,0,0,0,155,12,18,2,0,0,0,0,0,0,18,2,93,13,80,1,0,0,0,0,173,14
17139977100,107,12,0,0,0,0,0,0,107,12,14,1,0,0,0,0,0,0,14,1,121,13,0,0,0,0,0,0,121,13
17043840911,324,51,0,0,0,0,0,0,324,51,12,2,0,0,0,0,0,0,12,2,336,53,0,0,0,0,0,0,336,53
17043842708,175,18,0,0,0,0,0,0,175,18,58,4,0,0,0,0,0,0,58,4,233,22,0,0,0,0,0,0,233,22
17031822802,188,29,0,0,0,0,0,0,188,29,0,0,0,0,0,0,0,0,0,0,188,29,0,0,0,0,0,0,188,29
17031817102,144,22,86,1,0,0,0,0,230,23,44,6,360,1,0,0,0,0,404,7,188,28,446,2,0,0,0,0,634,30
17043846307,322,49,601,2,0,0,0,0,923,51,7,1,200,1,0,0,0,0,207,2,329,50,801,3,0,0,0,0,1130,53
17031831200,51,8,0,0,0,0,0,0,51,8,22,2,0,0,0,0,0,0,22,2,73,10,0,0,0,0,0,0,73,10
17031804315,205,36,0,0,0,0,0,0,205,36,14,2,0,0,0,0,0,0,14,2,219,38,0,0,0,0,0,0,219,38
17031830201,229,30,0,0,0,0,0,0,229,30,95,10,0,0,0,0,0,0,95,10,324,40,0,0,0,0,0,0,324,40
17031815400,174,29,0,0,0,0,0,0,174,29,20,3,0,0,0,0,0,0,20,3,194,32,0,0,0,0,0,0,194,32
17089850711,1638,213,0,0,4250,1,4300,1,10188,215,181,21,0,0,0,0,0,0,181,21,1819,234,0,0,4250,1,4300,1,10369,236
17089853401,123,20,0,0,0,0,0,0,123,20,28,3,0,0,0,0,0,0,28,3,151,23,0,0,0,0,0,0,151,23
17031650301,276,44,0,0,0,0,0,0,276,44,17,2,0,0,0,0,0,0,17,2,293,46,0,0,0,0,0,0,293,46
17031823801,191,22,450,2,0,0,0,0,641,24,74,6,0,0,0,0,0,0,74,6,265,28,450,2,0,0,0,0,715,30
17031808800,166,25,0,0,0,0,0,0,166,25,0,0,0,0,0,0,0,0,0,0,166,25,0,0,0,0,0,0,166,25
17165956200,646,52,396,5,0,0,0,0,1042,57,23,2,3600,1,0,0,3600,1,7223,4,669,54,3996,6,0,0,3600,1,8265,61
17197880112,292,47,0,0,0,0,0,0,292,47,37,5,0,0,0,0,0,0,37,5,329,52,0,0,0,0,0,0,329,52
17197880319,819,104,0,0,0,0,0,0,819,104,97,8,0,0,0,0,0,0,97,8,916,112,0,0,0,0,0,0,916,112
17097861506,329,44,0,0,0,0,0,0,329,44,0,0,0,0,0,0,0,0,0,0,329,44,0,0,0,0,0,0,329,44
17197880414,342,44,0,0,0,0,0,0,342,44,114,10,0,0,0,0,0,0,114,10,456,54,0,0,0,0,0,0,456,54
17031804305,425,65,300,1,0,0,0,0,725,66,58,8,720,1,0,0,0,0,778,9,483,73,1020,2,0,0,0,0,1503,75
17031170200,195,25,0,0,0,0,0,0,195,25,11,1,0,0,0,0,0,0,11,1,206,26,0,0,0,0,0,0,206,26
17111870810,246,33,0,0,0,0,0,0,246,33,19,2,0,0,0,0,0,0,19,2,265,35,0,0,0,0,0,0,265,35
17167002900,181,24,0,0,0,0,0,0,181,24,10,1,0,0,0,0,0,0,10,1,191,25,0,0,0,0,0,0,191,25
17089853601,108,19,0,0,0,0,0,0,108,19,0,0,0,0,0,0,0,0,0,0,108,19,0,0,0,0,0,0,108,19
17197881005,194,21,0,0,0,0,0,0,194,21,20,2,0,0,0,0,0,0,20,2,214,23,0,0,0,0,0,0,214,23
17201000514,339,49,347,2,0,0,0,0,686,51,67,8,452,2,0,0,0,0,519,10,406,57,799,4,0,0,0,0,1205,61
17111871304,229,23,43,1,0,0,0,0,272,24,30,4,0,0,0,0,0,0,30,4,259,27,43,1,0,0,0,0,302,28
17097864306,130,13,0,0,0,0,0,0,130,13,22,1,0,0,0,0,0,0,22,1,152,14,0,0,0,0,0,0,152,14
17031804405,180,26,0,0,0,0,0,0,180,26,18,2,0,0,0,0,0,0,18,2,198,28,0,0,0,0,0,0,198,28
17089853300,261,46,0,0,0,0,0,0,261,46,36,4,0,0,0,0,0,0,36,4,297,50,0,0,0,0,0,0,297,50
17031063000,29,4,0,0,0,0,0,0,29,4,0,0,0,0,0,0,0,0,0,0,29,4,0,0,0,0,0,0,29,4
17031100200,161,22,120,1,0,0,0,0,281,23,43,3,60,1,0,0,0,0,103,4,204,25,180,2,0,0,0,0,384,27
17089851000,161,27,50,1,0,0,0,0,211,28,0,0,360,1,0,0,0,0,360,1,161,27,410,2,0,0,0,0,571,29
17031150501,248,35,0,0,0,0,0,0,248,35,27,3,0,0,0,0,0,0,27,3,275,38,0,0,0,0,0,0,275,38
17197880408,411,57,0,0,0,0,0,0,411,57,43,5,0,0,0,0,0,0,43,5,454,62,0,0,0,0,0,0,454,62
17031814500,253,48,0,0,0,0,0,0,253,48,15,3,960,1,0,0,0,0,975,4,268,51,960,1,0,0,0,0,1228,52
17099962100,672,63,0,0,0,0,0,0,672,63,127,11,0,0,0,0,0,0,127,11,799,74,0,0,0,0,0,0,799,74
17043844201,322,44,0,0,0,0,0,0,322,44,8,1,0,0,0,0,0,0,8,1,330,45,0,0,0,0,0,0,330,45
17031802003,156,17,0,0,0,0,0,0,156,17,30,3,0,0,0,0,0,0,30,3,186,20,0,0,0,0,0,0,186,20
17031825505,1022,139,0,0,0,0,0,0,1022,139,132,13,0,0,0,0,0,0,132,13,1154,152,0,0,0,0,0,0,1154,152
17043846207,104,14,0,0,0,0,0,0,104,14,13,2,0,0,0,0,0,0,13,2,117,16,0,0,0,0,0,0,117,16
17193958200,116,13,0,0,0,0,150000,1,150116,14,44,4,500,1,0,0,0,0,544,5,160,17,500,1,0,0,150000,1,150660,19
17031130300,187,26,0,0,0,0,0,0,187,26,20,2,0,0,0,0,0,0,20,2,207,28,0,0,0,0,0,0,207,28
17031804510,516,72,0,0,0,0,0,0,516,72,29,4,0,0,0,0,0,0,29,4,545,76,0,0,0,0,0,0,545,76
17161021500,12,2,0,0,0,0,0,0,12,2,7,1,0,0,0,0,0,0,7,1,19,3,0,0,0,0,0,0,19,3
17031811302,80,15,2220,2,0,0,5100,2,7400,19,18,1,6190,2,0,0,0,0,6208,3,98,16,8410,4,0,0,5100,2,13608,22
17031802002,341,40,0,0,0,0,0,0,341,40,30,3,0,0,0,0,0,0,30,3,371,43,0,0,0,0,0,0,371,43
17031804406,427,61,0,0,0,0,0,0,427,61,50,5,0,0,0,0,0,0,50,5,477,66,0,0,0,0,0,0,477,66
17099962200,676,66,2084,2,0,0,5600,2,8360,70,146,13,4595,2,0,0,3900,1,8641,16,822,79,6679,4,0,0,9500,3,17001,86
17123961500,206,18,0,0,0,0,45800,2,46006,20,91,6,5000,1,0,0,0,0,5091,7,297,24,5000,1,0,0,45800,2,51097,27
17141961002,663,82,0,0,0,0,0,0,663,82,77,8,0,0,0,0,0,0,77,8,740,90,0,0,0,0,0,0,740,90
17089854301,333,59,0,0,0,0,0,0,333,59,88,10,0,0,0,0,0,0,88,10,421,69,0,0,0,0,0,0,421,69
17043843000,209,27,0,0,0,0,0,0,209,27,16,2,540,1,0,0,0,0,556,3,225,29,540,1,0,0,0,0,765,30
17031817500,160,19,72,1,0,0,0,0,232,20,0,0,0,0,0,0,0,0,0,0,160,19,72,1,0,0,0,0,232,20
17031823903,237,23,0,0,0,0,0,0,237,23,10,1,0,0,0,0,0,0,10,1,247,24,0,0,0,0,0,0,247,24
17089854100,196,29,0,0,0,0,0,0,196,29,26,3,0,0,0,0,0,0,26,3,222,32,0,0,0,0,0,0,222,32
17097861201,447,75,28,1,0,0,0,0,475,76,31,6,0,0,0,0,0,0,31,6,478,81,28,1,0,0,0,0,506,82
17043842709,185,26,0,0,0,0,0,0,185,26,33,2,0,0,0,0,0,0,33,2,218,28,0,0,0,0,0,0,218,28
17031819200,330,53,100,1,0,0,0,0,430,54,14,2,0,0,0,0,0,0,14,2,344,55,100,1,0,0,0,0,444,56
17043845901,260,27,136,1,0,0,0,0,396,28,18,2,0,0,0,0,0,0,18,2,278,29,136,1,0,0,0,0,414,30
17031750100,365,54,0,0,0,0,0,0,365,54,42,5,0,0,0,0,0,0,42,5,407,59,0,0,0,0,0,0,407,59
17031822701,202,29,0,0,0,0,0,0,202,29,54,6,0,0,0,0,0,0,54,6,256,35,0,0,0,0,0,0,256,35
17031820902,289,47,0,0,0,0,0,0,289,47,106,12,4430,2,0,0,0,0,4536,14,395,59,4430,2,0,0,0,0,4825,61
17163503411,328,37,0,0,0,0,0,0,328,37,23,4,0,0,0,0,0,0,23,4,351,41,0,0,0,0,0,0,351,41
17031831600,119,22,0,0,0,0,0,0,119,22,39,5,0,0,0,0,0,0,39,5,158,27,0,0,0,0,0,0,158,27
17031820700,360,52,0,0,0,0,0,0,360,52,30,4,0,0,0,0,0,0,30,4,390,56,0,0,0,0,0,0,390,56
17031804901,222,30,0,0,0,0,0,0,222,30,8,1,0,0,0,0,0,0,8,1,230,31,0,0,0,0,0,0,230,31
17043846603,98,15,0,0,0,0,0,0,98,15,49,4,153,1,0,0,0,0,202,5,147,19,153,1,0,0,0,0,300,20
17031020400,74,11,0,0,0,0,0,0,74,11,0,0,0,0,0,0,0,0,0,0,74,11,0,0,0,0,0,0,74,11
17043841316,318,41,0,0,0,0,0,0,318,41,66,7,0,0,0,0,0,0,66,7,384,48,0,0,0,0,0,0,384,48
17031620400,183,28,0,0,0,0,0,0,183,28,10,1,0,0,0,0,0,0,10,1,193,29,0,0,0,0,0,0,193,29
17031813500,362,52,0,0,0,0,0,0,362,52,0,0,0,0,0,0,0,0,0,0,362,52,0,0,0,0,0,0,362,52
17031809000,235,33,0,0,0,0,0,0,235,33,19,2,0,0,0,0,0,0,19,2,254,35,0,0,0,0,0,0,254,35
17031824107,532,65,490,2,0,0,0,0,1022,67,40,4,0,0,0,0,0,0,40,4,572,69,490,2,0,0,0,0,1062,71
17031802100,153,19,0,0,0,0,0,0,153,19,20,2,0,0,0,0,0,0,20,2,173,21,0,0,0,0,0,0,173,21
17031808302,330,48,0,0,0,0,0,0,330,48,53,5,0,0,0,0,0,0,53,5,383,53,0,0,0,0,0,0,383,53
17097865300,73,9,250,1,0,0,0,0,323,10,71,6,0,0,0,0,0,0,71,6,144,15,250,1,0,0,0,0,394,16
17089853006,235,34,0,0,0,0,0,0,235,34,31,3,0,0,0,0,0,0,31,3,266,37,0,0,0,0,0,0,266,37
17097862603,437,72,362,2,0,0,0,0,799,74,46,5,333,1,0,0,0,0,379,6,483,77,695,3,0,0,0,0,1178,80
17031811402,312,47,0,0,0,0,0,0,312,47,18,3,0,0,0,0,0,0,18,3,330,50,0,0,0,0,0,0,330,50
17031804108,24,3,0,0,0,0,0,0,24,3,30,3,0,0,0,0,0,0,30,3,54,6,0,0,0,0,0,0,54,6
17031250600,120,20,0,0,0,0,0,0,120,20,16,2,0,0,0,0,0,0,16,2,136,22,0,0,0,0,0,0,136,22
17197883213,571,77,0,0,0,0,0,0,571,77,36,6,0,0,0,0,0,0,36,6,607,83,0,0,0,0,0,0,607,83
17197880429,377,58,0,0,0,0,0,0,377,58,25,3,0,0,0,0,0,0,25,3,402,61,0,0,0,0,0,0,402,61
17179020400,592,72,0,0,0,0,0,0,592,72,147,15,0,0,0,0,0,0,147,15,739,87,0,0,0,0,0,0,739,87
17197880503,284,46,0,0,0,0,0,0,284,46,27,4,0,0,0,0,0,0,27,4,311,50,0,0,0,0,0,0,311,50
17093890302,513,76,0,0,0,0,0,0,513,76,73,7,0,0,0,0,0,0,73,7,586,83,0,0,0,0,0,0,586,83
17031600600,51,7,0,0,0,0,0,0,51,7,0,0,0,0,0,0,0,0,0,0,51,7,0,0,0,0,0,0,51,7
17197881011,219,24,0,0,0,0,0,0,219,24,15,2,0,0,0,0,0,0,15,2,234,26,0,0,0,0,0,0,234,26
17197883522,202,23,0,0,0,0,0,0,202,23,0,0,0,0,0,0,0,0,0,0,202,23,0,0,0,0,0,0,202,23
17097864206,170,19,0,0,0,0,0,0,170,19,15,1,0,0,0,0,0,0,15,1,185,20,0,0,0,0,0,0,185,20
17119402721,983,100,252,4,0,0,0,0,1235,104,126,14,0,0,0,0,0,0,126,14,1109,114,252,4,0,0,0,0,1361,118
17105960100,187,21,0,0,0,0,0,0,187,21,140,15,0,0,0,0,0,0,140,15,327,36,0,0,0,0,0,0,327,36
17031720600,49,8,0,0,0,0,0,0,49,8,0,0,0,0,0,0,0,0,0,0,49,8,0,0,0,0,0,0,49,8
17031825700,175,26,0,0,0,0,0,0,175,26,36,4,0,0,0,0,0,0,36,4,211,30,0,0,0,0,0,0,211,30
17201003400,294,48,840,5,0,0,0,0,1134,53,110,10,0,0,0,0,0,0,110,10,404,58,840,5,0,0,0,0,1244,63
17043842400,99,18,0,0,0,0,0,0,99,18,24,4,0,0,0,0,0,0,24,4,123,22,0,0,0,0,0,0,123,22
17031490901,81,13,90,1,0,0,0,0,171,14,44,3,0,0,0,0,0,0,44,3,125,16,90,1,0,0,0,0,215,17
17007010501,1125,117,0,0,0,0,0,0,1125,117,46,4,0,0,0,0,0,0,46,4,1171,121,0,0,0,0,0,0,1171,121
17031829902,944,106,100,1,0,0,0,0,1044,107,99,9,0,0,0,0,0,0,99,9,1043,115,100,1,0,0,0,0,1143,116
17111871205,425,64,0,0,0,0,0,0,425,64,46,5,0,0,0,0,0,0,46,5,471,69,0,0,0,0,0,0,471,69
17031140601,37,8,0,0,0,0,0,0,37,8,12,2,0,0,0,0,0,0,12,2,49,10,0,0,0,0,0,0,49,10
17197880418,395,58,0,0,0,0,0,0,395,58,50,6,0,0,0,0,0,0,50,6,445,64,0,0,0,0,0,0,445,64
17031821101,204,28,0,0,0,0,0,0,204,28,20,3,0,0,0,0,0,0,20,3,224,31,0,0,0,0,0,0,224,31
17197880114,281,40,130,1,0,0,0,0,411,41,40,5,0,0,0,0,0,0,40,5,321,45,130,1,0,0,0,0,451,46
17043845100,244,27,0,0,0,0,0,0,244,27,6,1,0,0,0,0,0,0,6,1,250,28,0,0,0,0,0,0,250,28
17043841705,326,32,0,0,0,0,0,0,326,32,13,1,0,0,0,0,0,0,13,1,339,33,0,0,0,0,0,0,339,33
17197880314,1366,166,0,0,0,0,0,0,1366,166,268,25,100,1,0,0,0,0,368,26,1634,191,100,1,0,0,0,0,1734,192
17031802702,246,33,0,0,0,0,0,0,246,33,23,2,0,0,0,0,0,0,23,2,269,35,0,0,0,0,0,0,269,35
17031530503,426,64,0,0,0,0,0,0,426,64,65,8,0,0,0,0,0,0,65,8,491,72,0,0,0,0,0,0,491,72
17043841207,399,63,0,0,0,0,0,0,399,63,28,5,0,0,0,0,0,0,28,5,427,68,0,0,0,0,0,0,427,68
17031810701,74,13,0,0,0,0,0,0,74,13,10,1,0,0,0,0,0,0,10,1,84,14,0,0,0,0,0,0,84,14
17031620200,111,17,0,0,0,0,0,0,111,17,27,4,0,0,0,0,0,0,27,4,138,21,0,0,0,0,0,0,138,21
17197880116,303,42,0,0,0,0,0,0,303,42,0,0,0,0,0,0,0,0,0,0,303,42,0,0,0,0,0,0,303,42
17097861404,417,71,0,0,0,0,0,0,417,71,26,3,0,0,0,0,0,0,26,3,443,74,0,0,0,0,0,0,443,74
17031801605,321,37,0,0,0,0,0,0,321,37,40,4,0,0,0,0,0,0,40,4,361,41,0,0,0,0,0,0,361,41
17197881603,158,23,0,0,0,0,0,0,158,23,0,0,0,0,0,0,0,0,0,0,158,23,0,0,0,0,0,0,158,23
17097861403,323,51,0,0,0,0,0,0,323,51,22,3,0,0,0,0,0,0,22,3,345,54,0,0,0,0,0,0,345,54
17031824507,192,26,0,0,0,0,0,0,192,26,23,2,0,0,0,0,0,0,23,2,215,28,0,0,0,0,0,0,215,28
17111870703,481,49,0,0,0,0,0,0,481,49,34,4,0,0,0,0,0,0,34,4,515,53,0,0,0,0,0,0,515,53
17111870402,481,81,0,0,0,0,0,0,481,81,58,9,0,0,0,0,0,0,58,9,539,90,0,0,0,0,0,0,539,90
17031170800,94,14,0,0,0,0,0,0,94,14,0,0,0,0,0,0,0,0,0,0,94,14,0,0,0,0,0,0,94,14
17031807300,297,44,0,0,0,0,0,0,297,44,10,1,0,0,0,0,0,0,10,1,307,45,0,0,0,0,0,0,307,45
17097862100,118,17,0,0,0,0,0,0,118,17,0,0,0,0,0,0,0,0,0,0,118,17,0,0,0,0,0,0,118,17
17031813900,136,25,0,0,0,0,0,0,136,25,4,1,0,0,0,0,0,0,4,1,140,26,0,0,0,0,0,0,140,26
17089852408,431,48,230,1,0,0,0,0,661,49,49,4,0,0,0,0,0,0,49,4,480,52,230,1,0,0,0,0,710,53
17031824601,247,32,0,0,0,0,0,0,247,32,39,4,0,0,0,0,0,0,39,4,286,36,0,0,0,0,0,0,286,36
17031819300,73,16,0,0,0,0,0,0,73,16,45,5,0,0,0,0,0,0,45,5,118,21,0,0,0,0,0,0,118,21
17067954100,714,68,30,1,0,0,0,0,744,69,117,13,5000,1,0,0,0,0,5117,14,831,81,5030,2,0,0,0,0,5861,83
17043842603,156,23,0,0,0,0,0,0,156,23,35,3,0,0,0,0,0,0,35,3,191,26,0,0,0,0,0,0,191,26
17043840104,114,18,36,1,0,0,0,0,150,19,16,3,0,0,0,0,0,0,16,3,130,21,36,1,0,0,0,0,166,22
17031822101,297,38,0,0,0,0,0,0,297,38,4,1,0,0,0,0,0,0,4,1,301,39,0,0,0,0,0,0,301,39
17031560200,192,25,0,0,0,0,0,0,192,25,12,2,0,0,0,0,0,0,12,2,204,27,0,0,0,0,0,0,204,27
17043845507,164,24,0,0,0,0,0,0,164,24,26,4,0,0,0,0,0,0,26,4,190,28,0,0,0,0,0,0,190,28
17031800400,59,8,820,1,0,0,0,0,879,9,0,0,0,0,0,0,0,0,0,0,59,8,820,1,0,0,0,0,879,9
17179021801,960,108,0,0,0,0,0,0,960,108,126,11,7250,3,0,0,10000,2,17376,16,1086,119,7250,3,0,0,10000,2,18336,124
17127970300,117,12,0,0,0,0,0,0,117,12,20,3,0,0,0,0,0,0,20,3,137,15,0,0,0,0,0,0,137,15
17177000900,649,88,0,0,0,0,0,0,649,88,78,10,4990,1,0,0,0,0,5068,11,727,98,4990,1,0,0,0,0,5717,99
17031840200,71,11,0,0,0,0,0,0,71,11,5,1,0,0,0,0,0,0,5,1,76,12,0,0,0,0,0,0,76,12
17201000600,277,39,261,4,0,0,0,0,538,43,25,3,0,0,0,0,0,0,25,3,302,42,261,4,0,0,0,0,563,46
17197883504,171,21,474,3,0,0,0,0,645,24,78,5,0,0,0,0,0,0,78,5,249,26,474,3,0,0,0,0,723,29
17203030502,495,50,33,1,0,0,0,0,528,51,67,7,0,0,0,0,0,0,67,7,562,57,33,1,0,0,0,0,595,58
17031824105,546,60,0,0,0,0,0,0,546,60,86,6,0,0,0,0,0,0,86,6,632,66,0,0,0,0,0,0,632,66
17031828505,1071,138,0,0,0,0,0,0,1071,138,198,18,5000,1,0,0,0,0,5198,19,1269,156,5000,1,0,0,0,0,6269,157
17031806202,105,13,0,0,0,0,0,0,105,13,0,0,62,1,0,0,0,0,62,1,105,13,62,1,0,0,0,0,167,14
17197880203,327,54,0,0,0,0,0,0,327,54,22,2,0,0,0,0,0,0,22,2,349,56,0,0,0,0,0,0,349,56
17089850302,234,35,0,0,0,0,0,0,234,35,4,1,0,0,0,0,0,0,4,1,238,36,0,0,0,0,0,0,238,36
17089854302,305,57,0,0,0,0,0,0,305,57,16,2,0,0,0,0,0,0,16,2,321,59,0,0,0,0,0,0,321,59
17097861105,259,34,0,0,0,0,0,0,259,34,4,1,0,0,0,0,0,0,4,1,263,35,0,0,0,0,0,0,263,35
17031815300,266,44,0,0,0,0,0,0,266,44,23,3,70,1,0,0,0,0,93,4,289,47,70,1,0,0,0,0,359,48
17043841321,298,43,0,0,0,0,0,0,298,43,4,1,0,0,0,0,0,0,4,1,302,44,0,0,0,0,0,0,302,44
17197880109,427,57,0,0,0,0,0,0,427,57,36,4,0,0,0,0,0,0,36,4,463,61,0,0,0,0,0,0,463,61
17111871311,381,56,500,1,0,0,0,0,881,57,43,6,0,0,0,0,0,0,43,6,424,62,500,1,0,0,0,0,924,63
17031825000,252,33,0,0,0,0,0,0,252,33,23,1,0,0,0,0,0,0,23,1,275,34,0,0,0,0,0,0,275,34
17031804109,132,14,0,0,0,0,0,0,132,14,37,3,0,0,0,0,0,0,37,3,169,17,0,0,0,0,0,0,169,17
17179020301,579,70,0,0,0,0,0,0,579,70,132,11,0,0,0,0,0,0,132,11,711,81,0,0,0,0,0,0,711,81
17201000507,237,32,700,1,0,0,0,0,937,33,37,3,0,0,0,0,0,0,37,3,274,35,700,1,0,0,0,0,974,36
17043844701,229,31,0,0,0,0,0,0,229,31,62,6,0,0,0,0,0,0,62,6,291,37,0,0,0,0,0,0,291,37
17095000800,10,1,481,6,0,0,0,0,491,7,0,0,0,0,0,0,0,0,0,0,10,1,481,6,0,0,0,0,491,7
17043841110,173,22,0,0,0,0,0,0,173,22,17,2,0,0,0,0,0,0,17,2,190,24,0,0,0,0,0,0,190,24
17031805002,203,25,0,0,0,0,0,0,203,25,29,3,0,0,0,0,0,0,29,3,232,28,0,0,0,0,0,0,232,28
17089851101,181,34,0,0,0,0,0,0,181,34,22,3,0,0,0,0,0,0,22,3,203,37,0,0,0,0,0,0,203,37
17031301802,35,6,0,0,0,0,0,0,35,6,0,0,0,0,0,0,0,0,0,0,35,6,0,0,0,0,0,0,35,6
17097862402,51,10,7000,1,0,0,0,0,7051,11,0,0,0,0,0,0,0,0,0,0,51,10,7000,1,0,0,0,0,7051,11
17043840201,277,34,169,2,0,0,0,0,446,36,15,1,0,0,0,0,0,0,15,1,292,35,169,2,0,0,0,0,461,37
17001010400,509,52,412,2,0,0,4000,2,4921,56,34,4,100,1,0,0,0,0,134,5,543,56,512,3,0,0,4000,2,5055,61
17161023300,64,10,0,0,0,0,0,0,64,10,0,0,0,0,0,0,0,0,0,0,64,10,0,0,0,0,0,0,64,10
17031804314,87,13,0,0,0,0,0,0,87,13,18,1,0,0,0,0,0,0,18,1,105,14,0,0,0,0,0,0,105,14
17107953400,251,26,305,3,0,0,0,0,556,29,67,8,2000,1,0,0,0,0,2067,9,318,34,2305,4,0,0,0,0,2623,38
17031830202,184,26,0,0,0,0,0,0,184,26,68,6,0,0,0,0,0,0,68,6,252,32,0,0,0,0,0,0,252,32
17097861008,347,47,0,0,0,0,0,0,347,47,66,7,0,0,0,0,0,0,66,7,413,54,0,0,0,0,0,0,413,54
17031808200,283,47,0,0,0,0,0,0,283,47,28,5,3240,1,0,0,0,0,3268,6,311,52,3240,1,0,0,0,0,3551,53
17031640700,159,27,0,0,0,0,0,0,159,27,50,5,0,0,0,0,0,0,50,5,209,32,0,0,0,0,0,0,209,32
17031810702,79,11,0,0,0,0,0,0,79,11,4,1,0,0,0,0,0,0,4,1,83,12,0,0,0,0,0,0,83,12
17031140500,80,12,0,0,0,0,0,0,80,12,0,0,0,0,0,0,0,0,0,0,80,12,0,0,0,0,0,0,80,12
17031824800,559,73,0,0,0,0,0,0,559,73,222,21,2750,1,0,0,0,0,2972,22,781,94,2750,1,0,0,0,0,3531,95
17031430400,58,11,0,0,0,0,0,0,58,11,15,3,0,0,0,0,0,0,15,3,73,14,0,0,0,0,0,0,73,14
17031822000,231,41,0,0,0,0,0,0,231,41,15,2,0,0,0,0,0,0,15,2,246,43,0,0,0,0,0,0,246,43
17093890201,432,62,0,0,0,0,0,0,432,62,31,5,0,0,0,0,0,0,31,5,463,67,0,0,0,0,0,0,463,67
17031805111,116,15,0,0,0,0,0,0,116,15,0,0,360,1,0,0,0,0,360,1,116,15,360,1,0,0,0,0,476,16
17031611500,31,6,0,0,0,0,0,0,31,6,0,0,0,0,0,0,0,0,0,0,31,6,0,0,0,0,0,0,31,6
17031804106,622,71,0,0,0,0,0,0,622,71,96,8,0,0,0,0,0,0,96,8,718,79,0,0,0,0,0,0,718,79
17197881009,769,92,0,0,0,0,0,0,769,92,40,4,0,0,0,0,0,0,40,4,809,96,0,0,0,0,0,0,809,96
17089852903,400,58,0,0,0,0,0,0,400,58,12,1,3380,3,0,0,1900,1,5292,5,412,59,3380,3,0,0,1900,1,5692,63
17141961400,302,37,100,1,0,0,5000,1,5402,39,95,9,0,0,0,0,0,0,95,9,397,46,100,1,0,0,5000,1,5497,48
17043841326,198,26,135,1,0,0,0,0,333,27,44,4,0,0,0,0,0,0,44,4,242,30,135,1,0,0,0,0,377,31
17157951100,843,81,300,6,0,0,5000,1,6143,88,44,3,0,0,0,0,0,0,44,3,887,84,300,6,0,0,5000,1,6187,91
17197883216,328,44,0,0,0,0,0,0,328,44,43,4,0,0,0,0,0,0,43,4,371,48,0,0,0,0,0,0,371,48
17089853001,212,34,310,2,0,0,0,0,522,36,17,2,0,0,0,0,0,0,17,2,229,36,310,2,0,0,0,0,539,38
17197883513,363,50,0,0,0,0,0,0,363,50,81,7,0,0,0,0,0,0,81,7,444,57,0,0,0,0,0,0,444,57
17157950700,275,27,38,1,4000,2,220400,3,224713,33,108,9,0,0,0,0,0,0,108,9,383,36,38,1,4000,2,220400,3,224821,42
17181950200,350,33,500,1,0,0,0,0,850,34,37,3,0,0,0,0,0,0,37,3,387,36,500,1,0,0,0,0,887,37
17097864208,169,26,0,0,0,0,0,0,169,26,11,1,0,0,0,0,0,0,11,1,180,27,0,0,0,0,0,0,180,27
17055040400,328,34,0,0,0,0,0,0,328,34,90,7,0,0,0,0,0,0,90,7,418,41,0,0,0,0,0,0,418,41
17043846517,417,58,34,1,0,0,0,0,451,59,61,6,0,0,0,0,0,0,61,6,478,64,34,1,0,0,0,0,512,65
17031460500,381,53,0,0,0,0,0,0,381,53,88,10,0,0,0,0,0,0,88,10,469,63,0,0,0,0,0,0,469,63
17031740200,112,17,0,0,0,0,0,0,112,17,6,1,0,0,0,0,0,0,6,1,118,18,0,0,0,0,0,0,118,18
17031811600,181,24,276,1,0,0,0,0,457,25,25,3,360,1,0,0,0,0,385,4,206,27,636,2,0,0,0,0,842,29
17043846701,222,33,0,0,0,0,0,0,222,33,29,4,0,0,0,0,0,0,29,4,251,37,0,0,0,0,0,0,251,37
17031560400,90,15,0,0,0,0,0,0,90,15,0,0,0,0,0,0,0,0,0,0,90,15,0,0,0,0,0,0,90,15
17031803611,104,13,0,0,0,0,0,0,104,13,4,1,0,0,0,0,0,0,4,1,108,14,0,0,0,0,0,0,108,14
17111870105,146,17,0,0,0,0,0,0,146,17,23,1,3250,1,0,0,0,0,3273,2,169,18,3250,1,0,0,0,0,3419,19
17031806002,191,27,0,0,0,0,0,0,191,27,32,2,0,0,0,0,0,0,32,2,223,29,0,0,0,0,0,0,223,29
17089852103,354,42,0,0,0,0,0,0,354,42,42,4,0,0,0,0,0,0,42,4,396,46,0,0,0,0,0,0,396,46
17147954700,228,24,420,1,0,0,0,0,648,25,140,12,0,0,0,0,0,0,140,12,368,36,420,1,0,0,0,0,788,37
17031821700,224,34,0,0,0,0,0,0,224,34,33,3,0,0,0,0,0,0,33,3,257,37,0,0,0,0,0,0,257,37
17031804514,601,79,0,0,0,0,0,0,601,79,22,3,0,0,0,0,0,0,22,3,623,82,0,0,0,0,0,0,623,82
17031814300,247,39,0,0,0,0,0,0,247,39,14,3,0,0,0,0,0,0,14,3,261,42,0,0,0,0,0,0,261,42
17077010300,437,45,0,0,0,0,0,0,437,45,128,11,0,0,0,0,0,0,128,11,565,56,0,0,0,0,0,0,565,56
17031805501,112,16,120,1,0,0,0,0,232,17,30,4,0,0,0,0,0,0,30,4,142,20,120,1,0,0,0,0,262,21
17031230700,30,5,0,0,0,0,0,0,30,5,0,0,0,0,0,0,0,0,0,0,30,5,0,0,0,0,0,0,30,5
17031802900,279,39,86,1,0,0,0,0,365,40,2,1,0,0,0,0,0,0,2,1,281,40,86,1,0,0,0,0,367,41
17197884006,144,14,0,0,0,0,0,0,144,14,0,0,8950,2,0,0,0,0,8950,2,144,14,8950,2,0,0,0,0,9094,16
17031804306,580,89,331,2,0,0,0,0,911,91,74,10,0,0,0,0,0,0,74,10,654,99,331,2,0,0,0,0,985,101
17031661000,186,31,0,0,0,0,0,0,186,31,34,4,0,0,0,0,0,0,34,4,220,35,0,0,0,0,0,0,220,35
17031580502,58,11,0,0,0,0,0,0,58,11,0,0,0,0,0,0,0,0,0,0,58,11,0,0,0,0,0,0,58,11
17031804505,161,21,0,0,0,0,0,0,161,21,17,2,0,0,0,0,0,0,17,2,178,23,0,0,0,0,0,0,178,23
17197880204,638,90,0,0,0,0,0,0,638,90,126,9,0,0,0,0,0,0,126,9,764,99,0,0,0,0,0,0,764,99
17031040800,53,9,0,0,0,0,0,0,53,9,0,0,0,0,0,0,0,0,0,0,53,9,0,0,0,0,0,0,53,9
17031810100,108,17,0,0,0,0,0,0,108,17,1,1,0,0,0,0,0,0,1,1,109,18,0,0,0,0,0,0,109,18
17177001200,216,25,460,1,0,0,0,0,676,26,17,3,0,0,0,0,0,0,17,3,233,28,460,1,0,0,0,0,693,29
17031711500,119,21,0,0,0,0,0,0,119,21,8,1,0,0,0,0,0,0,8,1,127,22,0,0,0,0,0,0,127,22
17097863702,156,16,0,0,0,0,0,0,156,16,0,0,0,0,0,0,0,0,0,0,156,16,0,0,0,0,0,0,156,16
17197880307,177,24,0,0,0,0,0,0,177,24,49,5,0,0,0,0,0,0,49,5,226,29,0,0,0,0,0,0,226,29
17031830008,278,43,0,0,0,0,0,0,278,43,46,5,0,0,0,0,0,0,46,5,324,48,0,0,0,0,0,0,324,48
17043841111,112,16,0,0,0,0,0,0,112,16,46,3,0,0,0,0,0,0,46,3,158,19,0,0,0,0,0,0,158,19
17031815600,281,45,0,0,0,0,0,0,281,45,11,2,0,0,0,0,0,0,11,2,292,47,0,0,0,0,0,0,292,47
17031818100,135,23,0,0,0,0,0,0,135,23,28,3,0,0,0,0,0,0,28,3,163,26,0,0,0,0,0,0,163,26
17043846203,193,21,0,0,0,0,0,0,193,21,7,1,0,0,0,0,0,0,7,1,200,22,0,0,0,0,0,0,200,22
17043840908,304,50,0,0,0,0,0,0,304,50,32,4,800,1,0,0,0,0,832,5,336,54,800,1,0,0,0,0,1136,55
17031711400,128,18,0,0,0,0,0,0,128,18,28,4,0,0,0,0,0,0,28,4,156,22,0,0,0,0,0,0,156,22
17031750200,187,23,0,0,0,0,0,0,187,23,19,2,0,0,0,0,0,0,19,2,206,25,0,0,0,0,0,0,206,25
17037001300,196,28,0,0,0,0,0,0,196,28,26,4,0,0,0,0,0,0,26,4,222,32,0,0,0,0,0,0,222,32
17097861804,172,30,0,0,0,0,0,0,172,30,12,1,0,0,0,0,0,0,12,1,184,31,0,0,0,0,0,0,184,31
17097861007,336,40,0,0,0,0,0,0,336,40,4,1,0,0,0,0,0,0,4,1,340,41,0,0,0,0,0,0,340,41
17097861504,293,45,0,0,0,0,0,0,293,45,24,3,4373,4,0,0,0,0,4397,7,317,48,4373,4,0,0,0,0,4690,52
17031804309,314,49,0,0,0,0,0,0,314,49,20,3,0,0,0,0,0,0,20,3,334,52,0,0,0,0,0,0,334,52
17099962400,385,36,0,0,0,0,0,0,385,36,60,6,0,0,0,0,0,0,60,6,445,42,0,0,0,0,0,0,445,42
17031151001,69,11,0,0,0,0,0,0,69,11,0,0,0,0,0,0,0,0,0,0,69,11,0,0,0,0,0,0,69,11
17043841112,147,19,0,0,0,0,0,0,147,19,31,2,35,1,0,0,0,0,66,3,178,21,35,1,0,0,0,0,213,22
17089852405,160,15,0,0,0,0,0,0,160,15,0,0,0,0,0,0,0,0,0,0,160,15,0,0,0,0,0,0,160,15
17031829800,701,82,0,0,0,0,0,0,701,82,125,11,0,0,0,0,0,0,125,11,826,93,0,0,0,0,0,0,826,93
17031805302,327,46,0,0,0,0,0,0,327,46,0,0,0,0,0,0,0,0,0,0,327,46,0,0,0,0,0,0,327,46
17031801000,133,18,0,0,0,0,0,0,133,18,9,1,0,0,0,0,0,0,9,1,142,19,0,0,0,0,0,0,142,19
17031809401,40,5,0,0,0,0,0,0,40,5,0,0,0,0,0,0,0,0,0,0,40,5,0,0,0,0,0,0,40,5
17097865200,65,9,0,0,0,0,0,0,65,9,26,4,500,3,0,0,0,0,526,7,91,13,500,3,0,0,0,0,591,16
17201003707,258,28,0,0,0,0,0,0,258,28,32,2,5000,1,0,0,0,0,5032,3,290,30,5000,1,0,0,0,0,5290,31
17031820103,171,20,100,1,0,0,0,0,271,21,7,1,480,1,0,0,0,0,487,2,178,21,580,2,0,0,0,0,758,23
17093890106,500,67,0,0,0,0,0,0,500,67,32,3,0,0,0,0,0,0,32,3,532,70,0,0,0,0,0,0,532,70
17031770202,217,31,0,0,0,0,0,0,217,31,17,2,0,0,0,0,0,0,17,2,234,33,0,0,0,0,0,0,234,33
17095000700,98,16,0,0,0,0,0,0,98,16,64,5,0,0,0,0,0,0,64,5,162,21,0,0,0,0,0,0,162,21
17031100400,111,20,0,0,0,0,0,0,111,20,27,3,0,0,0,0,0,0,27,3,138,23,0,0,0,0,0,0,138,23
17031806900,313,45,1070,4,0,0,0,0,1383,49,26,3,0,0,0,0,0,0,26,3,339,48,1070,4,0,0,0,0,1409,52
17043842300,82,15,0,0,0,0,0,0,82,15,0,0,0,0,0,0,0,0,0,0,82,15,0,0,0,0,0,0,82,15
17031301702,26,4,0,0,0,0,0,0,26,4,0,0,0,0,0,0,0,0,0,0,26,4,0,0,0,0,0,0,26,4
17031480500,124,17,0,0,0,0,0,0,124,17,43,5,0,0,0,0,0,0,43,5,167,22,0,0,0,0,0,0,167,22
17031820606,137,18,0,0,0,0,0,0,137,18,35,2,0,0,0,0,0,0,35,2,172,20,0,0,0,0,0,0,172,20
17197881107,60,8,0,0,0,0,0,0,60,8,6,1,0,0,0,0,0,0,6,1,66,9,0,0,0,0,0,0,66,9
17031820204,108,14,200,1,0,0,0,0,308,15,0,0,0,0,0,0,0,0,0,0,108,14,200,1,0,0,0,0,308,15
17031804203,162,16,0,0,0,0,0,0,162,16,9,1,0,0,0,0,0,0,9,1,171,17,0,0,0,0,0,0,171,17
17031830007,218,31,0,0,0,0,0,0,218,31,47,6,0,0,0,0,0,0,47,6,265,37,0,0,0,0,0,0,265,37
17031291200,13,2,0,0,0,0,0,0,13,2,0,0,0,0,0,0,0,0,0,0,13,2,0,0,0,0,0,0,13,2
17031823200,263,33,30,1,0,0,0,0,293,34,22,2,1200,2,0,0,0,0,1222,4,285,35,1230,3,0,0,0,0,1515,38
17043841313,121,15,0,0,0,0,0,0,121,15,14,2,0,0,0,0,0,0,14,2,135,17,0,0,0,0,0,0,135,17
17031820603,68,11,0,0,0,0,0,0,68,11,8,1,0,0,0,0,0,0,8,1,76,12,0,0,0,0,0,0,76,12
17089852807,281,34,30,1,0,0,0,0,311,35,27,3,0,0,0,0,0,0,27,3,308,37,30,1,0,0,0,0,338,38
17089851102,192,32,0,0,0,0,0,0,192,32,44,6,0,0,0,0,0,0,44,6,236,38,0,0,0,0,0,0,236,38
17031829200,333,56,0,0,0,0,0,0,333,56,64,6,0,0,0,0,0,0,64,6,397,62,0,0,0,0,0,0,397,62
17089853005,375,54,60,1,0,0,0,0,435,55,65,9,0,0,0,0,0,0,65,9,440,63,60,1,0,0,0,0,500,64
17201000502,248,38,0,0,0,0,0,0,248,38,27,3,0,0,0,0,0,0,27,3,275,41,0,0,0,0,0,0,275,41
17031170400,114,18,0,0,0,0,0,0,114,18,31,3,0,0,0,0,0,0,31,3,145,21,0,0,0,0,0,0,145,21
17097864903,315,28,0,0,0,0,0,0,315,28,31,3,500,1,0,0,0,0,531,4,346,31,500,1,0,0,0,0,846,32
17031210502,46,7,0,0,0,0,0,0,46,7,6,1,0,0,0,0,0,0,6,1,52,8,0,0,0,0,0,0,52,8
17031830100,389,53,0,0,0,0,0,0,389,53,64,5,0,0,0,0,0,0,64,5,453,58,0,0,0,0,0,0,453,58
17111870606,171,23,0,0,0,0,0,0,171,23,31,3,300,1,0,0,0,0,331,4,202,26,300,1,0,0,0,0,502,27
17031010202,40,7,0,0,0,0,0,0,40,7,6,1,0,0,0,0,0,0,6,1,46,8,0,0,0,0,0,0,46,8
17197880115,186,24,0,0,0,0,0,0,186,24,29,2,0,0,0,0,0,0,29,2,215,26,0,0,0,0,0,0,215,26
17089854002,582,81,105,1,0,0,0,0,687,82,70,7,0,0,0,0,0,0,70,7,652,88,105,1,0,0,0,0,757,89
17051951000,272,25,0,0,0,0,0,0,272,25,84,7,5000,3,0,0,1000,1,6084,11,356,32,5000,3,0,0,1000,1,6356,36
17063000800,410,48,0,0,0,0,0,0,410,48,107,9,0,0,0,0,0,0,107,9,517,57,0,0,0,0,0,0,517,57
17031120100,134,18,0,0,0,0,0,0,134,18,0,0,0,0,0,0,0,0,0,0,134,18,0,0,0,0,0,0,134,18
17031819801,143,19,0,0,0,0,0,0,143,19,0,0,0,0,0,0,0,0,0,0,143,19,0,0,0,0,0,0,143,19
17031292400,30,4,58,1,0,0,0,0,88,5,0,0,0,0,0,0,0,0,0,0,30,4,58,1,0,0,0,0,88,5
17197883514,813,91,970,5,0,0,0,0,1783,96,75,5,0,0,0,0,0,0,75,5,888,96,970,5,0,0,0,0,1858,101
17111870904,383,51,0,0,0,0,0,0,383,51,55,6,0,0,0,0,0,0,55,6,438,57,0,0,0,0,0,0,438,57
17031823704,376,50,0,0,0,0,0,0,376,50,33,4,0,0,0,0,0,0,33,4,409,54,0,0,0,0,0,0,409,54
17197881002,221,29,0,0,0,0,0,0,221,29,55,4,0,0,0,0,0,0,55,4,276,33,0,0,0,0,0,0,276,33
17031805901,81,12,0,0,0,0,0,0,81,12,21,3,0,0,0,0,0,0,21,3,102,15,0,0,0,0,0,0,102,15
17031823806,99,19,0,0,0,0,0,0,99,19,20,2,0,0,0,0,0,0,20,2,119,21,0,0,0,0,0,0,119,21
17201003710,449,68,0,0,0,0,0,0,449,68,37,5,0,0,0,0,0,0,37,5,486,73,0,0,0,0,0,0,486,73
17031807900,332,36,0,0,0,0,0,0,332,36,57,4,0,0,0,0,0,0,57,4,389,40,0,0,0,0,0,0,389,40
17031818402,222,41,0,0,0,0,0,0,222,41,41,3,0,0,0,0,0,0,41,3,263,44,0,0,0,0,0,0,263,44
17119402600,69,8,0,0,0,0,0,0,69,8,20,2,0,0,0,0,0,0,20,2,89,10,0,0,0,0,0,0,89,10
17043842710,180,22,999,1,0,0,0,0,1179,23,0,0,0,0,0,0,0,0,0,0,180,22,999,1,0,0,0,0,1179,23
17031740400,93,16,425,1,0,0,0,0,518,17,39,5,0,0,0,0,0,0,39,5,132,21,425,1,0,0,0,0,557,22
17201001500,417,59,0,0,0,0,0,0,417,59,40,4,461,1,0,0,0,0,501,5,457,63,461,1,0,0,0,0,918,64
17197880431,567,76,0,0,0,0,0,0,567,76,73,6,0,0,0,0,0,0,73,6,640,82,0,0,0,0,0,0,640,82
17197881006,285,34,0,0,0,0,0,0,285,34,22,2,0,0,0,0,0,0,22,2,307,36,0,0,0,0,0,0,307,36
17043841209,467,57,0,0,0,0,0,0,467,57,48,6,812,1,0,0,0,0,860,7,515,63,812,1,0,0,0,0,1327,64
17089853500,315,57,0,0,0,0,0,0,315,57,34,4,0,0,0,0,0,0,34,4,349,61,0,0,0,0,0,0,349,61
17031100500,233,32,0,0,0,0,0,0,233,32,33,2,0,0,0,0,0,0,33,2,266,34,0,0,0,0,0,0,266,34
17031820203,241,26,0,0,0,0,0,0,241,26,22,2,0,0,0,0,0,0,22,2,263,28,0,0,0,0,0,0,263,28
17201003810,830,110,0,0,0,0,0,0,830,110,61,9,0,0,0,0,0,0,61,9,891,119,0,0,0,0,0,0,891,119
17031823303,287,43,0,0,0,0,0,0,287,43,0,0,0,0,0,0,0,0,0,0,287,43,0,0,0,0,0,0,287,43
17031802200,65,8,150,1,0,0,0,0,215,9,10,1,0,0,0,0,0,0,10,1,75,9,150,1,0,0,0,0,225,10
17031520300,113,20,0,0,0,0,0,0,113,20,57,7,0,0,0,0,0,0,57,7,170,27,0,0,0,0,0,0,170,27
17031801601,219,27,430,3,0,0,0,0,649,30,56,5,0,0,0,0,0,0,56,5,275,32,430,3,0,0,0,0,705,35
17031490600,57,10,0,0,0,0,0,0,57,10,12,2,0,0,0,0,0,0,12,2,69,12,0,0,0,0,0,0,69,12
17201000501,473,65,0,0,0,0,0,0,473,65,75,8,0,0,0,0,0,0,75,8,548,73,0,0,0,0,0,0,548,73
17031770800,212,32,0,0,0,0,0,0,212,32,22,3,110,1,0,0,0,0,132,4,234,35,110,1,0,0,0,0,344,36
17031100700,153,26,0,0,0,0,0,0,153,26,10,1,0,0,0,0,0,0,10,1,163,27,0,0,0,0,0,0,163,27
17197883519,172,17,0,0,0,0,0,0,172,17,9,1,0,0,0,0,0,0,9,1,181,18,0,0,0,0,0,0,181,18
17031810900,223,32,0,0,0,0,0,0,223,32,30,4,0,0,0,0,0,0,30,4,253,36,0,0,0,0,0,0,253,36
17043845510,139,21,0,0,0,0,0,0,139,21,0,0,0,0,0,0,0,0,0,0,139,21,0,0,0,0,0,0,139,21
17031060300,54,8,0,0,0,0,0,0,54,8,0,0,0,0,0,0,0,0,0,0,54,8,0,0,0,0,0,0,54,8
17109011000,429,42,258,3,0,0,0,0,687,45,52,6,100,1,0,0,0,0,152,7,481,48,358,4,0,0,0,0,839,52
17197880430,561,77,0,0,0,0,0,0,561,77,59,7,0,0,0,0,0,0,59,7,620,84,0,0,0,0,0,0,620,84
17097862901,84,10,0,0,0,0,0,0,84,10,0,0,0,0,0,0,0,0,0,0,84,10,0,0,0,0,0,0,84,10
17031170900,77,13,0,0,0,0,0,0,77,13,0,0,0,0,0,0,0,0,0,0,77,13,0,0,0,0,0,0,77,13
17197881301,135,22,0,0,0,0,0,0,135,22,10,1,0,0,0,0,0,0,10,1,145,23,0,0,0,0,0,0,145,23
17197882701,149,18,0,0,0,0,0,0,149,18,37,5,0,0,0,0,0,0,37,5,186,23,0,0,0,0,0,0,186,23
17031051300,48,7,0,0,0,0,0,0,48,7,0,0,0,0,0,0,0,0,0,0,48,7,0,0,0,0,0,0,48,7
17031240300,56,7,0,0,0,0,0,0,56,7,0,0,0,0,0,0,0,0,0,0,56,7,0,0,0,0,0,0,56,7
17031804701,129,17,0,0,0,0,0,0,129,17,22,3,0,0,0,0,0,0,22,3,151,20,0,0,0,0,0,0,151,20
17031827902,202,32,275,1,0,0,0,0,477,33,45,5,0,0,0,0,0,0,45,5,247,37,275,1,0,0,0,0,522,38
17201000515,297,40,31,1,0,0,0,0,328,41,52,5,0,0,0,0,0,0,52,5,349,45,31,1,0,0,0,0,380,46
17201003100,71,8,2000,1,0,0,2000,1,4071,10,0,0,0,0,0,0,0,0,0,0,71,8,2000,1,0,0,2000,1,4071,10
17113005201,150,15,0,0,0,0,0,0,150,15,0,0,0,0,0,0,0,0,0,0,150,15,0,0,0,0,0,0,150,15
17031460800,26,5,0,0,0,0,0,0,26,5,0,0,0,0,0,0,0,0,0,0,26,5,0,0,0,0,0,0,26,5
17031510200,66,10,0,0,0,0,0,0,66,10,12,1,0,0,0,0,0,0,12,1,78,11,0,0,0,0,0,0,78,11
17043841113,178,19,0,0,0,0,0,0,178,19,66,4,0,0,0,0,0,0,66,4,244,23,0,0,0,0,0,0,244,23
17031842400,196,29,500,1,0,0,0,0,696,30,30,4,0,0,0,0,0,0,30,4,226,33,500,1,0,0,0,0,726,34
17031480400,327,47,0,0,0,0,0,0,327,47,97,11,0,0,0,0,0,0,97,11,424,58,0,0,0,0,0,0,424,58
17031802503,196,28,0,0,0,0,0,0,196,28,36,3,220,1,0,0,0,0,256,4,232,31,220,1,0,0,0,0,452,32
17031805802,164,19,0,0,0,0,0,0,164,19,4,1,0,0,0,0,0,0,4,1,168,20,0,0,0,0,0,0,168,20
17161021200,24,2,0,0,0,0,0,0,24,2,0,0,0,0,0,0,0,0,0,0,24,2,0,0,0,0,0,0,24,2
17043846514,533,80,0,0,0,0,0,0,533,80,139,18,0,0,0,0,0,0,139,18,672,98,0,0,0,0,0,0,672,98
17097861009,371,51,0,0,0,0,0,0,371,51,16,3,0,0,0,0,0,0,16,3,387,54,0,0,0,0,0,0,387,54
17093890103,701,83,400,2,0,0,0,0,1101,85,41,5,1099,2,0,0,0,0,1140,7,742,88,1499,4,0,0,0,0,2241,92
17031171100,188,25,0,0,0,0,0,0,188,25,6,1,0,0,0,0,0,0,6,1,194,26,0,0,0,0,0,0,194,26
17197880117,321,41,0,0,0,0,0,0,321,41,34,3,2674,3,0,0,0,0,2708,6,355,44,2674,3,0,0,0,0,3029,47
17031810800,229,35,0,0,0,0,0,0,229,35,29,2,2520,1,0,0,0,0,2549,3,258,37,2520,1,0,0,0,0,2778,38
17031824004,300,32,0,0,0,0,0,0,300,32,8,1,0,0,0,0,0,0,8,1,308,33,0,0,0,0,0,0,308,33
17197880317,1906,216,0,0,0,0,0,0,1906,216,225,19,0,0,0,0,0,0,225,19,2131,235,0,0,0,0,0,0,2131,235
17031730700,202,33,0,0,0,0,0,0,202,33,32,3,0,0,0,0,0,0,32,3,234,36,0,0,0,0,0,0,234,36
17097862800,77,14,0,0,0,0,0,0,77,14,22,3,0,0,0,0,0,0,22,3,99,17,0,0,0,0,0,0,99,17
17197881012,181,22,0,0,0,0,0,0,181,22,0,0,0,0,0,0,0,0,0,0,181,22,0,0,0,0,0,0,181,22
17043842900,161,19,0,0,0,0,0,0,161,19,25,1,300,1,0,0,0,0,325,2,186,20,300,1,0,0,0,0,486,21
17031826500,405,58,0,0,0,0,0,0,405,58,124,12,125,1,0,0,0,0,249,13,529,70,125,1,0,0,0,0,654,71
17031826304,233,36,0,0,0,0,0,0,233,36,26,3,0,0,0,0,0,0,26,3,259,39,0,0,0,0,0,0,259,39
17179022200,1229,123,0,0,0,0,0,0,1229,123,38,3,0,0,0,0,0,0,38,3,1267,126,0,0,0,0,0,0,1267,126
17097860808,191,22,0,0,0,0,0,0,191,22,3,1,0,0,0,0,0,0,3,1,194,23,0,0,0,0,0,0,194,23
17097864002,196,35,186,2,0,0,0,0,382,37,43,7,0,0,0,0,0,0,43,7,239,42,186,2,0,0,0,0,425,44
17031822102,205,23,67,1,0,0,0,0,272,24,8,1,0,0,0,0,0,0,8,1,213,24,67,1,0,0,0,0,280,25
17093890602,1089,127,0,0,0,0,0,0,1089,127,160,15,4990,1,0,0,0,0,5150,16,1249,142,4990,1,0,0,0,0,6239,143
17161024102,187,20,0,0,0,0,0,0,187,20,0,0,0,0,0,0,0,0,0,0,187,20,0,0,0,0,0,0,187,20
17197883515,133,17,300,1,0,0,0,0,433,18,0,0,0,0,0,0,0,0,0,0,133,17,300,1,0,0,0,0,433,18
17043846310,191,27,125,1,0,0,0,0,316,28,6,1,0,0,0,0,0,0,6,1,197,28,125,1,0,0,0,0,322,29
17097864308,258,31,0,0,0,0,0,0,258,31,0,0,1255,1,0,0,0,0,1255,1,258,31,1255,1,0,0,0,0,1513,32
17043840907,292,35,0,0,0,0,0,0,292,35,14,2,0,0,0,0,0,0,14,2,306,37,0,0,0,0,0,0,306,37
17031210602,25,5,0,0,0,0,0,0,25,5,20,4,0,0,0,0,0,0,20,4,45,9,0,0,0,0,0,0,45,9
17031843100,42,5,0,0,0,0,0,0,42,5,11,1,0,0,0,0,0,0,11,1,53,6,0,0,0,0,0,0,53,6
17181950100,497,46,0,0,0,0,2300,1,2797,47,29,2,2299,1,0,0,0,0,2328,3,526,48,2299,1,0,0,2300,1,5125,50
17111871115,233,37,0,0,0,0,0,0,233,37,12,1,0,0,0,0,0,0,12,1,245,38,0,0,0,0,0,0,245,38
17197881109,255,34,50,1,0,0,0,0,305,35,0,0,1938,1,0,0,0,0,1938,1,255,34,1988,2,0,0,0,0,2243,36
17031300500,9,2,0,0,0,0,0,0,9,2,0,0,0,0,0,0,0,0,0,0,9,2,0,0,0,0,0,0,9,2
17031430900,48,7,0,0,0,0,0,0,48,7,6,1,0,0,0,0,0,0,6,1,54,8,0,0,0,0,0,0,54,8
17043841902,77,10,1045,1,0,0,0,0,1122,11,0,0,0,0,0,0,0,0,0,0,77,10,1045,1,0,0,0,0,1122,11
17089854403,219,37,0,0,0,0,0,0,219,37,33,4,0,0,0,0,0,0,33,4,252,41,0,0,0,0,0,0,252,41
17031390100,43,5,0,0,0,0,0,0,43,5,0,0,0,0,0,0,0,0,0,0,43,5,0,0,0,0,0,0,43,5
17031580501,23,3,0,0,0,0,0,0,23,3,0,0,0,0,0,0,0,0,0,0,23,3,0,0,0,0,0,0,23,3
17161021600,20,3,0,0,0,0,0,0,20,3,0,0,0,0,0,0,0,0,0,0,20,3,0,0,0,0,0,0,20,3
17031520200,22,3,0,0,0,0,0,0,22,3,0,0,0,0,0,0,0,0,0,0,22,3,0,0,0,0,0,0,22,3
17103000400,380,46,125,2,0,0,0,0,505,48,87,8,10000,2,0,0,0,0,10087,10,467,54,10125,4,0,0,0,0,10592,58
17089853100,180,32,1471,5,0,0,0,0,1651,37,24,3,0,0,0,0,0,0,24,3,204,35,1471,5,0,0,0,0,1675,40
17097860809,340,43,25,1,0,0,0,0,365,44,81,6,0,0,0,0,0,0,81,6,421,49,25,1,0,0,0,0,446,50
17043840202,286,36,0,0,0,0,0,0,286,36,53,5,0,0,0,0,0,0,53,5,339,41,0,0,0,0,0,0,339,41
17031700100,290,44,0,0,0,0,0,0,290,44,19,3,50,1,0,0,0,0,69,4,309,47,50,1,0,0,0,0,359,48
17113005502,256,21,165,1,0,0,0,0,421,22,3,1,0,0,0,0,0,0,3,1,259,22,165,1,0,0,0,0,424,23
17031210800,43,6,0,0,0,0,0,0,43,6,0,0,0,0,0,0,0,0,0,0,43,6,0,0,0,0,0,0,43,6
17031490800,152,26,0,0,0,0,0,0,152,26,11,2,0,0,0,0,0,0,11,2,163,28,0,0,0,0,0,0,163,28
17015960500,1361,129,603,11,0,0,0,0,1964,140,268,24,0,0,0,0,0,0,268,24,1629,153,603,11,0,0,0,0,2232,164
17031700402,411,54,0,0,0,0,0,0,411,54,21,3,0,0,0,0,0,0,21,3,432,57,0,0,0,0,0,0,432,57
17031151100,137,17,0,0,0,0,0,0,137,17,12,1,100,1,0,0,0,0,112,2,149,18,100,1,0,0,0,0,249,19
17031824121,159,21,220,1,0,0,0,0,379,22,10,1,0,0,0,0,0,0,10,1,169,22,220,1,0,0,0,0,389,23
17031828202,518,63,0,0,0,0,0,0,518,63,82,9,0,0,0,0,0,0,82,9,600,72,0,0,0,0,0,0,600,72
17031830005,238,25,0,0,0,0,0,0,238,25,81,7,0,0,0,0,0,0,81,7,319,32,0,0,0,0,0,0,319,32
17119400952,346,38,0,0,0,0,0,0,346,38,39,5,0,0,0,0,0,0,39,5,385,43,0,0,0,0,0,0,385,43
17031630400,119,17,0,0,0,0,0,0,119,17,36,5,0,0,0,0,0,0,36,5,155,22,0,0,0,0,0,0,155,22
17031530600,113,21,0,0,0,0,0,0,113,21,25,3,0,0,0,0,0,0,25,3,138,24,0,0,0,0,0,0,138,24
17031770201,146,25,0,0,0,0,0,0,146,25,10,1,0,0,0,0,0,0,10,1,156,26,0,0,0,0,0,0,156,26
17031836800,11,2,110,2,0,0,0,0,121,4,3,1,0,0,0,0,0,0,3,1,14,3,110,2,0,0,0,0,124,5
17031823602,144,21,0,0,0,0,0,0,144,21,18,2,0,0,0,0,0,0,18,2,162,23,0,0,0,0,0,0,162,23
17031190401,239,40,0,0,0,0,0,0,239,40,10,1,0,0,0,0,0,0,10,1,249,41,0,0,0,0,0,0,249,41
17111870302,274,41,0,0,0,0,4000,2,4274,43,62,5,0,0,0,0,0,0,62,5,336,46,0,0,0,0,4000,2,4336,48
17197881105,229,24,0,0,0,0,0,0,229,24,20,2,0,0,0,0,0,0,20,2,249,26,0,0,0,0,0,0,249,26
17031750300,68,11,0,0,0,0,0,0,68,11,3,1,0,0,0,0,0,0,3,1,71,12,0,0,0,0,0,0,71,12
17119401722,326,42,0,0,0,0,0,0,326,42,85,10,0,0,0,0,0,0,85,10,411,52,0,0,0,0,0,0,411,52
17097860104,179,26,0,0,0,0,2000,1,2179,27,18,2,4980,2,0,0,0,0,4998,4,197,28,4980,2,0,0,2000,1,7177,31
17197883401,187,22,0,0,0,0,0,0,187,22,26,3,5079,2,0,0,0,0,5105,5,213,25,5079,2,0,0,0,0,5292,27
17201003604,183,22,0,0,0,0,0,0,183,22,35,3,0,0,0,0,0,0,35,3,218,25,0,0,0,0,0,0,218,25
17161020102,366,37,0,0,0,0,0,0,366,37,13,2,0,0,0,0,0,0,13,2,379,39,0,0,0,0,0,0,379,39
17031130100,72,17,0,0,0,0,0,0,72,17,13,2,0,0,0,0,0,0,13,2,85,19,0,0,0,0,0,0,85,19
17031030400,71,9,0,0,0,0,0,0,71,9,10,1,0,0,0,0,0,0,10,1,81,10,0,0,0,0,0,0,81,10
17031660600,92,16,0,0,0,0,0,0,92,16,20,2,0,0,0,0,0,0,20,2,112,18,0,0,0,0,0,0,112,18
17197884003,405,46,0,0,0,0,0,0,405,46,146,13,2000,1,0,0,0,0,2146,14,551,59,2000,1,0,0,0,0,2551,60
17043845810,157,24,0,0,0,0,0,0,157,24,0,0,0,0,0,0,0,0,0,0,157,24,0,0,0,0,0,0,157,24
17097861202,309,46,1250,1,0,0,0,0,1559,47,35,5,0,0,0,0,0,0,35,5,344,51,1250,1,0,0,0,0,1594,52
17113000109,1174,171,220,1,0,0,0,0,1394,172,86,10,0,0,0,0,0,0,86,10,1260,181,220,1,0,0,0,0,1480,182
17029000400,76,10,400,4,0,0,0,0,476,14,79,7,2161,3,0,0,0,0,2240,10,155,17,2561,7,0,0,0,0,2716,24
17031151002,107,14,0,0,0,0,0,0,107,14,12,1,0,0,0,0,0,0,12,1,119,15,0,0,0,0,0,0,119,15
17031460301,108,13,0,0,0,0,0,0,108,13,8,1,0,0,0,0,0,0,8,1,116,14,0,0,0,0,0,0,116,14
17031806700,377,53,0,0,0,0,0,0,377,53,0,0,0,0,0,0,0,0,0,0,377,53,0,0,0,0,0,0,377,53
17183011100,502,41,322,2,0,0,6000,2,6824,45,336,27,0,0,0,0,0,0,336,27,838,68,322,2,0,0,6000,2,7160,72
17031810502,114,19,0,0,0,0,0,0,114,19,18,2,0,0,0,0,0,0,18,2,132,21,0,0,0,0,0,0,132,21
17031630900,172,25,0,0,0,0,0,0,172,25,16,2,0,0,0,0,0,0,16,2,188,27,0,0,0,0,0,0,188,27
17031040100,122,19,0,0,0,0,0,0,122,19,8,1,0,0,0,0,0,0,8,1,130,20,0,0,0,0,0,0,130,20
17031828300,222,30,0,0,0,0,0,0,222,30,8,1,600,1,0,0,0,0,608,2,230,31,600,1,0,0,0,0,830,32
17199021400,470,41,38,1,0,0,0,0,508,42,33,2,7500,2,0,0,0,0,7533,4,503,43,7538,3,0,0,0,0,8041,46
17031570400,49,10,0,0,0,0,0,0,49,10,10,1,0,0,0,0,0,0,10,1,59,11,0,0,0,0,0,0,59,11
17031040401,110,16,0,0,0,0,0,0,110,16,31,3,0,0,0,0,0,0,31,3,141,19,0,0,0,0,0,0,141,19
17031730100,193,30,0,0,0,0,0,0,193,30,26,4,0,0,0,0,0,0,26,4,219,34,0,0,0,0,0,0,219,34
17031820502,155,24,0,0,0,0,0,0,155,24,61,7,0,0,0,0,0,0,61,7,216,31,0,0,0,0,0,0,216,31
17097864106,423,62,0,0,0,0,0,0,423,62,33,4,0,0,0,0,0,0,33,4,456,66,0,0,0,0,0,0,456,66
17031805202,151,22,0,0,0,0,0,0,151,22,44,5,0,0,0,0,0,0,44,5,195,27,0,0,0,0,0,0,195,27
17201000402,230,31,0,0,0,0,0,0,230,31,43,5,0,0,0,0,0,0,43,5,273,36,0,0,0,0,0,0,273,36
17043842200,99,13,0,0,0,0,0,0,99,13,19,2,0,0,0,0,0,0,19,2,118,15,0,0,0,0,0,0,118,15
17031823001,217,29,129,2,0,0,0,0,346,31,21,3,0,0,0,0,0,0,21,3,238,32,129,2,0,0,0,0,367,34
17111870704,208,33,0,0,0,0,0,0,208,33,35,4,0,0,0,0,0,0,35,4,243,37,0,0,0,0,0,0,243,37
17031817400,134,18,0,0,0,0,0,0,134,18,0,0,0,0,0,0,0,0,0,0,134,18,0,0,0,0,0,0,134,18
17031826202,305,49,0,0,0,0,0,0,305,49,53,7,0,0,0,0,0,0,53,7,358,56,0,0,0,0,0,0,358,56
17031660400,137,20,0,0,0,0,0,0,137,20,0,0,0,0,0,0,0,0,0,0,137,20,0,0,0,0,0,0,137,20
17197882601,154,23,0,0,0,0,0,0,154,23,0,0,0,0,0,0,0,0,0,0,154,23,0,0,0,0,0,0,154,23
17043845704,109,14,0,0,0,0,0,0,109,14,12,1,0,0,0,0,0,0,12,1,121,15,0,0,0,0,0,0,121,15
17197880702,45,8,0,0,0,0,0,0,45,8,22,3,0,0,0,0,0,0,22,3,67,11,0,0,0,0,0,0,67,11
17031040700,58,9,0,0,0,0,0,0,58,9,11,2,0,0,0,0,0,0,11,2,69,11,0,0,0,0,0,0,69,11
17089853004,193,28,0,0,0,0,0,0,193,28,14,2,200,1,0,0,0,0,214,3,207,30,200,1,0,0,0,0,407,31
17031190800,164,22,0,0,0,0,0,0,164,22,8,1,0,0,0,0,0,0,8,1,172,23,0,0,0,0,0,0,172,23
17031817300,112,18,0,0,0,0,0,0,112,18,10,1,0,0,0,0,0,0,10,1,122,19,0,0,0,0,0,0,122,19
17109010402,215,21,29,1,0,0,0,0,244,22,46,6,175,1,0,0,0,0,221,7,261,27,204,2,0,0,0,0,465,29
17031760802,46,6,0,0,0,0,0,0,46,6,0,0,0,0,0,0,0,0,0,0,46,6,0,0,0,0,0,0,46,6
17031030500,98,14,0,0,0,0,0,0,98,14,0,0,0,0,0,0,0,0,0,0,98,14,0,0,0,0,0,0,98,14
17043846509,9,2,36,1,0,0,0,0,45,3,0,0,0,0,0,0,0,0,0,0,9,2,36,1,0,0,0,0,45,3
17077011702,60,5,0,0,0,0,0,0,60,5,6,1,0,0,0,0,0,0,6,1,66,6,0,0,0,0,0,0,66,6
17031730600,238,31,0,0,0,0,0,0,238,31,63,8,0,0,0,0,0,0,63,8,301,39,0,0,0,0,0,0,301,39
17031830004,1119,139,375,1,0,0,0,0,1494,140,163,17,0,0,0,0,0,0,163,17,1282,156,375,1,0,0,0,0,1657,157
17089853007,271,43,0,0,0,0,0,0,271,43,27,3,0,0,0,0,0,0,27,3,298,46,0,0,0,0,0,0,298,46
17109010700,368,44,0,0,0,0,2000,1,2368,45,21,3,2000,1,0,0,0,0,2021,4,389,47,2000,1,0,0,2000,1,4389,49
17031835000,143,20,0,0,0,0,0,0,143,20,9,2,0,0,0,0,0,0,9,2,152,22,0,0,0,0,0,0,152,22
17031691400,128,20,0,0,0,0,0,0,128,20,6,1,150,1,0,0,0,0,156,2,134,21,150,1,0,0,0,0,284,22
17201004002,227,29,1500,1,0,0,0,0,1727,30,0,0,0,0,0,0,0,0,0,0,227,29,1500,1,0,0,0,0,1727,30
17031020602,90,15,0,0,0,0,0,0,90,15,0,0,0,0,0,0,0,0,0,0,90,15,0,0,0,0,0,0,90,15
17031110501,152,22,0,0,0,0,0,0,152,22,16,3,0,0,0,0,0,0,16,3,168,25,0,0,0,0,0,0,168,25
17157951000,606,60,0,0,0,0,0,0,606,60,53,4,0,0,0,0,0,0,53,4,659,64,0,0,0,0,0,0,659,64
17031650500,199,38,0,0,0,0,0,0,199,38,10,1,0,0,0,0,0,0,10,1,209,39,0,0,0,0,0,0,209,39
17031822900,121,17,0,0,0,0,0,0,121,17,9,1,0,0,0,0,0,0,9,1,130,18,0,0,0,0,0,0,130,18
17197880901,377,62,231,2,0,0,0,0,608,64,44,6,0,0,0,0,0,0,44,6,421,68,231,2,0,0,0,0,652,70
17031062700,10,3,0,0,0,0,0,0,10,3,0,0,0,0,0,0,0,0,0,0,10,3,0,0,0,0,0,0,10,3
17097864601,114,12,0,0,0,0,0,0,114,12,20,1,0,0,0,0,0,0,20,1,134,13,0,0,0,0,0,0,134,13
17197884103,343,44,900,1,0,0,0,0,1243,45,39,5,0,0,0,0,0,0,39,5,382,49,900,1,0,0,0,0,1282,50
17031560800,124,20,0,0,0,0,0,0,124,20,31,5,0,0,0,0,0,0,31,5,155,25,0,0,0,0,0,0,155,25
17007010300,534,82,0,0,0,0,0,0,534,82,48,8,0,0,0,0,0,0,48,8,582,90,0,0,0,0,0,0,582,90
17031110502,130,17,0,0,0,0,0,0,130,17,10,1,0,0,0,0,0,0,10,1,140,18,0,0,0,0,0,0,140,18
17031730201,140,22,50,1,0,0,0,0,190,23,18,2,0,0,0,0,0,0,18,2,158,24,50,1,0,0,0,0,208,25
17031821001,241,28,0,0,0,0,0,0,241,28,100,7,0,0,0,0,0,0,100,7,341,35,0,0,0,0,0,0,341,35
17169970100,171,20,0,0,0,0,0,0,171,20,8,1,1992,1,0,0,2000,1,4000,3,179,21,1992,1,0,0,2000,1,4171,23
17031691300,73,10,0,0,0,0,0,0,73,10,22,3,0,0,0,0,0,0,22,3,95,13,0,0,0,0,0,0,95,13
17143003602,790,99,2100,2,0,0,2000,1,4890,102,95,11,0,0,0,0,5000,1,5095,12,885,110,2100,2,0,0,7000,2,9985,114
17197883516,406,49,0,0,0,0,0,0,406,49,17,2,0,0,0,0,0,0,17,2,423,51,0,0,0,0,0,0,423,51
17031819400,173,28,173,1,0,0,0,0,346,29,23,3,0,0,0,0,0,0,23,3,196,31,173,1,0,0,0,0,369,32
17161023700,17,4,0,0,0,0,0,0,17,4,49,5,0,0,0,0,0,0,49,5,66,9,0,0,0,0,0,0,66,9
17199020202,577,53,0,0,0,0,0,0,577,53,23,2,5000,1,0,0,0,0,5023,3,600,55,5000,1,0,0,0,0,5600,56
17031808500,600,81,0,0,0,0,0,0,600,81,35,4,0,0,0,0,0,0,35,4,635,85,0,0,0,0,0,0,635,85
17097862902,58,12,0,0,0,0,0,0,58,12,9,2,0,0,0,0,0,0,9,2,67,14,0,0,0,0,0,0,67,14
17031801603,105,11,0,0,0,0,0,0,105,11,40,4,0,0,0,0,0,0,40,4,145,15,0,0,0,0,0,0,145,15
17019010100,87,10,0,0,0,0,0,0,87,10,0,0,0,0,0,0,0,0,0,0,87,10,0,0,0,0,0,0,87,10
17115001700,105,11,0,0,0,0,0,0,105,11,25,3,0,0,0,0,0,0,25,3,130,14,0,0,0,0,0,0,130,14
17001001100,1041,110,362,2,0,0,0,0,1403,112,191,18,0,0,0,0,0,0,191,18,1232,128,362,2,0,0,0,0,1594,130
17089854402,373,51,0,0,0,0,0,0,373,51,56,5,0,0,0,0,0,0,56,5,429,56,0,0,0,0,0,0,429,56
17031490902,174,38,0,0,0,0,0,0,174,38,36,5,100,1,0,0,0,0,136,6,210,43,100,1,0,0,0,0,310,44
17031816402,171,25,0,0,0,0,0,0,171,25,4,1,143,2,0,0,0,0,147,3,175,26,143,2,0,0,0,0,318,28
17031491000,15,3,0,0,0,0,0,0,15,3,3,1,0,0,0,0,0,0,3,1,18,4,0,0,0,0,0,0,18,4
17031251200,120,20,0,0,0,0,0,0,120,20,30,3,0,0,0,0,0,0,30,3,150,23,0,0,0,0,0,0,150,23
17201000512,582,72,0,0,0,0,0,0,582,72,29,4,5688,2,0,0,0,0,5717,6,611,76,5688,2,0,0,0,0,6299,78
17031806300,315,47,0,0,0,0,0,0,315,47,10,2,0,0,0,0,0,0,10,2,325,49,0,0,0,0,0,0,325,49
17031090100,127,20,0,0,0,0,0,0,127,20,0,0,0,0,0,0,0,0,0,0,127,20,0,0,0,0,0,0,127,20
17031806400,124,17,0,0,0,0,0,0,124,17,12,1,0,0,0,0,0,0,12,1,136,18,0,0,0,0,0,0,136,18
17031804804,483,60,154,2,0,0,0,0,637,62,107,12,1580,2,0,0,0,0,1687,14,590,72,1734,4,0,0,0,0,2324,76
17143003101,791,103,0,0,0,0,0,0,791,103,127,14,0,0,0,0,0,0,127,14,918,117,0,0,0,0,0,0,918,117
17031811100,112,19,0,0,0,0,0,0,112,19,15,3,0,0,0,0,0,0,15,3,127,22,0,0,0,0,0,0,127,22
17167002002,101,9,180,1,0,0,0,0,281,10,0,0,0,0,0,0,0,0,0,0,101,9,180,1,0,0,0,0,281,10
17031816300,293,48,0,0,0,0,0,0,293,48,45,6,0,0,0,0,0,0,45,6,338,54,0,0,0,0,0,0,338,54
17031250700,89,12,0,0,0,0,0,0,89,12,46,2,0,0,0,0,0,0,46,2,135,14,0,0,0,0,0,0,135,14
17097863604,71,10,0,0,0,0,0,0,71,10,0,0,0,0,0,0,0,0,0,0,71,10,0,0,0,0,0,0,71,10
17031460400,158,24,0,0,0,0,0,0,158,24,12,1,0,0,0,0,0,0,12,1,170,25,0,0,0,0,0,0,170,25
17031823703,288,38,445,3,0,0,0,0,733,41,30,3,0,0,0,0,0,0,30,3,318,41,445,3,0,0,0,0,763,44
17031221400,20,4,0,0,0,0,0,0,20,4,4,1,0,0,0,0,0,0,4,1,24,5,0,0,0,0,0,0,24,5
17097860500,244,40,0,0,0,0,0,0,244,40,26,3,0,0,0,0,0,0,26,3,270,43,0,0,0,0,0,0,270,43
17031800900,271,39,0,0,0,0,0,0,271,39,42,4,0,0,0,0,0,0,42,4,313,43,0,0,0,0,0,0,313,43
17201003901,840,100,0,0,0,0,0,0,840,100,36,3,0,0,0,0,0,0,36,3,876,103,0,0,0,0,0,0,876,103
17031817900,215,32,660,1,0,0,0,0,875,33,32,5,0,0,0,0,0,0,32,5,247,37,660,1,0,0,0,0,907,38
17089853602,271,40,0,0,0,0,0,0,271,40,10,1,0,0,0,0,0,0,10,1,281,41,0,0,0,0,0,0,281,41
17031160100,117,18,0,0,0,0,0,0,117,18,23,1,0,0,0,0,0,0,23,1,140,19,0,0,0,0,0,0,140,19
17111870808,276,35,0,0,0,0,0,0,276,35,21,2,0,0,0,0,0,0,21,2,297,37,0,0,0,0,0,0,297,37
17031804808,207,29,0,0,0,0,0,0,207,29,14,1,0,0,0,0,0,0,14,1,221,30,0,0,0,0,0,0,221,30
17031150200,169,25,0,0,0,0,0,0,169,25,0,0,0,0,0,0,0,0,0,0,169,25,0,0,0,0,0,0,169,25
17031811701,103,11,598,2,0,0,4900,2,5601,15,0,0,13310,6,0,0,3500,1,16810,7,103,11,13908,8,0,0,8400,3,22411,22
17031220602,63,8,0,0,0,0,0,0,63,8,0,0,0,0,0,0,0,0,0,0,63,8,0,0,0,0,0,0,63,8
17031140800,251,36,0,0,0,0,0,0,251,36,5,1,0,0,0,0,0,0,5,1,256,37,0,0,0,0,0,0,256,37
17031816900,241,42,0,0,0,0,0,0,241,42,76,11,0,0,0,0,0,0,76,11,317,53,0,0,0,0,0,0,317,53
17031200401,17,4,0,0,0,0,0,0,17,4,0,0,0,0,0,0,0,0,0,0,17,4,0,0,0,0,0,0,17,4
17031130200,102,15,0,0,0,0,0,0,102,15,13,2,527,2,0,0,0,0,540,4,115,17,527,2,0,0,0,0,642,19
17197881010,320,40,0,0,0,0,0,0,320,40,28,3,0,0,0,0,0,0,28,3,348,43,0,0,0,0,0,0,348,43
17065973200,252,18,0,0,0,0,0,0,252,18,6,1,0,0,0,0,0,0,6,1,258,19,0,0,0,0,0,0,258,19
17031805105,131,17,0,0,0,0,0,0,131,17,35,5,0,0,0,0,0,0,35,5,166,22,0,0,0,0,0,0,166,22
17031841200,23,4,0,0,0,0,0,0,23,4,0,0,0,0,0,0,0,0,0,0,23,4,0,0,0,0,0,0,23,4
17015960300,200,23,0,0,0,0,0,0,200,23,31,6,0,0,0,0,0,0,31,6,231,29,0,0,0,0,0,0,231,29
17197881800,109,18,0,0,0,0,0,0,109,18,28,3,0,0,0,0,0,0,28,3,137,21,0,0,0,0,0,0,137,21
17197883606,875,103,1998,1,0,0,2000,1,4873,105,75,8,0,0,0,0,0,0,75,8,950,111,1998,1,0,0,2000,1,4948,113
17031824116,170,20,0,0,0,0,0,0,170,20,23,3,0,0,0,0,0,0,23,3,193,23,0,0,0,0,0,0,193,23
17031450300,194,28,100,1,0,0,0,0,294,29,33,4,320,1,0,0,0,0,353,5,227,32,420,2,0,0,0,0,647,34
17031824128,302,36,0,0,0,0,0,0,302,36,50,3,0,0,0,0,0,0,50,3,352,39,0,0,0,0,0,0,352,39
17125956500,295,31,750,2,0,0,0,0,1045,33,37,4,500,1,0,0,0,0,537,5,332,35,1250,3,0,0,0,0,1582,38
17043846510,152,21,0,0,0,0,0,0,152,21,12,1,634,2,0,0,0,0,646,3,164,22,634,2,0,0,0,0,798,24
17179020600,257,39,0,0,0,0,0,0,257,39,70,8,0,0,0,0,0,0,70,8,327,47,0,0,0,0,0,0,327,47
17031820104,170,22,0,0,0,0,0,0,170,22,9,1,0,0,0,0,0,0,9,1,179,23,0,0,0,0,0,0,179,23
17089854505,482,61,0,0,0,0,0,0,482,61,44,4,4990,1,0,0,0,0,5034,5,526,65,4990,1,0,0,0,0,5516,66
17197883904,454,48,0,0,0,0,0,0,454,48,32,4,13940,4,0,0,0,0,13972,8,486,52,13940,4,0,0,0,0,14426,56
17007010102,232,36,68,1,0,0,0,0,300,37,14,2,0,0,0,0,0,0,14,2,246,38,68,1,0,0,0,0,314,39
17045070300,261,31,78,2,0,0,0,0,339,33,95,8,5000,1,0,0,0,0,5095,9,356,39,5078,3,0,0,0,0,5434,42
17197883510,649,79,0,0,0,0,0,0,649,79,78,7,0,0,0,0,0,0,78,7,727,86,0,0,0,0,0,0,727,86
17111870501,505,54,0,0,0,0,0,0,505,54,32,3,0,0,0,0,0,0,32,3,537,57,0,0,0,0,0,0,537,57
17089854401,227,32,0,0,0,0,0,0,227,32,19,3,3000,1,0,0,0,0,3019,4,246,35,3000,1,0,0,0,0,3246,36
17031590500,49,9,0,0,0,0,0,0,49,9,0,0,0,0,0,0,0,0,0,0,49,9,0,0,0,0,0,0,49,9
17043845601,119,17,0,0,0,0,0,0,119,17,19,2,0,0,0,0,0,0,19,2,138,19,0,0,0,0,0,0,138,19
17031020701,70,12,0,0,0,0,0,0,70,12,0,0,0,0,0,0,0,0,0,0,70,12,0,0,0,0,0,0,70,12
17197883212,626,74,0,0,0,0,0,0,626,74,64,7,4990,1,0,0,0,0,5054,8,690,81,4990,1,0,0,0,0,5680,82
17197882900,54,8,60,1,0,0,0,0,114,9,33,4,0,0,0,0,0,0,33,4,87,12,60,1,0,0,0,0,147,13
17089851600,256,42,0,0,0,0,0,0,256,42,27,3,0,0,0,0,0,0,27,3,283,45,0,0,0,0,0,0,283,45
17031822702,112,13,0,0,0,0,0,0,112,13,6,1,0,0,0,0,0,0,6,1,118,14,0,0,0,0,0,0,118,14
17097864518,465,62,0,0,0,0,0,0,465,62,80,7,0,0,0,0,0,0,80,7,545,69,0,0,0,0,0,0,545,69
17197880502,237,34,0,0,0,0,0,0,237,34,0,0,11250,3,0,0,3100,1,14350,4,237,34,11250,3,0,0,3100,1,14587,38
17031301600,45,7,0,0,0,0,0,0,45,7,0,0,0,0,0,0,0,0,0,0,45,7,0,0,0,0,0,0,45,7
17197883806,300,31,0,0,0,0,0,0,300,31,8,1,4000,1,0,0,0,0,4008,2,308,32,4000,1,0,0,0,0,4308,33
17031830006,93,14,0,0,0,0,0,0,93,14,14,2,100,2,0,0,0,0,114,4,107,16,100,2,0,0,0,0,207,18
17031842100,122,20,188,1,0,0,0,0,310,21,12,2,0,0,0,0,0,0,12,2,134,22,188,1,0,0,0,0,322,23
17031816600,108,21,0,0,0,0,0,0,108,21,5,1,0,0,0,0,0,0,5,1,113,22,0,0,0,0,0,0,113,22
17089852201,72,11,0,0,0,0,0,0,72,11,0,0,0,0,0,0,0,0,0,0,72,11,0,0,0,0,0,0,72,11
17031823002,227,32,150,1,0,0,0,0,377,33,42,4,0,0,0,0,0,0,42,4,269,36,150,1,0,0,0,0,419,37
17043843800,140,18,0,0,0,0,0,0,140,18,22,2,0,0,0,0,0,0,22,2,162,20,0,0,0,0,0,0,162,20
17031810501,226,31,0,0,0,0,0,0,226,31,16,2,0,0,0,0,0,0,16,2,242,33,0,0,0,0,0,0,242,33
17151971300,25,2,30,1,0,0,0,0,55,3,0,0,0,0,0,0,0,0,0,0,25,2,30,1,0,0,0,0,55,3
17001010600,872,89,2050,3,0,0,1500,1,4422,93,111,9,1460,3,0,0,140000,1,141571,13,983,98,3510,6,0,0,141500,2,145993,106
17091010701,477,58,0,0,0,0,7000,2,7477,60,10,1,6789,4,0,0,0,0,6799,5,487,59,6789,4,0,0,7000,2,14276,65
17031561100,269,46,0,0,0,0,0,0,269,46,18,2,0,0,0,0,0,0,18,2,287,48,0,0,0,0,0,0,287,48
17031491200,56,10,0,0,0,0,0,0,56,10,14,2,0,0,0,0,0,0,14,2,70,12,0,0,0,0,0,0,70,12
17089852404,200,17,0,0,0,0,0,0,200,17,55,3,0,0,0,0,0,0,55,3,255,20,0,0,0,0,0,0,255,20
17031824114,171,21,0,0,0,0,0,0,171,21,42,4,0,0,0,0,0,0,42,4,213,25,0,0,0,0,0,0,213,25
17089850202,175,31,0,0,0,0,1300,1,1475,32,32,4,0,0,0,0,0,0,32,4,207,35,0,0,0,0,1300,1,1507,36
17031720400,53,11,0,0,0,0,0,0,53,11,0,0,0,0,0,0,0,0,0,0,53,11,0,0,0,0,0,0,53,11
17031520400,124,20,0,0,0,0,0,0,124,20,25,3,0,0,0,0,0,0,25,3,149,23,0,0,0,0,0,0,149,23
17031720100,147,24,50,1,0,0,0,0,197,25,16,2,0,0,0,0,0,0,16,2,163,26,50,1,0,0,0,0,213,27
17119403502,496,53,52,1,0,0,0,0,548,54,85,7,5000,1,0,0,0,0,5085,8,581,60,5052,2,0,0,0,0,5633,62
17197880602,172,23,0,0,0,0,0,0,172,23,36,4,0,0,0,0,3400,1,3436,5,208,27,0,0,0,0,3400,1,3608,28
17031825803,406,57,0,0,0,0,0,0,406,57,157,18,5000,1,0,0,0,0,5157,19,563,75,5000,1,0,0,0,0,5563,76
17037000401,425,50,175,1,0,0,2000,1,2600,52,95,7,0,0,0,0,0,0,95,7,520,57,175,1,0,0,2000,1,2695,59
17159978100,423,50,0,0,0,0,0,0,423,50,81,9,0,0,0,0,0,0,81,9,504,59,0,0,0,0,0,0,504,59
17097863300,35,6,0,0,0,0,0,0,35,6,0,0,0,0,0,0,0,0,0,0,35,6,0,0,0,0,0,0,35,6
17033880200,206,24,0,0,0,0,0,0,206,24,4,1,4000,1,0,0,0,0,4004,2,210,25,4000,1,0,0,0,0,4210,26
17031580400,57,12,0,0,0,0,0,0,57,12,9,2,0,0,0,0,0,0,9,2,66,14,0,0,0,0,0,0,66,14
17031822200,243,37,0,0,0,0,0,0,243,37,40,5,0,0,0,0,0,0,40,5,283,42,0,0,0,0,0,0,283,42
17075950900,91,11,75,1,0,0,0,0,166,12,92,7,0,0,0,0,0,0,92,7,183,18,75,1,0,0,0,0,258,19
17031063100,26,2,0,0,0,0,0,0,26,2,0,0,0,0,0,0,0,0,0,0,26,2,0,0,0,0,0,0,26,2
17031803701,104,13,0,0,0,0,0,0,104,13,6,1,0,0,0,0,0,0,6,1,110,14,0,0,0,0,0,0,110,14
17031070103,2,1,0,0,0,0,0,0,2,1,0,0,0,0,0,0,0,0,0,0,2,1,0,0,0,0,0,0,2,1
17031120300,241,33,0,0,0,0,0,0,241,33,52,4,0,0,0,0,0,0,52,4,293,37,0,0,0,0,0,0,293,37
17197880601,164,23,0,0,0,0,0,0,164,23,14,2,0,0,0,0,0,0,14,2,178,25,0,0,0,0,0,0,178,25
17043846408,691,98,0,0,0,0,0,0,691,98,59,6,0,0,0,0,0,0,59,6,750,104,0,0,0,0,0,0,750,104
17031828802,389,61,0,0,0,0,0,0,389,61,39,4,0,0,0,0,0,0,39,4,428,65,0,0,0,0,0,0,428,65
17045070200,218,21,0,0,0,0,0,0,218,21,10,1,0,0,0,0,0,0,10,1,228,22,0,0,0,0,0,0,228,22
17141961600,23,3,0,0,0,0,300,1,323,4,0,0,0,0,0,0,0,0,0,0,23,3,0,0,0,0,300,1,323,4
17197881401,265,40,0,0,0,0,0,0,265,40,30,4,0,0,0,0,0,0,30,4,295,44,0,0,0,0,0,0,295,44
17031827805,704,87,315,1,0,0,0,0,1019,88,90,6,0,0,0,0,0,0,90,6,794,93,315,1,0,0,0,0,1109,94
17031560700,109,15,0,0,0,0,0,0,109,15,5,1,0,0,0,0,0,0,5,1,114,16,0,0,0,0,0,0,114,16
17043846604,159,25,100,1,0,0,0,0,259,26,41,4,720,1,0,0,0,0,761,5,200,29,820,2,0,0,0,0,1020,31
17031806502,268,41,0,0,0,0,0,0,268,41,50,5,0,0,0,0,0,0,50,5,318,46,0,0,0,0,0,0,318,46
17031610800,20,3,0,0,0,0,0,0,20,3,12,1,0,0,0,0,0,0,12,1,32,4,0,0,0,0,0,0,32,4
17043840600,260,35,0,0,0,0,0,0,260,35,20,2,0,0,0,0,0,0,20,2,280,37,0,0,0,0,0,0,280,37
17065973300,180,16,100,1,0,0,0,0,280,17,45,4,0,0,0,0,0,0,45,4,225,20,100,1,0,0,0,0,325,21
17201003708,373,45,990,3,0,0,0,0,1363,48,89,7,5000,1,0,0,0,0,5089,8,462,52,5990,4,0,0,0,0,6452,56
17093890702,1015,126,0,0,0,0,0,0,1015,126,290,24,0,0,0,0,0,0,290,24,1305,150,0,0,0,0,0,0,1305,150
17031811200,186,31,110,1,0,0,0,0,296,32,28,2,1430,1,0,0,0,0,1458,3,214,33,1540,2,0,0,0,0,1754,35
17089852905,241,39,580,3,0,0,0,0,821,42,41,7,0,0,0,0,0,0,41,7,282,46,580,3,0,0,0,0,862,49
17031813100,506,81,0,0,0,0,0,0,506,81,65,8,0,0,0,0,0,0,65,8,571,89,0,0,0,0,0,0,571,89
17077010100,653,56,135,2,0,0,0,0,788,58,90,7,0,0,0,0,0,0,90,7,743,63,135,2,0,0,0,0,878,65
17089850106,674,83,0,0,0,0,0,0,674,83,48,6,34,1,0,0,0,0,82,7,722,89,34,1,0,0,0,0,756,90
17031808100,53,8,0,0,0,0,0,0,53,8,14,3,0,0,0,0,0,0,14,3,67,11,0,0,0,0,0,0,67,11
17031827100,49,8,0,0,0,0,0,0,49,8,126,13,0,0,0,0,0,0,126,13,175,21,0,0,0,0,0,0,175,21
17043846202,320,46,0,0,0,0,0,0,320,46,46,4,0,0,0,0,0,0,46,4,366,50,0,0,0,0,0,0,366,50
17031200402,50,7,0,0,0,0,0,0,50,7,5,1,0,0,0,0,0,0,5,1,55,8,0,0,0,0,0,0,55,8
17097863801,137,19,35,1,0,0,0,0,172,20,0,0,0,0,0,0,0,0,0,0,137,19,35,1,0,0,0,0,172,20
17031711300,80,12,0,0,0,0,0,0,80,12,10,1,0,0,0,0,0,0,10,1,90,13,0,0,0,0,0,0,90,13
17031803616,108,13,0,0,0,0,0,0,108,13,4,1,0,0,0,0,0,0,4,1,112,14,0,0,0,0,0,0,112,14
17043846201,99,15,0,0,0,0,0,0,99,15,0,0,0,0,0,0,0,0,0,0,99,15,0,0,0,0,0,0,99,15
17031250200,54,9,100,1,0,0,0,0,154,10,38,4,0,0,0,0,0,0,38,4,92,13,100,1,0,0,0,0,192,14
17031827901,359,49,34,1,0,0,0,0,393,50,32,3,1320,2,0,0,0,0,1352,5,391,52,1354,3,0,0,0,0,1745,55
17031252201,23,4,420,2,0,0,0,0,443,6,0,0,0,0,0,0,0,0,0,0,23,4,420,2,0,0,0,0,443,6
17043841706,129,17,0,0,0,0,0,0,129,17,15,1,34,1,0,0,0,0,49,2,144,18,34,1,0,0,0,0,178,19
17031711000,109,15,0,0,0,0,0,0,109,15,30,4,0,0,0,0,0,0,30,4,139,19,0,0,0,0,0,0,139,19
17031827000,176,26,0,0,0,0,0,0,176,26,46,6,0,0,0,0,0,0,46,6,222,32,0,0,0,0,0,0,222,32
17031821402,329,49,0,0,0,0,0,0,329,49,60,6,400,1,0,0,0,0,460,7,389,55,400,1,0,0,0,0,789,56
17197883208,176,23,0,0,0,0,0,0,176,23,24,2,0,0,0,0,0,0,24,2,200,25,0,0,0,0,0,0,200,25
17031251100,47,8,0,0,0,0,0,0,47,8,10,1,0,0,0,0,0,0,10,1,57,9,0,0,0,0,0,0,57,9
17201001900,305,50,0,0,0,0,0,0,305,50,52,6,0,0,0,0,0,0,52,6,357,56,0,0,0,0,0,0,357,56
17197882300,118,17,0,0,0,0,0,0,118,17,20,2,0,0,0,0,0,0,20,2,138,19,0,0,0,0,0,0,138,19
17197883511,273,37,0,0,0,0,0,0,273,37,0,0,0,0,0,0,0,0,0,0,273,37,0,0,0,0,0,0,273,37
17091010300,491,47,0,0,0,0,2000,1,2491,48,72,7,425,1,0,0,300000,1,300497,9,563,54,425,1,0,0,302000,2,302988,57
17031710500,125,20,0,0,0,0,0,0,125,20,12,1,0,0,0,0,0,0,12,1,137,21,0,0,0,0,0,0,137,21
17037000900,548,69,0,0,0,0,0,0,548,69,47,5,500,2,0,0,0,0,547,7,595,74,500,2,0,0,0,0,1095,76
17201003602,257,34,0,0,0,0,0,0,257,34,39,4,1500,1,0,0,0,0,1539,5,296,38,1500,1,0,0,0,0,1796,39
17031834200,114,18,0,0,0,0,0,0,114,18,31,3,0,0,0,0,0,0,31,3,145,21,0,0,0,0,0,0,145,21
17031825400,188,27,0,0,0,0,0,0,188,27,9,1,0,0,0,0,0,0,9,1,197,28,0,0,0,0,0,0,197,28
17031810200,112,17,0,0,0,0,0,0,112,17,6,1,0,0,0,0,0,0,6,1,118,18,0,0,0,0,0,0,118,18
17201003811,346,46,74,1,0,0,0,0,420,47,20,2,0,0,0,0,0,0,20,2,366,48,74,1,0,0,0,0,440,49
17043841504,81,15,0,0,0,0,0,0,81,15,13,2,0,0,0,0,0,0,13,2,94,17,0,0,0,0,0,0,94,17
17201003806,1300,176,0,0,0,0,0,0,1300,176,141,14,0,0,0,0,0,0,141,14,1441,190,0,0,0,0,0,0,1441,190
17097861013,187,25,0,0,0,0,0,0,187,25,30,3,0,0,0,0,0,0,30,3,217,28,0,0,0,0,0,0,217,28
17031826402,462,73,0,0,0,0,0,0,462,73,145,15,0,0,0,0,0,0,145,15,607,88,0,0,0,0,0,0,607,88
17119401721,844,84,0,0,0,0,0,0,844,84,141,16,0,0,0,0,0,0,141,16,985,100,0,0,0,0,0,0,985,100
17031820800,112,18,740,2,0,0,0,0,852,20,17,3,0,0,0,0,0,0,17,3,129,21,740,2,0,0,0,0,869,23
17031040201,124,15,0,0,0,0,0,0,124,15,0,0,0,0,0,0,0,0,0,0,124,15,0,0,0,0,0,0,124,15
17043841605,189,27,3836,3,0,0,1800,1,5825,31,0,0,3410,1,0,0,0,0,3410,1,189,27,7246,4,0,0,1800,1,9235,32
17031824127,313,40,0,0,0,0,0,0,313,40,25,3,0,0,0,0,0,0,25,3,338,43,0,0,0,0,0,0,338,43
17031580300,27,4,0,0,0,0,0,0,27,4,0,0,0,0,0,0,0,0,0,0,27,4,0,0,0,0,0,0,27,4
17201001600,266,45,0,0,0,0,0,0,266,45,65,8,0,0,0,0,0,0,65,8,331,53,0,0,0,0,0,0,331,53
17031050800,39,6,0,0,0,0,0,0,39,6,0,0,0,0,0,0,0,0,0,0,39,6,0,0,0,0,0,0,39,6
17097863601,187,20,0,0,0,0,0,0,187,20,30,3,33,1,0,0,0,0,63,4,217,23,33,1,0,0,0,0,250,24
17201002400,138,18,0,0,0,0,0,0,138,18,0,0,7000,2,0,0,0,0,7000,2,138,18,7000,2,0,0,0,0,7138,20
17031805402,404,60,0,0,0,0,0,0,404,60,51,6,0,0,0,0,0,0,51,6,455,66,0,0,0,0,0,0,455,66
17037001004,202,23,300,1,0,0,0,0,502,24,24,3,9996,2,0,0,0,0,10020,5,226,26,10296,3,0,0,0,0,10522,29
17031491100,427,64,0,0,0,0,0,0,427,64,70,8,0,0,0,0,0,0,70,8,497,72,0,0,0,0,0,0,497,72
17197880510,173,23,0,0,0,0,0,0,173,23,49,5,0,0,0,0,0,0,49,5,222,28,0,0,0,0,0,0,222,28
17057953800,203,22,0,0,0,0,0,0,203,22,78,7,0,0,0,0,0,0,78,7,281,29,0,0,0,0,0,0,281,29
17031740300,76,12,0,0,0,0,0,0,76,12,10,2,0,0,0,0,0,0,10,2,86,14,0,0,0,0,0,0,86,14
17031730500,206,34,0,0,0,0,0,0,206,34,52,6,0,0,0,0,0,0,52,6,258,40,0,0,0,0,0,0,258,40
17031050500,129,16,0,0,0,0,0,0,129,16,14,2,0,0,0,0,0,0,14,2,143,18,0,0,0,0,0,0,143,18
17197881201,91,14,0,0,0,0,0,0,91,14,21,2,410,1,0,0,0,0,431,3,112,16,410,1,0,0,0,0,522,17
17101880700,105,11,36,1,0,0,0,0,141,12,49,4,0,0,0,0,0,0,49,4,154,15,36,1,0,0,0,0,190,16
17031430600,65,8,0,0,0,0,0,0,65,8,37,2,0,0,0,0,0,0,37,2,102,10,0,0,0,0,0,0,102,10
17031804611,414,56,0,0,0,0,0,0,414,56,58,6,0,0,0,0,0,0,58,6,472,62,0,0,0,0,0,0,472,62
17191955200,35,3,40,1,0,0,0,0,75,4,180,18,319,1,0,0,0,0,499,19,215,21,359,2,0,0,0,0,574,23
17031826401,286,46,0,0,0,0,0,0,286,46,20,3,0,0,0,0,0,0,20,3,306,49,0,0,0,0,0,0,306,49
17031252102,61,10,0,0,0,0,0,0,61,10,6,1,0,0,0,0,0,0,6,1,67,11,0,0,0,0,0,0,67,11
17097862300,44,7,0,0,0,0,0,0,44,7,0,0,0,0,0,0,0,0,0,0,44,7,0,0,0,0,0,0,44,7
17043846513,374,47,0,0,0,0,0,0,374,47,23,3,0,0,0,0,0,0,23,3,397,50,0,0,0,0,0,0,397,50
17031242500,38,6,0,0,0,0,0,0,38,6,0,0,0,0,0,0,0,0,0,0,38,6,0,0,0,0,0,0,38,6
17089852805,347,42,0,0,0,0,0,0,347,42,58,7,0,0,0,0,0,0,58,7,405,49,0,0,0,0,0,0,405,49
17031823400,238,41,767,1,0,0,0,0,1005,42,34,5,0,0,0,0,0,0,34,5,272,46,767,1,0,0,0,0,1039,47
17197881604,120,17,0,0,0,0,0,0,120,17,24,2,323,2,0,0,0,0,347,4,144,19,323,2,0,0,0,0,467,21
17097861304,180,29,0,0,0,0,0,0,180,29,30,2,0,0,0,0,0,0,30,2,210,31,0,0,0,0,0,0,210,31
17031818300,261,42,0,0,0,0,0,0,261,42,27,4,500,1,0,0,0,0,527,5,288,46,500,1,0,0,0,0,788,47
17031806006,160,26,0,0,0,0,0,0,160,26,23,3,0,0,0,0,0,0,23,3,183,29,0,0,0,0,0,0,183,29
17031810400,211,31,86,1,0,0,0,0,297,32,22,3,0,0,0,0,0,0,22,3,233,34,86,1,0,0,0,0,319,35
17097863202,129,14,0,0,0,0,0,0,129,14,48,3,0,0,0,0,0,0,48,3,177,17,0,0,0,0,0,0,177,17
17031670800,8,2,0,0,0,0,0,0,8,2,5,1,0,0,0,0,0,0,5,1,13,3,0,0,0,0,0,0,13,3
17031826301,420,58,0,0,0,0,0,0,420,58,42,6,0,0,0,0,0,0,42,6,462,64,0,0,0,0,0,0,462,64
17157950800,196,17,575,2,0,0,0,0,771,19,43,3,0,0,0,0,0,0,43,3,239,20,575,2,0,0,0,0,814,22
17031020601,43,8,0,0,0,0,0,0,43,8,6,1,0,0,0,0,0,0,6,1,49,9,0,0,0,0,0,0,49,9
17031410900,18,3,0,0,0,0,0,0,18,3,10,1,0,0,0,0,0,0,10,1,28,4,0,0,0,0,0,0,28,4
17031150600,105,18,0,0,0,0,0,0,105,18,0,0,0,0,0,0,0,0,0,0,105,18,0,0,0,0,0,0,105,18
17031801901,94,10,0,0,0,0,0,0,94,10,10,1,0,0,0,0,0,0,10,1,104,11,0,0,0,0,0,0,104,11
17031821200,171,28,0,0,0,0,0,0,171,28,38,4,0,0,0,0,0,0,38,4,209,32,0,0,0,0,0,0,209,32
17179021802,525,48,0,0,0,0,0,0,525,48,180,13,0,0,0,0,0,0,180,13,705,61,0,0,0,0,0,0,705,61
17163504351,608,68,0,0,0,0,0,0,608,68,87,10,0,0,0,0,0,0,87,10,695,78,0,0,0,0,0,0,695,78
17031580700,55,12,0,0,0,0,0,0,55,12,5,1,0,0,0,0,0,0,5,1,60,13,0,0,0,0,0,0,60,13
17197882702,54,7,0,0,0,0,0,0,54,7,0,0,0,0,0,0,0,0,0,0,54,7,0,0,0,0,0,0,54,7
17119400903,361,41,448,3,0,0,0,0,809,44,79,8,600,1,0,0,0,0,679,9,440,49,1048,4,0,0,0,0,1488,53
17165955700,349,26,0,0,0,0,0,0,349,26,18,2,0,0,0,0,0,0,18,2,367,28,0,0,0,0,0,0,367,28
17031061200,39,5,0,0,0,0,0,0,39,5,0,0,0,0,0,0,0,0,0,0,39,5,0,0,0,0,0,0,39,5
17031160800,68,12,0,0,0,0,0,0,68,12,22,2,0,0,0,0,0,0,22,2,90,14,0,0,0,0,0,0,90,14
17179021603,1536,143,2500,5,0,0,0,0,4036,148,158,12,5000,1,0,0,0,0,5158,13,1694,155,7500,6,0,0,0,0,9194,161
17031770902,73,11,0,0,0,0,0,0,73,11,17,1,0,0,0,0,0,0,17,1,90,12,0,0,0,0,0,0,90,12
17047956900,220,17,0,0,0,0,0,0,220,17,42,3,0,0,0,0,0,0,42,3,262,20,0,0,0,0,0,0,262,20
17031241400,46,6,0,0,0,0,0,0,46,6,8,1,0,0,0,0,0,0,8,1,54,7,0,0,0,0,0,0,54,7
17097862700,71,15,0,0,0,0,0,0,71,15,32,3,0,0,0,0,0,0,32,3,103,18,0,0,0,0,0,0,103,18
17081050800,120,13,252,3,0,0,0,0,372,16,42,5,0,0,0,0,0,0,42,5,162,18,252,3,0,0,0,0,414,21
17143001900,22,3,0,0,0,0,0,0,22,3,12,1,0,0,0,0,0,0,12,1,34,4,0,0,0,0,0,0,34,4
17031831100,102,14,150,2,0,0,0,0,252,16,3,1,0,0,0,0,0,0,3,1,105,15,150,2,0,0,0,0,255,17
17031830900,47,5,638,2,0,0,0,0,685,7,0,0,60,1,0,0,0,0,60,1,47,5,698,3,0,0,0,0,745,8
17031828402,114,16,530,2,0,0,0,0,644,18,24,3,700,1,0,0,0,0,724,4,138,19,1230,3,0,0,0,0,1368,22
17091012000,152,17,1000,1,0,0,0,0,1152,18,10,1,0,0,0,0,0,0,10,1,162,18,1000,1,0,0,0,0,1162,19
17119401200,164,19,349,2,0,0,0,0,513,21,7,1,0,0,0,0,0,0,7,1,171,20,349,2,0,0,0,0,520,22
17161021000,41,4,0,0,0,0,0,0,41,4,0,0,0,0,0,0,0,0,0,0,41,4,0,0,0,0,0,0,41,4
17031220601,33,5,0,0,0,0,0,0,33,5,12,1,0,0,0,0,0,0,12,1,45,6,0,0,0,0,0,0,45,6
17113001107,240,33,0,0,0,0,0,0,240,33,20,2,0,0,0,0,0,0,20,2,260,35,0,0,0,0,0,0,260,35
17029001200,145,20,144,1,0,0,0,0,289,21,29,2,0,0,0,0,0,0,29,2,174,22,144,1,0,0,0,0,318,23
17031811401,199,35,412,2,0,0,0,0,611,37,24,3,0,0,0,0,0,0,24,3,223,38,412,2,0,0,0,0,635,40
17089854600,22,4,68,1,0,0,0,0,90,5,13,2,0,0,0,0,0,0,13,2,35,6,68,1,0,0,0,0,103,7
17089853402,75,13,0,0,0,0,0,0,75,13,23,4,0,0,0,0,0,0,23,4,98,17,0,0,0,0,0,0,98,17
17113005103,183,22,0,0,0,0,0,0,183,22,0,0,0,0,0,0,0,0,0,0,183,22,0,0,0,0,0,0,183,22
17091010500,298,34,0,0,0,0,0,0,298,34,88,8,4950,1,0,0,0,0,5038,9,386,42,4950,1,0,0,0,0,5336,43
17091010602,313,45,283,1,0,0,0,0,596,46,58,7,5000,1,0,0,0,0,5058,8,371,52,5283,2,0,0,0,0,5654,54
17043844802,81,10,0,0,0,0,0,0,81,10,18,2,0,0,0,0,0,0,18,2,99,12,0,0,0,0,0,0,99,12
17119401102,256,35,50,1,0,0,0,0,306,36,81,8,0,0,0,0,0,0,81,8,337,43,50,1,0,0,0,0,387,44
17031380600,12,2,0,0,0,0,0,0,12,2,0,0,0,0,0,0,0,0,0,0,12,2,0,0,0,0,0,0,12,2
17119400200,108,18,2300,2,0,0,2000,1,4408,21,66,11,4000,1,0,0,0,0,4066,12,174,29,6300,3,0,0,2000,1,8474,33
17019010400,820,81,291,6,0,0,0,0,1111,87,161,15,0,0,0,0,0,0,161,15,981,96,291,6,0,0,0,0,1272,102
17179021202,556,65,0,0,0,0,0,0,556,65,92,8,0,0,0,0,0,0,92,8,648,73,0,0,0,0,0,0,648,73
17201000300,294,39,0,0,0,0,0,0,294,39,33,5,1620,1,0,0,0,0,1653,6,327,44,1620,1,0,0,0,0,1947,45
17087977800,116,12,50,1,0,0,0,0,166,13,62,6,3999,2,0,0,0,0,4061,8,178,18,4049,3,0,0,0,0,4227,21
17137951600,139,15,0,0,0,0,0,0,139,15,49,6,0,0,0,0,0,0,49,6,188,21,0,0,0,0,0,0,188,21
17105960600,213,25,0,0,0,0,0,0,213,25,19,3,0,0,0,0,0,0,19,3,232,28,0,0,0,0,0,0,232,28
17097861303,201,37,0,0,0,0,0,0,201,37,25,5,0,0,0,0,0,0,25,5,226,42,0,0,0,0,0,0,226,42
17031840000,104,13,0,0,0,0,0,0,104,13,34,3,0,0,0,0,0,0,34,3,138,16,0,0,0,0,0,0,138,16
17031812802,34,6,0,0,0,0,0,0,34,6,0,0,0,0,0,0,0,0,0,0,34,6,0,0,0,0,0,0,34,6
17163501801,249,28,0,0,0,0,0,0,249,28,15,3,0,0,0,0,0,0,15,3,264,31,0,0,0,0,0,0,264,31
17031711100,229,27,0,0,0,0,0,0,229,27,24,3,0,0,0,0,0,0,24,3,253,30,0,0,0,0,0,0,253,30
17187870400,291,32,507,3,0,0,0,0,798,35,50,8,0,0,0,0,0,0,50,8,341,40,507,3,0,0,0,0,848,43
17031630300,81,11,0,0,0,0,0,0,81,11,25,3,0,0,0,0,0,0,25,3,106,14,0,0,0,0,0,0,106,14
17097860908,161,16,180,1,0,0,0,0,341,17,10,1,0,0,0,0,0,0,10,1,171,17,180,1,0,0,0,0,351,18
17031804511,192,30,0,0,0,0,0,0,192,30,10,1,0,0,0,0,0,0,10,1,202,31,0,0,0,0,0,0,202,31
17031520500,104,16,0,0,0,0,0,0,104,16,28,3,0,0,0,0,0,0,28,3,132,19,0,0,0,0,0,0,132,19
17037002000,353,49,0,0,0,0,0,0,353,49,19,3,0,0,0,0,0,0,19,3,372,52,0,0,0,0,0,0,372,52
17031711200,220,38,0,0,0,0,0,0,220,38,56,7,0,0,0,0,0,0,56,7,276,45,0,0,0,0,0,0,276,45
17031843000,5,1,0,0,0,0,0,0,5,1,0,0,3840,1,0,0,0,0,3840,1,5,1,3840,1,0,0,0,0,3845,2
17031151200,154,23,0,0,0,0,0,0,154,23,14,2,0,0,0,0,0,0,14,2,168,25,0,0,0,0,0,0,168,25
17043845506,45,6,300,1,0,0,0,0,345,7,12,1,0,0,0,0,0,0,12,1,57,7,300,1,0,0,0,0,357,8
17031160501,75,9,0,0,0,0,0,0,75,9,0,0,0,0,0,0,0,0,0,0,75,9,0,0,0,0,0,0,75,9
17031826303,486,68,0,0,0,0,0,0,486,68,34,4,0,0,0,0,0,0,34,4,520,72,0,0,0,0,0,0,520,72
17031801701,204,29,0,0,0,0,0,0,204,29,14,2,0,0,0,0,0,0,14,2,218,31,0,0,0,0,0,0,218,31
17031804513,318,45,0,0,0,0,0,0,318,45,28,3,0,0,0,0,0,0,28,3,346,48,0,0,0,0,0,0,346,48
17031825802,701,107,0,0,0,0,0,0,701,107,194,23,0,0,0,0,0,0,194,23,895,130,0,0,0,0,0,0,895,130
17031520600,52,9,0,0,0,0,0,0,52,9,25,4,0,0,0,0,0,0,25,4,77,13,0,0,0,0,0,0,77,13
17161022000,42,7,0,0,0,0,0,0,42,7,8,1,0,0,0,0,0,0,8,1,50,8,0,0,0,0,0,0,50,8
17031805401,233,34,0,0,0,0,0,0,233,34,53,6,0,0,0,0,0,0,53,6,286,40,0,0,0,0,0,0,286,40
17043846411,1198,156,670,4,0,0,0,0,1868,160,176,20,0,0,0,0,0,0,176,20,1374,176,670,4,0,0,0,0,2044,180
17197880318,486,60,0,0,0,0,0,0,486,60,71,9,0,0,0,0,0,0,71,9,557,69,0,0,0,0,0,0,557,69
17031800800,118,14,850,1,0,0,0,0,968,15,11,1,0,0,0,0,0,0,11,1,129,15,850,1,0,0,0,0,979,16
17031210601,8,2,0,0,0,0,0,0,8,2,3,1,0,0,0,0,0,0,3,1,11,3,0,0,0,0,0,0,11,3
17099962900,181,23,0,0,0,0,0,0,181,23,33,4,0,0,0,0,0,0,33,4,214,27,0,0,0,0,0,0,214,27
17115002500,694,73,100,1,0,0,0,0,794,74,202,19,0,0,0,0,0,0,202,19,896,92,100,1,0,0,0,0,996,93
17031710800,145,18,0,0,0,0,0,0,145,18,0,0,0,0,0,0,0,0,0,0,145,18,0,0,0,0,0,0,145,18
17043840801,162,22,0,0,0,0,0,0,162,22,28,3,1320,1,0,0,0,0,1348,4,190,25,1320,1,0,0,0,0,1510,26
17199020100,419,39,0,0,0,0,0,0,419,39,131,12,0,0,0,0,0,0,131,12,550,51,0,0,0,0,0,0,550,51
17163503332,244,30,225,1,0,0,0,0,469,31,56,6,1330,2,0,0,0,0,1386,8,300,36,1555,3,0,0,0,0,1855,39
17197883509,508,54,0,0,2000,1,2000,1,4508,56,53,4,0,0,0,0,0,0,53,4,561,58,0,0,2000,1,2000,1,4561,60
17031827802,603,79,0,0,0,0,0,0,603,79,77,10,0,0,0,0,0,0,77,10,680,89,0,0,0,0,0,0,680,89
17031640100,11,2,0,0,0,0,0,0,11,2,14,1,0,0,0,0,0,0,14,1,25,3,0,0,0,0,0,0,25,3
17201002900,16,2,150,1,0,0,0,0,166,3,3,1,0,0,0,0,0,0,3,1,19,3,150,1,0,0,0,0,169,4
17031380100,34,5,0,0,0,0,0,0,34,5,0,0,0,0,0,0,0,0,0,0,34,5,0,0,0,0,0,0,34,5
17031431200,164,24,0,0,0,0,0,0,164,24,30,4,0,0,0,0,0,0,30,4,194,28,0,0,0,0,0,0,194,28
17043842605,186,25,0,0,0,0,0,0,186,25,14,2,0,0,0,0,0,0,14,2,200,27,0,0,0,0,0,0,200,27
17031805107,61,8,200,1,0,0,0,0,261,9,8,1,713,3,0,0,0,0,721,4,69,9,913,4,0,0,0,0,982,13
17031720200,185,27,70,1,0,0,0,0,255,28,31,4,0,0,0,0,0,0,31,4,216,31,70,1,0,0,0,0,286,32
17031070700,18,1,85,1,0,0,0,0,103,2,0,0,0,0,0,0,0,0,0,0,18,1,85,1,0,0,0,0,103,2
17197882400,65,11,0,0,0,0,0,0,65,11,5,1,0,0,0,0,0,0,5,1,70,12,0,0,0,0,0,0,70,12
17031814900,119,18,0,0,0,0,0,0,119,18,24,4,0,0,0,0,0,0,24,4,143,22,0,0,0,0,0,0,143,22
17031720700,77,13,0,0,0,0,0,0,77,13,28,3,0,0,0,0,0,0,28,3,105,16,0,0,0,0,0,0,105,16
17031190900,83,12,0,0,0,0,0,0,83,12,0,0,0,0,0,0,0,0,0,0,83,12,0,0,0,0,0,0,83,12
17031251600,31,4,0,0,0,0,0,0,31,4,2,1,0,0,0,0,0,0,2,1,33,5,0,0,0,0,0,0,33,5
17089852904,147,26,600,2,0,0,0,0,747,28,12,2,0,0,0,0,0,0,12,2,159,28,600,2,0,0,0,0,759,30
17043840910,316,44,0,0,0,0,0,0,316,44,62,7,0,0,0,0,0,0,62,7,378,51,0,0,0,0,0,0,378,51
17031660700,36,5,0,0,0,0,0,0,36,5,0,0,0,0,0,0,0,0,0,0,36,5,0,0,0,0,0,0,36,5
17197882100,34,5,0,0,0,0,0,0,34,5,14,2,0,0,0,0,0,0,14,2,48,7,0,0,0,0,0,0,48,7
17179021000,493,67,100,1,0,0,0,0,593,68,87,8,0,0,0,0,0,0,87,8,580,75,100,1,0,0,0,0,680,76
17031826600,186,30,0,0,0,0,0,0,186,30,72,7,0,0,0,0,0,0,72,7,258,37,0,0,0,0,0,0,258,37
17031828801,527,63,0,0,0,0,0,0,527,63,119,15,0,0,0,0,0,0,119,15,646,78,0,0,0,0,0,0,646,78
17029000702,107,15,0,0,0,0,0,0,107,15,18,2,0,0,0,0,0,0,18,2,125,17,0,0,0,0,0,0,125,17
17031161000,88,13,0,0,0,0,0,0,88,13,0,0,0,0,0,0,0,0,0,0,88,13,0,0,0,0,0,0,88,13
17197880113,197,26,0,0,0,0,0,0,197,26,16,3,0,0,0,0,0,0,16,3,213,29,0,0,0,0,0,0,213,29
17031030200,52,9,0,0,0,0,0,0,52,9,8,1,0,0,0,0,0,0,8,1,60,10,0,0,0,0,0,0,60,10
17115002001,28,3,0,0,0,0,0,0,28,3,10,1,0,0,0,0,0,0,10,1,38,4,0,0,0,0,0,0,38,4
17043843601,117,18,0,0,0,0,0,0,117,18,18,1,0,0,0,0,0,0,18,1,135,19,0,0,0,0,0,0,135,19
17113000506,226,27,180,2,0,0,0,0,406,29,10,1,0,0,0,0,0,0,10,1,236,28,180,2,0,0,0,0,416,30
17031050600,24,3,0,0,0,0,0,0,24,3,23,1,0,0,0,0,0,0,23,1,47,4,0,0,0,0,0,0,47,4
17043845803,212,26,0,0,0,0,0,0,212,26,20,2,6840,4,0,0,1800,1,8660,7,232,28,6840,4,0,0,1800,1,8872,33
17031808600,88,11,0,0,0,0,0,0,88,11,5,1,0,0,0,0,0,0,5,1,93,12,0,0,0,0,0,0,93,12
17031825503,732,99,0,0,0,0,0,0,732,99,215,21,0,0,0,0,0,0,215,21,947,120,0,0,0,0,0,0,947,120
17031827400,152,21,0,0,0,0,0,0,152,21,23,3,0,0,0,0,0,0,23,3,175,24,0,0,0,0,0,0,175,24
17021958900,143,19,0,0,0,0,0,0,143,19,37,6,0,0,0,0,0,0,37,6,180,25,0,0,0,0,0,0,180,25
17201002600,3,1,284,4,0,0,0,0,287,5,8,1,135,1,0,0,0,0,143,2,11,2,419,5,0,0,0,0,430,7
17163504354,698,82,1590,8,0,0,0,0,2288,90,77,9,0,0,0,0,0,0,77,9,775,91,1590,8,0,0,0,0,2365,99
17031191302,79,14,0,0,0,0,0,0,79,14,0,0,0,0,0,0,0,0,0,0,79,14,0,0,0,0,0,0,79,14
17031282700,24,4,0,0,0,0,0,0,24,4,0,0,0,0,0,0,0,0,0,0,24,4,0,0,0,0,0,0,24,4
17031561000,175,28,0,0,0,0,0,0,175,28,50,5,0,0,0,0,0,0,50,5,225,33,0,0,0,0,0,0,225,33
17093890202,196,26,0,0,0,0,0,0,196,26,15,2,0,0,0,0,0,0,15,2,211,28,0,0,0,0,0,0,211,28
17031071700,40,6,0,0,0,0,0,0,40,6,0,0,0,0,0,0,0,0,0,0,40,6,0,0,0,0,0,0,40,6
17031806001,66,10,0,0,0,0,0,0,66,10,38,4,0,0,0,0,0,0,38,4,104,14,0,0,0,0,0,0,104,14
17195001200,186,24,0,0,0,0,0,0,186,24,36,6,0,0,0,0,0,0,36,6,222,30,0,0,0,0,0,0,222,30
17031819100,127,25,0,0,2040,1,0,0,2167,26,20,2,0,0,0,0,0,0,20,2,147,27,0,0,2040,1,0,0,2187,28
17031828401,153,20,0,0,0,0,0,0,153,20,11,1,0,0,0,0,0,0,11,1,164,21,0,0,0,0,0,0,164,21
17113001404,139,19,0,0,0,0,0,0,139,19,25,2,0,0,0,0,0,0,25,2,164,21,0,0,0,0,0,0,164,21
17031490200,213,31,0,0,0,0,0,0,213,31,0,0,0,0,0,0,0,0,0,0,213,31,0,0,0,0,0,0,213,31
17031815900,109,19,0,0,0,0,0,0,109,19,18,2,0,0,0,0,0,0,18,2,127,21,0,0,0,0,0,0,127,21
17017960100,340,38,0,0,0,0,0,0,340,38,117,11,360,1,0,0,0,0,477,12,457,49,360,1,0,0,0,0,817,50
17031837100,17,3,0,0,0,0,0,0,17,3,17,1,0,0,0,0,0,0,17,1,34,4,0,0,0,0,0,0,34,4
17099964000,100,10,0,0,0,0,0,0,100,10,88,5,0,0,0,0,0,0,88,5,188,15,0,0,0,0,0,0,188,15
17031825900,242,36,0,0,0,0,0,0,242,36,47,5,0,0,0,0,0,0,47,5,289,41,0,0,0,0,0,0,289,41
17127970100,130,12,0,0,0,0,0,0,130,12,49,5,0,0,0,0,2000,1,2049,6,179,17,0,0,0,0,2000,1,2179,18
17135957700,544,55,0,0,0,0,0,0,544,55,52,6,0,0,0,0,0,0,52,6,596,61,0,0,0,0,0,0,596,61
17031827200,243,35,125,1,0,0,0,0,368,36,110,10,0,0,0,0,0,0,110,10,353,45,125,1,0,0,0,0,478,46
17021958600,167,19,34,1,0,0,0,0,201,20,12,1,0,0,0,0,250000,1,250012,2,179,20,34,1,0,0,250000,1,250213,22
17031240500,25,4,0,0,0,0,0,0,25,4,0,0,0,0,0,0,0,0,0,0,25,4,0,0,0,0,0,0,25,4
17031811000,113,16,0,0,0,0,0,0,113,16,18,2,0,0,0,0,0,0,18,2,131,18,0,0,0,0,0,0,131,18
17197883811,146,20,450,1,0,0,0,0,596,21,6,1,0,0,0,0,0,0,6,1,152,21,450,1,0,0,0,0,602,22
17031390200,20,3,0,0,0,0,0,0,20,3,10,1,0,0,0,0,0,0,10,1,30,4,0,0,0,0,0,0,30,4
17201003709,142,23,2082,2,0,0,2000,1,4224,26,12,2,1563,2,0,0,1500,1,3075,5,154,25,3645,4,0,0,3500,2,7299,31
17031803612,34,6,0,0,0,0,0,0,34,6,0,0,0,0,0,0,0,0,0,0,34,6,0,0,0,0,0,0,34,6
17031824124,198,26,38,1,0,0,0,0,236,27,47,3,400,1,0,0,0,0,447,4,245,29,438,2,0,0,0,0,683,31
17201001200,47,5,270,2,0,0,0,0,317,7,7,1,0,0,0,0,0,0,7,1,54,6,270,2,0,0,0,0,324,8
17201000200,217,27,380,2,0,0,0,0,597,29,15,2,0,0,0,0,0,0,15,2,232,29,380,2,0,0,0,0,612,31
17201001700,216,34,0,0,0,0,0,0,216,34,16,2,0,0,0,0,0,0,16,2,232,36,0,0,0,0,0,0,232,36
17023060200,69,7,338,1,0,0,1000,1,1407,9,12,1,0,0,0,0,0,0,12,1,81,8,338,1,0,0,1000,1,1419,10
17031062900,36,5,0,0,0,0,0,0,36,5,10,1,0,0,0,0,0,0,10,1,46,6,0,0,0,0,0,0,46,6
17197883210,69,8,0,0,0,0,0,0,69,8,0,0,600,1,0,0,0,0,600,1,69,8,600,1,0,0,0,0,669,9
17031060400,15,3,0,0,0,0,0,0,15,3,0,0,0,0,0,0,0,0,0,0,15,3,0,0,0,0,0,0,15,3
17031828602,342,47,0,0,0,0,0,0,342,47,95,10,0,0,0,0,0,0,95,10,437,57,0,0,0,0,0,0,437,57
17031200100,132,24,0,0,0,0,0,0,132,24,16,2,0,0,0,0,0,0,16,2,148,26,0,0,0,0,0,0,148,26
17031808002,253,37,308,3,0,0,0,0,561,40,38,4,875,1,0,0,0,0,913,5,291,41,1183,4,0,0,0,0,1474,45
17043840102,237,35,0,0,0,0,0,0,237,35,20,2,0,0,0,0,0,0,20,2,257,37,0,0,0,0,0,0,257,37
17195001101,119,17,0,0,0,0,0,0,119,17,30,5,0,0,0,0,0,0,30,5,149,22,0,0,0,0,0,0,149,22
17051950600,282,25,260,2,0,0,99000,1,99542,28,31,3,14000,3,0,0,0,0,14031,6,313,28,14260,5,0,0,99000,1,113573,34
17201003000,100,14,0,0,0,0,0,0,100,14,24,2,0,0,0,0,0,0,24,2,124,16,0,0,0,0,0,0,124,16
17043843602,165,22,0,0,0,0,0,0,165,22,0,0,0,0,0,0,0,0,0,0,165,22,0,0,0,0,0,0,165,22
17191955000,121,11,0,0,0,0,0,0,121,11,224,18,0,0,0,0,0,0,224,18,345,29,0,0,0,0,0,0,345,29
17119402200,200,25,0,0,0,0,0,0,200,25,44,7,0,0,0,0,0,0,44,7,244,32,0,0,0,0,0,0,244,32
17201003904,881,109,0,0,0,0,0,0,881,109,86,10,2000,1,0,0,0,0,2086,11,967,119,2000,1,0,0,0,0,2967,120
17201003606,246,34,0,0,0,0,0,0,246,34,4,1,0,0,0,0,0,0,4,1,250,35,0,0,0,0,0,0,250,35
17031691100,12,2,0,0,0,0,0,0,12,2,10,1,0,0,0,0,0,0,10,1,22,3,0,0,0,0,0,0,22,3
17197880305,276,32,0,0,0,0,0,0,276,32,21,2,0,0,0,0,0,0,21,2,297,34,0,0,0,0,0,0,297,34
17197883804,133,15,540,2,0,0,0,0,673,17,40,5,0,0,0,0,0,0,40,5,173,20,540,2,0,0,0,0,713,22
17115001300,167,26,0,0,0,0,0,0,167,26,32,2,0,0,0,0,0,0,32,2,199,28,0,0,0,0,0,0,199,28
17187870500,211,24,40,1,0,0,35000,1,35251,26,41,6,0,0,0,0,0,0,41,6,252,30,40,1,0,0,35000,1,35292,32
17031243400,10,1,0,0,0,0,0,0,10,1,0,0,0,0,0,0,0,0,0,0,10,1,0,0,0,0,0,0,10,1
17157950900,563,59,150,1,0,0,0,0,713,60,127,9,0,0,0,0,0,0,127,9,690,68,150,1,0,0,0,0,840,69
17201003903,549,59,123,3,0,0,0,0,672,62,15,1,0,0,0,0,0,0,15,1,564,60,123,3,0,0,0,0,687,63
17179021605,549,63,0,0,0,0,0,0,549,63,46,3,0,0,0,0,0,0,46,3,595,66,0,0,0,0,0,0,595,66
17043846304,448,51,0,0,0,0,0,0,448,51,80,5,0,0,0,0,0,0,80,5,528,56,0,0,0,0,0,0,528,56
17031070500,59,6,0,0,0,0,0,0,59,6,0,0,0,0,0,0,0,0,0,0,59,6,0,0,0,0,0,0,59,6
17031800500,64,6,0,0,0,0,0,0,64,6,10,1,0,0,0,0,0,0,10,1,74,7,0,0,0,0,0,0,74,7
17181950500,203,19,0,0,0,0,0,0,203,19,41,3,0,0,0,0,0,0,41,3,244,22,0,0,0,0,0,0,244,22
17031480100,146,23,0,0,0,0,0,0,146,23,16,2,0,0,0,0,0,0,16,2,162,25,0,0,0,0,0,0,162,25
17043846519,43,6,350,2,0,0,0,0,393,8,0,0,0,0,0,0,0,0,0,0,43,6,350,2,0,0,0,0,393,8
17001000900,102,13,0,0,0,0,0,0,102,13,109,9,0,0,0,0,0,0,109,9,211,22,0,0,0,0,0,0,211,22
17097864403,289,24,93,2,0,0,0,0,382,26,37,2,0,0,0,0,0,0,37,2,326,26,93,2,0,0,0,0,419,28
17097862200,87,14,0,0,0,0,0,0,87,14,8,1,0,0,0,0,0,0,8,1,95,15,0,0,0,0,0,0,95,15
17157951300,244,24,357,2,0,0,0,0,601,26,90,9,0,0,0,0,0,0,90,9,334,33,357,2,0,0,0,0,691,35
17197882802,128,19,0,0,0,0,0,0,128,19,20,2,600,1,0,0,0,0,620,3,148,21,600,1,0,0,0,0,748,22
17143003104,337,38,0,0,0,0,0,0,337,38,51,5,0,0,0,0,0,0,51,5,388,43,0,0,0,0,0,0,388,43
17197880304,186,24,0,0,0,0,0,0,186,24,18,2,0,0,0,0,0,0,18,2,204,26,0,0,0,0,0,0,204,26
17089852002,53,8,744,1,0,0,0,0,797,9,0,0,0,0,0,0,0,0,0,0,53,8,744,1,0,0,0,0,797,9
17167002500,169,20,0,0,0,0,0,0,169,20,29,3,0,0,0,0,0,0,29,3,198,23,0,0,0,0,0,0,198,23
17143000300,60,8,100,1,0,0,0,0,160,9,10,1,0,0,0,0,0,0,10,1,70,9,100,1,0,0,0,0,170,10
17077011400,66,8,96,1,0,0,0,0,162,9,0,0,0,0,0,0,0,0,0,0,66,8,96,1,0,0,0,0,162,9
17031828503,237,39,4091,3,0,0,4000,2,8328,44,64,8,0,0,0,0,0,0,64,8,301,47,4091,3,0,0,4000,2,8392,52
17115003000,313,28,57,1,0,0,0,0,370,29,83,6,12100,4,0,0,1500,1,13683,11,396,34,12157,5,0,0,1500,1,14053,40
17031823500,111,19,72,1,0,0,0,0,183,20,16,2,0,0,0,0,0,0,16,2,127,21,72,1,0,0,0,0,199,22
17161021800,63,9,0,0,0,0,0,0,63,9,14,2,0,0,0,0,0,0,14,2,77,11,0,0,0,0,0,0,77,11
17057953400,124,14,45,1,0,0,0,0,169,15,22,2,0,0,0,0,0,0,22,2,146,16,45,1,0,0,0,0,191,17
17043845701,198,25,0,0,0,0,0,0,198,25,10,2,0,0,0,0,0,0,10,2,208,27,0,0,0,0,0,0,208,27
17133600103,268,28,38,1,0,0,0,0,306,29,19,2,0,0,0,0,0,0,19,2,287,30,38,1,0,0,0,0,325,31
17115002904,356,41,0,0,0,0,0,0,356,41,92,11,0,0,0,0,0,0,92,11,448,52,0,0,0,0,0,0,448,52
17031827801,630,85,185,3,0,0,0,0,815,88,164,17,0,0,0,0,0,0,164,17,794,102,185,3,0,0,0,0,979,105
17019005601,941,139,625,2,0,0,0,0,1566,141,107,11,0,0,0,0,0,0,107,11,1048,150,625,2,0,0,0,0,1673,152
17031805902,269,32,0,0,0,0,0,0,269,32,49,4,0,0,0,0,0,0,49,4,318,36,0,0,0,0,0,0,318,36
17097863500,68,9,280,1,0,0,0,0,348,10,9,1,45,1,0,0,0,0,54,2,77,10,325,2,0,0,0,0,402,12
17031230900,67,10,0,0,0,0,0,0,67,10,0,0,0,0,0,0,0,0,0,0,67,10,0,0,0,0,0,0,67,10
17121951900,167,17,200,1,0,0,99000,1,99367,19,86,5,480,1,0,0,0,0,566,6,253,22,680,2,0,0,99000,1,99933,25
17031770700,5,1,0,0,0,0,0,0,5,1,0,0,0,0,0,0,3000,1,3000,1,5,1,0,0,0,0,3000,1,3005,2
17031819600,92,17,0,0,0,0,0,0,92,17,5,1,0,0,0,0,0,0,5,1,97,18,0,0,0,0,0,0,97,18
17163503905,157,17,0,0,0,0,0,0,157,17,0,0,0,0,0,0,0,0,0,0,157,17,0,0,0,0,0,0,157,17
17037000800,323,43,380,2,0,0,4900,1,5603,46,51,6,5625,2,0,0,0,0,5676,8,374,49,6005,4,0,0,4900,1,11279,54
17031801100,176,27,0,0,0,0,0,0,176,27,0,0,0,0,0,0,0,0,0,0,176,27,0,0,0,0,0,0,176,27
17043844501,264,34,30,1,0,0,0,0,294,35,47,5,480,1,0,0,0,0,527,6,311,39,510,2,0,0,0,0,821,41
17197883000,173,20,4000,1,0,0,4000,1,8173,22,28,2,5000,1,0,0,0,0,5028,3,201,22,9000,2,0,0,4000,1,13201,25
17055040100,273,28,200,1,0,0,0,0,473,29,166,15,0,0,0,0,0,0,166,15,439,43,200,1,0,0,0,0,639,44
17109010900,89,11,68,1,0,0,2000,1,2157,13,26,3,0,0,0,0,0,0,26,3,115,14,68,1,0,0,2000,1,2183,16
17161022800,13,3,620,2,0,0,0,0,633,5,0,0,0,0,0,0,0,0,0,0,13,3,620,2,0,0,0,0,633,5
17031191200,69,9,0,0,0,0,0,0,69,9,0,0,0,0,0,0,0,0,0,0,69,9,0,0,0,0,0,0,69,9
17031221200,41,5,0,0,0,0,0,0,41,5,0,0,0,0,0,0,0,0,0,0,41,5,0,0,0,0,0,0,41,5
17031816700,148,24,0,0,0,0,0,0,148,24,5,1,0,0,0,0,0,0,5,1,153,25,0,0,0,0,0,0,153,25
17093890601,309,40,34,1,0,0,0,0,343,41,117,10,0,0,0,0,0,0,117,10,426,50,34,1,0,0,0,0,460,51
17031031800,17,3,43,1,0,0,0,0,60,4,0,0,0,0,0,0,0,0,0,0,17,3,43,1,0,0,0,0,60,4
17117956000,253,26,0,0,0,0,0,0,253,26,83,6,0,0,0,0,0,0,83,6,336,32,0,0,0,0,0,0,336,32
17031830400,183,30,0,0,0,0,0,0,183,30,32,4,0,0,0,0,0,0,32,4,215,34,0,0,0,0,0,0,215,34
17201003500,74,11,0,0,0,0,0,0,74,11,0,0,360,1,0,0,0,0,360,1,74,11,360,1,0,0,0,0,434,12
17099963400,43,8,0,0,0,0,0,0,43,8,11,1,0,0,0,0,0,0,11,1,54,9,0,0,0,0,0,0,54,9
17031051400,15,2,0,0,0,0,0,0,15,2,0,0,0,0,0,0,0,0,0,0,15,2,0,0,0,0,0,0,15,2
17097860813,280,36,0,0,0,0,0,0,280,36,36,5,4625,1,0,0,0,0,4661,6,316,41,4625,1,0,0,0,0,4941,42
17031480300,72,9,0,0,0,0,0,0,72,9,12,1,0,0,0,0,0,0,12,1,84,10,0,0,0,0,0,0,84,10
17031821401,215,33,0,0,0,0,0,0,215,33,22,2,0,0,0,0,0,0,22,2,237,35,0,0,0,0,0,0,237,35
17097864514,213,23,188,1,0,0,0,0,401,24,20,2,0,0,0,0,0,0,20,2,233,25,188,1,0,0,0,0,421,26
17189950300,320,26,798,9,0,0,0,0,1118,35,26,3,560,2,0,0,0,0,586,5,346,29,1358,11,0,0,0,0,1704,40
17167000600,89,10,0,0,0,0,0,0,89,10,8,1,0,0,0,0,0,0,8,1,97,11,0,0,0,0,0,0,97,11
17031140200,34,5,0,0,0,0,0,0,34,5,0,0,0,0,0,0,0,0,0,0,34,5,0,0,0,0,0,0,34,5
17025972200,69,7,62,1,0,0,0,0,131,8,92,9,2500,1,0,0,127000,2,129592,12,161,16,2562,2,0,0,127000,2,129723,20
17103000300,184,19,96,1,0,0,0,0,280,20,38,3,480,1,0,0,0,0,518,4,222,22,576,2,0,0,0,0,798,24
17031801607,256,30,1700,2,0,0,0,0,1956,32,43,4,0,0,0,0,0,0,43,4,299,34,1700,2,0,0,0,0,1999,36
17197883810,483,59,0,0,0,0,0,0,483,59,18,1,0,0,0,0,0,0,18,1,501,60,0,0,0,0,0,0,501,60
17031050100,42,6,0,0,0,0,0,0,42,6,6,1,0,0,0,0,0,0,6,1,48,7,0,0,0,0,0,0,48,7
17195000900,441,48,459,6,0,0,0,0,900,54,76,8,0,0,0,0,0,0,76,8,517,56,459,6,0,0,0,0,976,62
17031210700,43,8,0,0,0,0,0,0,43,8,0,0,0,0,0,0,0,0,0,0,43,8,0,0,0,0,0,0,43,8
17031220701,22,4,0,0,0,0,0,0,22,4,0,0,0,0,0,0,0,0,0,0,22,4,0,0,0,0,0,0,22,4
17031221500,40,5,0,0,0,0,0,0,40,5,0,0,0,0,0,0,0,0,0,0,40,5,0,0,0,0,0,0,40,5
17019001400,646,85,34,1,0,0,16800,4,17480,90,35,4,0,0,0,0,0,0,35,4,681,89,34,1,0,0,16800,4,17515,94
17097862501,199,25,0,0,0,0,0,0,199,25,22,4,0,0,0,0,0,0,22,4,221,29,0,0,0,0,0,0,221,29
17113005800,139,24,40,1,0,0,0,0,179,25,10,2,0,0,0,0,0,0,10,2,149,26,40,1,0,0,0,0,189,27
17031222900,13,2,0,0,0,0,0,0,13,2,0,0,0,0,0,0,0,0,0,0,13,2,0,0,0,0,0,0,13,2
17031070600,53,8,0,0,0,0,0,0,53,8,0,0,0,0,0,0,0,0,0,0,53,8,0,0,0,0,0,0,53,8
17031829302,155,24,736,3,0,0,0,0,891,27,61,7,500,1,0,0,0,0,561,8,216,31,1236,4,0,0,0,0,1452,35
17031030300,35,6,0,0,0,0,0,0,35,6,0,0,0,0,0,0,0,0,0,0,35,6,0,0,0,0,0,0,35,6
17185957500,88,8,0,0,0,0,0,0,88,8,0,0,0,0,0,0,0,0,0,0,88,8,0,0,0,0,0,0,88,8
17031829500,233,37,0,0,0,0,0,0,233,37,64,8,270,1,0,0,0,0,334,9,297,45,270,1,0,0,0,0,567,46
17163501700,30,4,293,3,0,0,0,0,323,7,6,1,0,0,0,0,0,0,6,1,36,5,293,3,0,0,0,0,329,8
17011965100,118,14,0,0,0,0,0,0,118,14,47,4,0,0,0,0,0,0,47,4,165,18,0,0,0,0,0,0,165,18
17161023500,28,3,0,0,0,0,0,0,28,3,0,0,0,0,0,0,0,0,0,0,28,3,0,0,0,0,0,0,28,3
17089852803,105,13,0,0,0,0,0,0,105,13,0,0,0,0,0,0,0,0,0,0,105,13,0,0,0,0,0,0,105,13
17031630600,48,7,0,0,0,0,0,0,48,7,0,0,0,0,0,0,0,0,0,0,48,7,0,0,0,0,0,0,48,7
17001010200,709,71,0,0,0,0,2500,1,3209,72,104,8,0,0,0,0,0,0,104,8,813,79,0,0,0,0,2500,1,3313,80
17117956600,585,57,0,0,0,0,5000,1,5585,58,52,6,5000,1,0,0,0,0,5052,7,637,63,5000,1,0,0,5000,1,10637,65
17119403122,808,90,450,1,0,0,0,0,1258,91,63,7,750,1,0,0,0,0,813,8,871,97,1200,2,0,0,0,0,2071,99
17031827700,47,9,75,1,0,0,0,0,122,10,16,2,0,0,0,0,0,0,16,2,63,11,75,1,0,0,0,0,138,12
17121952000,253,28,0,0,0,0,0,0,253,28,75,9,0,0,0,0,0,0,75,9,328,37,0,0,0,0,0,0,328,37
17031836000,19,4,0,0,0,0,0,0,19,4,5,1,0,0,0,0,0,0,5,1,24,5,0,0,0,0,0,0,24,5
17031839900,98,14,0,0,0,0,0,0,98,14,32,3,360,1,0,0,0,0,392,4,130,17,360,1,0,0,0,0,490,18
17043846521,131,17,0,0,0,0,0,0,131,17,19,2,0,0,0,0,0,0,19,2,150,19,0,0,0,0,0,0,150,19
17167000900,10,1,310,1,0,0,0,0,320,2,0,0,0,0,0,0,0,0,0,0,10,1,310,1,0,0,0,0,320,2
17021958400,515,60,0,0,0,0,0,0,515,60,117,12,0,0,0,0,0,0,117,12,632,72,0,0,0,0,0,0,632,72
17097864802,127,13,0,0,0,0,0,0,127,13,23,1,0,0,0,0,0,0,23,1,150,14,0,0,0,0,0,0,150,14
17001010301,397,46,0,0,0,0,0,0,397,46,43,4,0,0,0,0,0,0,43,4,440,50,0,0,0,0,0,0,440,50
17031818600,284,44,0,0,0,0,0,0,284,44,27,3,0,0,0,0,0,0,27,3,311,47,0,0,0,0,0,0,311,47
17031611200,18,3,0,0,0,0,0,0,18,3,0,0,0,0,0,0,0,0,0,0,18,3,0,0,0,0,0,0,18,3
17031835200,91,14,0,0,0,0,0,0,91,14,0,0,0,0,0,0,0,0,0,0,91,14,0,0,0,0,0,0,91,14
17089854200,214,35,0,0,0,0,0,0,214,35,24,3,0,0,0,0,0,0,24,3,238,38,0,0,0,0,0,0,238,38
17031691200,36,5,0,0,0,0,0,0,36,5,0,0,0,0,0,0,0,0,0,0,36,5,0,0,0,0,0,0,36,5
17123961200,197,17,2000,1,0,0,0,0,2197,18,77,5,550,1,0,0,0,0,627,6,274,22,2550,2,0,0,0,0,2824,24
17115002601,379,40,0,0,0,0,0,0,379,40,38,4,2490,2,0,0,0,0,2528,6,417,44,2490,2,0,0,0,0,2907,46
17029000100,278,27,0,0,0,0,0,0,278,27,107,10,0,0,0,0,0,0,107,10,385,37,0,0,0,0,0,0,385,37
17015960600,566,43,0,0,0,0,1500,1,2066,44,8,1,0,0,0,0,0,0,8,1,574,44,0,0,0,0,1500,1,2074,45
17163504352,639,64,726,3,0,0,0,0,1365,67,110,10,0,0,0,0,0,0,110,10,749,74,726,3,0,0,0,0,1475,77
17161023100,46,9,0,0,0,0,0,0,46,9,8,2,0,0,0,0,0,0,8,2,54,11,0,0,0,0,0,0,54,11
17013951200,164,16,0,0,0,0,0,0,164,16,0,0,0,0,0,0,0,0,0,0,164,16,0,0,0,0,0,0,164,16
17031020802,79,11,0,0,0,0,0,0,79,11,24,4,0,0,0,0,0,0,24,4,103,15,0,0,0,0,0,0,103,15
17031010100,27,5,0,0,0,0,0,0,27,5,12,1,0,0,0,0,0,0,12,1,39,6,0,0,0,0,0,0,39,6
17043845200,140,18,0,0,0,0,0,0,140,18,10,1,0,0,0,0,0,0,10,1,150,19,0,0,0,0,0,0,150,19
17173959300,265,35,0,0,0,0,0,0,265,35,83,10,0,0,0,0,0,0,83,10,348,45,0,0,0,0,0,0,348,45
17031809800,51,8,0,0,0,0,0,0,51,8,0,0,0,0,0,0,0,0,0,0,51,8,0,0,0,0,0,0,51,8
17031190702,40,7,0,0,0,0,0,0,40,7,26,2,0,0,0,0,0,0,26,2,66,9,0,0,0,0,0,0,66,9
17031440300,227,37,0,0,0,0,0,0,227,37,13,2,0,0,0,0,0,0,13,2,240,39,0,0,0,0,0,0,240,39
17043846106,107,15,0,0,0,0,0,0,107,15,8,2,400,1,0,0,0,0,408,3,115,17,400,1,0,0,0,0,515,18
17031820400,180,23,0,0,0,0,0,0,180,23,33,5,0,0,0,0,0,0,33,5,213,28,0,0,0,0,0,0,213,28
17031301801,45,8,0,0,0,0,0,0,45,8,0,0,0,0,0,0,0,0,0,0,45,8,0,0,0,0,0,0,45,8
17031490700,99,17,0,0,0,0,0,0,99,17,29,4,0,0,0,0,0,0,29,4,128,21,0,0,0,0,0,0,128,21
17097864515,133,13,0,0,0,0,0,0,133,13,20,3,0,0,0,0,0,0,20,3,153,16,0,0,0,0,0,0,153,16
17031110200,63,11,0,0,0,0,0,0,63,11,6,1,0,0,0,0,0,0,6,1,69,12,0,0,0,0,0,0,69,12
17021958500,191,21,422,2,4999,1,5000,1,10612,25,68,7,0,0,0,0,0,0,68,7,259,28,422,2,4999,1,5000,1,10680,32
17197883304,143,15,0,0,0,0,0,0,143,15,36,2,0,0,0,0,0,0,36,2,179,17,0,0,0,0,0,0,179,17
17043844502,159,17,0,0,0,0,0,0,159,17,12,1,0,0,0,0,0,0,12,1,171,18,0,0,0,0,0,0,171,18
17031120200,182,22,0,0,0,0,0,0,182,22,23,1,0,0,0,0,0,0,23,1,205,23,0,0,0,0,0,0,205,23
17031060200,33,5,0,0,0,0,0,0,33,5,0,0,0,0,0,0,0,0,0,0,33,5,0,0,0,0,0,0,33,5
17031040600,80,10,0,0,0,0,0,0,80,10,0,0,0,0,0,0,0,0,0,0,80,10,0,0,0,0,0,0,80,10
17031710200,63,9,0,0,0,0,0,0,63,9,12,2,0,0,0,0,0,0,12,2,75,11,0,0,0,0,0,0,75,11
17031310800,22,4,0,0,0,0,0,0,22,4,0,0,0,0,0,0,0,0,0,0,22,4,0,0,0,0,0,0,22,4
17043844601,80,10,45,1,0,0,0,0,125,11,25,2,0,0,0,0,0,0,25,2,105,12,45,1,0,0,0,0,150,13
17169970300,207,20,0,0,0,0,0,0,207,20,43,4,8300,2,0,0,0,0,8343,6,250,24,8300,2,0,0,0,0,8550,26
17143002600,131,15,0,0,0,0,0,0,131,15,6,1,0,0,0,0,0,0,6,1,137,16,0,0,0,0,0,0,137,16
17031230100,23,4,0,0,0,0,0,0,23,4,9,1,0,0,0,0,0,0,9,1,32,5,0,0,0,0,0,0,32,5
17031250800,57,9,0,0,0,0,0,0,57,9,0,0,0,0,0,0,0,0,0,0,57,9,0,0,0,0,0,0,57,9
17031020801,51,8,0,0,0,0,0,0,51,8,0,0,0,0,0,0,0,0,0,0,51,8,0,0,0,0,0,0,51,8
17089851301,34,5,0,0,0,0,0,0,34,5,0,0,0,0,0,0,0,0,0,0,34,5,0,0,0,0,0,0,34,5
17197881500,257,35,0,0,0,0,0,0,257,35,52,5,0,0,0,0,0,0,52,5,309,40,0,0,0,0,0,0,309,40
17077011701,70,6,0,0,0,0,0,0,70,6,0,0,0,0,0,0,0,0,0,0,70,6,0,0,0,0,0,0,70,6
17183000700,245,31,0,0,0,0,0,0,245,31,73,8,0,0,0,0,0,0,73,8,318,39,0,0,0,0,0,0,318,39
17069971000,158,12,0,0,0,0,0,0,158,12,0,0,0,0,0,0,0,0,0,0,158,12,0,0,0,0,0,0,158,12
17031190300,148,23,0,0,0,0,0,0,148,23,30,3,0,0,0,0,0,0,30,3,178,26,0,0,0,0,0,0,178,26
17143003402,489,52,2000,1,0,0,2000,1,4489,54,51,5,0,0,0,0,0,0,51,5,540,57,2000,1,0,0,2000,1,4540,59
17031828504,446,65,0,0,0,0,0,0,446,65,69,8,0,0,0,0,0,0,69,8,515,73,0,0,0,0,0,0,515,73
17089852500,79,10,1983,2,0,0,0,0,2062,12,16,2,38,1,0,0,0,0,54,3,95,12,2021,3,0,0,0,0,2116,15
17031802004,152,14,0,0,0,0,0,0,152,14,56,3,0,0,0,0,0,0,56,3,208,17,0,0,0,0,0,0,208,17
17031824115,129,16,0,0,0,0,0,0,129,16,25,3,0,0,0,0,0,0,25,3,154,19,0,0,0,0,0,0,154,19
17043846208,92,11,0,0,0,0,0,0,92,11,21,2,0,0,0,0,0,0,21,2,113,13,0,0,0,0,0,0,113,13
17097864517,263,26,0,0,0,0,0,0,263,26,26,3,0,0,0,0,0,0,26,3,289,29,0,0,0,0,0,0,289,29
17031809500,42,6,85,1,0,0,0,0,127,7,5,1,0,0,0,0,0,0,5,1,47,7,85,1,0,0,0,0,132,8
17019000700,110,16,300,1,0,0,0,0,410,17,14,2,0,0,0,0,0,0,14,2,124,18,300,1,0,0,0,0,424,19
17089853200,128,23,0,0,0,0,0,0,128,23,8,1,0,0,0,0,0,0,8,1,136,24,0,0,0,0,0,0,136,24
17031828201,227,33,0,0,0,0,0,0,227,33,14,2,0,0,0,0,0,0,14,2,241,35,0,0,0,0,0,0,241,35
17019010701,612,70,675,2,0,0,0,0,1287,72,89,10,0,0,0,0,0,0,89,10,701,80,675,2,0,0,0,0,1376,82
17089852005,78,8,0,0,0,0,0,0,78,8,0,0,0,0,0,0,0,0,0,0,78,8,0,0,0,0,0,0,78,8
17031809300,55,8,50,1,0,0,0,0,105,9,13,1,0,0,0,0,0,0,13,1,68,9,50,1,0,0,0,0,118,10
17001000100,385,44,745,5,0,0,4000,2,5130,51,159,18,0,0,0,0,0,0,159,18,544,62,745,5,0,0,4000,2,5289,69
17001010302,284,26,0,0,0,0,0,0,284,26,25,2,0,0,0,0,0,0,25,2,309,28,0,0,0,0,0,0,309,28
17163501100,23,3,152,2,0,0,0,0,175,5,19,2,10000,2,0,0,0,0,10019,4,42,5,10152,4,0,0,0,0,10194,9
17031400300,5,1,0,0,0,0,0,0,5,1,0,0,0,0,0,0,0,0,0,0,5,1,0,0,0,0,0,0,5,1
17031823101,145,18,0,0,0,0,0,0,145,18,30,3,0,0,0,0,0,0,30,3,175,21,0,0,0,0,0,0,175,21
17121952200,159,15,0,0,0,0,0,0,159,15,107,9,0,0,0,0,0,0,107,9,266,24,0,0,0,0,0,0,266,24
17037001002,20,3,2000,1,0,0,0,0,2020,4,0,0,348,1,0,0,0,0,348,1,20,3,2348,2,0,0,0,0,2368,5
17097865600,95,9,38,1,0,0,0,0,133,10,11,1,0,0,0,0,0,0,11,1,106,10,38,1,0,0,0,0,144,11
17031430500,34,6,0,0,0,0,0,0,34,6,0,0,0,0,0,0,0,0,0,0,34,6,0,0,0,0,0,0,34,6
17031824300,183,25,0,0,0,0,0,0,183,25,24,4,0,0,0,0,0,0,24,4,207,29,0,0,0,0,0,0,207,29
17119401101,191,24,0,0,0,0,0,0,191,24,52,6,0,0,0,0,0,0,52,6,243,30,0,0,0,0,0,0,243,30
17031260600,6,1,0,0,0,0,0,0,6,1,0,0,0,0,0,0,0,0,0,0,6,1,0,0,0,0,0,0,6,1
17173959200,250,23,0,0,0,0,0,0,250,23,78,8,0,0,0,0,0,0,78,8,328,31,0,0,0,0,0,0,328,31
17013951300,106,11,0,0,0,0,0,0,106,11,11,2,0,0,0,0,0,0,11,2,117,13,0,0,0,0,0,0,117,13
17031826000,72,11,1980,1,0,0,0,0,2052,12,17,3,0,0,0,0,0,0,17,3,89,14,1980,1,0,0,0,0,2069,15
17055040200,258,27,0,0,0,0,0,0,258,27,104,10,0,0,0,0,0,0,104,10,362,37,0,0,0,0,0,0,362,37
17031836500,6,1,0,0,0,0,0,0,6,1,0,0,0,0,0,0,0,0,0,0,6,1,0,0,0,0,0,0,6,1
17031837300,13,2,0,0,0,0,0,0,13,2,0,0,0,0,0,0,0,0,0,0,13,2,0,0,0,0,0,0,13,2
17031660500,108,15,0,0,0,0,0,0,108,15,8,1,0,0,0,0,0,0,8,1,116,16,0,0,0,0,0,0,116,16
17031242600,34,6,0,0,0,0,0,0,34,6,7,1,0,0,0,0,0,0,7,1,41,7,0,0,0,0,0,0,41,7
17115002100,15,2,43,1,0,0,0,0,58,3,0,0,0,0,0,0,0,0,0,0,15,2,43,1,0,0,0,0,58,3
17197883605,126,17,0,0,0,0,0,0,126,17,10,1,0,0,0,0,0,0,10,1,136,18,0,0,0,0,0,0,136,18
17043846404,49,8,0,0,0,0,0,0,49,8,0,0,0,0,0,0,0,0,0,0,49,8,0,0,0,0,0,0,49,8
17123961100,354,32,0,0,0,0,0,0,354,32,63,5,0,0,0,0,0,0,63,5,417,37,0,0,0,0,0,0,417,37
17031816500,122,20,83,2,0,0,0,0,205,22,0,0,3000,1,0,0,0,0,3000,1,122,20,3083,3,0,0,0,0,3205,23
17125956400,209,22,28,1,0,0,0,0,237,23,35,4,3500,1,0,0,0,0,3535,5,244,26,3528,2,0,0,0,0,3772,28
17057953900,292,32,0,0,0,0,0,0,292,32,65,7,5000,1,0,0,0,0,5065,8,357,39,5000,1,0,0,0,0,5357,40
17031815800,60,8,0,0,0,0,0,0,60,8,0,0,0,0,0,0,0,0,0,0,60,8,0,0,0,0,0,0,60,8
17031540102,36,7,840,1,0,0,0,0,876,8,25,3,0,0,0,0,0,0,25,3,61,10,840,1,0,0,0,0,901,11
17031809600,126,23,0,0,0,0,0,0,126,23,12,1,0,0,0,0,0,0,12,1,138,24,0,0,0,0,0,0,138,24
17183010400,379,31,0,0,0,0,0,0,379,31,157,11,0,0,0,0,0,0,157,11,536,42,0,0,0,0,0,0,536,42
17179020700,928,122,65,2,0,0,0,0,993,124,125,12,0,0,0,0,0,0,125,12,1053,134,65,2,0,0,0,0,1118,136
17031831700,53,8,50,1,0,0,0,0,103,9,0,0,0,0,0,0,0,0,0,0,53,8,50,1,0,0,0,0,103,9
17031827300,94,12,0,0,0,0,0,0,94,12,32,3,0,0,0,0,0,0,32,3,126,15,0,0,0,0,0,0,126,15
17091012100,103,10,0,0,0,0,0,0,103,10,57,7,0,0,0,0,0,0,57,7,160,17,0,0,0,0,0,0,160,17
17121952600,154,13,967,4,0,0,0,0,1121,17,20,2,0,0,0,0,0,0,20,2,174,15,967,4,0,0,0,0,1141,19
17149952500,245,20,0,0,0,0,0,0,245,20,71,7,5000,1,0,0,0,0,5071,8,316,27,5000,1,0,0,0,0,5316,28
17031530502,159,23,0,0,0,0,0,0,159,23,5,1,0,0,0,0,0,0,5,1,164,24,0,0,0,0,0,0,164,24
17119403401,137,16,0,0,0,0,0,0,137,16,24,3,0,0,0,0,0,0,24,3,161,19,0,0,0,0,0,0,161,19
17031031900,17,3,0,0,0,0,0,0,17,3,20,1,0,0,0,0,0,0,20,1,37,4,0,0,0,0,0,0,37,4
17163502404,65,5,185,2,3000,1,0,0,3250,8,18,2,5000,1,0,0,5000,1,10018,4,83,7,5185,3,3000,1,5000,1,13268,12
17031430800,27,5,0,0,0,0,0,0,27,5,13,2,0,0,0,0,0,0,13,2,40,7,0,0,0,0,0,0,40,7
17097864305,93,12,0,0,0,0,0,0,93,12,0,0,0,0,0,0,0,0,0,0,93,12,0,0,0,0,0,0,93,12
17031834500,7,2,0,0,0,0,0,0,7,2,0,0,0,0,0,0,0,0,0,0,7,2,0,0,0,0,0,0,7,2
17163501501,58,6,0,0,0,0,0,0,58,6,2,1,5000,1,0,0,0,0,5002,2,60,7,5000,1,0,0,0,0,5060,8
17201004004,143,18,0,0,0,0,0,0,143,18,0,0,0,0,0,0,0,0,0,0,143,18,0,0,0,0,0,0,143,18
17119401000,194,18,72,1,0,0,0,0,266,19,56,8,5060,2,0,0,0,0,5116,10,250,26,5132,3,0,0,0,0,5382,29
17031062300,28,3,0,0,0,0,0,0,28,3,0,0,0,0,0,0,0,0,0,0,28,3,0,0,0,0,0,0,28,3
17031823705,214,29,0,0,0,0,0,0,214,29,12,1,0,0,0,0,0,0,12,1,226,30,0,0,0,0,0,0,226,30
17167002700,60,8,200,1,0,0,0,0,260,9,0,0,0,0,0,0,0,0,0,0,60,8,200,1,0,0,0,0,260,9
17031210900,21,4,0,0,0,0,0,0,21,4,0,0,0,0,0,0,0,0,0,0,21,4,0,0,0,0,0,0,21,4
17031500100,45,11,0,0,0,0,0,0,45,11,55,8,1450,3,0,0,0,0,1505,11,100,19,1450,3,0,0,0,0,1550,22
17031191301,93,13,0,0,0,0,0,0,93,13,15,2,0,0,0,0,0,0,15,2,108,15,0,0,0,0,0,0,108,15
17097863903,127,16,0,0,0,0,0,0,127,16,0,0,0,0,0,0,0,0,0,0,127,16,0,0,0,0,0,0,127,16
17031819500,78,12,0,0,0,0,0,0,78,12,4,1,0,0,0,0,0,0,4,1,82,13,0,0,0,0,0,0,82,13
17031160900,126,19,0,0,0,0,0,0,126,19,10,1,0,0,0,0,0,0,10,1,136,20,0,0,0,0,0,0,136,20
17031590600,60,9,0,0,0,0,0,0,60,9,6,1,0,0,0,0,0,0,6,1,66,10,0,0,0,0,0,0,66,10
17115001100,109,13,0,0,0,0,0,0,109,13,63,6,2000,1,0,0,0,0,2063,7,172,19,2000,1,0,0,0,0,2172,20
17031221600,24,4,0,0,0,0,0,0,24,4,14,2,0,0,0,0,0,0,14,2,38,6,0,0,0,0,0,0,38,6
17055040700,402,30,0,0,0,0,0,0,402,30,82,6,0,0,0,0,0,0,82,6,484,36,0,0,0,0,0,0,484,36
17197884005,50,6,0,0,0,0,0,0,50,6,0,0,0,0,0,0,0,0,0,0,50,6,0,0,0,0,0,0,50,6
17137952100,590,63,69,1,0,0,0,0,659,64,68,7,5000,1,0,0,0,0,5068,8,658,70,5069,2,0,0,0,0,5727,72
17031821500,51,9,0,0,0,0,0,0,51,9,0,0,0,0,0,0,0,0,0,0,51,9,0,0,0,0,0,0,51,9
17055040300,425,43,0,0,0,0,0,0,425,43,83,6,0,0,0,0,0,0,83,6,508,49,0,0,0,0,0,0,508,49
17043846205,160,24,0,0,0,0,0,0,160,24,32,3,0,0,0,0,0,0,32,3,192,27,0,0,0,0,0,0,192,27
17031420800,49,9,0,0,0,0,0,0,49,9,8,1,0,0,0,0,0,0,8,1,57,10,0,0,0,0,0,0,57,10
17183010702,497,45,0,0,0,0,0,0,497,45,57,4,0,0,0,0,0,0,57,4,554,49,0,0,0,0,0,0,554,49
17031530100,35,5,0,0,0,0,0,0,35,5,0,0,96,1,0,0,0,0,96,1,35,5,96,1,0,0,0,0,131,6
17197882801,71,10,0,0,0,0,0,0,71,10,4,1,400,1,0,0,0,0,404,2,75,11,400,1,0,0,0,0,475,12
17143001500,42,7,0,0,0,0,0,0,42,7,35,5,0,0,0,0,0,0,35,5,77,12,0,0,0,0,0,0,77,12
17043844307,158,20,0,0,0,0,0,0,158,20,18,2,480,1,0,0,0,0,498,3,176,22,480,1,0,0,0,0,656,23
17031832600,20,2,75,1,0,0,0,0,95,3,0,0,0,0,0,0,0,0,0,0,20,2,75,1,0,0,0,0,95,3
17031832400,15,2,110,1,0,0,0,0,125,3,0,0,0,0,0,0,0,0,0,0,15,2,110,1,0,0,0,0,125,3
17031829100,79,11,540,1,0,0,0,0,619,12,0,0,5000,1,0,0,0,0,5000,1,79,11,5540,2,0,0,0,0,5619,13
17181950300,145,12,300,1,0,0,0,0,445,13,0,0,0,0,0,0,0,0,0,0,145,12,300,1,0,0,0,0,445,13
17031062100,8,1,0,0,0,0,0,0,8,1,0,0,0,0,0,0,0,0,0,0,8,1,0,0,0,0,0,0,8,1
17199020700,471,43,0,0,0,0,0,0,471,43,146,12,0,0,0,0,0,0,146,12,617,55,0,0,0,0,0,0,617,55
17143003103,338,41,0,0,0,0,0,0,338,41,11,1,250,1,0,0,0,0,261,2,349,42,250,1,0,0,0,0,599,43
17031821300,152,24,0,0,0,0,0,0,152,24,0,0,0,0,0,0,0,0,0,0,152,24,0,0,0,0,0,0,152,24
17031826901,46,8,0,0,0,0,0,0,46,8,0,0,0,0,0,0,0,0,0,0,46,8,0,0,0,0,0,0,46,8
17167003300,389,42,30,1,0,0,0,0,419,43,45,7,5000,1,0,0,0,0,5045,8,434,49,5030,2,0,0,0,0,5464,51
17031242000,29,4,0,0,0,0,0,0,29,4,10,2,0,0,0,0,0,0,10,2,39,6,0,0,0,0,0,0,39,6
17099964200,114,16,0,0,0,0,0,0,114,16,40,4,0,0,0,0,0,0,40,4,154,20,0,0,0,0,0,0,154,20
17103000600,272,33,0,0,0,0,0,0,272,33,54,4,0,0,0,0,0,0,54,4,326,37,0,0,0,0,0,0,326,37
17031824900,333,41,0,0,0,0,0,0,333,41,32,3,0,0,0,0,0,0,32,3,365,44,0,0,0,0,0,0,365,44
17043844306,83,12,0,0,0,0,0,0,83,12,0,0,0,0,0,0,0,0,0,0,83,12,0,0,0,0,0,0,83,12
17089850400,118,14,250,1,0,0,0,0,368,15,11,1,0,0,0,0,0,0,11,1,129,15,250,1,0,0,0,0,379,16
17031420700,104,11,0,0,0,0,0,0,104,11,30,3,0,0,0,0,0,0,30,3,134,14,0,0,0,0,0,0,134,14
17077010602,203,23,0,0,0,0,0,0,203,23,34,4,0,0,0,0,0,0,34,4,237,27,0,0,0,0,0,0,237,27
17031802300,172,17,257,1,0,0,0,0,429,18,0,0,0,0,0,0,0,0,0,0,172,17,257,1,0,0,0,0,429,18
17031061901,30,4,0,0,0,0,0,0,30,4,0,0,0,0,0,0,0,0,0,0,30,4,0,0,0,0,0,0,30,4
17089852203,43,6,0,0,0,0,0,0,43,6,14,2,960,1,0,0,0,0,974,3,57,8,960,1,0,0,0,0,1017,9
17031140702,80,12,0,0,0,0,0,0,80,12,0,0,0,0,0,0,0,0,0,0,80,12,0,0,0,0,0,0,80,12
17043846507,202,26,0,0,0,0,0,0,202,26,9,1,0,0,0,0,0,0,9,1,211,27,0,0,0,0,0,0,211,27
17097864602,41,5,0,0,0,0,0,0,41,5,0,0,0,0,0,0,0,0,0,0,41,5,0,0,0,0,0,0,41,5
17099963800,257,31,0,0,0,0,0,0,257,31,92,9,0,0,0,0,0,0,92,9,349,40,0,0,0,0,0,0,349,40
17031071100,22,3,0,0,0,0,0,0,22,3,0,0,0,0,0,0,0,0,0,0,22,3,0,0,0,0,0,0,22,3
17031040402,68,10,0,0,0,0,0,0,68,10,0,0,0,0,0,0,0,0,0,0,68,10,0,0,0,0,0,0,68,10
17031221100,53,9,0,0,0,0,0,0,53,9,12,1,0,0,0,0,0,0,12,1,65,10,0,0,0,0,0,0,65,10
17089852700,125,17,0,0,0,0,0,0,125,17,29,2,0,0,0,0,0,0,29,2,154,19,0,0,0,0,0,0,154,19
17031221300,25,4,0,0,0,0,0,0,25,4,0,0,0,0,0,0,0,0,0,0,25,4,0,0,0,0,0,0,25,4
17031381200,39,3,0,0,0,0,0,0,39,3,8,1,0,0,0,0,0,0,8,1,47,4,0,0,0,0,0,0,47,4
17031839200,10,1,0,0,0,0,0,0,10,1,0,0,0,0,0,0,0,0,0,0,10,1,0,0,0,0,0,0,10,1
17043840704,157,19,0,0,0,0,0,0,157,19,0,0,0,0,0,0,0,0,0,0,157,19,0,0,0,0,0,0,157,19
17091010100,83,7,2000,1,0,0,2000,1,4083,9,11,1,9710,3,0,0,5000,1,14721,5,94,8,11710,4,0,0,7000,2,18804,14
17167002200,50,6,0,0,0,0,0,0,50,6,0,0,0,0,0,0,0,0,0,0,50,6,0,0,0,0,0,0,50,6
17031819802,83,11,0,0,0,0,0,0,83,11,7,1,0,0,0,0,0,0,7,1,90,12,0,0,0,0,0,0,90,12
17031770500,14,2,1073,2,0,0,0,0,1087,4,0,0,7090,7,0,0,3100,2,10190,9,14,2,8163,9,0,0,3100,2,11277,13
17031580200,58,8,0,0,0,0,0,0,58,8,0,0,0,0,0,0,0,0,0,0,58,8,0,0,0,0,0,0,58,8
17161023000,60,10,0,0,0,0,0,0,60,10,23,3,0,0,0,0,0,0,23,3,83,13,0,0,0,0,0,0,83,13
17143005100,52,4,400,3,0,0,0,0,452,7,8,1,0,0,0,0,0,0,8,1,60,5,400,3,0,0,0,0,460,8
17097865501,15,2,0,0,0,0,0,0,15,2,0,0,912,1,0,0,0,0,912,1,15,2,912,1,0,0,0,0,927,3
17031842600,73,10,1285,3,0,0,0,0,1358,13,0,0,960,1,0,0,0,0,960,1,73,10,2245,4,0,0,0,0,2318,14
17031813801,27,6,0,0,0,0,0,0,27,6,0,0,0,0,0,0,0,0,0,0,27,6,0,0,0,0,0,0,27,6
17031660301,58,9,0,0,0,0,0,0,58,9,8,1,0,0,0,0,0,0,8,1,66,10,0,0,0,0,0,0,66,10
17031290900,12,2,130,1,0,0,0,0,142,3,0,0,650,1,0,0,0,0,650,1,12,2,780,2,0,0,0,0,792,4
17031660302,122,17,0,0,0,0,0,0,122,17,6,1,0,0,0,0,0,0,6,1,128,18,0,0,0,0,0,0,128,18
17031740100,56,8,0,0,0,0,0,0,56,8,29,4,0,0,0,0,0,0,29,4,85,12,0,0,0,0,0,0,85,12
17031803613,4,1,0,0,0,0,0,0,4,1,0,0,0,0,0,0,0,0,0,0,4,1,0,0,0,0,0,0,4,1
17043842702,95,12,0,0,0,0,0,0,95,12,29,3,0,0,0,0,0,0,29,3,124,15,0,0,0,0,0,0,124,15
17031330200,63,9,0,0,0,0,0,0,63,9,0,0,0,0,0,0,0,0,0,0,63,9,0,0,0,0,0,0,63,9
17201004003,28,4,0,0,0,0,0,0,28,4,0,0,0,0,0,0,0,0,0,0,28,4,0,0,0,0,0,0,28,4
17031020100,56,9,50,1,0,0,0,0,106,10,0,0,0,0,0,0,0,0,0,0,56,9,50,1,0,0,0,0,106,10
17197881601,116,16,0,0,0,0,0,0,116,16,12,1,0,0,0,0,0,0,12,1,128,17,0,0,0,0,0,0,128,17
17201004005,91,13,490,2,0,0,1500,1,2081,16,23,2,0,0,0,0,0,0,23,2,114,15,490,2,0,0,1500,1,2104,18
17043846206,88,11,0,0,0,0,0,0,88,11,0,0,0,0,0,0,0,0,0,0,88,11,0,0,0,0,0,0,88,11
17089852608,46,5,0,0,0,0,0,0,46,5,25,1,0,0,0,0,0,0,25,1,71,6,0,0,0,0,0,0,71,6
17043846410,21,5,540,1,0,0,0,0,561,6,0,0,0,0,0,0,0,0,0,0,21,5,540,1,0,0,0,0,561,6
17031062800,25,4,0,0,0,0,0,0,25,4,0,0,0,0,0,0,0,0,0,0,25,4,0,0,0,0,0,0,25,4
17031807500,169,28,0,0,0,0,0,0,169,28,10,1,0,0,0,0,0,0,10,1,179,29,0,0,0,0,0,0,179,29
17031301701,40,7,0,0,0,0,0,0,40,7,9,1,0,0,0,0,0,0,9,1,49,8,0,0,0,0,0,0,49,8
17031440202,112,19,0,0,0,0,0,0,112,19,10,1,0,0,0,0,0,0,10,1,122,20,0,0,0,0,0,0,122,20
17031823605,164,20,0,0,0,0,0,0,164,20,80,6,0,0,0,0,0,0,80,6,244,26,0,0,0,0,0,0,244,26
17031823604,80,8,0,0,0,0,0,0,80,8,0,0,0,0,0,0,0,0,0,0,80,8,0,0,0,0,0,0,80,8
17113001403,384,51,67,1,0,0,0,0,451,52,87,8,0,0,0,0,0,0,87,8,471,59,67,1,0,0,0,0,538,60
17031822801,40,6,0,0,0,0,0,0,40,6,14,1,0,0,0,0,0,0,14,1,54,7,0,0,0,0,0,0,54,7
17119402000,193,25,315,2,0,0,0,0,508,27,10,1,375,1,0,0,0,0,385,2,203,26,690,3,0,0,0,0,893,29
17031191100,116,17,0,0,0,0,0,0,116,17,8,1,0,0,0,0,0,0,8,1,124,18,0,0,0,0,0,0,124,18
17201002100,35,7,250,1,0,0,0,0,285,8,49,4,0,0,0,0,0,0,49,4,84,11,250,1,0,0,0,0,334,12
17031807000,122,20,0,0,0,0,0,0,122,20,4,1,0,0,0,0,0,0,4,1,126,21,0,0,0,0,0,0,126,21
17031251300,42,6,0,0,0,0,0,0,42,6,14,2,0,0,0,0,0,0,14,2,56,8,0,0,0,0,0,0,56,8
17031828508,446,59,0,0,0,0,0,0,446,59,124,13,0,0,0,0,0,0,124,13,570,72,0,0,0,0,0,0,570,72
17031823102,240,33,0,0,0,0,0,0,240,33,31,4,0,0,0,0,0,0,31,4,271,37,0,0,0,0,0,0,271,37
17173959100,204,25,0,0,0,0,0,0,204,25,6,1,0,0,0,0,0,0,6,1,210,26,0,0,0,0,0,0,210,26
17161023200,27,5,0,0,0,0,0,0,27,5,20,2,0,0,0,0,0,0,20,2,47,7,0,0,0,0,0,0,47,7
17201001000,13,3,495,2,0,0,0,0,508,5,0,0,840,1,0,0,0,0,840,1,13,3,1335,3,0,0,0,0,1348,6
17191955300,65,5,0,0,0,0,0,0,65,5,6,1,0,0,0,0,0,0,6,1,71,6,0,0,0,0,0,0,71,6
17031283800,0,0,43,1,0,0,0,0,43,1,0,0,0,0,0,0,0,0,0,0,0,0,43,1,0,0,0,0,43,1
17031160400,59,8,0,0,0,0,0,0,59,8,31,5,0,0,0,0,0,0,31,5,90,13,0,0,0,0,0,0,90,13
17087977700,308,27,0,0,0,0,0,0,308,27,27,4,3000,1,0,0,35900,1,38927,6,335,31,3000,1,0,0,35900,1,39235,33
17001000400,116,15,0,0,0,0,0,0,116,15,62,7,0,0,0,0,0,0,62,7,178,22,0,0,0,0,0,0,178,22
17163502401,13,2,61,1,0,0,0,0,74,3,11,1,0,0,0,0,0,0,11,1,24,3,61,1,0,0,0,0,85,4
17081050700,265,19,0,0,0,0,0,0,265,19,39,4,0,0,0,0,0,0,39,4,304,23,0,0,0,0,0,0,304,23
17113005501,268,30,0,0,0,0,0,0,268,30,67,7,0,0,0,0,0,0,67,7,335,37,0,0,0,0,0,0,335,37
17119401400,253,28,100,1,0,0,0,0,353,29,58,7,0,0,0,0,0,0,58,7,311,35,100,1,0,0,0,0,411,36
17119403603,54,6,0,0,0,0,0,0,54,6,0,0,0,0,0,0,0,0,0,0,54,6,0,0,0,0,0,0,54,6
17143002701,612,72,0,0,0,0,0,0,612,72,125,18,0,0,0,0,0,0,125,18,737,90,0,0,0,0,0,0,737,90
17031530501,197,29,0,0,0,0,0,0,197,29,60,7,0,0,0,0,0,0,60,7,257,36,0,0,0,0,0,0,257,36
17031820605,46,5,0,0,0,0,0,0,46,5,11,1,500,1,0,0,0,0,511,2,57,6,500,1,0,0,0,0,557,7
17143001800,65,7,33,1,0,0,0,0,98,8,25,3,0,0,0,0,0,0,25,3,90,10,33,1,0,0,0,0,123,11
17031580800,28,4,0,0,0,0,0,0,28,4,0,0,0,0,0,0,0,0,0,0,28,4,0,0,0,0,0,0,28,4
17183010600,622,57,0,0,0,0,0,0,622,57,349,26,2000,1,0,0,0,0,2349,27,971,83,2000,1,0,0,0,0,2971,84
17113000108,212,24,0,0,0,0,200,1,412,25,0,0,1070,1,0,0,0,0,1070,1,212,24,1070,1,0,0,200,1,1482,26
17081051100,155,12,4327,4,0,0,0,0,4482,16,14,1,0,0,0,0,0,0,14,1,169,13,4327,4,0,0,0,0,4496,17
17163502800,50,4,1250,1,0,0,0,0,1300,5,51,5,0,0,0,0,0,0,51,5,101,9,1250,1,0,0,0,0,1351,10
17115001500,262,31,0,0,0,0,0,0,262,31,109,10,0,0,0,0,0,0,109,10,371,41,0,0,0,0,0,0,371,41
17055041200,273,27,0,0,0,0,0,0,273,27,44,4,0,0,0,0,0,0,44,4,317,31,0,0,0,0,0,0,317,31
17113001700,63,7,0,0,0,0,0,0,63,7,12,1,96,1,0,0,0,0,108,2,75,8,96,1,0,0,0,0,171,9
17183011000,255,24,26,1,0,0,0,0,281,25,190,17,29,1,0,0,0,0,219,18,445,41,55,2,0,0,0,0,500,43
17113000301,132,18,100,1,0,0,0,0,232,19,17,2,0,0,0,0,0,0,17,2,149,20,100,1,0,0,0,0,249,21
17143000600,206,31,0,0,0,0,0,0,206,31,55,4,0,0,0,0,0,0,55,4,261,35,0,0,0,0,0,0,261,35
17055041000,69,7,0,0,0,0,0,0,69,7,44,5,0,0,0,0,0,0,44,5,113,12,0,0,0,0,0,0,113,12
17023060300,83,9,0,0,0,0,0,0,83,9,48,4,60,1,0,0,0,0,108,5,131,13,60,1,0,0,0,0,191,14
17139977000,141,13,0,0,0,0,0,0,141,13,49,5,0,0,0,0,0,0,49,5,190,18,0,0,0,0,0,0,190,18
17167002400,36,3,0,0,0,0,0,0,36,3,0,0,36,1,0,0,0,0,36,1,36,3,36,1,0,0,0,0,72,4
17113000502,368,50,0,0,0,0,0,0,368,50,58,5,0,0,0,0,0,0,58,5,426,55,0,0,0,0,0,0,426,55
17031826800,168,25,40,1,0,0,0,0,208,26,86,6,985,2,0,0,0,0,1071,8,254,31,1025,3,0,0,0,0,1279,34
17031834600,35,5,0,0,0,0,0,0,35,5,5,1,0,0,0,0,0,0,5,1,40,6,0,0,0,0,0,0,40,6
17113000106,63,8,0,0,0,0,0,0,63,8,0,0,0,0,0,0,0,0,0,0,63,8,0,0,0,0,0,0,63,8
17031806005,39,6,0,0,0,0,0,0,39,6,28,3,0,0,0,0,0,0,28,3,67,9,0,0,0,0,0,0,67,9
17097860903,230,33,0,0,0,0,0,0,230,33,55,6,0,0,0,0,0,0,55,6,285,39,0,0,0,0,0,0,285,39
17183010200,198,23,0,0,0,0,0,0,198,23,139,14,0,0,0,0,0,0,139,14,337,37,0,0,0,0,0,0,337,37
17193958400,153,14,0,0,0,0,0,0,153,14,56,3,0,0,0,0,153200,2,153256,5,209,17,0,0,0,0,153200,2,153409,19
17201000700,137,21,0,0,0,0,0,0,137,21,0,0,188,1,0,0,0,0,188,1,137,21,188,1,0,0,0,0,325,22
17011965200,150,18,0,0,0,0,0,0,150,18,57,6,0,0,0,0,0,0,57,6,207,24,0,0,0,0,0,0,207,24
17201000103,293,34,0,0,0,0,0,0,293,34,108,12,102,1,0,0,0,0,210,13,401,46,102,1,0,0,0,0,503,47
17031830300,97,14,442,1,0,0,0,0,539,15,18,2,0,0,0,0,0,0,18,2,115,16,442,1,0,0,0,0,557,17
17031829000,10,1,0,0,0,0,0,0,10,1,23,2,0,0,0,0,0,0,23,2,33,3,0,0,0,0,0,0,33,3
17201002700,99,16,0,0,0,0,0,0,99,16,22,3,0,0,0,0,0,0,22,3,121,19,0,0,0,0,0,0,121,19
17073030302,39,4,0,0,0,0,1200,1,1239,5,8,1,0,0,0,0,0,0,8,1,47,5,0,0,0,0,1200,1,1247,6
17031838800,43,5,0,0,0,0,0,0,43,5,0,0,0,0,0,0,0,0,0,0,43,5,0,0,0,0,0,0,43,5
17167001300,33,2,0,0,0,0,0,0,33,2,0,0,372,1,0,0,0,0,372,1,33,2,372,1,0,0,0,0,405,3
17167000501,82,11,0,0,0,0,0,0,82,11,4,1,0,0,0,0,0,0,4,1,86,12,0,0,0,0,0,0,86,12
17031390700,33,5,0,0,0,0,0,0,33,5,0,0,0,0,0,0,0,0,0,0,33,5,0,0,0,0,0,0,33,5
17031814000,143,23,0,0,0,0,0,0,143,23,14,2,0,0,0,0,0,0,14,2,157,25,0,0,0,0,0,0,157,25
17031411000,3,1,0,0,0,0,0,0,3,1,0,0,0,0,0,0,0,0,0,0,3,1,0,0,0,0,0,0,3,1
17037002100,161,16,0,0,0,0,0,0,161,16,20,2,420,2,0,0,0,0,440,4,181,18,420,2,0,0,0,0,601,20
17031570100,8,2,420,1,0,0,0,0,428,3,0,0,0,0,0,0,0,0,0,0,8,2,420,1,0,0,0,0,428,3
17091010601,607,69,0,0,0,0,1500,1,2107,70,47,7,0,0,0,0,0,0,47,7,654,76,0,0,0,0,1500,1,2154,77
17031301200,42,6,0,0,0,0,0,0,42,6,0,0,0,0,0,0,0,0,0,0,42,6,0,0,0,0,0,0,42,6
17031820000,50,8,0,0,0,0,0,0,50,8,20,2,0,0,0,0,0,0,20,2,70,10,0,0,0,0,0,0,70,10
17031831900,21,3,0,0,0,0,0,0,21,3,0,0,0,0,0,0,0,0,0,0,21,3,0,0,0,0,0,0,21,3
17115002700,269,25,0,0,0,0,0,0,269,25,86,8,0,0,0,0,0,0,86,8,355,33,0,0,0,0,0,0,355,33
17017960400,181,18,0,0,0,0,0,0,181,18,39,5,0,0,0,0,0,0,39,5,220,23,0,0,0,0,0,0,220,23
17021958800,143,19,0,0,0,0,0,0,143,19,20,2,50,1,0,0,0,0,70,3,163,21,50,1,0,0,0,0,213,22
17031510100,56,8,0,0,0,0,0,0,56,8,0,0,0,0,0,0,0,0,0,0,56,8,0,0,0,0,0,0,56,8
17089852607,58,6,0,0,0,0,0,0,58,6,0,0,0,0,0,0,0,0,0,0,58,6,0,0,0,0,0,0,58,6
17031829401,110,17,0,0,0,0,0,0,110,17,22,2,0,0,0,0,0,0,22,2,132,19,0,0,0,0,0,0,132,19
17031530200,56,9,0,0,0,0,0,0,56,9,28,3,0,0,0,0,0,0,28,3,84,12,0,0,0,0,0,0,84,12
17031826902,22,3,0,0,0,0,0,0,22,3,0,0,0,0,0,0,0,0,0,0,22,3,0,0,0,0,0,0,22,3
17043841708,44,6,0,0,0,0,0,0,44,6,0,0,0,0,0,0,0,0,0,0,44,6,0,0,0,0,0,0,44,6
17031823904,209,22,0,0,0,0,0,0,209,22,28,3,0,0,0,0,0,0,28,3,237,25,0,0,0,0,0,0,237,25
17031828701,256,35,0,0,0,0,0,0,256,35,116,11,500,1,0,0,0,0,616,12,372,46,500,1,0,0,0,0,872,47
17089851302,44,8,0,0,0,0,0,0,44,8,22,2,0,0,0,0,0,0,22,2,66,10,0,0,0,0,0,0,66,10
17197883521,87,12,0,0,0,0,0,0,87,12,26,3,0,0,0,0,0,0,26,3,113,15,0,0,0,0,0,0,113,15
17115000300,37,6,0,0,0,0,0,0,37,6,54,6,0,0,0,0,0,0,54,6,91,12,0,0,0,0,0,0,91,12
17031843900,15,2,325,2,0,0,0,0,340,4,16,2,0,0,0,0,0,0,16,2,31,4,325,2,0,0,0,0,356,6
17167001003,52,6,0,0,0,0,0,0,52,6,0,0,0,0,0,0,0,0,0,0,52,6,0,0,0,0,0,0,52,6
17119401800,688,69,492,4,0,0,0,0,1180,73,166,18,600,1,0,0,0,0,766,19,854,87,1092,5,0,0,0,0,1946,92
17115002905,37,5,0,0,0,0,0,0,37,5,0,0,0,0,0,0,0,0,0,0,37,5,0,0,0,0,0,0,37,5
17031710600,35,4,0,0,0,0,0,0,35,4,0,0,0,0,0,0,0,0,0,0,35,4,0,0,0,0,0,0,35,4
17031800300,26,3,0,0,0,0,0,0,26,3,0,0,0,0,0,0,0,0,0,0,26,3,0,0,0,0,0,0,26,3
17197881302,23,4,0,0,0,0,0,0,23,4,0,0,0,0,0,0,0,0,0,0,23,4,0,0,0,0,0,0,23,4
17031828100,195,32,0,0,0,0,0,0,195,32,41,6,0,0,0,0,0,0,41,6,236,38,0,0,0,0,0,0,236,38
17031252202,15,4,0,0,0,0,0,0,15,4,0,0,0,0,0,0,0,0,0,0,15,4,0,0,0,0,0,0,15,4
17201001800,102,17,165,1,0,0,0,0,267,18,8,1,1570,3,0,0,0,0,1578,4,110,18,1735,4,0,0,0,0,1845,22
17031691000,78,7,0,0,0,0,0,0,78,7,11,1,0,0,0,0,0,0,11,1,89,8,0,0,0,0,0,0,89,8
17031825801,215,31,0,0,0,0,0,0,215,31,22,3,745,2,0,0,0,0,767,5,237,34,745,2,0,0,0,0,982,36
17031813702,62,9,0,0,0,0,0,0,62,9,32,3,0,0,0,0,0,0,32,3,94,12,0,0,0,0,0,0,94,12
17031611900,18,3,0,0,0,0,0,0,18,3,0,0,0,0,0,0,0,0,0,0,18,3,0,0,0,0,0,0,18,3
17031828000,215,34,0,0,0,0,0,0,215,34,61,7,0,0,0,0,0,0,61,7,276,41,0,0,0,0,0,0,276,41
17031060500,10,2,0,0,0,0,0,0,10,2,0,0,0,0,0,0,0,0,0,0,10,2,0,0,0,0,0,0,10,2
17031063302,10,1,0,0,0,0,0,0,10,1,0,0,0,0,0,0,0,0,0,0,10,1,0,0,0,0,0,0,10,1
17031440600,108,18,0,0,0,0,0,0,108,18,10,1,0,0,0,0,0,0,10,1,118,19,0,0,0,0,0,0,118,19
17031720500,40,6,0,0,0,0,0,0,40,6,26,3,0,0,0,0,0,0,26,3,66,9,0,0,0,0,0,0,66,9
17137951800,93,16,0,0,0,0,0,0,93,16,14,3,100,1,0,0,0,0,114,4,107,19,100,1,0,0,0,0,207,20
17031660800,110,16,0,0,0,0,0,0,110,16,19,2,0,0,0,0,0,0,19,2,129,18,0,0,0,0,0,0,129,18
17031839500,26,3,0,0,0,0,0,0,26,3,0,0,0,0,0,0,0,0,0,0,26,3,0,0,0,0,0,0,26,3
17031809900,61,10,0,0,0,0,0,0,61,10,4,1,0,0,0,0,0,0,4,1,65,11,0,0,0,0,0,0,65,11
17031812700,144,16,0,0,0,0,0,0,144,16,6,1,0,0,0,0,0,0,6,1,150,17,0,0,0,0,0,0,150,17
17031836600,44,6,0,0,0,0,0,0,44,6,0,0,394,1,0,0,0,0,394,1,44,6,394,1,0,0,0,0,438,7
17031710700,66,8,0,0,0,0,0,0,66,8,36,3,0,0,0,0,0,0,36,3,102,11,0,0,0,0,0,0,102,11
17031491400,5,1,0,0,0,0,0,0,5,1,6,1,0,0,0,0,0,0,6,1,11,2,0,0,0,0,0,0,11,2
17031220901,42,5,0,0,0,0,0,0,42,5,0,0,0,0,0,0,0,0,0,0,42,5,0,0,0,0,0,0,42,5
17031820604,25,5,0,0,0,0,0,0,25,5,0,0,0,0,0,0,0,0,0,0,25,5,0,0,0,0,0,0,25,5
17155954600,450,43,0,0,0,0,0,0,450,43,174,14,0,0,0,0,0,0,174,14,624,57,0,0,0,0,0,0,624,57
17031842500,6,1,0,0,0,0,0,0,6,1,0,0,0,0,0,0,0,0,0,0,6,1,0,0,0,0,0,0,6,1
17031210100,72,11,0,0,0,0,0,0,72,11,6,1,0,0,0,0,0,0,6,1,78,12,0,0,0,0,0,0,78,12
17031806104,81,6,0,0,0,0,0,0,81,6,0,0,0,0,0,0,0,0,0,0,81,6,0,0,0,0,0,0,81,6
17031010300,23,4,0,0,0,0,0,0,23,4,23,1,0,0,0,0,0,0,23,1,46,5,0,0,0,0,0,0,46,5
17077010900,288,25,250,1,0,0,0,0,538,26,5,1,750,1,0,0,0,0,755,2,293,26,1000,2,0,0,0,0,1293,28
17031827804,647,77,0,0,0,0,0,0,647,77,104,10,0,0,0,0,0,0,104,10,751,87,0,0,0,0,0,0,751,87
17197882200,88,12,0,0,0,0,0,0,88,12,24,3,0,0,0,0,0,0,24,3,112,15,0,0,0,0,0,0,112,15
17019011100,28,3,0,0,0,0,0,0,28,3,5,1,0,0,0,0,0,0,5,1,33,4,0,0,0,0,0,0,33,4
17197882602,60,12,0,0,0,0,0,0,60,12,20,2,0,0,0,0,0,0,20,2,80,14,0,0,0,0,0,0,80,14
17161024500,0,0,750,2,0,0,0,0,750,2,0,0,0,0,0,0,0,0,0,0,0,0,750,2,0,0,0,0,750,2
17031491300,45,5,0,0,0,0,0,0,45,5,17,2,0,0,0,0,0,0,17,2,62,7,0,0,0,0,0,0,62,7
17043845508,152,18,0,0,0,0,0,0,152,18,15,2,0,0,0,0,0,0,15,2,167,20,0,0,0,0,0,0,167,20
17031231200,29,7,0,0,0,0,0,0,29,7,18,2,60,1,0,0,0,0,78,3,47,9,60,1,0,0,0,0,107,10
17031230800,13,2,0,0,0,0,0,0,13,2,5,1,100,1,0,0,0,0,105,2,18,3,100,1,0,0,0,0,118,4
17161020400,47,6,250,2,0,0,0,0,297,8,0,0,0,0,0,0,0,0,0,0,47,6,250,2,0,0,0,0,297,8
17201001300,53,10,0,0,0,0,0,0,53,10,23,3,0,0,0,0,0,0,23,3,76,13,0,0,0,0,0,0,76,13
17031220300,8,1,0,0,0,0,0,0,8,1,0,0,0,0,0,0,0,0,0,0,8,1,0,0,0,0,0,0,8,1
17031826100,379,56,0,0,0,0,0,0,379,56,138,15,0,0,0,0,0,0,138,15,517,71,0,0,0,0,0,0,517,71
17197882000,25,3,0,0,0,0,0,0,25,3,0,0,0,0,0,0,0,0,0,0,25,3,0,0,0,0,0,0,25,3
17031836400,58,9,0,0,0,0,0,0,58,9,0,0,0,0,0,0,0,0,0,0,58,9,0,0,0,0,0,0,58,9
17115001802,93,14,0,0,0,0,0,0,93,14,75,10,0,0,0,0,0,0,75,10,168,24,0,0,0,0,0,0,168,24
17031600700,65,10,0,0,0,0,0,0,65,10,0,0,0,0,0,0,0,0,0,0,65,10,0,0,0,0,0,0,65,10
17031241100,23,4,0,0,0,0,0,0,23,4,0,0,0,0,0,0,0,0,0,0,23,4,0,0,0,0,0,0,23,4
17031242400,19,3,0,0,0,0,0,0,19,3,0,0,0,0,0,0,0,0,0,0,19,3,0,0,0,0,0,0,19,3
17031431302,25,5,0,0,0,0,0,0,25,5,4,1,0,0,0,0,0,0,4,1,29,6,0,0,0,0,0,0,29,6
17031829600,137,19,0,0,0,0,0,0,137,19,40,4,0,0,0,0,0,0,40,4,177,23,0,0,0,0,0,0,177,23
17031831400,77,12,0,0,0,0,0,0,77,12,0,0,0,0,0,0,0,0,0,0,77,12,0,0,0,0,0,0,77,12
17031310200,15,2,0,0,0,0,0,0,15,2,0,0,0,0,0,0,0,0,0,0,15,2,0,0,0,0,0,0,15,2
17031670200,23,4,0,0,0,0,0,0,23,4,5,1,0,0,0,0,0,0,5,1,28,5,0,0,0,0,0,0,28,5
17031827600,388,48,0,0,0,0,0,0,388,48,34,4,0,0,0,0,0,0,34,4,422,52,0,0,0,0,0,0,422,52
17043846522,143,22,0,0,0,0,0,0,143,22,35,4,0,0,0,0,0,0,35,4,178,26,0,0,0,0,0,0,178,26
17143004200,287,39,0,0,0,0,0,0,287,39,48,6,0,0,0,0,0,0,48,6,335,45,0,0,0,0,0,0,335,45
17143002000,40,7,0,0,0,0,0,0,40,7,13,1,100,1,0,0,0,0,113,2,53,8,100,1,0,0,0,0,153,9
17097863400,18,3,0,0,0,0,0,0,18,3,0,0,0,0,0,0,0,0,0,0,18,3,0,0,0,0,0,0,18,3
17183010500,449,38,86,1,0,0,0,0,535,39,177,14,26,1,0,0,0,0,203,15,626,52,112,2,0,0,0,0,738,54
17161020900,62,9,0,0,0,0,0,0,62,9,0,0,0,0,0,0,0,0,0,0,62,9,0,0,0,0,0,0,62,9
17099961702,349,36,0,0,0,0,0,0,349,36,53,5,0,0,0,0,0,0,53,5,402,41,0,0,0,0,0,0,402,41
17031300700,22,3,0,0,0,0,0,0,22,3,0,0,0,0,0,0,0,0,0,0,22,3,0,0,0,0,0,0,22,3
17197881202,65,11,0,0,0,0,0,0,65,11,16,2,0,0,0,0,0,0,16,2,81,13,0,0,0,0,0,0,81,13
17197880119,71,10,0,0,0,0,0,0,71,10,8,1,0,0,0,0,0,0,8,1,79,11,0,0,0,0,0,0,79,11
17031833000,26,3,0,0,0,0,0,0,26,3,0,0,0,0,0,0,0,0,0,0,26,3,0,0,0,0,0,0,26,3
17031681100,4,1,0,0,0,0,0,0,4,1,0,0,0,0,0,0,0,0,0,0,4,1,0,0,0,0,0,0,4,1
17031271400,32,3,0,0,0,0,0,0,32,3,0,0,0,0,0,0,0,0,0,0,32,3,0,0,0,0,0,0,32,3
17161022200,12,2,0,0,0,0,0,0,12,2,0,0,0,0,0,0,0,0,0,0,12,2,0,0,0,0,0,0,12,2
17031590700,30,5,0,0,0,0,0,0,30,5,0,0,0,0,0,0,0,0,0,0,30,5,0,0,0,0,0,0,30,5
17031671400,20,4,0,0,0,0,0,0,20,4,0,0,0,0,0,0,0,0,0,0,20,4,0,0,0,0,0,0,20,4
17097864904,138,15,0,0,0,0,0,0,138,15,0,0,0,0,0,0,0,0,0,0,138,15,0,0,0,0,0,0,138,15
17031300600,29,4,0,0,0,0,0,0,29,4,0,0,0,0,0,0,0,0,0,0,29,4,0,0,0,0,0,0,29,4
17143002200,368,48,0,0,0,0,0,0,368,48,27,4,0,0,0,0,0,0,27,4,395,52,0,0,0,0,0,0,395,52
17031440700,108,15,0,0,0,0,0,0,108,15,20,2,0,0,0,0,0,0,20,2,128,17,0,0,0,0,0,0,128,17
17143002702,254,34,0,0,0,0,0,0,254,34,61,6,0,0,0,0,0,0,61,6,315,40,0,0,0,0,0,0,315,40
17199021001,265,27,401,7,0,0,0,0,666,34,12,1,377,3,0,0,0,0,389,4,277,28,778,10,0,0,0,0,1055,38
17081050900,57,6,0,0,0,0,0,0,57,6,41,3,4999,1,0,0,5000,1,10040,5,98,9,4999,1,0,0,5000,1,10097,11
17167000504,61,9,0,0,0,0,0,0,61,9,8,2,0,0,0,0,0,0,8,2,69,11,0,0,0,0,0,0,69,11
17011965400,76,8,52,1,0,0,0,0,128,9,15,2,0,0,0,0,0,0,15,2,91,10,52,1,0,0,0,0,143,11
17109010300,295,32,28,1,0,0,0,0,323,33,28,3,2999,1,0,0,0,0,3027,4,323,35,3027,2,0,0,0,0,3350,37
17201002500,54,10,0,0,0,0,0,0,54,10,0,0,2000,1,0,0,0,0,2000,1,54,10,2000,1,0,0,0,0,2054,11
17141961100,29,2,1667,3,0,0,1500,1,3196,6,0,0,0,0,0,0,0,0,0,0,29,2,1667,3,0,0,1500,1,3196,6
17031260900,8,1,0,0,0,0,0,0,8,1,0,0,0,0,0,0,0,0,0,0,8,1,0,0,0,0,0,0,8,1
17097865502,59,6,0,0,0,0,0,0,59,6,15,1,0,0,0,0,0,0,15,1,74,7,0,0,0,0,0,0,74,7
17031811702,128,20,0,0,0,0,0,0,128,20,20,3,0,0,0,0,3900,2,3920,5,148,23,0,0,0,0,3900,2,4048,25
17031251700,23,5,0,0,0,0,0,0,23,5,0,0,0,0,0,0,0,0,0,0,23,5,0,0,0,0,0,0,23,5
17031835800,44,6,0,0,0,0,0,0,44,6,8,1,0,0,0,0,0,0,8,1,52,7,0,0,0,0,0,0,52,7
17031808702,14,2,0,0,0,0,0,0,14,2,0,0,0,0,0,0,0,0,0,0,14,2,0,0,0,0,0,0,14,2
17031843400,8,1,0,0,0,0,0,0,8,1,0,0,0,0,0,0,0,0,0,0,8,1,0,0,0,0,0,0,8,1
17031200200,49,9,0,0,0,0,0,0,49,9,0,0,0,0,0,0,0,0,0,0,49,9,0,0,0,0,0,0,49,9
17031241200,45,6,0,0,0,0,0,0,45,6,10,2,0,0,0,0,0,0,10,2,55,8,0,0,0,0,0,0,55,8
17163501502,76,8,67,1,0,0,0,0,143,9,24,2,0,0,0,0,0,0,24,2,100,10,67,1,0,0,0,0,167,11
17031801200,69,10,0,0,0,0,0,0,69,10,13,1,0,0,0,0,0,0,13,1,82,11,0,0,0,0,0,0,82,11
17031823603,101,13,0,0,0,0,0,0,101,13,0,0,0,0,0,0,0,0,0,0,101,13,0,0,0,0,0,0,101,13
17011965300,78,7,0,0,0,0,0,0,78,7,0,0,0,0,0,0,0,0,0,0,78,7,0,0,0,0,0,0,78,7
17031222500,27,4,0,0,0,0,0,0,27,4,0,0,0,0,0,0,0,0,0,0,27,4,0,0,0,0,0,0,27,4
17099964300,132,18,0,0,0,0,0,0,132,18,22,3,0,0,0,0,0,0,22,3,154,21,0,0,0,0,0,0,154,21
17161020103,58,5,0,0,0,0,0,0,58,5,0,0,0,0,0,0,0,0,0,0,58,5,0,0,0,0,0,0,58,5
17091012300,71,9,1500,1,0,0,0,0,1571,10,15,2,0,0,0,0,0,0,15,2,86,11,1500,1,0,0,0,0,1586,12
17031292200,13,2,43,1,0,0,0,0,56,3,0,0,0,0,0,0,0,0,0,0,13,2,43,1,0,0,0,0,56,3
17031842800,45,7,0,0,0,0,0,0,45,7,12,1,840,1,0,0,0,0,852,2,57,8,840,1,0,0,0,0,897,9
17031410600,40,7,0,0,0,0,0,0,40,7,0,0,0,0,0,0,0,0,0,0,40,7,0,0,0,0,0,0,40,7
17031817101,96,15,26,1,0,0,0,0,122,16,82,10,0,0,0,0,0,0,82,10,178,25,26,1,0,0,0,0,204,26
17113001500,73,9,0,0,0,0,0,0,73,9,24,3,0,0,0,0,0,0,24,3,97,12,0,0,0,0,0,0,97,12
17119402400,48,6,0,0,0,0,0,0,48,6,32,3,0,0,0,0,0,0,32,3,80,9,0,0,0,0,0,0,80,9
17179020800,282,35,100,1,0,0,0,0,382,36,0,0,0,0,0,0,0,0,0,0,282,35,100,1,0,0,0,0,382,36
17031826201,73,13,0,0,0,0,0,0,73,13,12,1,0,0,0,0,0,0,12,1,85,14,0,0,0,0,0,0,85,14
17031222700,16,3,0,0,0,0,0,0,16,3,0,0,0,0,0,0,0,0,0,0,16,3,0,0,0,0,0,0,16,3
17055040800,290,23,0,0,0,0,0,0,290,23,117,8,5000,1,0,0,0,0,5117,9,407,31,5000,1,0,0,0,0,5407,32
17167002100,118,14,0,0,0,0,0,0,118,14,23,3,0,0,0,0,0,0,23,3,141,17,0,0,0,0,0,0,141,17
17031730300,74,9,0,0,0,0,0,0,74,9,0,0,0,0,0,0,0,0,0,0,74,9,0,0,0,0,0,0,74,9
17031805702,46,6,0,0,0,0,0,0,46,6,21,2,0,0,0,0,0,0,21,2,67,8,0,0,0,0,0,0,67,8
17149952600,184,19,152,2,0,0,0,0,336,21,26,2,3000,1,0,0,0,0,3026,3,210,21,3152,3,0,0,0,0,3362,24
17091010702,371,53,0,0,0,0,6900,2,7271,55,95,10,875,1,0,0,0,0,970,11,466,63,875,1,0,0,6900,2,8241,66
17113000105,430,53,483,4,0,0,0,0,913,57,12,1,0,0,0,0,0,0,12,1,442,54,483,4,0,0,0,0,925,58
17115002300,525,52,100,2,0,0,0,0,625,54,43,4,0,0,0,0,0,0,43,4,568,56,100,2,0,0,0,0,668,58
17031839800,14,3,0,0,0,0,0,0,14,3,8,1,0,0,0,0,0,0,8,1,22,4,0,0,0,0,0,0,22,4
17197883809,98,14,32,1,0,0,0,0,130,15,61,5,9940,2,0,0,5000,1,15001,8,159,19,9972,3,0,0,5000,1,15131,23
17197883700,106,17,0,0,0,0,0,0,106,17,11,1,0,0,0,0,0,0,11,1,117,18,0,0,0,0,0,0,117,18
17031062000,25,4,0,0,0,0,0,0,25,4,3,1,0,0,0,0,0,0,3,1,28,5,0,0,0,0,0,0,28,5
17031829402,26,4,0,0,0,0,0,0,26,4,0,0,0,0,0,0,0,0,0,0,26,4,0,0,0,0,0,0,26,4
17163500400,35,5,500,1,0,0,0,0,535,6,14,2,400,3,0,0,0,0,414,5,49,7,900,4,0,0,0,0,949,11
17031841800,94,12,0,0,0,0,0,0,94,12,0,0,0,0,0,0,0,0,0,0,94,12,0,0,0,0,0,0,94,12
17031240200,20,2,0,0,0,0,0,0,20,2,0,0,0,0,0,0,0,0,0,0,20,2,0,0,0,0,0,0,20,2
17001000202,182,24,0,0,0,0,0,0,182,24,62,6,0,0,0,0,0,0,62,6,244,30,0,0,0,0,0,0,244,30
17167001600,8,1,0,0,0,0,0,0,8,1,18,2,0,0,0,0,0,0,18,2,26,3,0,0,0,0,0,0,26,3
17167000400,30,5,0,0,0,0,0,0,30,5,0,0,0,0,0,0,0,0,0,0,30,5,0,0,0,0,0,0,30,5
17163501802,27,4,0,0,0,0,0,0,27,4,0,0,0,0,0,0,0,0,0,0,27,4,0,0,0,0,0,0,27,4
17031710100,11,2,0,0,0,0,0,0,11,2,0,0,0,0,0,0,0,0,0,0,11,2,0,0,0,0,0,0,11,2
17031841100,9,2,0,0,0,0,0,0,9,2,0,0,0,0,0,0,0,0,0,0,9,2,0,0,0,0,0,0,9,2
17031191000,34,4,0,0,0,0,0,0,34,4,12,2,0,0,0,0,0,0,12,2,46,6,0,0,0,0,0,0,46,6
17039971400,91,8,0,0,0,0,5000,1,5091,9,11,1,4990,1,0,0,0,0,5001,2,102,9,4990,1,0,0,5000,1,10092,11
17031421200,37,7,0,0,0,0,0,0,37,7,0,0,0,0,0,0,0,0,0,0,37,7,0,0,0,0,0,0,37,7
17099962600,346,41,30,1,0,0,0,0,376,42,89,10,0,0,0,0,0,0,89,10,435,51,30,1,0,0,0,0,465,52
17201003200,82,15,0,0,0,0,0,0,82,15,24,3,0,0,0,0,0,0,24,3,106,18,0,0,0,0,0,0,106,18
17183000300,27,4,0,0,0,0,0,0,27,4,47,4,0,0,0,0,0,0,47,4,74,8,0,0,0,0,0,0,74,8
17031832200,27,3,0,0,0,0,0,0,27,3,0,0,0,0,0,0,0,0,0,0,27,3,0,0,0,0,0,0,27,3
17099963000,15,3,0,0,0,0,0,0,15,3,0,0,0,0,0,0,0,0,0,0,15,3,0,0,0,0,0,0,15,3
17031710400,357,54,0,0,0,0,0,0,357,54,42,5,0,0,0,0,0,0,42,5,399,59,0,0,0,0,0,0,399,59
17031480200,50,8,0,0,0,0,0,0,50,8,17,2,0,0,0,0,0,0,17,2,67,10,0,0,0,0,0,0,67,10
17201002000,114,16,0,0,0,0,0,0,114,16,12,1,0,0,0,0,0,0,12,1,126,17,0,0,0,0,0,0,126,17
17083010500,156,18,120,1,0,0,0,0,276,19,10,2,5000,1,0,0,0,0,5010,3,166,20,5120,2,0,0,0,0,5286,22
17031430700,8,2,0,0,0,0,0,0,8,2,0,0,0,0,0,0,0,0,0,0,8,2,0,0,0,0,0,0,8,2
17031051000,17,2,0,0,0,0,0,0,17,2,0,0,0,0,0,0,0,0,0,0,17,2,0,0,0,0,0,0,17,2
17079977400,28,4,0,0,0,0,0,0,28,4,0,0,0,0,0,0,0,0,0,0,28,4,0,0,0,0,0,0,28,4
17201002800,44,6,100,1,0,0,0,0,144,7,5,1,700,1,0,0,0,0,705,2,49,7,800,2,0,0,0,0,849,9
17031060900,10,1,0,0,0,0,0,0,10,1,0,0,0,0,0,0,0,0,0,0,10,1,0,0,0,0,0,0,10,1
17019005901,5,1,0,0,0,0,0,0,5,1,0,0,0,0,0,0,0,0,0,0,5,1,0,0,0,0,0,0,5,1
17031510300,75,16,0,0,0,0,0,0,75,16,42,6,0,0,0,0,0,0,42,6,117,22,0,0,0,0,0,0,117,22
17119401701,108,9,641,4,0,0,0,0,749,13,0,0,0,0,0,0,0,0,0,0,108,9,641,4,0,0,0,0,749,13
17167002300,16,2,52,1,0,0,0,0,68,3,0,0,0,0,0,0,0,0,0,0,16,2,52,1,0,0,0,0,68,3
17031840700,14,2,0,0,0,0,0,0,14,2,0,0,0,0,0,0,0,0,0,0,14,2,0,0,0,0,0,0,14,2
17031222200,36,6,0,0,0,0,0,0,36,6,20,2,0,0,0,0,0,0,20,2,56,8,0,0,0,0,0,0,56,8
17099963500,307,41,0,0,0,0,0,0,307,41,61,5,4800,1,0,0,0,0,4861,6,368,46,4800,1,0,0,0,0,5168,47
17043846523,49,6,0,0,0,0,0,0,49,6,0,0,0,0,0,0,0,0,0,0,49,6,0,0,0,0,0,0,49,6
17031220702,11,2,0,0,0,0,0,0,11,2,0,0,534,2,0,0,0,0,534,2,11,2,534,2,0,0,0,0,545,4
17043846209,139,17,0,0,0,0,0,0,139,17,0,0,0,0,0,0,0,0,0,0,139,17,0,0,0,0,0,0,139,17
17031260100,8,1,0,0,0,0,0,0,8,1,0,0,0,0,0,0,0,0,0,0,8,1,0,0,0,0,0,0,8,1
17031800600,38,4,0,0,0,0,0,0,38,4,0,0,0,0,0,0,0,0,0,0,38,4,0,0,0,0,0,0,38,4
17097864521,36,4,100,1,0,0,0,0,136,5,0,0,0,0,0,0,0,0,0,0,36,4,100,1,0,0,0,0,136,5
17031842200,6,1,75,1,0,0,0,0,81,2,0,0,0,0,0,0,0,0,0,0,6,1,75,1,0,0,0,0,81,2
17113002102,133,14,0,0,0,0,0,0,133,14,23,1,6998,2,0,0,0,0,7021,3,156,15,6998,2,0,0,0,0,7154,17
17031300900,32,5,0,0,0,0,0,0,32,5,0,0,0,0,0,0,0,0,0,0,32,5,0,0,0,0,0,0,32,5
17031282800,11,2,0,0,0,0,0,0,11,2,6,1,0,0,0,0,0,0,6,1,17,3,0,0,0,0,0,0,17,3
17031690400,5,1,0,0,0,0,0,0,5,1,6,1,0,0,0,0,0,0,6,1,11,2,0,0,0,0,0,0,11,2
17097865000,22,2,0,0,0,0,0,0,22,2,0,0,0,0,0,0,0,0,0,0,22,2,0,0,0,0,0,0,22,2
17001000500,40,6,0,0,0,0,0,0,40,6,18,2,0,0,0,0,0,0,18,2,58,8,0,0,0,0,0,0,58,8
17163500500,91,11,116,2,0,0,0,0,207,13,26,4,0,0,0,0,0,0,26,4,117,15,116,2,0,0,0,0,233,17
17031280800,12,2,0,0,0,0,0,0,12,2,11,1,0,0,0,0,0,0,11,1,23,3,0,0,0,0,0,0,23,3
17183001300,275,27,0,0,0,0,0,0,275,27,100,7,500,1,0,0,0,0,600,8,375,34,500,1,0,0,0,0,875,35
17195001400,65,6,0,0,0,0,1000,1,1065,7,6,1,120,1,0,0,0,0,126,2,71,7,120,1,0,0,1000,1,1191,9
17031340500,4,1,0,0,0,0,0,0,4,1,0,0,0,0,0,0,0,0,0,0,4,1,0,0,0,0,0,0,4,1
17031411100,41,9,0,0,0,0,0,0,41,9,0,0,0,0,0,0,0,0,0,0,41,9,0,0,0,0,0,0,41,9
17031840400,52,8,0,0,0,0,0,0,52,8,15,1,0,0,0,0,0,0,15,1,67,9,0,0,0,0,0,0,67,9
17099963100,12,2,0,0,0,0,0,0,12,2,0,0,0,0,0,0,0,0,0,0,12,2,0,0,0,0,0,0,12,2
17201003605,67,10,0,0,0,0,0,0,67,10,24,2,0,0,0,0,0,0,24,2,91,12,0,0,0,0,0,0,91,12
17031660900,68,11,0,0,0,0,0,0,68,11,17,2,0,0,0,0,0,0,17,2,85,13,0,0,0,0,0,0,85,13
17197881900,30,4,0,0,0,0,0,0,30,4,6,1,0,0,0,0,0,0,6,1,36,5,0,0,0,0,0,0,36,5
17031680900,14,2,0,0,0,0,0,0,14,2,10,1,0,0,0,0,0,0,10,1,24,3,0,0,0,0,0,0,24,3
17031672000,51,7,0,0,0,0,0,0,51,7,30,4,0,0,0,0,0,0,30,4,81,11,0,0,0,0,0,0,81,11
17031010600,23,4,0,0,0,0,0,0,23,4,0,0,0,0,0,0,0,0,0,0,23,4,0,0,0,0,0,0,23,4
17031802505,28,4,0,0,0,0,0,0,28,4,25,2,0,0,0,0,0,0,25,2,53,6,0,0,0,0,0,0,53,6
17031020500,10,2,0,0,0,0,0,0,10,2,0,0,0,0,0,0,0,0,0,0,10,2,0,0,0,0,0,0,10,2
17031842000,19,3,0,0,0,0,0,0,19,3,0,0,0,0,0,0,0,0,0,0,19,3,0,0,0,0,0,0,19,3
17031837800,35,3,100,2,0,0,0,0,135,5,0,0,0,0,0,0,0,0,0,0,35,3,100,2,0,0,0,0,135,5
17167001900,19,3,0,0,0,0,0,0,19,3,5,1,0,0,0,0,0,0,5,1,24,4,0,0,0,0,0,0,24,4
17031430200,28,4,0,0,0,0,0,0,28,4,12,1,0,0,0,0,0,0,12,1,40,5,0,0,0,0,0,0,40,5
17031010503,13,2,0,0,0,0,0,0,13,2,12,1,0,0,0,0,0,0,12,1,25,3,0,0,0,0,0,0,25,3
17031835600,5,1,0,0,0,0,0,0,5,1,12,1,0,0,0,0,0,0,12,1,17,2,0,0,0,0,0,0,17,2
17031031700,45,6,0,0,0,0,0,0,45,6,0,0,0,0,0,0,0,0,0,0,45,6,0,0,0,0,0,0,45,6
17031292500,21,3,0,0,0,0,0,0,21,3,0,0,0,0,0,0,0,0,0,0,21,3,0,0,0,0,0,0,21,3
17031020301,69,8,0,0,0,0,0,0,69,8,0,0,0,0,0,0,0,0,0,0,69,8,0,0,0,0,0,0,69,8
17031839600,21,3,0,0,0,0,0,0,21,3,0,0,0,0,0,0,0,0,0,0,21,3,0,0,0,0,0,0,21,3
17115001400,166,21,0,0,0,0,0,0,166,21,42,4,4000,2,0,0,0,0,4042,6,208,25,4000,2,0,0,0,0,4208,27
17091012400,166,24,0,0,0,0,0,0,166,24,37,6,0,0,0,0,0,0,37,6,203,30,0,0,0,0,0,0,203,30
17167002600,8,1,0,0,0,0,0,0,8,1,11,2,0,0,0,0,0,0,11,2,19,3,0,0,0,0,0,0,19,3
17115001900,28,5,0,0,0,0,0,0,28,5,19,3,0,0,0,0,0,0,19,3,47,8,0,0,0,0,0,0,47,8
17113000501,45,6,0,0,0,0,0,0,45,6,0,0,0,0,0,0,0,0,0,0,45,6,0,0,0,0,0,0,45,6
17031460302,66,8,0,0,0,0,0,0,66,8,16,2,0,0,0,0,0,0,16,2,82,10,0,0,0,0,0,0,82,10
17115001200,63,8,0,0,0,0,0,0,63,8,43,5,0,0,0,0,0,0,43,5,106,13,0,0,0,0,0,0,106,13
17043841210,111,16,0,0,0,0,0,0,111,16,6,1,3760,3,0,0,0,0,3766,4,117,17,3760,3,0,0,0,0,3877,20
17191955100,27,2,0,0,0,0,0,0,27,2,31,2,0,0,0,0,0,0,31,2,58,4,0,0,0,0,0,0,58,4
17091011600,28,5,0,0,0,0,0,0,28,5,4,1,0,0,0,0,0,0,4,1,32,6,0,0,0,0,0,0,32,6
17031760803,35,5,0,0,0,0,0,0,35,5,0,0,0,0,0,0,0,0,0,0,35,5,0,0,0,0,0,0,35,5
17143002800,288,39,0,0,0,0,0,0,288,39,28,5,0,0,0,0,0,0,28,5,316,44,0,0,0,0,0,0,316,44
17031760801,11,2,0,0,0,0,0,0,11,2,0,0,0,0,0,0,0,0,0,0,11,2,0,0,0,0,0,0,11,2
17031010201,80,10,0,0,0,0,0,0,80,10,0,0,0,0,0,0,0,0,0,0,80,10,0,0,0,0,0,0,80,10
17031271300,8,2,0,0,0,0,0,0,8,2,0,0,0,0,0,0,0,0,0,0,8,2,0,0,0,0,0,0,8,2
17031220902,39,7,0,0,0,0,0,0,39,7,0,0,0,0,0,0,0,0,0,0,39,7,0,0,0,0,0,0,39,7
17197881111,60,8,0,0,0,0,0,0,60,8,9,2,0,0,0,0,0,0,9,2,69,10,0,0,0,0,0,0,69,10
17091011700,69,10,0,0,0,0,0,0,69,10,27,4,0,0,0,0,0,0,27,4,96,14,0,0,0,0,0,0,96,14
17105960700,195,21,0,0,0,0,0,0,195,21,20,2,97,1,0,0,0,0,117,3,215,23,97,1,0,0,0,0,312,24
17119402500,69,10,0,0,0,0,0,0,69,10,21,3,50,1,0,0,0,0,71,4,90,13,50,1,0,0,0,0,140,14
17031080400,5,1,0,0,0,0,0,0,5,1,0,0,0,0,0,0,0,0,0,0,5,1,0,0,0,0,0,0,5,1
17031611400,18,3,0,0,0,0,0,0,18,3,0,0,0,0,0,0,0,0,0,0,18,3,0,0,0,0,0,0,18,3
17031230600,31,6,0,0,0,0,0,0,31,6,0,0,960,1,0,0,0,0,960,1,31,6,960,1,0,0,0,0,991,7
17031813302,41,5,0,0,0,0,0,0,41,5,5,1,0,0,0,0,0,0,5,1,46,6,0,0,0,0,0,0,46,6
17119400102,220,30,0,0,0,0,0,0,220,30,78,10,0,0,0,0,0,0,78,10,298,40,0,0,0,0,0,0,298,40
17031837400,52,5,0,0,0,0,0,0,52,5,0,0,0,0,0,0,0,0,0,0,52,5,0,0,0,0,0,0,52,5
17031612200,21,4,0,0,0,0,0,0,21,4,0,0,0,0,0,0,0,0,0,0,21,4,0,0,0,0,0,0,21,4
17031611600,43,7,0,0,0,0,0,0,43,7,0,0,0,0,0,0,0,0,0,0,43,7,0,0,0,0,0,0,43,7
17091012200,226,26,0,0,0,0,0,0,226,26,64,4,0,0,0,0,0,0,64,4,290,30,0,0,0,0,0,0,290,30
17031831300,13,2,0,0,0,0,0,0,13,2,0,0,0,0,0,0,0,0,0,0,13,2,0,0,0,0,0,0,13,2
17031242700,36,4,0,0,0,0,0,0,36,4,0,0,0,0,0,0,0,0,0,0,36,4,0,0,0,0,0,0,36,4
17031840800,3,1,0,0,0,0,0,0,3,1,10,2,0,0,0,0,0,0,10,2,13,3,0,0,0,0,0,0,13,3
17091011900,60,11,0,0,0,0,0,0,60,11,10,1,0,0,0,0,0,0,10,1,70,12,0,0,0,0,0,0,70,12
17031671300,19,4,0,0,0,0,0,0,19,4,18,3,0,0,0,0,0,0,18,3,37,7,0,0,0,0,0,0,37,7
17031671900,43,6,0,0,0,0,0,0,43,6,23,1,0,0,0,0,0,0,23,1,66,7,0,0,0,0,0,0,66,7
17031681200,8,2,0,0,0,0,0,0,8,2,10,1,0,0,0,0,0,0,10,1,18,3,0,0,0,0,0,0,18,3
17031691500,8,2,0,0,0,0,0,0,8,2,6,1,400,1,0,0,0,0,406,2,14,3,400,1,0,0,0,0,414,4
17031520100,36,5,0,0,0,0,0,0,36,5,0,0,0,0,0,0,0,0,0,0,36,5,0,0,0,0,0,0,36,5
17031671800,29,4,0,0,0,0,0,0,29,4,12,1,0,0,0,0,0,0,12,1,41,5,0,0,0,0,0,0,41,5
17099963200,69,6,0,0,0,0,0,0,69,6,46,5,0,0,0,0,0,0,46,5,115,11,0,0,0,0,0,0,115,11
17063000300,96,15,0,0,0,0,0,0,96,15,0,0,0,0,0,0,0,0,0,0,96,15,0,0,0,0,0,0,96,15
17001001001,156,21,0,0,0,0,0,0,156,21,78,7,0,0,0,0,0,0,78,7,234,28,0,0,0,0,0,0,234,28
17197882500,40,3,0,0,0,0,0,0,40,3,0,0,0,0,0,0,0,0,0,0,40,3,0,0,0,0,0,0,40,3
17091011500,66,10,0,0,0,0,0,0,66,10,39,3,0,0,0,0,0,0,39,3,105,13,0,0,0,0,0,0,105,13
17031242800,30,4,175,1,0,0,0,0,205,5,0,0,0,0,0,0,0,0,0,0,30,4,175,1,0,0,0,0,205,5
17031802506,134,17,0,0,0,0,0,0,134,17,6,1,0,0,0,0,0,0,6,1,140,18,0,0,0,0,0,0,140,18
17031440201,30,7,0,0,0,0,0,0,30,7,0,0,0,0,0,0,0,0,0,0,30,7,0,0,0,0,0,0,30,7
17163501605,193,25,0,0,0,0,0,0,193,25,127,15,0,0,0,0,0,0,127,15,320,40,0,0,0,0,0,0,320,40
17031170600,52,9,0,0,0,0,0,0,52,9,0,0,0,0,0,0,0,0,0,0,52,9,0,0,0,0,0,0,52,9
17031251400,51,8,0,0,0,0,0,0,51,8,10,1,0,0,0,0,0,0,10,1,61,9,0,0,0,0,0,0,61,9
17097861509,47,6,0,0,0,0,0,0,47,6,16,2,0,0,0,0,0,0,16,2,63,8,0,0,0,0,0,0,63,8
17119400600,118,14,0,0,0,0,0,0,118,14,52,7,2490,4,0,0,0,0,2542,11,170,21,2490,4,0,0,0,0,2660,25
17031260300,6,1,0,0,0,0,0,0,6,1,0,0,175,1,0,0,0,0,175,1,6,1,175,1,0,0,0,0,181,2
17031431400,12,3,0,0,0,0,0,0,12,3,17,2,0,0,0,0,0,0,17,2,29,5,0,0,0,0,0,0,29,5
17113001303,29,2,0,0,0,0,0,0,29,2,0,0,130,2,0,0,0,0,130,2,29,2,130,2,0,0,0,0,159,4
17125956800,311,32,0,0,0,0,50000,1,50311,33,144,13,0,0,0,0,0,0,144,13,455,45,0,0,0,0,50000,1,50455,46
17031230200,5,1,0,0,0,0,0,0,5,1,0,0,0,0,0,0,0,0,0,0,5,1,0,0,0,0,0,0,5,1
17115002602,238,21,0,0,0,0,0,0,238,21,55,4,0,0,0,0,0,0,55,4,293,25,0,0,0,0,0,0,293,25
17019010300,24,1,0,0,0,0,2000,1,2024,2,0,0,0,0,0,0,0,0,0,0,24,1,0,0,0,0,2000,1,2024,2
17183000100,0,0,96,1,0,0,2000,1,2096,2,20,2,589,1,0,0,0,0,609,3,20,2,685,2,0,0,2000,1,2705,5
17061973700,0,0,0,0,0,0,0,0,0,0,13,2,0,0,0,0,0,0,13,2,13,2,0,0,0,0,0,0,13,2
17031670900,0,0,0,0,0,0,0,0,0,0,10,1,0,0,0,0,0,0,10,1,10,1,0,0,0,0,0,0,10,1
